Tree,Node,ID,Feature,Split,Yes,No,Missing,Gain,Cover,Category
0,0,0-0,f2,0.0,0-1,0-2,0-2,36.678524,14373.6045,
0,1,0-1,f5,0.49000001,0-3,0-4,0-4,159.753998,3648.21313,
0,2,0-2,f2,0.00999999978,0-5,0-6,0-6,16.4805412,10725.3916,
0,3,0-3,f5,0.25,0-7,0-8,0-8,14.371685,3601.96362,
0,4,0-4,Leaf,,,,,-0.0576480925,46.2495308,
0,5,0-5,f1,1.60000002,0-9,0-10,0-10,5.51153326,7095.17822,
0,6,0-6,f5,0.49000001,0-11,0-12,0-12,159.03273,3630.21313,
0,7,0-7,f1,9.66666698,0-13,0-14,0-14,5.17963839,2119.72852,
0,8,0-8,f2,-0.0199999996,0-15,0-16,0-16,7.22117805,1482.23499,
0,9,0-9,f5,0.370000005,0-17,0-18,0-18,5.69946575,524.99469,
0,10,0-10,f1,2.8499999,0-19,0-20,0-20,4.01920509,6570.18359,
0,11,0-11,f1,1.31666672,0-21,0-22,0-22,19.9921284,3583.46362,
0,12,0-12,Leaf,,,,,0.0566719547,46.749527,
0,13,0-13,Leaf,,,,,0.00123061717,874.74115,
0,14,0-14,Leaf,,,,,-0.0017802018,1244.98743,
0,15,0-15,Leaf,,,,,-0.00948032923,213.747833,
0,16,0-16,Leaf,,,,,-0.00352315768,1268.48718,
0,17,0-17,Leaf,,,,,-0.00991901383,91.4990692,
0,18,0-18,Leaf,,,,,-0.00170981663,433.495605,
0,19,0-19,Leaf,,,,,0.0022934447,638.99353,
0,20,0-20,Leaf,,,,,-0.000208921963,5931.18994,
0,21,0-21,Leaf,,,,,-0.00928714592,145.74852,
0,22,0-22,Leaf,,,,,0.00202038325,3437.71509,
1,0,1-0,f0,0.0,1-1,1-2,1-2,13248.4385,14397.0176,
1,1,1-1,f0,-0.706302583,1-3,1-4,1-4,2303.87744,7096.64453,
1,2,1-2,f0,0.738846838,1-5,1-6,1-6,2053.27002,7300.37305,
1,3,1-3,f0,-1.2815516,1-7,1-8,1-8,171.827148,3075.69019,
1,4,1-4,f0,-0.279319048,1-9,1-10,1-10,276.328186,4020.95435,
1,5,1-5,f0,0.305480778,1-11,1-12,1-12,317.491821,4237.95068,
1,6,1-6,f0,1.22652817,1-13,1-14,1-14,196.329102,3062.42261,
1,7,1-7,f1,8.78333378,1-15,1-16,1-16,9.29541016,1449.95569,
1,8,1-8,f0,-0.994457901,1-17,1-18,1-18,14.9204102,1625.73438,
1,9,1-9,f0,-0.582841516,1-19,1-20,1-20,31.5415039,2048.22656,
1,10,1-10,f0,-0.125661343,1-21,1-22,1-22,12.890625,1972.72778,
1,11,1-11,f0,0.125661343,1-23,1-24,1-24,45.9190598,2204.47461,
1,12,1-12,f0,0.495850354,1-25,1-26,1-26,47.046875,2033.47607,
1,13,1-13,f0,0.877896309,1-27,1-28,1-28,15.1921387,1361.23633,
1,14,1-14,f0,1.55477357,1-29,1-30,1-30,20.3637695,1701.1864,
1,15,1-15,Leaf,,,,,-0.0570003577,1349.70654,
1,16,1-16,Leaf,,,,,-0.0459363163,100.249123,
1,17,1-17,Leaf,,,,,-0.0454818234,691.743225,
1,18,1-18,Leaf,,,,,-0.0393037759,933.99115,
1,19,1-19,Leaf,,,,,-0.0288055893,469.495056,
1,20,1-20,Leaf,,,,,-0.019881919,1578.73157,
1,21,1-21,Leaf,,,,,-0.00854789093,1020.73853,
1,22,1-22,Leaf,,,,,-0.00368922087,951.989258,
1,23,1-23,Leaf,,,,,0.00216278015,990.988708,
1,24,1-24,Leaf,,,,,0.0108678378,1213.48584,
1,25,1-25,Leaf,,,,,0.0187860094,1014.98798,
1,26,1-26,Leaf,,,,,0.0279666316,1018.4881,
1,27,1-27,Leaf,,,,,0.0338382311,459.495392,
1,28,1-28,Leaf,,,,,0.0408883132,901.740845,
1,29,1-29,Leaf,,,,,0.0493280143,638.743713,
1,30,1-30,Leaf,,,,,0.0566187538,1062.44275,
2,0,2-0,f0,0.0,2-1,2-2,2-2,12402.4365,14368.6357,
2,1,2-1,f0,-0.643345416,2-3,2-4,2-4,2146.18604,7083.77246,
2,2,2-2,f0,0.738846838,2-5,2-6,2-6,1935.94531,7284.86328,
2,3,2-3,f0,-1.2815516,2-7,2-8,2-8,205.635742,3311.62646,
2,4,2-4,f0,-0.279319048,2-9,2-10,2-10,204.625671,3772.14624,
2,5,2-5,f0,0.305480778,2-11,2-12,2-12,325.600952,4235.16748,
2,6,2-6,f0,1.22652817,2-13,2-14,2-14,186.625,3049.6958,
2,7,2-7,f0,-1.55477357,2-15,2-16,2-16,9.81347656,1447.21216,
2,8,2-8,f0,-0.80642122,2-17,2-18,2-18,31.6467285,1864.41431,
2,9,2-9,f0,-0.524400532,2-19,2-20,2-20,9.40319824,1804.90063,
2,10,2-10,f0,-0.176374167,2-21,2-22,2-22,13.1201706,1967.24561,
2,11,2-11,f0,0.150969222,2-23,2-24,2-24,41.052269,2201.38696,
2,12,2-12,f0,0.495850354,2-25,2-26,2-26,36.6044922,2033.78027,
2,13,2-13,f0,0.9153651,2-27,2-28,2-28,15.8793945,1359.58032,
2,14,2-14,f0,1.75068605,2-29,2-30,2-30,20.2705078,1690.11548,
2,15,2-15,Leaf,,,,,-0.0565632544,929.789124,
2,16,2-16,Leaf,,,,,-0.0506109446,517.423035,
2,17,2-17,Leaf,,,,,-0.0419967286,1283.79675,
2,18,2-18,Leaf,,,,,-0.033336591,580.617432,
2,19,2-19,Leaf,,,,,-0.0238447692,474.710083,
2,20,2-20,Leaf,,,,,-0.0188143514,1330.19055,
2,21,2-21,Leaf,,,,,-0.00950936321,685.498779,
2,22,2-22,Leaf,,,,,-0.00436245045,1281.74683,
2,23,2-23,Leaf,,,,,0.00252406765,1196.4646,
2,24,2-24,Leaf,,,,,0.0107493987,1004.92255,
2,25,2-25,Leaf,,,,,0.0188441612,1011.08514,
2,26,2-26,Leaf,,,,,0.0269537326,1022.69513,
2,27,2-27,Leaf,,,,,0.0333001763,574.258057,
2,28,2-28,Leaf,,,,,0.0401705317,785.322266,
2,29,2-29,Leaf,,,,,0.0489433743,890.020142,
2,30,2-30,Leaf,,,,,0.0559954047,800.095337,
3,0,3-0,f0,0.0,3-1,3-2,3-2,11626.5293,14373.3848,
3,1,3-1,f0,-0.706302583,3-3,3-4,3-4,2065.98486,7094.62598,
3,2,3-2,f0,0.738846838,3-5,3-6,3-6,1813.24561,7278.75879,
3,3,3-3,f0,-1.2815516,3-7,3-8,3-8,154.98877,3071.65259,
3,4,3-4,f0,-0.279319048,3-9,3-10,3-10,247.89856,4022.97314,
3,5,3-5,f0,0.253347099,3-11,3-12,3-12,285.599976,4231.2876,
3,6,3-6,f0,1.2815516,3-13,3-14,3-14,179.585449,3047.47095,
3,7,3-7,f1,8.73333359,3-15,3-16,3-16,12.4746094,1443.8219,
3,8,3-8,f0,-0.994457901,3-17,3-18,3-18,15.1791992,1627.83069,
3,9,3-9,f0,-0.524400532,3-19,3-20,3-20,32.0680542,2046.50183,
3,10,3-10,f0,-0.100433722,3-21,3-22,3-22,15.1921921,1976.47144,
3,11,3-11,f0,0.125661343,3-23,3-24,3-24,27.0849419,1853.8158,
3,12,3-12,f0,0.467698812,3-25,3-26,3-26,58.9785156,2377.47192,
3,13,3-13,f0,0.9153651,3-27,3-28,3-28,15.262207,1476.16504,
3,14,3-14,f0,1.75068605,3-29,3-30,3-30,14.1708984,1571.30591,
3,15,3-15,Leaf,,,,,-0.0538700521,1340.5459,
3,16,3-16,Leaf,,,,,-0.0418248214,103.275948,
3,17,3-17,Leaf,,,,,-0.042929627,700.567749,
3,18,3-18,Leaf,,,,,-0.0367587097,927.263,
3,19,3-19,Leaf,,,,,-0.0256378353,714.595581,
3,20,3-20,Leaf,,,,,-0.0177077856,1331.90625,
3,21,3-21,Leaf,,,,,-0.0076886192,1206.97241,
3,22,3-22,Leaf,,,,,-0.00229131151,769.498962,
3,23,3-23,Leaf,,,,,0.00171667559,992.467957,
3,24,3-24,Leaf,,,,,0.00898719952,861.347778,
3,25,3-25,Leaf,,,,,0.0162117574,1227.99731,
3,26,3-26,Leaf,,,,,0.0257015768,1149.47461,
3,27,3-27,Leaf,,,,,0.0326934233,575.955627,
3,28,3-28,Leaf,,,,,0.0392415933,900.209412,
3,29,3-29,Leaf,,,,,0.0481422059,769.816711,
3,30,3-30,Leaf,,,,,0.0543988384,801.489197,
4,0,4-0,f0,-0.0501535833,4-1,4-2,4-2,10930.4365,14369.0625,
4,1,4-1,f0,-0.706302583,4-3,4-4,4-4,1739.49219,6683.87842,
4,2,4-2,f0,0.612812996,4-5,4-6,4-6,1952.78564,7685.18359,
4,3,4-3,f0,-1.2815516,4-7,4-8,4-8,147.648926,3056.74438,
4,4,4-4,f0,-0.279319048,4-9,4-10,4-10,188.130188,3627.13428,
4,5,4-5,f0,0.227544978,4-11,4-12,4-12,241.681274,4172.49463,
4,6,4-6,f0,1.22652817,4-13,4-14,4-14,259.704102,3512.68896,
4,7,4-7,f1,8.73333359,4-15,4-16,4-16,9.03173828,1433.51306,
4,8,4-8,f0,-0.95416528,4-17,4-18,4-18,14.5673828,1623.23132,
4,9,4-9,f0,-0.582841516,4-19,4-20,4-20,30.9616699,2046.97107,
4,10,4-10,f1,6.16666651,4-21,4-22,4-22,9.09042358,1580.16309,
4,11,4-11,f0,0.100433722,4-23,4-24,4-24,25.634943,2091.9895,
4,12,4-12,f0,0.439913154,4-25,4-26,4-26,32.4871216,2080.50513,
4,13,4-13,f0,0.9153651,4-27,4-28,4-28,32.0019531,1832.8501,
4,14,4-14,f0,1.55477357,4-29,4-30,4-30,18.5698242,1679.83887,
4,15,4-15,Leaf,,,,,-0.0525241531,1329.23962,
4,16,4-16,Leaf,,,,,-0.0419980623,104.273483,
4,17,4-17,Leaf,,,,,-0.0414556339,811.161072,
4,18,4-18,Leaf,,,,,-0.0354631208,812.070251,
4,19,4-19,Leaf,,,,,-0.0267650057,474.036865,
4,20,4-20,Leaf,,,,,-0.017963795,1572.9342,
4,21,4-21,Leaf,,,,,-0.0114300717,253.735336,
4,22,4-22,Leaf,,,,,-0.0052282922,1326.42786,
4,23,4-23,Leaf,,,,,0.000426637474,1195.46399,
4,24,4-24,Leaf,,,,,0.00713558076,896.525452,
4,25,4-25,Leaf,,,,,0.0147380633,1274.07581,
4,26,4-26,Leaf,,,,,0.0224697497,806.429199,
4,27,4-27,Leaf,,,,,0.0295229424,1052.20386,
4,28,4-28,Leaf,,,,,0.0376852117,780.646301,
4,29,4-29,Leaf,,,,,0.0450360999,633.408203,
4,30,4-30,Leaf,,,,,0.051998347,1046.43066,
5,0,5-0,f0,-0.100433722,5-1,5-2,5-2,10344.9922,14345.8369,
5,1,5-1,f0,-0.706302583,5-3,5-4,5-4,1421.32617,6334.77051,
5,2,5-2,f0,0.612812996,5-5,5-6,5-6,2058.88965,8011.06641,
5,3,5-3,f0,-1.2815516,5-7,5-8,5-8,151.166504,3067.39795,
5,4,5-4,f0,-0.279319048,5-9,5-10,5-10,127.437134,3267.37256,
5,5,5-5,f0,0.201893479,5-11,5-12,5-12,273.738922,4520.53076,
5,6,5-6,f0,1.22652817,5-13,5-14,5-14,251.933594,3490.5354,
5,7,5-7,f0,-1.47579098,5-15,5-16,5-16,8.13769531,1442.9281,
5,8,5-8,f0,-0.994457901,5-17,5-18,5-18,13.2021484,1624.46985,
5,9,5-9,f0,-0.524400532,5-19,5-20,5-20,31.3110962,2047.0343,
5,10,5-10,f2,-0.00999999978,5-21,5-22,5-22,5.91867828,1220.33826,
5,11,5-11,f0,0.100433722,5-23,5-24,5-24,18.7535324,2309.94653,
5,12,5-12,f0,0.439913154,5-25,5-26,5-26,36.0187988,2210.58447,
5,13,5-13,f0,0.80642122,5-27,5-28,5-28,29.8481445,1820.2749,
5,14,5-14,f0,1.55477357,5-29,5-30,5-30,18.5678711,1670.2605,
5,15,5-15,Leaf,,,,,-0.0519764535,1074.01013,
5,16,5-16,Leaf,,,,,-0.045987837,368.91803,
5,17,5-17,Leaf,,,,,-0.0403247215,695.173279,
5,18,5-18,Leaf,,,,,-0.0345554426,929.296631,
5,19,5-19,Leaf,,,,,-0.0245565083,722.805054,
5,20,5-20,Leaf,,,,,-0.0167455953,1324.22925,
5,21,5-21,Leaf,,,,,-0.0126441773,159.727203,
5,22,5-22,Leaf,,,,,-0.00643638195,1060.61108,
5,23,5-23,Leaf,,,,,0.000140406497,1572.95203,
5,24,5-24,Leaf,,,,,0.00593710039,736.994446,
5,25,5-25,Leaf,,,,,0.0138934972,1423.93335,
5,26,5-26,Leaf,,,,,0.021922173,786.651001,
5,27,5-27,Leaf,,,,,0.0271120854,690.899231,
5,28,5-28,Leaf,,,,,0.0351740234,1129.37573,
5,29,5-29,Leaf,,,,,0.0439140797,623.028137,
5,30,5-30,Leaf,,,,,0.0508916229,1047.23242,
6,0,6-0,f0,-0.0501535833,6-1,6-2,6-2,9813.00586,14298.0146,
6,1,6-1,f0,-0.706302583,6-3,6-4,6-4,1541.35303,6672.90332,
6,2,6-2,f0,0.643345416,6-5,6-6,6-6,1790.84912,7625.11182,
6,3,6-3,f0,-1.2815516,6-7,6-8,6-8,134.631836,3047.95068,
6,4,6-4,f0,-0.305480778,6-9,6-10,6-10,158.461487,3624.95264,
6,5,6-5,f0,0.227544978,6-11,6-12,6-12,242.085358,4251.38867,
6,6,6-6,f0,1.22652817,6-13,6-14,6-14,221.01123,3373.72314,
6,7,6-7,f0,-1.55477357,6-15,6-16,6-16,10.3273926,1431.43323,
6,8,6-8,f0,-0.994457901,6-17,6-18,6-18,12.078125,1616.51733,
6,9,6-9,f0,-0.582841516,6-19,6-20,6-20,23.8759155,1880.53516,
6,10,6-10,f0,-0.176374167,6-21,6-22,6-22,8.57872009,1744.41736,
6,11,6-11,f0,0.125661343,6-23,6-24,6-24,15.1206589,2081.7417,
6,12,6-12,f0,0.439913154,6-25,6-26,6-26,28.7182617,2169.64697,
6,13,6-13,f0,0.877896309,6-27,6-28,6-28,28.3066406,1706.61011,
6,14,6-14,f0,1.88079357,6-29,6-30,6-30,14.5600586,1667.11304,
6,15,6-15,Leaf,,,,,-0.0512289368,920.314697,
6,16,6-16,Leaf,,,,,-0.0452651754,511.1185,
6,17,6-17,Leaf,,,,,-0.0395455621,695.538696,
6,18,6-18,Leaf,,,,,-0.0340015553,920.978699,
6,19,6-19,Leaf,,,,,-0.0253718812,471.043213,
6,20,6-20,Leaf,,,,,-0.0175086688,1409.49194,
6,21,6-21,Leaf,,,,,-0.00907728262,856.015137,
6,22,6-22,Leaf,,,,,-0.00485827914,888.402222,
6,23,6-23,Leaf,,,,,0.00105063175,1382.9292,
6,24,6-24,Leaf,,,,,0.00646330835,698.812561,
6,25,6-25,Leaf,,,,,0.0142282257,1257.86938,
6,26,6-26,Leaf,,,,,0.0212571677,911.777649,
6,27,6-27,Leaf,,,,,0.027670579,811.25592,
6,28,6-28,Leaf,,,,,0.0355548412,895.354126,
6,29,6-29,Leaf,,,,,0.0447996445,1021.3725,
6,30,6-30,Leaf,,,,,0.0510213524,645.74054,
7,0,7-0,f0,0.0,7-1,7-2,7-2,9267.37988,14281.4434,
7,1,7-1,f0,-0.643345416,7-3,7-4,7-4,1674.896,7058.82275,
7,2,7-2,f0,0.738846838,7-5,7-6,7-6,1515.48389,7222.62109,
7,3,7-3,f0,-1.22652817,7-7,7-8,7-8,174.279785,3271.87354,
7,4,7-4,f0,-0.279319048,7-9,7-10,7-10,145.768768,3786.94922,
7,5,7-5,f0,0.227544978,7-11,7-12,7-12,221.443237,4230.03564,
7,6,7-6,f0,1.22652817,7-13,7-14,7-14,136.873535,2992.58521,
7,7,7-7,f0,-1.47579098,7-15,7-16,7-16,12.3061523,1550.04187,
7,8,7-8,f0,-0.772193193,7-17,7-18,7-18,22.0541992,1721.83167,
7,9,7-9,f0,-0.524400532,7-19,7-20,7-20,12.7252808,1808.65027,
7,10,7-10,f0,-0.100433722,7-21,7-22,7-22,11.7964287,1978.29883,
7,11,7-11,f0,0.150969222,7-23,7-24,7-24,11.950964,1698.11597,
7,12,7-12,f0,0.467698812,7-25,7-26,7-26,52.0361328,2531.91968,
7,13,7-13,f1,9.26666641,7-27,7-28,7-28,18.2149658,1342.96765,
7,14,7-14,f0,1.55477357,7-29,7-30,7-30,15.767334,1649.61755,
7,15,7-15,Leaf,,,,,-0.0495690815,1047.39258,
7,16,7-16,Leaf,,,,,-0.0433079265,502.649353,
7,17,7-17,Leaf,,,,,-0.0357605182,1249.599,
7,18,7-18,Leaf,,,,,-0.0279433914,472.232605,
7,19,7-19,Leaf,,,,,-0.0213606767,473.307739,
7,20,7-20,Leaf,,,,,-0.0155683719,1335.34253,
7,21,7-21,Leaf,,,,,-0.00715593388,1209.32092,
7,22,7-22,Leaf,,,,,-0.00239986554,768.977966,
7,23,7-23,Leaf,,,,,0.00223685685,1202.55225,
7,24,7-24,Leaf,,,,,0.00777216535,495.563721,
7,25,7-25,Leaf,,,,,0.0139650283,1397.03479,
7,26,7-26,Leaf,,,,,0.0226389896,1134.88489,
7,27,7-27,Leaf,,,,,0.0352634825,950.835327,
7,28,7-28,Leaf,,,,,0.0273371264,392.132263,
7,29,7-29,Leaf,,,,,0.0418788157,620.637207,
7,30,7-30,Leaf,,,,,0.0483632758,1028.98035,
8,0,8-0,f0,-0.0250689089,8-1,8-2,8-2,8797.58594,14236.7295,
8,1,8-1,f0,-0.674489737,8-3,8-4,8-4,1499.95801,6841.12939,
8,2,8-2,f0,0.738846838,8-5,8-6,8-6,1504.479,7395.59961,
8,3,8-3,f0,-1.2815516,8-7,8-8,8-8,143.705078,3141.26221,
8,4,8-4,f0,-0.279319048,8-9,8-10,8-10,152.440125,3699.86743,
8,5,8-5,f0,0.305480778,8-11,8-12,8-12,248.273315,4413.14062,
8,6,8-6,f0,1.22652817,8-13,8-14,8-14,146.216309,2982.45898,
8,7,8-7,f1,8.53333378,8-15,8-16,8-16,8.94848633,1412.05286,
8,8,8-8,f0,-0.80642122,8-17,8-18,8-18,21.1105957,1729.20935,
8,9,8-9,f0,-0.582841516,8-19,8-20,8-20,13.619751,1916.75012,
8,10,8-10,f0,-0.176374167,8-21,8-22,8-22,8.64092255,1783.11731,
8,11,8-11,f0,0.125661343,8-23,8-24,8-24,35.9175797,2397.19385,
8,12,8-12,f0,0.495850354,8-25,8-26,8-26,23.0020142,2015.94678,
8,13,8-13,f1,9.26666641,8-27,8-28,8-28,13.3383789,1350.10425,
8,14,8-14,f0,1.75068605,8-29,8-30,8-30,15.5529785,1632.35486,
8,15,8-15,Leaf,,,,,-0.0476996861,1306.53687,
8,16,8-16,Leaf,,,,,-0.0374944434,105.515976,
8,17,8-17,Leaf,,,,,-0.0360047296,1276.31165,
8,18,8-18,Leaf,,,,,-0.0282470714,452.897614,
8,19,8-19,Leaf,,,,,-0.0228867736,353.00415,
8,20,8-20,Leaf,,,,,-0.0162896495,1563.74597,
8,21,8-21,Leaf,,,,,-0.00796833076,685.585327,
8,22,8-22,Leaf,,,,,-0.00367028313,1097.53198,
8,23,8-23,Leaf,,,,,0.00122593646,1182.65088,
8,24,8-24,Leaf,,,,,0.00857065059,1214.54297,
8,25,8-25,Leaf,,,,,0.0159905721,1006.97369,
8,26,8-26,Leaf,,,,,0.0224534199,1008.97308,
8,27,8-27,Leaf,,,,,0.0336813815,954.25354,
8,28,8-28,Leaf,,,,,0.0268697198,395.850739,
8,29,8-29,Leaf,,,,,0.0421524122,866.987549,
8,30,8-30,Leaf,,,,,0.0484286621,765.36731,
9,0,9-0,f0,0.0,9-1,9-2,9-2,8337.70898,14198.9658,
9,1,9-1,f0,-0.706302583,9-3,9-4,9-4,1484.72363,6997.78711,
9,2,9-2,f0,0.738846838,9-5,9-6,9-6,1353.03174,7201.17871,
9,3,9-3,f0,-1.2815516,9-7,9-8,9-8,126.118164,2985.39307,
9,4,9-4,f0,-0.279319048,9-9,9-10,9-10,172.638733,4012.39404,
9,5,9-5,f0,0.358458787,9-11,9-12,9-12,189.003418,4223.36475,
9,6,9-6,f0,1.22652817,9-13,9-14,9-14,139.130859,2977.81396,
9,7,9-7,f0,-1.55477357,9-15,9-16,9-16,9.04760742,1395.05957,
9,8,9-8,f0,-0.994457901,9-17,9-18,9-18,14.5727539,1590.3335,
9,9,9-9,f0,-0.524400532,9-19,9-20,9-20,22.628418,2035.47913,
9,10,9-10,f0,-0.125661343,9-21,9-22,9-22,9.42011642,1976.91479,
9,11,9-11,f0,0.201893479,9-23,9-24,9-24,33.7112579,2509.37207,
9,12,9-12,f0,0.495850354,9-25,9-26,9-26,14.7662964,1713.99255,
9,13,9-13,f0,0.9153651,9-27,9-28,9-28,12.1195068,1341.96362,
9,14,9-14,f0,1.75068605,9-29,9-30,9-30,16.1154785,1635.85034,
9,15,9-15,Leaf,,,,,-0.0478518493,893.182495,
9,16,9-16,Leaf,,,,,-0.0422103032,501.877045,
9,17,9-17,Leaf,,,,,-0.0368567184,679.260254,
9,18,9-18,Leaf,,,,,-0.030813206,911.073242,
9,19,9-19,Leaf,,,,,-0.0217962917,705.109436,
9,20,9-20,Leaf,,,,,-0.0151032377,1330.36975,
9,21,9-21,Leaf,,,,,-0.00700232247,1012.78333,
9,22,9-22,Leaf,,,,,-0.00285534514,964.131531,
9,23,9-23,Leaf,,,,,0.00379606499,1530.25281,
9,24,9-24,Leaf,,,,,0.010926418,979.119324,
9,25,9-25,Leaf,,,,,0.0161323082,707.956177,
9,26,9-26,Leaf,,,,,0.0218643416,1006.03632,
9,27,9-27,Leaf,,,,,0.0275562573,571.898743,
9,28,9-28,Leaf,,,,,0.0335655846,770.06488,
9,29,9-29,Leaf,,,,,0.0410986915,861.287903,
9,30,9-30,Leaf,,,,,0.0474460572,774.5625,
10,0,10-0,f0,0.0501535833,10-1,10-2,10-2,7816.44922,14119.5537,
10,1,10-1,f0,-0.612812996,10-3,10-4,10-4,1633.10229,7368.04199,
10,2,10-2,f0,0.772193193,10-5,10-6,10-6,1140.95166,6751.51172,
10,3,10-3,f0,-1.22652817,10-7,10-8,10-8,176.02832,3306.06543,
10,4,10-4,f0,-0.279319048,10-9,10-10,10-10,152.850311,4061.97656,
10,5,10-5,f0,0.385320455,10-11,10-12,10-12,155.95575,3921.76465,
10,6,10-6,f0,1.22652817,10-13,10-14,10-14,117.698242,2829.74731,
10,7,10-7,f0,-1.55477357,10-15,10-16,10-16,14.0371094,1509.03821,
10,8,10-8,f0,-0.80642122,10-17,10-18,10-18,28.4211426,1797.02722,
10,9,10-9,f1,4.7833333,10-19,10-20,10-20,6.74462891,1682.84082,
10,10,10-10,f1,6.16666651,10-21,10-22,10-22,15.1820145,2379.13574,
10,11,10-11,f0,0.201893479,10-23,10-24,10-24,27.6192169,2253.125,
10,12,10-12,f0,0.524400532,10-25,10-26,10-26,14.2009277,1668.63965,
10,13,10-13,f1,9.3166666,10-27,10-28,10-28,8.8236084,1210.28284,
10,14,10-14,f0,1.88079357,10-29,10-30,10-30,16.0056152,1619.46436,
10,15,10-15,Leaf,,,,,-0.0470983237,893.006592,
10,16,10-16,Leaf,,,,,-0.0407708511,616.031555,
10,17,10-17,Leaf,,,,,-0.0335423388,1124.86182,
10,18,10-18,Leaf,,,,,-0.0256090108,672.165405,
10,19,10-19,Leaf,,,,,-0.0200234242,257.833191,
10,20,10-20,Leaf,,,,,-0.0146565465,1425.00757,
10,21,10-21,Leaf,,,,,-0.00913175009,384.027985,
10,22,10-22,Leaf,,,,,-0.00262214825,1995.10767,
10,23,10-23,Leaf,,,,,0.00440387521,1127.68677,
10,24,10-24,Leaf,,,,,0.0110519016,1125.43835,
10,25,10-25,Leaf,,,,,0.0164697487,688.345337,
10,26,10-26,Leaf,,,,,0.0221737549,980.29425,
10,27,10-27,Leaf,,,,,0.0323935375,875.598755,
10,28,10-28,Leaf,,,,,0.0263431799,334.684082,
10,29,10-29,Leaf,,,,,0.0406434648,992.319824,
10,30,10-30,Leaf,,,,,0.0471456423,627.144531,
11,0,11-0,f0,0.0501535833,11-1,11-2,11-2,7328.17822,14059.6875,
11,1,11-1,f0,-0.612812996,11-3,11-4,11-4,1557.07544,7357.65234,
11,2,11-2,f0,0.80642122,11-5,11-6,11-6,1095.47681,6702.03564,
11,3,11-3,f0,-1.2815516,11-7,11-8,11-8,165.345215,3279.54199,
11,4,11-4,f0,-0.279319048,11-9,11-10,11-10,138.439819,4078.11011,
11,5,11-5,f0,0.358458787,11-11,11-12,11-12,165.917847,4003.46777,
11,6,11-6,f0,1.2815516,11-13,11-14,11-14,106.649414,2698.56763,
11,7,11-7,f0,-1.55477357,11-15,11-16,11-16,8.49926758,1358.03125,
11,8,11-8,f0,-0.877896309,11-17,11-18,11-18,29.9200439,1921.51074,
11,9,11-9,f0,-0.385320455,11-19,11-20,11-20,4.06225586,1693.12012,
11,10,11-10,f0,-0.100433722,11-21,11-22,11-22,18.5886497,2384.98999,
11,11,11-11,f0,0.201893479,11-23,11-24,11-24,18.8387604,2102.58618,
11,12,11-12,f0,0.495850354,11-25,11-26,11-26,16.6234741,1900.88171,
11,13,11-13,f0,1.08031929,11-27,11-28,11-28,7.54052734,1224.79028,
11,14,11-14,f0,1.75068605,11-29,11-30,11-30,10.9689941,1473.77734,
11,15,11-15,Leaf,,,,,-0.0460902601,873.414307,
11,16,11-16,Leaf,,,,,-0.0405462086,484.616974,
11,17,11-17,Leaf,,,,,-0.0340456925,1000.97711,
11,18,11-18,Leaf,,,,,-0.0264285002,920.53363,
11,19,11-19,Leaf,,,,,-0.0160619728,1060.04199,
11,20,11-20,Leaf,,,,,-0.0129361497,633.078186,
11,21,11-21,Leaf,,,,,-0.00629361114,1209.36292,
11,22,11-22,Leaf,,,,,-0.000996131799,1175.62708,
11,23,11-23,Leaf,,,,,0.00419594208,1119.31946,
11,24,11-24,Leaf,,,,,0.00989240967,983.266663,
11,25,11-25,Leaf,,,,,0.015335083,691.520508,
11,26,11-26,Leaf,,,,,0.0212335754,1209.36121,
11,27,11-27,Leaf,,,,,0.0289272182,792.405212,
11,28,11-28,Leaf,,,,,0.0341804437,432.385101,
11,29,11-29,Leaf,,,,,0.0399623737,720.984192,
11,30,11-30,Leaf,,,,,0.0455971435,752.793152,
12,0,12-0,f0,-0.0501535833,12-1,12-2,12-2,6955.14111,14005.7363,
12,1,12-1,f0,-0.706302583,12-3,12-4,12-4,1159.03882,6520.979,
12,2,12-2,f0,0.738846838,12-5,12-6,12-6,1330.56445,7484.75732,
12,3,12-3,f0,-1.2815516,12-7,12-8,12-8,125.420898,2913.0498,
12,4,12-4,f0,-0.279319048,12-9,12-10,12-10,106.603882,3607.92944,
12,5,12-5,f0,0.227544978,12-11,12-12,12-12,202.961761,4588.03662,
12,6,12-6,f0,1.2815516,12-13,12-14,12-14,123.540039,2896.7207,
12,7,12-7,f0,-1.55477357,12-15,12-16,12-16,9.9987793,1343.10938,
12,8,12-8,f0,-0.994457901,12-17,12-18,12-18,10.5196533,1569.94043,
12,9,12-9,f0,-0.524400532,12-19,12-20,12-20,17.2562256,2021.13867,
12,10,12-10,f2,-0.00999999978,12-21,12-22,12-22,8.62361145,1586.79077,
12,11,12-11,f0,0.100433722,12-23,12-24,12-24,14.5484085,2077.89575,
12,12,12-12,f0,0.439913154,12-25,12-26,12-26,36.5627441,2510.14062,
12,13,12-13,f0,0.877896309,12-27,12-28,12-28,12.2844238,1427.44238,
12,14,12-14,f0,1.55477357,12-29,12-30,12-30,11.8173828,1469.27832,
12,15,12-15,Leaf,,,,,-0.0455333777,863.627808,
12,16,12-16,Leaf,,,,,-0.0395967737,479.481537,
12,17,12-17,Leaf,,,,,-0.0338625573,667.118164,
12,18,12-18,Leaf,,,,,-0.0286541358,902.822266,
12,19,12-19,Leaf,,,,,-0.0196244158,704.594055,
12,20,12-20,Leaf,,,,,-0.0137641719,1316.54456,
12,21,12-21,Leaf,,,,,-0.0111924894,202.772522,
12,22,12-22,Leaf,,,,,-0.00457003061,1384.01819,
12,23,12-23,Leaf,,,,,0.000601052772,1190.10986,
12,24,12-24,Leaf,,,,,0.0056744921,887.78595,
12,25,12-25,Leaf,,,,,0.0118220765,1259.8429,
12,26,12-26,Leaf,,,,,0.0190868191,1250.29785,
12,27,12-27,Leaf,,,,,0.0250907484,452.650269,
12,28,12-28,Leaf,,,,,0.0312939808,974.792053,
12,29,12-29,Leaf,,,,,0.0376250483,481.805817,
12,30,12-30,Leaf,,,,,0.0438034423,987.472534,
13,0,13-0,f0,-0.100433722,13-1,13-2,13-2,6686.39062,13934.6182,
13,1,13-1,f0,-0.706302583,13-3,13-4,13-4,956.601807,6107.63428,
13,2,13-2,f0,0.643345416,13-5,13-6,13-6,1376.57349,7826.98438,
13,3,13-3,f0,-1.2815516,13-7,13-8,13-8,117.384277,2878.56616,
13,4,13-4,f0,-0.279319048,13-9,13-10,13-10,75.427124,3229.06787,
13,5,13-5,f0,0.201893479,13-11,13-12,13-12,183.577789,4610.44922,
13,6,13-6,f0,1.22652817,13-13,13-14,13-14,172.417969,3216.53516,
13,7,13-7,f0,-1.55477357,13-15,13-16,13-16,7.60913086,1333.00647,
13,8,13-8,f0,-0.994457901,13-17,13-18,13-18,12.3273926,1545.55969,
13,9,13-9,f0,-0.524400532,13-19,13-20,13-20,15.7699585,2015.44006,
13,10,13-10,f3,0.0199999996,13-21,13-22,13-22,4.52497482,1213.62781,
13,11,13-11,f0,0.125661343,13-23,13-24,13-24,14.2500591,2302.36597,
13,12,13-12,f0,0.439913154,13-25,13-26,13-26,30.4260559,2308.0835,
13,13,13-13,f0,0.84162122,13-27,13-28,13-28,19.1743164,1648.10156,
13,14,13-14,f0,1.75068605,13-29,13-30,13-30,13.7124023,1568.43359,
13,15,13-15,Leaf,,,,,-0.0444001295,852.653381,
13,16,13-16,Leaf,,,,,-0.0390974991,480.353058,
13,17,13-17,Leaf,,,,,-0.0335338525,653.91156,
13,18,13-18,Leaf,,,,,-0.0278948024,891.648193,
13,19,13-19,Leaf,,,,,-0.0193946827,701.308716,
13,20,13-20,Leaf,,,,,-0.0137784546,1314.13123,
13,21,13-21,Leaf,,,,,-0.00523883291,927.072632,
13,22,13-22,Leaf,,,,,-0.00956657249,286.555206,
13,23,13-23,Leaf,,,,,0.000656490971,1756.88245,
13,24,13-24,Leaf,,,,,0.00620386796,545.483582,
13,25,13-25,Leaf,,,,,0.011173334,1406.88025,
13,26,13-26,Leaf,,,,,0.0182553772,901.203125,
13,27,13-27,Leaf,,,,,0.0226989258,664.175964,
13,28,13-28,Leaf,,,,,0.0294267032,983.925537,
13,29,13-29,Leaf,,,,,0.0378184356,826.598022,
13,30,13-30,Leaf,,,,,0.0437975004,741.835571,
14,0,14-0,f0,-0.0501535833,14-1,14-2,14-2,6231.72119,13896.8574,
14,1,14-1,f0,-0.706302583,14-3,14-4,14-4,1093.58594,6471.36865,
14,2,14-2,f0,0.738846838,14-5,14-6,14-6,1206.35034,7425.48828,
14,3,14-3,f0,-1.2815516,14-7,14-8,14-8,113.030762,2860.7522,
14,4,14-4,f0,-0.279319048,14-9,14-10,14-10,100.43985,3610.61646,
14,5,14-5,f0,0.358458787,14-11,14-12,14-12,185.527405,4574.8457,
14,6,14-6,f0,1.22652817,14-13,14-14,14-14,126.458252,2850.64258,
14,7,14-7,f1,8.46666622,14-15,14-16,14-16,10.6074219,1306.92297,
14,8,14-8,f0,-0.95416528,14-17,14-18,14-18,12.4143066,1553.82922,
14,9,14-9,f0,-0.612812996,14-19,14-20,14-20,16.5880127,2022.62439,
14,10,14-10,f2,-0.00999999978,14-21,14-22,14-22,6.94915009,1587.99194,
14,11,14-11,f0,0.150969222,14-23,14-24,14-24,40.8288956,2891.53223,
14,12,14-12,f0,0.495850354,14-25,14-26,14-26,9.55981445,1683.31348,
14,13,14-13,f1,9.26666641,14-27,14-28,14-28,12.9025879,1299.80518,
14,14,14-14,f0,1.75068605,14-29,14-30,14-30,15.4489746,1550.83752,
14,15,14-15,Leaf,,,,,-0.0427023992,1200.77783,
14,16,14-16,Leaf,,,,,-0.031986054,106.145142,
14,17,14-17,Leaf,,,,,-0.0325868092,775.653564,
14,18,14-18,Leaf,,,,,-0.0270182192,778.175659,
14,19,14-19,Leaf,,,,,-0.0210026987,339.740692,
14,20,14-20,Leaf,,,,,-0.0136906551,1682.88367,
14,21,14-21,Leaf,,,,,-0.010011916,203.62912,
14,22,14-22,Leaf,,,,,-0.00407812838,1384.36292,
14,23,14-23,Leaf,,,,,0.00137135526,1575.1311,
14,24,14-24,Leaf,,,,,0.00852933899,1316.40125,
14,25,14-25,Leaf,,,,,0.0144062852,693.92926,
14,26,14-26,Leaf,,,,,0.0190741383,989.384277,
14,27,14-27,Leaf,,,,,0.0291482769,912.704956,
14,28,14-28,Leaf,,,,,0.0224150475,387.100189,
14,29,14-29,Leaf,,,,,0.0368984565,819.529053,
14,30,14-30,Leaf,,,,,0.0432265922,731.308411,
15,0,15-0,f0,-0.0501535833,15-1,15-2,15-2,5854.51465,13841.7666,
15,1,15-1,f0,-0.706302583,15-3,15-4,15-4,1072.4812,6451.43506,
15,2,15-2,f0,0.643345416,15-5,15-6,15-6,1168.62378,7390.33105,
15,3,15-3,f0,-1.2815516,15-7,15-8,15-8,109.329102,2842.96118,
15,4,15-4,f0,-0.305480778,15-9,15-10,15-10,96.2709351,3608.47412,
15,5,15-5,f0,0.201893479,15-11,15-12,15-12,131.464233,4231.44141,
15,6,15-6,f0,1.22652817,15-13,15-14,15-14,173.577148,3158.88965,
15,7,15-7,f0,-1.55477357,15-15,15-16,15-16,8.08105469,1297.02209,
15,8,15-8,f0,-0.994457901,15-17,15-18,15-18,12.7330322,1545.93909,
15,9,15-9,f0,-0.612812996,15-19,15-20,15-20,13.9483643,1846.14661,
15,10,15-10,f0,-0.176374167,15-21,15-22,15-22,5.8514328,1762.32739,
15,11,15-11,f0,0.125661343,15-23,15-24,15-24,6.1407156,1920.65625,
15,12,15-12,f0,0.385320455,15-25,15-26,15-26,29.7184753,2310.78516,
15,13,15-13,f0,0.9153651,15-27,15-28,15-28,18.4987793,1638.26465,
15,14,15-14,f0,1.55477357,15-29,15-30,15-30,16.8256836,1520.625,
15,15,15-15,Leaf,,,,,-0.0431892313,826.493774,
15,16,15-16,Leaf,,,,,-0.0377238579,470.528259,
15,17,15-17,Leaf,,,,,-0.0326272622,655.22937,
15,18,15-18,Leaf,,,,,-0.0269182641,890.709778,
15,19,15-19,Leaf,,,,,-0.020495005,336.157654,
15,20,15-20,Leaf,,,,,-0.0136868702,1509.98901,
15,21,15-21,Leaf,,,,,-0.00689172186,865.17804,
15,22,15-22,Leaf,,,,,-0.00342717674,897.149292,
15,23,15-23,Leaf,,,,,0.000923189218,1381.71826,
15,24,15-24,Leaf,,,,,0.00469714915,538.937927,
15,25,15-25,Leaf,,,,,0.00906672794,1114.68542,
15,26,15-26,Leaf,,,,,0.0158925038,1196.09985,
15,27,15-27,Leaf,,,,,0.0221224446,895.081421,
15,28,15-28,Leaf,,,,,0.0286416207,743.183167,
15,29,15-29,Leaf,,,,,0.0349488556,576.080017,
15,30,15-30,Leaf,,,,,0.041771125,944.544922,
16,0,16-0,f0,0.100433722,16-1,16-2,16-2,5539.44678,13773.3848,
16,1,16-1,f0,-0.612812996,16-3,16-4,16-4,1374.60156,7591.61475,
16,2,16-2,f0,0.80642122,16-5,16-6,16-6,792.214844,6181.76953,
16,3,16-3,f0,-1.2815516,16-7,16-8,16-8,152.296875,3147.01855,
16,4,16-4,f0,-0.279319048,16-9,16-10,16-10,120.685623,4444.59619,
16,5,16-5,f0,0.358458787,16-11,16-12,16-12,95.2208862,3603.15308,
16,6,16-6,f0,1.2815516,16-13,16-14,16-14,93.3337402,2578.6167,
16,7,16-7,f1,8.73333359,16-15,16-16,16-16,10.1123047,1279.24133,
16,8,16-8,f0,-0.738846838,16-17,16-18,16-18,25.8759766,1867.77734,
16,9,16-9,f1,4.94999981,16-19,16-20,16-20,7.97006226,1668.34351,
16,10,16-10,f0,-0.100433722,16-21,16-22,16-22,17.0276318,2776.25269,
16,11,16-11,f0,0.201893479,16-23,16-24,16-24,11.3664017,1721.31653,
16,12,16-12,f0,0.495850354,16-25,16-26,16-26,15.9194336,1881.83643,
16,13,16-13,f1,9.26666641,16-27,16-28,16-28,8.75744629,1185.755,
16,14,16-14,f0,1.88079357,16-29,16-30,16-30,10.7766113,1392.86157,
16,15,16-15,Leaf,,,,,-0.0411714837,1183.51526,
16,16,16-16,Leaf,,,,,-0.0302175451,95.7260742,
16,17,16-17,Leaf,,,,,-0.0288959816,1418.85107,
16,18,16-18,Leaf,,,,,-0.020512769,448.92627,
16,19,16-19,Leaf,,,,,-0.0176034085,269.921661,
16,20,16-20,Leaf,,,,,-0.0119175399,1398.42188,
16,21,16-21,Leaf,,,,,-0.00533328392,1198.33801,
16,22,16-22,Leaf,,,,,-0.000590506825,1577.91455,
16,23,16-23,Leaf,,,,,0.00401917007,739.661682,
16,24,16-24,Leaf,,,,,0.00895197503,981.654846,
16,25,16-25,Leaf,,,,,0.0129249431,686.901672,
16,26,16-26,Leaf,,,,,0.018707592,1194.93481,
16,27,16-27,Leaf,,,,,0.0291152447,862.680298,
16,28,16-28,Leaf,,,,,0.0230613723,323.074677,
16,29,16-29,Leaf,,,,,0.0366009623,816.795227,
16,30,16-30,Leaf,,,,,0.0423596315,576.066406,
17,0,17-0,f0,0.0,17-1,17-2,17-2,5257.22656,13675.8047,
17,1,17-1,f0,-0.738846838,17-3,17-4,17-4,1074.677,6749.81006,
17,2,17-2,f0,0.80642122,17-5,17-6,17-6,968.3396,6925.99414,
17,3,17-3,f0,-1.2815516,17-7,17-8,17-8,95.1552734,2654.93774,
17,4,17-4,f0,-0.279319048,17-9,17-10,17-10,121.044891,4094.87231,
17,5,17-5,f0,0.358458787,17-11,17-12,17-12,152.968994,4374.45703,
17,6,17-6,f0,1.47579098,17-13,17-14,17-14,97.175293,2551.53711,
17,7,17-7,f1,8.78333378,17-15,17-16,17-16,8.53027344,1256.26135,
17,8,17-8,f0,-0.994457901,17-17,17-18,17-18,9.24755859,1398.67639,
17,9,17-9,f0,-0.582841516,17-19,17-20,17-20,24.4873352,2118.53613,
17,10,17-10,f1,6.0999999,17-21,17-22,17-22,9.19393158,1976.33606,
17,11,17-11,f0,0.150969222,17-23,17-24,17-24,25.3835754,2515.74365,
17,12,17-12,f1,13.8666668,17-25,17-26,17-26,11.460144,1858.71375,
17,13,17-13,f0,1.08031929,17-27,17-28,17-28,17.9311523,1518.66577,
17,14,17-14,f0,1.88079357,17-29,17-30,17-30,2.50964355,1032.87134,
17,15,17-15,Leaf,,,,,-0.0404084623,1167.48975,
17,16,17-16,Leaf,,,,,-0.0298742615,88.7716446,
17,17,17-17,Leaf,,,,,-0.0310035702,639.12085,
17,18,17-18,Leaf,,,,,-0.0258812662,759.555542,
17,19,17-19,Leaf,,,,,-0.0194933005,566.99469,
17,20,17-20,Leaf,,,,,-0.0121805109,1551.54138,
17,21,17-21,Leaf,,,,,-0.0085450951,311.65918,
17,22,17-22,Leaf,,,,,-0.00293366122,1664.67688,
17,23,17-23,Leaf,,,,,0.00183295808,1197.49768,
17,24,17-24,Leaf,,,,,0.00786770508,1318.24585,
17,25,17-25,Leaf,,,,,0.0168831702,1767.35498,
17,26,17-26,Leaf,,,,,0.00590364402,91.3587418,
17,27,17-27,Leaf,,,,,0.024877876,765.235413,
17,28,17-28,Leaf,,,,,0.0315520354,753.430359,
17,29,17-29,Leaf,,,,,0.0380491242,470.126495,
17,30,17-30,Leaf,,,,,0.0419340692,562.744812,
18,0,18-0,f0,-0.0501535833,18-1,18-2,18-2,4970.10742,13649.8164,
18,1,18-1,f0,-0.706302583,18-3,18-4,18-4,909.998291,6335.18066,
18,2,18-2,f0,0.738846838,18-5,18-6,18-6,1050.92603,7314.63525,
18,3,18-3,f0,-1.2815516,18-7,18-8,18-8,108.884521,2748.61743,
18,4,18-4,f0,-0.305480778,18-9,18-10,18-10,72.0673523,3586.56323,
18,5,18-5,f0,0.305480778,18-11,18-12,18-12,152.424652,4571.74805,
18,6,18-6,f0,1.2815516,18-13,18-14,18-14,116.826904,2742.88745,
18,7,18-7,f0,-1.55477357,18-15,18-16,18-16,7.83032227,1238.04187,
18,8,18-8,f0,-0.994457901,18-17,18-18,18-18,10.9873047,1510.57556,
18,9,18-9,f0,-0.582841516,18-19,18-20,18-20,13.7717285,1836.13232,
18,10,18-10,f0,-0.201893479,18-21,18-22,18-22,7.78123856,1750.43103,
18,11,18-11,f0,0.125661343,18-23,18-24,18-24,22.5872746,2596.41626,
18,12,18-12,f0,0.495850354,18-25,18-26,18-26,15.8175659,1975.33167,
18,13,18-13,f0,1.08031929,18-27,18-28,18-28,10.0055542,1378.47705,
18,14,18-14,f0,1.88079357,18-29,18-30,18-30,11.0654297,1364.4104,
18,15,18-15,Leaf,,,,,-0.0410460308,789.853516,
18,16,18-16,Leaf,,,,,-0.0355750211,448.188446,
18,17,18-17,Leaf,,,,,-0.0301114507,638.805847,
18,18,18-18,Leaf,,,,,-0.0247482322,871.769714,
18,19,18-19,Leaf,,,,,-0.018236516,454.7742,
18,20,18-20,Leaf,,,,,-0.0121778799,1381.35803,
18,21,18-21,Leaf,,,,,-0.00767562632,683.361511,
18,22,18-22,Leaf,,,,,-0.00357025559,1067.06958,
18,23,18-23,Leaf,,,,,0.000597311708,1387.14551,
18,24,18-24,Leaf,,,,,0.00620596809,1209.27075,
18,25,18-25,Leaf,,,,,0.0115867695,997.651123,
18,26,18-26,Leaf,,,,,0.0169916376,977.680481,
18,27,18-27,Leaf,,,,,0.0235378481,966.966736,
18,28,18-28,Leaf,,,,,0.0293119978,411.510345,
18,29,18-29,Leaf,,,,,0.0352821536,804.459351,
18,30,18-30,Leaf,,,,,0.0411488228,559.951111,
19,0,19-0,f0,0.125661343,19-1,19-2,19-2,4747.34619,13556.873,
19,1,19-1,f0,-0.643345416,19-3,19-4,19-4,1299.01416,7674.17432,
19,2,19-2,f0,0.84162122,19-5,19-6,19-6,641.811523,5882.69922,
19,3,19-3,f0,-1.2815516,19-7,19-8,19-8,128.675049,2943.18018,
19,4,19-4,f0,-0.279319048,19-9,19-10,19-10,129.968201,4730.99414,
19,5,19-5,f0,0.358458787,19-11,19-12,19-12,74.2120972,3491.92505,
19,6,19-6,f0,1.47579098,19-13,19-14,19-14,77.6030273,2390.77393,
19,7,19-7,f0,-1.55477357,19-15,19-16,19-16,9.93896484,1221.43311,
19,8,19-8,f0,-0.80642122,19-17,19-18,19-18,16.4425049,1721.74719,
19,9,19-9,f1,4.9000001,19-19,19-20,19-20,6.75445557,1775.62036,
19,10,19-10,f0,-0.100433722,19-21,19-22,19-22,17.1763649,2955.37402,
19,11,19-11,f2,0.0799999982,19-23,19-24,19-24,6.28005219,1513.18921,
19,12,19-12,f0,0.612812996,19-25,19-26,19-26,14.1900635,1978.73584,
19,13,19-13,f0,1.08031929,19-27,19-28,19-28,10.7841797,1381.79211,
19,14,19-14,f2,0.0799999982,19-29,19-30,19-30,3.87695312,1008.98187,
19,15,19-15,Leaf,,,,,-0.0408607386,777.568237,
19,16,19-16,Leaf,,,,,-0.0347879976,443.864807,
19,17,19-17,Leaf,,,,,-0.0279404074,1172.63208,
19,18,19-18,Leaf,,,,,-0.0215138942,549.115173,
19,19,19-19,Leaf,,,,,-0.0165124536,285.538361,
19,20,19-20,Leaf,,,,,-0.0114216609,1490.08191,
19,21,19-21,Leaf,,,,,-0.00474167988,1201.96277,
19,22,19-22,Leaf,,,,,-8.68554707e-05,1753.41113,
19,23,19-23,Leaf,,,,,0.00717876293,1504.75891,
19,24,19-24,Leaf,,,,,-0.0174865108,8.43026161,
19,25,19-25,Leaf,,,,,0.0137963593,1203.5896,
19,26,19-26,Leaf,,,,,0.0190489087,775.146301,
19,27,19-27,Leaf,,,,,0.0245992839,646.50769,
19,28,19-28,Leaf,,,,,0.0301104821,735.284363,
19,29,19-29,Leaf,,,,,0.0387441069,1000.93762,
19,30,19-30,Leaf,,,,,0.0151832178,8.04429531,
20,0,20-0,f0,-0.0250689089,20-1,20-2,20-2,4431.95557,13478.2529,
20,1,20-1,f0,-0.706302583,20-3,20-4,20-4,923.231934,6439.41797,
20,2,20-2,f0,0.80642122,20-5,20-6,20-6,912.088379,7038.83496,
20,3,20-3,f0,-1.2815516,20-7,20-8,20-8,107.380371,2676.45117,
20,4,20-4,f0,-0.279319048,20-9,20-10,20-10,71.7919922,3762.9668,
20,5,20-5,f0,0.305480778,20-11,20-12,20-12,128.897247,4576.10791,
20,6,20-6,f0,1.47579098,20-13,20-14,20-14,92.3193359,2462.72681,
20,7,20-7,f1,8.73333359,20-15,20-16,20-16,10.8876953,1200.73877,
20,8,20-8,f0,-0.994457901,20-17,20-18,20-18,9.33068848,1475.7124,
20,9,20-9,f0,-0.582841516,20-19,20-20,20-20,11.7810059,1986.30994,
20,10,20-10,f1,14.3999996,20-21,20-22,20-22,8.10976219,1776.65698,
20,11,20-11,f0,0.150969222,20-23,20-24,20-24,15.3201942,2401.09912,
20,12,20-12,f0,0.495850354,20-25,20-26,20-26,23.7998657,2175.00903,
20,13,20-13,f0,1.08031929,20-27,20-28,20-28,15.9351807,1470.49792,
20,14,20-14,f1,12.1499996,20-29,20-30,20-30,4.68310547,992.228821,
20,15,20-15,Leaf,,,,,-0.0388957262,1112.74194,
20,16,20-16,Leaf,,,,,-0.0272138398,87.9968643,
20,17,20-17,Leaf,,,,,-0.0288031362,623.308899,
20,18,20-18,Leaf,,,,,-0.0237877946,852.403564,
20,19,20-19,Leaf,,,,,-0.0165312309,451.05304,
20,20,20-20,Leaf,,,,,-0.0109826932,1535.25684,
20,21,20-21,Leaf,,,,,-0.00465586921,1583.24451,
20,22,20-22,Leaf,,,,,0.00184334838,193.412399,
20,23,20-23,Leaf,,,,,0.00175889267,1392.052,
20,24,20-24,Leaf,,,,,0.00661414862,1009.04712,
20,25,20-25,Leaf,,,,,0.0104412856,993.194702,
20,26,20-26,Leaf,,,,,0.016766699,1181.81421,
20,27,20-27,Leaf,,,,,0.0232257675,737.952271,
20,28,20-28,Leaf,,,,,0.0296175834,732.545715,
20,29,20-29,Leaf,,,,,0.0385352448,983.352966,
20,30,20-30,Leaf,,,,,0.0144272856,8.87583733,
21,0,21-0,f0,-0.125661343,21-1,21-2,21-2,4175.80664,13429.5361,
21,1,21-1,f0,-0.738846838,21-3,21-4,21-4,695.515869,5661.58936,
21,2,21-2,f0,0.612812996,21-5,21-6,21-6,1052.80176,7767.94629,
21,3,21-3,f0,-1.2815516,21-7,21-8,21-8,99.578125,2544.03418,
21,4,21-4,f0,-0.385320455,21-9,21-10,21-10,50.9459534,3117.55518,
21,5,21-5,f0,0.227544978,21-11,21-12,21-12,120.953064,4677.47559,
21,6,21-6,f0,1.22652817,21-13,21-14,21-14,172.625244,3090.47119,
21,7,21-7,f0,-1.47579098,21-15,21-16,21-16,8.58349609,1187.89417,
21,8,21-8,f2,-0.100000001,21-17,21-18,21-18,8.44207764,1356.14001,
21,9,21-9,f0,-0.612812996,21-19,21-20,21-20,11.4606628,1484.6842,
21,10,21-10,f0,-0.279319048,21-21,21-22,21-22,5.26101685,1632.87097,
21,11,21-11,f0,0.0501535833,21-23,21-24,21-24,10.7271633,2656.21069,
21,12,21-12,f0,0.439913154,21-25,21-26,21-26,18.9559326,2021.26465,
21,13,21-13,f0,0.877896309,21-27,21-28,21-28,14.6932373,1694.33203,
21,14,21-14,f0,1.75068605,21-29,21-30,21-30,15.2728271,1396.13904,
21,15,21-15,Leaf,,,,,-0.0392819829,873.450073,
21,16,21-16,Leaf,,,,,-0.0330024064,314.444092,
21,17,21-17,Leaf,,,,,0.00690651033,6.73510742,
21,18,21-18,Leaf,,,,,-0.0258599445,1349.40491,
21,19,21-19,Leaf,,,,,-0.018198261,448.543427,
21,20,21-20,Leaf,,,,,-0.0124078002,1036.14075,
21,21,21-21,Leaf,,,,,-0.00865419302,623.303101,
21,22,21-22,Leaf,,,,,-0.00513587147,1009.56787,
21,23,21-23,Leaf,,,,,-0.000807293865,1373.47644,
21,24,21-24,Leaf,,,,,0.00300666736,1282.73438,
21,25,21-25,Leaf,,,,,0.00847107451,1247.11938,
21,26,21-26,Leaf,,,,,0.0144644575,774.145264,
21,27,21-27,Leaf,,,,,0.0186120737,882.406189,
21,28,21-28,Leaf,,,,,0.0242964495,811.925842,
21,29,21-29,Leaf,,,,,0.0325634517,751.023865,
21,30,21-30,Leaf,,,,,0.0391362831,645.115173,
22,0,22-0,f0,0.0,22-1,22-2,22-2,3995.58374,13352.4463,
22,1,22-1,f0,-0.738846838,22-3,22-4,22-4,898.896362,6563.46973,
22,2,22-2,f0,0.84162122,22-5,22-6,22-6,810.250244,6788.97705,
22,3,22-3,f0,-1.40507162,22-7,22-8,22-8,95.1784668,2507.98608,
22,4,22-4,f0,-0.279319048,22-9,22-10,22-10,83.7938232,4055.48389,
22,5,22-5,f0,0.358458787,22-11,22-12,22-12,113.816803,4463.45166,
22,6,22-6,f0,1.47579098,22-13,22-14,22-14,81.7419434,2325.5249,
22,7,22-7,f1,12.4666662,22-15,22-16,22-16,7.73303223,960.22998,
22,8,22-8,f0,-1.03643334,22-17,22-18,22-18,15.4890137,1547.75598,
22,9,22-9,f0,-0.582841516,22-19,22-20,22-20,14.9933472,2085.22534,
22,10,22-10,f1,6.16666651,22-21,22-22,22-22,9.07808304,1970.25867,
22,11,22-11,f0,0.125661343,22-23,22-24,22-24,16.504734,2514.52686,
22,12,22-12,f0,0.612812996,22-25,22-26,22-26,13.5422974,1948.92505,
22,13,22-13,f0,1.08031929,22-27,22-28,22-28,15.7266846,1363.20251,
22,14,22-14,f1,12.1499996,22-29,22-30,22-30,4.84448242,962.322388,
22,15,22-15,Leaf,,,,,-0.0384202898,955.194336,
22,16,22-16,Leaf,,,,,-0.000953909184,5.03563786,
22,17,22-17,Leaf,,,,,-0.0294834785,704.730164,
22,18,22-18,Leaf,,,,,-0.0233153421,843.025879,
22,19,22-19,Leaf,,,,,-0.0163812023,550.869812,
22,20,22-20,Leaf,,,,,-0.0105844662,1534.35547,
22,21,22-21,Leaf,,,,,-0.00808573049,323.009064,
22,22,22-22,Leaf,,,,,-0.00258862483,1647.24951,
22,23,22-23,Leaf,,,,,0.00145234657,997.090576,
22,24,22-24,Leaf,,,,,0.00642207498,1517.43628,
22,25,22-25,Leaf,,,,,0.0121047925,1195.38562,
22,26,22-26,Leaf,,,,,0.0172788259,753.539368,
22,27,22-27,Leaf,,,,,0.0222402662,643.063416,
22,28,22-28,Leaf,,,,,0.0288395248,720.13916,
22,29,22-29,Leaf,,,,,0.0374365114,953.828125,
22,30,22-30,Leaf,,,,,0.0127163529,8.49422359,
23,0,23-0,f0,0.125661343,23-1,23-2,23-2,3706.16553,13280.0479,
23,1,23-1,f0,-0.674489737,23-3,23-4,23-4,1084.48291,7526.32129,
23,2,23-2,f0,0.9153651,23-5,23-6,23-6,588.246582,5753.72656,
23,3,23-3,f0,-1.2815516,23-7,23-8,23-8,115.678467,2705.88257,
23,4,23-4,f0,-0.279319048,23-9,23-10,23-10,102.020935,4820.43848,
23,5,23-5,f0,0.439913154,23-11,23-12,23-12,76.2148438,3691.34912,
23,6,23-6,f0,1.47579098,23-13,23-14,23-14,63.0556641,2062.37744,
23,7,23-7,f1,8.73333359,23-15,23-16,23-16,13.4285889,1148.41492,
23,8,23-8,f0,-0.772193193,23-17,23-18,23-18,12.3851318,1557.46765,
23,9,23-9,f0,-0.582841516,23-19,23-20,23-20,9.19395447,1866.41589,
23,10,23-10,f0,-0.0501535833,23-21,23-22,23-22,14.4635563,2954.02271,
23,11,23-11,f0,0.227544978,23-23,23-24,23-24,9.69804382,1947.90527,
23,12,23-12,f0,0.612812996,23-25,23-26,23-26,7.70446777,1743.44385,
23,13,23-13,f2,0.0900000036,23-27,23-28,23-28,9.03186035,1122.01672,
23,14,23-14,f1,11.6166668,23-29,23-30,23-30,3.52062988,940.360657,
23,15,23-15,Leaf,,,,,-0.0371831767,1061.94531,
23,16,23-16,Leaf,,,,,-0.0243078563,86.4696426,
23,17,23-17,Leaf,,,,,-0.0250200108,1237.34729,
23,18,23-18,Leaf,,,,,-0.0182448197,320.120331,
23,19,23-19,Leaf,,,,,-0.0152235907,341.411072,
23,20,23-20,Leaf,,,,,-0.0097462358,1525.00488,
23,21,23-21,Leaf,,,,,-0.00376134645,1573.99841,
23,22,23-22,Leaf,,,,,0.000445200858,1380.02429,
23,23,23-23,Leaf,,,,,0.00407679752,697.370544,
23,24,23-24,Leaf,,,,,0.00850159209,1250.53467,
23,25,23-25,Leaf,,,,,0.0132669387,768.134033,
23,26,23-26,Leaf,,,,,0.0173510723,975.309875,
23,27,23-27,Leaf,,,,,0.0263527799,1115.9696,
23,28,23-28,Leaf,,,,,-0.00912026688,6.04714012,
23,29,23-29,Leaf,,,,,0.0369689092,930.316833,
23,30,23-30,Leaf,,,,,0.0166206565,10.0437994,
24,0,24-0,f0,0.0,24-1,24-2,24-2,3556.37476,13229.9756,
24,1,24-1,f0,-0.706302583,24-3,24-4,24-4,837.498535,6504.55078,
24,2,24-2,f0,0.80642122,24-5,24-6,24-6,748.661011,6725.4248,
24,3,24-3,f0,-1.2815516,24-7,24-8,24-8,103.05957,2568.01514,
24,4,24-4,f0,-0.305480778,24-9,24-10,24-10,73.9217834,3936.5354,
24,5,24-5,f0,0.385320455,24-11,24-12,24-12,97.5708618,4358.78027,
24,6,24-6,f0,1.2815516,24-13,24-14,24-14,91.1958008,2366.64502,
24,7,24-7,f1,8.46666622,24-15,24-16,24-16,11.9399414,1129.51404,
24,8,24-8,f0,-1.08031929,24-17,24-18,24-18,10.0921021,1438.5011,
24,9,24-9,f1,1.60000002,24-19,24-20,24-20,12.4443665,1805.92261,
24,10,24-10,f0,-0.150969222,24-21,24-22,24-22,6.10390472,2130.61304,
24,11,24-11,f0,0.125661343,24-23,24-24,24-24,17.5002098,2645.39771,
24,12,24-12,f0,0.495850354,24-25,24-26,24-26,11.9027405,1713.38232,
24,13,24-13,f1,9.26666641,24-27,24-28,24-28,7.793396,1121.32861,
24,14,24-14,f0,1.75068605,24-29,24-30,24-30,10.7380371,1245.31628,
24,15,24-15,Leaf,,,,,-0.0367301852,1036.17419,
24,16,24-16,Leaf,,,,,-0.0249379091,93.3398819,
24,17,24-17,Leaf,,,,,-0.0277472641,403.151672,
24,18,24-18,Leaf,,,,,-0.0219891574,1035.34949,
24,19,24-19,Leaf,,,,,-0.0261801518,49.5224152,
24,20,24-20,Leaf,,,,,-0.0109910164,1756.40015,
24,21,24-21,Leaf,,,,,-0.00484938966,1017.52081,
24,22,24-22,Leaf,,,,,-0.00163326866,1113.09204,
24,23,24-23,Leaf,,,,,0.00133063027,1000.5556,
24,24,24-24,Leaf,,,,,0.00636326056,1644.84216,
24,25,24-25,Leaf,,,,,0.00994559377,543.145935,
24,26,24-26,Leaf,,,,,0.0153617226,1170.23633,
24,27,24-27,Leaf,,,,,0.024349492,817.1026,
24,28,24-28,Leaf,,,,,0.0185282249,304.226044,
24,29,24-29,Leaf,,,,,0.0316988118,631.192078,
24,30,24-30,Leaf,,,,,0.0376016423,614.124268,
25,0,25-0,f0,0.0,25-1,25-2,25-2,3394.16455,13143.7139,
25,1,25-1,f0,-0.738846838,25-3,25-4,25-4,807.966064,6465.72754,
25,2,25-2,f0,0.877896309,25-5,25-6,25-6,707.960815,6677.98584,
25,3,25-3,f0,-1.40507162,25-7,25-8,25-8,86.0661621,2430.34009,
25,4,25-4,f0,-0.305480778,25-9,25-10,25-10,73.1812439,4035.3877,
25,5,25-5,f0,0.385320455,25-11,25-12,25-12,118.412048,4561.70508,
25,6,25-6,f0,1.47579098,25-13,25-14,25-14,74.3826904,2116.28101,
25,7,25-7,f1,9.83333302,25-15,25-16,25-16,5.14770508,914.117249,
25,8,25-8,f0,-1.08031929,25-17,25-18,25-18,10.7470703,1516.22278,
25,9,25-9,f1,4.9000001,25-19,25-20,25-20,17.3032837,1898.18201,
25,10,25-10,f0,-0.176374167,25-21,25-22,25-22,8.56046104,2137.20581,
25,11,25-11,f0,0.125661343,25-23,25-24,25-24,16.6682205,2638.80518,
25,12,25-12,f0,0.643345416,25-25,25-26,25-26,9.881073,1922.89978,
25,13,25-13,f0,1.08031929,25-27,25-28,25-28,10.8331909,1199.28528,
25,14,25-14,f0,1.88079357,25-29,25-30,25-30,5.72558594,916.995667,
25,15,25-15,Leaf,,,,,-0.0369378328,887.014465,
25,16,25-16,Leaf,,,,,-0.0221393872,27.1027966,
25,17,25-17,Leaf,,,,,-0.0280151889,598.879395,
25,18,25-18,Leaf,,,,,-0.0226905551,917.343323,
25,19,25-19,Leaf,,,,,-0.0177676249,339.475922,
25,20,25-20,Leaf,,,,,-0.010270549,1558.70605,
25,21,25-21,Leaf,,,,,-0.00585111883,853.774414,
25,22,25-22,Leaf,,,,,-0.0019735056,1283.43127,
25,23,25-23,Leaf,,,,,0.00109215989,1002.77881,
25,24,25-24,Leaf,,,,,0.0060050264,1636.02649,
25,25,25-25,Leaf,,,,,0.0121811097,1171.81409,
25,26,25-26,Leaf,,,,,0.0166342109,751.085693,
25,27,25-27,Leaf,,,,,0.0208354741,504.121674,
25,28,25-28,Leaf,,,,,0.026778765,695.163635,
25,29,25-29,Leaf,,,,,0.0328364447,425.565735,
25,30,25-30,Leaf,,,,,0.0381392688,491.429962,
26,0,26-0,f0,0.0501535833,26-1,26-2,26-2,3132.5415,13045.9814,
26,1,26-1,f0,-0.674489737,26-3,26-4,26-4,863.375488,6846.7998,
26,2,26-2,f0,0.80642122,26-5,26-6,26-6,621.016479,6199.18213,
26,3,26-3,f0,-1.2815516,26-7,26-8,26-8,109.218262,2604.00342,
26,4,26-4,f0,-0.305480778,26-9,26-10,26-10,73.2149963,4242.79639,
26,5,26-5,f0,0.439913154,26-11,26-12,26-12,71.1705322,3913.79639,
26,6,26-6,f0,1.2815516,26-13,26-14,26-14,91.8183594,2285.38574,
26,7,26-7,f0,-1.47579098,26-15,26-16,26-16,10.9257812,1088.1062,
26,8,26-8,f0,-0.994457901,26-17,26-18,26-18,15.1235352,1515.89734,
26,9,26-9,f1,4.9000001,26-19,26-20,26-20,12.4589386,1689.53711,
26,10,26-10,f0,-0.125661343,26-21,26-22,26-22,7.74630642,2553.25903,
26,11,26-11,f0,0.227544978,26-23,26-24,26-24,14.789093,2516.58252,
26,12,26-12,f0,0.495850354,26-25,26-26,26-26,4.77267456,1397.21387,
26,13,26-13,f1,9.26666641,26-27,26-28,26-28,10.1206665,1087.82251,
26,14,26-14,f0,1.75068605,26-29,26-30,26-30,11.1463623,1197.56335,
26,15,26-15,Leaf,,,,,-0.0366650671,795.980347,
26,16,26-16,Leaf,,,,,-0.0294874124,292.125885,
26,17,26-17,Leaf,,,,,-0.0260634888,591.256287,
26,18,26-18,Leaf,,,,,-0.019813817,924.640991,
26,19,26-19,Leaf,,,,,-0.0161335971,284.70813,
26,20,26-20,Leaf,,,,,-0.00922867656,1404.82898,
26,21,26-21,Leaf,,,,,-0.00413484732,1178.32104,
26,22,26-22,Leaf,,,,,-0.000820160552,1374.93799,
26,23,26-23,Leaf,,,,,0.00298052072,1276.31335,
26,24,26-24,Leaf,,,,,0.00758348545,1240.26904,
26,25,26-25,Leaf,,,,,0.00983803533,247.791519,
26,26,26-26,Leaf,,,,,0.0145194242,1149.42236,
26,27,26-27,Leaf,,,,,0.0234102271,788.762817,
26,28,26-28,Leaf,,,,,0.016774429,299.059723,
26,29,26-29,Leaf,,,,,0.0306687746,609.298279,
26,30,26-30,Leaf,,,,,0.0367716439,588.265015,
27,0,27-0,f2,0.0,27-1,27-2,27-2,9.58536911,12992.9541,
27,1,27-1,f5,0.49000001,27-3,27-4,27-4,46.0469704,3342.28687,
27,2,27-2,f2,0.230000004,27-5,27-6,27-6,9.06293488,9650.66699,
27,3,27-3,f2,-0.270000011,27-7,27-8,27-8,9.95273495,3310.54419,
27,4,27-4,Leaf,,,,,-0.0367868654,31.7426338,
27,5,27-5,f1,1.86666667,27-9,27-10,27-10,6.46298122,9639.99512,
27,6,27-6,f5,0.150000006,27-11,27-12,27-12,1.18956375,10.6721067,
27,7,27-7,Leaf,,,,,0.0330375433,6.69930983,
27,8,27-8,f2,-0.200000003,27-13,27-14,27-14,7.74592447,3303.84497,
27,9,27-9,f5,0.25,27-15,27-16,27-16,11.3603277,716.233154,
27,10,27-10,f2,0.0599999987,27-17,27-18,27-18,7.56220579,8923.76172,
27,11,27-11,Leaf,,,,,-0.0121217901,5.21567392,
27,12,27-12,Leaf,,,,,-0.0352252945,5.45643282,
27,13,27-13,Leaf,,,,,-0.033671882,5.56420231,
27,14,27-14,Leaf,,,,,-0.00104789448,3298.28076,
27,15,27-15,Leaf,,,,,-0.0100241564,135.27565,
27,16,27-16,Leaf,,,,,-0.000399173354,580.95752,
27,17,27-17,Leaf,,,,,0.000814834551,8844.20215,
27,18,27-18,Leaf,,,,,-0.00841880403,79.5595398,
28,0,28-0,f0,-0.0250689089,28-1,28-2,28-2,2952.41553,12954.7461,
28,1,28-1,f0,-0.772193193,28-3,28-4,28-4,707.861084,6189.41162,
28,2,28-2,f0,0.80642122,28-5,28-6,28-6,706.025513,6765.33447,
28,3,28-3,f0,-1.2815516,28-7,28-8,28-8,90.1224365,2256.80029,
28,4,28-4,f0,-0.385320455,28-9,28-10,28-10,70.7532349,3932.61133,
28,5,28-5,f0,0.305480778,28-11,28-12,28-12,94.1528778,4500.45215,
28,6,28-6,f0,1.47579098,28-13,28-14,28-14,86.5958252,2264.88232,
28,7,28-7,f1,8.78333378,28-15,28-16,28-16,11.9492188,1066.66626,
28,8,28-8,f2,-0.0399999991,28-17,28-18,28-18,8.74298096,1190.13391,
28,9,28-9,f0,-0.612812996,28-19,28-20,28-20,16.6410522,1553.33289,
28,10,28-10,f1,14.3999996,28-21,28-22,28-22,6.76766968,2379.27832,
28,11,28-11,f0,0.125661343,28-23,28-24,28-24,10.463419,2378.18579,
28,12,28-12,f0,0.467698812,28-25,28-26,28-26,14.9785767,2122.26636,
28,13,28-13,f0,1.08031929,28-27,28-28,28-28,15.6710205,1383.2832,
28,14,28-14,f1,12.1499996,28-29,28-30,28-30,4.55700684,881.59906,
28,15,28-15,Leaf,,,,,-0.0355324559,987.684448,
28,16,28-16,Leaf,,,,,-0.0228236374,78.9818649,
28,17,28-17,Leaf,,,,,-0.00223256228,18.9857769,
28,18,28-18,Leaf,,,,,-0.0228792895,1171.14807,
28,19,28-19,Leaf,,,,,-0.0164917838,529.67395,
28,20,28-20,Leaf,,,,,-0.00991438795,1023.65894,
28,21,28-21,Leaf,,,,,-0.00443419535,2167.18408,
28,22,28-22,Leaf,,,,,0.00117580418,212.094208,
28,23,28-23,Leaf,,,,,0.000813041115,1183.20056,
28,24,28-24,Leaf,,,,,0.0047929245,1194.98523,
28,25,28-25,Leaf,,,,,0.00841306709,852.62915,
28,26,28-26,Leaf,,,,,0.0135764824,1269.63708,
28,27,28-27,Leaf,,,,,0.0195401181,706.967407,
28,28,28-28,Leaf,,,,,0.0260391068,676.315735,
28,29,28-29,Leaf,,,,,0.0350323804,873.176758,
28,30,28-30,Leaf,,,,,0.0111605087,8.42229939,
29,0,29-0,f0,0.0501535833,29-1,29-2,29-2,2872.99902,12935.0273,
29,1,29-1,f0,-0.738846838,29-3,29-4,29-4,792.759644,6774.87793,
29,2,29-2,f0,0.877896309,29-5,29-6,29-6,576.146851,6160.14941,
29,3,29-3,f0,-1.47579098,29-7,29-8,29-8,86.3961182,2322.198,
29,4,29-4,f0,-0.279319048,29-9,29-10,29-10,83.0619812,4452.68018,
29,5,29-5,f0,0.439913154,29-11,29-12,29-12,79.0120239,4128.78174,
29,6,29-6,f0,1.47579098,29-13,29-14,29-14,68.4396973,2031.36768,
29,7,29-7,f1,9.83333302,29-15,29-16,29-16,5.4630127,760.72699,
29,8,29-8,f0,-1.08031929,29-17,29-18,29-18,17.572876,1561.47095,
29,9,29-9,f0,-0.582841516,29-19,29-20,29-20,17.1789856,2065.78345,
29,10,29-10,f1,6.16666651,29-21,29-22,29-22,13.092432,2386.89673,
29,11,29-11,f0,0.227544978,29-23,29-24,29-24,13.881958,2515.04761,
29,12,29-12,f0,0.643345416,29-25,29-26,29-26,6.5350647,1613.73425,
29,13,29-13,f0,1.22652817,29-27,29-28,29-28,10.5881348,1161.30322,
29,14,29-14,f0,1.88079357,29-29,29-30,29-30,5.6295166,870.064392,
29,15,29-15,Leaf,,,,,-0.0363411605,740.550598,
29,16,29-16,Leaf,,,,,-0.0189817715,20.1763668,
29,17,29-17,Leaf,,,,,-0.0272240788,673.316284,
29,18,29-18,Leaf,,,,,-0.0206908006,888.154663,
29,19,29-19,Leaf,,,,,-0.0149410721,547.005615,
29,20,29-20,Leaf,,,,,-0.00872384943,1518.77783,
29,21,29-21,Leaf,,,,,-0.00722110411,384.775604,
29,22,29-22,Leaf,,,,,-0.00118446734,2002.12109,
29,23,29-23,Leaf,,,,,0.00295207417,1275.29773,
29,24,29-24,Leaf,,,,,0.00741310325,1239.75,
29,25,29-25,Leaf,,,,,0.011866264,872.791992,
29,26,29-26,Leaf,,,,,0.0157551132,740.942261,
29,27,29-27,Leaf,,,,,0.02105207,765.701965,
29,28,29-28,Leaf,,,,,0.0272578467,395.601288,
29,29,29-29,Leaf,,,,,0.0314450078,400.712006,
29,30,29-30,Leaf,,,,,0.0368147194,469.352386,
30,0,30-0,f0,-0.100433722,30-1,30-2,30-2,2732.42651,12857.0938,
30,1,30-1,f0,-0.772193193,30-3,30-4,30-4,568.653809,5562.41602,
30,2,30-2,f0,0.80642122,30-5,30-6,30-6,725.049805,7294.67773,
30,3,30-3,f0,-1.40507162,30-7,30-8,30-8,85.213623,2206.76123,
30,4,30-4,f0,-0.524400532,30-9,30-10,30-10,46.6554718,3355.65503,
30,5,30-5,f0,0.305480778,30-11,30-12,30-12,131.273102,5077.91211,
30,6,30-6,f0,1.2815516,30-13,30-14,30-14,86.7371826,2216.76562,
30,7,30-7,f1,9.83333302,30-15,30-16,30-16,7.04980469,848.491089,
30,8,30-8,f0,-1.08031929,30-17,30-18,30-18,10.5901489,1358.27002,
30,9,30-9,f1,4.9000001,30-19,30-20,30-20,11.7580872,870.136108,
30,10,30-10,f0,-0.279319048,30-21,30-22,30-22,7.03408051,2485.5188,
30,11,30-11,f0,0.150969222,30-23,30-24,30-24,12.2657146,2956.53589,
30,12,30-12,f1,12.3166666,30-25,30-26,30-26,11.677948,2121.37622,
30,13,30-13,f1,9.26666641,30-27,30-28,30-28,11.2122803,1071.97217,
30,14,30-14,f0,1.88079357,30-29,30-30,30-30,13.4986572,1144.79346,
30,15,30-15,Leaf,,,,,-0.0355171859,823.750061,
30,16,30-16,Leaf,,,,,-0.0181021802,24.741045,
30,17,30-17,Leaf,,,,,-0.0260245763,572.973511,
30,18,30-18,Leaf,,,,,-0.0205199476,785.296509,
30,19,30-19,Leaf,,,,,-0.0206347834,185.98056,
30,20,30-20,Leaf,,,,,-0.0120698111,684.155579,
30,21,30-21,Leaf,,,,,-0.00738840643,1287.94946,
30,22,30-22,Leaf,,,,,-0.00418709219,1197.56934,
30,23,30-23,Leaf,,,,,0.00047260389,1964.97742,
30,24,30-24,Leaf,,,,,0.00456432253,991.558594,
30,25,30-25,Leaf,,,,,0.0127946492,1664.21423,
30,26,30-26,Leaf,,,,,0.00735154143,457.161896,
30,27,30-27,Leaf,,,,,0.0222350489,777.323059,
30,28,30-28,Leaf,,,,,0.0152333658,294.64917,
30,29,30-29,Leaf,,,,,0.0294502173,686.670654,
30,30,30-30,Leaf,,,,,0.0363713391,458.122833,
31,0,31-0,f0,-0.176374167,31-1,31-2,31-2,2553.61841,12817.4697,
31,1,31-1,f0,-0.80642122,31-3,31-4,31-4,473.584106,5025.76074,
31,2,31-2,f0,0.80642122,31-5,31-6,31-6,784.246521,7791.70898,
31,3,31-3,f0,-1.47579098,31-7,31-8,31-8,72.3538818,2081.59741,
31,4,31-4,f0,-0.553384721,31-9,31-10,31-10,40.3511658,2944.16309,
31,5,31-5,f0,0.305480778,31-11,31-12,31-12,129.493912,5592.89795,
31,6,31-6,f0,1.34075499,31-13,31-14,31-14,88.5446777,2198.81104,
31,7,31-7,f1,9.83333302,31-15,31-16,31-16,6.8359375,741.917053,
31,8,31-8,f2,-0.100000001,31-17,31-18,31-18,13.1849365,1339.68042,
31,9,31-9,f1,2.9666667,31-19,31-20,31-20,7.98048401,853.796021,
31,10,31-10,f0,-0.358458787,31-21,31-22,31-22,7.14901733,2090.36719,
31,11,31-11,f0,0.125661343,31-23,31-24,31-24,16.5832672,3476.98657,
31,12,31-12,f0,0.495850354,31-25,31-26,31-26,10.6927185,2115.91113,
31,13,31-13,f1,9.26666641,31-27,31-28,31-28,10.3084717,1172.98645,
31,14,31-14,f0,1.88079357,31-29,31-30,31-30,8.82666016,1025.82458,
31,15,31-15,Leaf,,,,,-0.0355950631,722.497864,
31,16,31-16,Leaf,,,,,-0.0163128041,19.419199,
31,17,31-17,Leaf,,,,,0.0182354059,6.13717842,
31,18,31-18,Leaf,,,,,-0.023578601,1333.54321,
31,19,31-19,Leaf,,,,,-0.0234941076,79.1365356,
31,20,31-20,Leaf,,,,,-0.0134081487,774.659485,
31,21,31-21,Leaf,,,,,-0.00856838468,939.734802,
31,22,31-22,Leaf,,,,,-0.00503127789,1150.63232,
31,23,31-23,Leaf,,,,,-0.000240515408,2270.23608,
31,24,31-24,Leaf,,,,,0.00411045738,1206.75061,
31,25,31-25,Leaf,,,,,0.0083690146,980.152832,
31,26,31-26,Leaf,,,,,0.0126690883,1135.75842,
31,27,31-27,Leaf,,,,,0.0220307913,860.00885,
31,28,31-28,Leaf,,,,,0.0155411065,312.9776,
31,29,31-29,Leaf,,,,,0.0297850352,576.911133,
31,30,31-30,Leaf,,,,,0.0357478634,448.913452,
32,0,32-0,f2,-0.270000011,32-1,32-2,32-2,10.7885771,12679.8271,
32,1,32-1,Leaf,,,,,0.0373021699,5.97600794,
32,2,32-2,f3,0.230000004,32-3,32-4,32-4,16.4262943,12673.8516,
32,3,32-3,f2,0.0,32-5,32-6,32-6,9.99729156,12659.3818,
32,4,32-4,f5,0.25,32-7,32-8,32-8,2.25410461,14.4699678,
32,5,32-5,f5,0.49000001,32-9,32-10,32-10,36.2830734,3248.1665,
32,6,32-6,f1,9.88333321,32-11,32-12,32-12,6.99886322,9411.21484,
32,7,32-7,Leaf,,,,,-0.0173146222,8.28931046,
32,8,32-8,Leaf,,,,,-0.0441940315,6.18065739,
32,9,32-9,Leaf,,,,,-0.0011059742,3219.05591,
32,10,32-10,Leaf,,,,,-0.0341922902,29.110527,
32,11,32-11,Leaf,,,,,0.00119234168,5597.45264,
32,12,32-12,Leaf,,,,,-0.00047392855,3813.76221,
33,0,33-0,f2,-0.270000011,33-1,33-2,33-2,8.65185452,12731.2158,
33,1,33-1,Leaf,,,,,0.0317941606,6.72247505,
33,2,33-2,f3,0.219999999,33-3,33-4,33-4,15.9413185,12724.4932,
33,3,33-3,f2,0.0,33-5,33-6,33-6,6.55656242,12707.6553,
33,4,33-4,f5,0.25,33-7,33-8,33-8,1.74877453,16.8383808,
33,5,33-5,f5,0.49000001,33-9,33-10,33-10,38.7486305,3270.64136,
33,6,33-6,f1,14.7333336,33-11,33-12,33-12,5.22232819,9437.01367,
33,7,33-7,f2,0.270000011,33-13,33-14,33-14,1.43370199,10.2414656,
33,8,33-8,Leaf,,,,,-0.0403432921,6.59691429,
33,9,33-9,Leaf,,,,,-0.000771919149,3241.50708,
33,10,33-10,Leaf,,,,,-0.0349489897,29.1343212,
33,11,33-11,Leaf,,,,,0.00039064369,9315.74023,
33,12,33-12,Leaf,,,,,0.00663128169,121.273369,
33,13,33-13,Leaf,,,,,-0.0276326519,5.08449268,
33,14,33-14,Leaf,,,,,-0.00493430113,5.15697241,
34,0,34-0,f0,0.125661343,34-1,34-2,34-2,2450.82129,12720.6377,
34,1,34-1,f0,-0.706302583,34-3,34-4,34-4,790.338989,7249.47021,
34,2,34-2,f0,0.9153651,34-5,34-6,34-6,463.954346,5471.16748,
34,3,34-3,f0,-1.2815516,34-7,34-8,34-8,96.1563721,2346.67578,
34,4,34-4,f0,-0.279319048,34-9,34-10,34-10,79.256424,4902.79443,
34,5,34-5,f0,0.467698812,34-11,34-12,34-12,57.381012,3620.45972,
34,6,34-6,f0,1.47579098,34-13,34-14,34-14,56.9155273,1850.70789,
34,7,34-7,f0,-1.55477357,34-15,34-16,34-16,10.7623291,990.230225,
34,8,34-8,f2,-0.0399999991,34-17,34-18,34-18,6.33233643,1356.44556,
34,9,34-9,f0,-0.582841516,34-19,34-20,34-20,11.4637146,1943.83508,
34,10,34-10,f2,0.00999999978,34-21,34-22,34-22,12.1592245,2958.95923,
34,11,34-11,f0,0.253347099,34-23,34-24,34-24,7.26190186,2053.01123,
34,12,34-12,f0,0.738846838,34-25,34-26,34-26,6.59909058,1567.44849,
34,13,34-13,f0,1.08031929,34-27,34-28,34-28,6.32647705,1027.61548,
34,14,34-14,f1,12.1499996,34-29,34-30,34-30,4.7532959,823.092346,
34,15,34-15,Leaf,,,,,-0.0353937447,620.291626,
34,16,34-16,Leaf,,,,,-0.0285854582,369.938568,
34,17,34-17,Leaf,,,,,-0.0043353918,21.9470501,
34,18,34-18,Leaf,,,,,-0.020807147,1334.49854,
34,19,34-19,Leaf,,,,,-0.013585154,436.669006,
34,20,34-20,Leaf,,,,,-0.00804718677,1507.16614,
34,21,34-21,Leaf,,,,,-0.00265841093,2171.43433,
34,22,34-22,Leaf,,,,,0.00169123639,787.52478,
34,23,34-23,Leaf,,,,,0.00346975517,853.007935,
34,24,34-24,Leaf,,,,,0.00709707988,1200.0033,
34,25,34-25,Leaf,,,,,0.0118514858,1063.88879,
34,26,34-26,Leaf,,,,,0.016077403,503.559631,
34,27,34-27,Leaf,,,,,0.0193924978,381.533691,
34,28,34-28,Leaf,,,,,0.0244726185,646.081787,
34,29,34-29,Leaf,,,,,0.0334934331,815.0672,
34,30,34-30,Leaf,,,,,0.00893597025,8.02513313,
35,0,35-0,f0,-0.176374167,35-1,35-2,35-2,2278.01929,12675.9102,
35,1,35-1,f0,-0.772193193,35-3,35-4,35-4,452.741577,4955.00342,
35,2,35-2,f0,0.738846838,35-5,35-6,35-6,734.24292,7720.90674,
35,3,35-3,f0,-1.47579098,35-7,35-8,35-8,80.6744385,2121.12085,
35,4,35-4,f0,-0.582841516,35-9,35-10,35-10,22.5802155,2833.88257,
35,5,35-5,f0,0.201893479,35-11,35-12,35-12,105.562325,5381.74805,
35,6,35-6,f0,1.22652817,35-13,35-14,35-14,103.172607,2339.15894,
35,7,35-7,f1,9.83333302,35-15,35-16,35-16,5.59466553,712.587402,
35,8,35-8,f0,-1.08031929,35-17,35-18,35-18,13.6136475,1408.53345,
35,9,35-9,f1,2.9666667,35-19,35-20,35-20,6.95184326,631.348816,
35,10,35-10,f1,1.60000002,35-21,35-22,35-22,12.061821,2202.53394,
35,11,35-11,f0,0.0,35-23,35-24,35-24,4.48613453,2826.82495,
35,12,35-12,f0,0.467698812,35-25,35-26,35-26,16.8065186,2554.92285,
35,13,35-13,f1,9.26666641,35-27,35-28,35-28,12.2373352,1157.52905,
35,14,35-14,f0,1.75068605,35-29,35-30,35-30,17.1257324,1181.63,
35,15,35-15,Leaf,,,,,-0.03506428,693.10022,
35,16,35-16,Leaf,,,,,-0.0173690002,19.4871731,
35,17,35-17,Leaf,,,,,-0.0254272763,643.579773,
35,18,35-18,Leaf,,,,,-0.0193934422,764.953674,
35,19,35-19,Leaf,,,,,-0.0228422768,59.1856232,
35,20,35-20,Leaf,,,,,-0.0119801546,572.163208,
35,21,35-21,Leaf,,,,,-0.0208211858,51.5227089,
35,22,35-22,Leaf,,,,,-0.00624119211,2151.01123,
35,23,35-23,Leaf,,,,,-0.00121450948,1294.96326,
35,24,35-24,Leaf,,,,,0.00118329073,1531.86169,
35,25,35-25,Leaf,,,,,0.00645396486,1502.55811,
35,26,35-26,Leaf,,,,,0.0114073651,1052.36487,
35,27,35-27,Leaf,,,,,0.0198559612,808.60675,
35,28,35-28,Leaf,,,,,0.0130459592,348.922272,
35,29,35-29,Leaf,,,,,0.0270701796,650.789856,
35,30,35-30,Leaf,,,,,0.0345395617,530.840088,
36,0,36-0,f0,-0.176374167,36-1,36-2,36-2,2196.94946,12599.7402,
36,1,36-1,f0,-0.95416528,36-3,36-4,36-4,403.416504,4919.94629,
36,2,36-2,f0,0.84162122,36-5,36-6,36-6,719.247559,7679.79395,
36,3,36-3,f0,-1.40507162,36-7,36-8,36-8,49.5955811,1605.20068,
36,4,36-4,f0,-0.612812996,36-9,36-10,36-10,59.2228394,3314.74536,
36,5,36-5,f0,0.279319048,36-11,36-12,36-12,115.844627,5664.63428,
36,6,36-6,f0,1.47579098,36-13,36-14,36-14,75.9715576,2015.1593,
36,7,36-7,f1,12.1999998,36-15,36-16,36-16,6.9052124,783.458862,
36,8,36-8,f2,-0.0399999991,36-17,36-18,36-18,5.1048584,821.74176,
36,9,36-9,f1,2.5666666,36-19,36-20,36-20,10.0764771,1001.79401,
36,10,36-10,f1,1.60000002,36-21,36-22,36-22,8.52038574,2312.95142,
36,11,36-11,f0,0.0501535833,36-23,36-24,36-24,14.1537943,3318.00293,
36,12,36-12,f0,0.467698812,36-25,36-26,36-26,14.657486,2346.63159,
36,13,36-13,f0,1.08031929,36-27,36-28,36-28,12.4443359,1218.69458,
36,14,36-14,f0,1.88079357,36-29,36-30,36-30,5.71697998,796.464661,
36,15,36-15,Leaf,,,,,-0.0338028818,778.382874,
36,16,36-16,Leaf,,,,,0.0010903572,5.07598305,
36,17,36-17,Leaf,,,,,-0.00311540579,11.8605309,
36,18,36-18,Leaf,,,,,-0.0232258141,809.881226,
36,19,36-19,Leaf,,,,,-0.0258907359,84.450592,
36,20,36-20,Leaf,,,,,-0.0149709312,917.343445,
36,21,36-21,Leaf,,,,,-0.0187980849,54.7846336,
36,22,36-22,Leaf,,,,,-0.00688992161,2258.16675,
36,23,36-23,Leaf,,,,,-0.00114064792,1690.33899,
36,24,36-24,Leaf,,,,,0.00277772988,1627.66406,
36,25,36-25,Leaf,,,,,0.00674231071,1006.39368,
36,26,36-26,Leaf,,,,,0.0115471948,1340.23779,
36,27,36-27,Leaf,,,,,0.0172937568,586.39209,
36,28,36-28,Leaf,,,,,0.0234688651,632.302551,
36,29,36-29,Leaf,,,,,0.0294192377,366.451843,
36,30,36-30,Leaf,,,,,0.0350094959,430.012817,
37,0,37-0,f2,0.0599999987,37-1,37-2,37-2,7.48252249,12540.124,
37,1,37-1,f2,0.00999999978,37-3,37-4,37-4,7.3293705,12422.4023,
37,2,37-2,f5,0.439999998,37-5,37-6,37-6,11.9670544,117.721886,
37,3,37-3,f2,-0.280000001,37-7,37-8,37-8,7.26014996,9311.79688,
37,4,37-4,f5,0.49000001,37-9,37-10,37-10,32.359127,3110.60547,
37,5,37-5,f1,14.3166666,37-11,37-12,37-12,4.64321423,111.088409,
37,6,37-6,Leaf,,,,,0.0291241016,6.63347912,
37,7,37-7,Leaf,,,,,0.0302288998,6.0389924,
37,8,37-8,f2,-0.200000003,37-13,37-14,37-14,7.37897921,9305.75781,
37,9,37-9,f1,1.16666663,37-15,37-16,37-16,10.8038597,3083.41772,
37,10,37-10,Leaf,,,,,0.0334525295,27.1875668,
37,11,37-11,f1,11.9333334,37-17,37-18,37-18,4.92139244,97.2490311,
37,12,37-12,f2,0.0799999982,37-19,37-20,37-20,0.979604959,13.8393774,
37,13,37-13,Leaf,,,,,-0.0324766673,5.39033079,
37,14,37-14,Leaf,,,,,-0.000228212099,9300.36719,
37,15,37-15,Leaf,,,,,-0.0102367718,72.0840149,
37,16,37-16,Leaf,,,,,0.0014376418,3011.33374,
37,17,37-17,Leaf,,,,,-0.00867877901,79.3235168,
37,18,37-18,Leaf,,,,,-0.0259598345,17.9255161,
37,19,37-19,Leaf,,,,,0.0136503279,6.59629679,
37,20,37-20,Leaf,,,,,-0.00157695194,7.24308062,
38,0,38-0,f0,-0.279319048,38-1,38-2,38-2,2043.89355,12529.9961,
38,1,38-1,f0,-1.03643334,38-3,38-4,38-4,329.222656,4220.0708,
38,2,38-2,f0,0.9153651,38-5,38-6,38-6,750.138733,8309.92578,
38,3,38-3,f0,-1.47579098,38-7,38-8,38-8,33.9830322,1402.02075,
38,4,38-4,f0,-0.612812996,38-9,38-10,38-10,50.5927429,2818.05005,
38,5,38-5,f0,0.227544978,38-11,38-12,38-12,158.848984,6540.51221,
38,6,38-6,f0,1.47579098,38-13,38-14,38-14,65.6584473,1769.41345,
38,7,38-7,f1,9.83333302,38-15,38-16,38-16,7.25189209,685.247192,
38,8,38-8,f2,-0.0299999993,38-17,38-18,38-18,7.25726318,716.77356,
38,9,38-9,f1,2.5666666,38-19,38-20,38-20,10.0587463,1185.15967,
38,10,38-10,f1,4.9000001,38-21,38-22,38-22,6.24700165,1632.89038,
38,11,38-11,f0,-0.0501535833,38-23,38-24,38-24,12.7782116,3638.12402,
38,12,38-12,f0,0.495850354,38-25,38-26,38-26,23.5586853,2902.38794,
38,13,38-13,f0,1.08031929,38-27,38-28,38-28,8.47329712,1002.07104,
38,14,38-14,f1,12.1499996,38-29,38-30,38-30,5.24658203,767.342468,
38,15,38-15,Leaf,,,,,-0.0341987982,667.060181,
38,16,38-16,Leaf,,,,,-0.0139337815,18.1870327,
38,17,38-17,Leaf,,,,,-0.0037741689,15.6872101,
38,18,38-18,Leaf,,,,,-0.0246702917,701.086365,
38,19,38-19,Leaf,,,,,-0.0249578357,99.9649811,
38,20,38-20,Leaf,,,,,-0.0149231683,1085.1947,
38,21,38-21,Leaf,,,,,-0.011966344,254.432266,
38,22,38-22,Leaf,,,,,-0.00683241384,1378.45801,
38,23,38-23,Leaf,,,,,-0.00226154318,1568.3894,
38,24,38-24,Leaf,,,,,0.0013275746,2069.73462,
38,25,38-25,Leaf,,,,,0.00652960641,1478.59082,
38,26,38-26,Leaf,,,,,0.0119451173,1423.79724,
38,27,38-27,Leaf,,,,,0.0171995852,376.405518,
38,28,38-28,Leaf,,,,,0.0230496135,625.665527,
38,29,38-29,Leaf,,,,,0.032840658,759.771301,
38,30,38-30,Leaf,,,,,0.00672014104,7.57113552,
39,0,39-0,f2,0.230000004,39-1,39-2,39-2,12.623971,12460.1836,
39,1,39-1,f2,-0.300000012,39-3,39-4,39-4,8.45073223,12449.6611,
39,2,39-2,Leaf,,,,,-0.0314095207,10.5228119,
39,3,39-3,Leaf,,,,,0.0333669819,5.82990217,
39,4,39-4,f2,0.0,39-5,39-6,39-6,9.05102062,12443.8311,
39,5,39-5,f5,0.49000001,39-7,39-8,39-8,28.7688255,3198.00879,
39,6,39-6,f2,0.0599999987,39-9,39-10,39-10,5.9081831,9245.82227,
39,7,39-7,Leaf,,,,,-0.00112690032,3172.36011,
39,8,39-8,Leaf,,,,,-0.0324292332,25.6486549,
39,9,39-9,Leaf,,,,,0.000545141113,9140.19824,
39,10,39-10,Leaf,,,,,-0.00655795168,105.624092,
40,0,40-0,f0,-0.0501535833,40-1,40-2,40-2,1975.65491,12488.0215,
40,1,40-1,f0,-0.772193193,40-3,40-4,40-4,505.66687,5738.49365,
40,2,40-2,f0,0.9153651,40-5,40-6,40-6,561.522217,6749.52734,
40,3,40-3,f0,-1.47579098,40-7,40-8,40-8,81.9724121,2033.76709,
40,4,40-4,f0,-0.385320455,40-9,40-10,40-10,39.2110901,3704.72681,
40,5,40-5,f0,0.439913154,40-11,40-12,40-12,90.9601746,4986.79297,
40,6,40-6,f0,1.55477357,40-13,40-14,40-14,55.1602783,1762.7345,
40,7,40-7,f1,9.83333302,40-15,40-16,40-16,6.69256592,669.600403,
40,8,40-8,f0,-0.994457901,40-17,40-18,40-18,11.1149902,1364.16663,
40,9,40-9,f1,3.23333335,40-19,40-20,40-20,16.6565399,1521.22375,
40,10,40-10,f1,0.883333325,40-21,40-22,40-22,5.16068268,2183.50293,
40,11,40-11,f0,0.227544978,40-23,40-24,40-24,16.7992325,3321.729,
40,12,40-12,f1,14.0666666,40-25,40-26,40-26,7.79171753,1665.06396,
40,13,40-13,f0,1.22652817,40-27,40-28,40-28,8.43066406,1088.79761,
40,14,40-14,f1,11.6166668,40-29,40-30,40-30,3.82623291,673.93689,
40,15,40-15,Leaf,,,,,-0.0340915509,650.493896,
40,16,40-16,Leaf,,,,,-0.0149473418,19.106472,
40,17,40-17,Leaf,,,,,-0.0230193157,797.936584,
40,18,40-18,Leaf,,,,,-0.0174114387,566.230103,
40,19,40-19,Leaf,,,,,-0.0195811074,148.177399,
40,20,40-20,Leaf,,,,,-0.00899109989,1373.04639,
40,21,40-21,Leaf,,,,,0.0154863307,11.5080795,
40,22,40-22,Leaf,,,,,-0.00386831583,2171.99487,
40,23,40-23,Leaf,,,,,0.00133936142,2083.77539,
40,24,40-24,Leaf,,,,,0.0057515041,1237.95374,
40,25,40-25,Leaf,,,,,0.0118708257,1631.36511,
40,26,40-26,Leaf,,,,,-0.00263208221,33.6988182,
40,27,40-27,Leaf,,,,,0.0190209653,635.222168,
40,28,40-28,Leaf,,,,,0.024528509,453.57547,
40,29,40-29,Leaf,,,,,0.032534223,668.061768,
40,30,40-30,Leaf,,,,,0.00685736211,5.8751483,
41,0,41-0,f2,0.230000004,41-1,41-2,41-2,10.2185202,12426.8564,
41,1,41-1,f2,-0.270000011,41-3,41-4,41-4,6.19967222,12416.1143,
41,2,41-2,f5,0.189999998,41-5,41-6,41-6,0.85993576,10.7423325,
41,3,41-3,Leaf,,,,,0.0277988911,6.24777746,
41,4,41-4,f2,-0.209999993,41-7,41-8,41-8,6.70614147,12409.8672,
41,5,41-5,Leaf,,,,,-0.0154151041,5.66896009,
41,6,41-6,Leaf,,,,,-0.0370893553,5.07337236,
41,7,41-7,Leaf,,,,,-0.0314027034,5.10007477,
41,8,41-8,f1,1.31666672,41-9,41-10,41-10,4.80628872,12404.7666,
41,9,41-9,Leaf,,,,,-0.00281312992,501.758606,
41,10,41-10,Leaf,,,,,0.00018140451,11903.0078,
42,0,42-0,f0,-0.0501535833,42-1,42-2,42-2,1868.62769,12398.6094,
42,1,42-1,f0,-0.80642122,42-3,42-4,42-4,501.267578,5711.63379,
42,2,42-2,f0,0.9153651,42-5,42-6,42-6,521.535095,6686.9751,
42,3,42-3,f0,-1.40507162,42-7,42-8,42-8,81.4163818,1920.26685,
42,4,42-4,f0,-0.524400532,42-9,42-10,42-10,43.9688263,3791.36719,
42,5,42-5,f0,0.358458787,42-11,42-12,42-12,80.8209839,4966.63477,
42,6,42-6,f0,1.55477357,42-13,42-14,42-14,54.3631592,1720.34033,
42,7,42-7,f2,-0.0299999993,42-15,42-16,42-16,4.49731445,743.926147,
42,8,42-8,f0,-1.17498684,42-17,42-18,42-18,9.0904541,1176.3407,
42,9,42-9,f0,-0.612812996,42-19,42-20,42-20,4.22463989,945.006287,
42,10,42-10,f0,-0.305480778,42-21,42-22,42-22,12.3619614,2846.36084,
42,11,42-11,f0,0.125661343,42-23,42-24,42-24,9.0955143,2884.43799,
42,12,42-12,f0,0.643345416,42-25,42-26,42-26,9.75047302,2082.19702,
42,13,42-13,f2,0.0900000036,42-27,42-28,42-28,9.16693115,1064.74622,
42,14,42-14,f0,1.88079357,42-29,42-30,42-30,4.19909668,655.594055,
42,15,42-15,Leaf,,,,,-0.0127116181,11.6061888,
42,16,42-16,Leaf,,,,,-0.0330323949,732.319946,
42,17,42-17,Leaf,,,,,-0.0240988489,354.023193,
42,18,42-18,Leaf,,,,,-0.0182171911,822.317505,
42,19,42-19,Leaf,,,,,-0.0132721942,601.855042,
42,20,42-20,Leaf,,,,,-0.00903147366,343.151276,
42,21,42-21,Leaf,,,,,-0.00674993545,1108.27295,
42,22,42-22,Leaf,,,,,-0.00269355485,1738.08789,
42,23,42-23,Leaf,,,,,0.000956239353,1384.93396,
42,24,42-24,Leaf,,,,,0.00432849722,1499.50403,
42,25,42-25,Leaf,,,,,0.00880870875,1269.41467,
42,26,42-26,Leaf,,,,,0.0130409356,812.782227,
42,27,42-27,Leaf,,,,,0.0211066399,1059.22815,
42,28,42-28,Leaf,,,,,-0.0155118024,5.51803732,
42,29,42-29,Leaf,,,,,0.028548222,258.092987,
42,30,42-30,Leaf,,,,,0.0340763591,397.501099,
43,0,43-0,f0,-0.176374167,43-1,43-2,43-2,1741.79492,12347.5684,
43,1,43-1,f0,-0.994457901,43-3,43-4,43-4,383.098022,4780.97021,
43,2,43-2,f0,0.80642122,43-5,43-6,43-6,607.455811,7566.59766,
43,3,43-3,f0,-1.47579098,43-7,43-8,43-8,44.2137451,1422.46704,
43,4,43-4,f0,-0.612812996,43-9,43-10,43-10,61.552063,3358.50317,
43,5,43-5,f0,0.227544978,43-11,43-12,43-12,90.1066742,5564.89844,
43,6,43-6,f0,1.47579098,43-13,43-14,43-14,83.5771484,2001.69922,
43,7,43-7,f1,9.83333302,43-15,43-16,43-16,3.04693604,638.940063,
43,8,43-8,f1,8.83333302,43-17,43-18,43-18,6.2041626,783.526978,
43,9,43-9,f1,2.9666667,43-19,43-20,43-20,8.105896,1065.59204,
43,10,43-10,f0,-0.358458787,43-21,43-22,43-22,9.1153183,2292.91113,
43,11,43-11,f0,0.0501535833,43-23,43-24,43-24,5.77217388,2969.45337,
43,12,43-12,f0,0.467698812,43-25,43-26,43-26,14.2244873,2595.44507,
43,13,43-13,f0,1.08031929,43-27,43-28,43-28,11.1772766,1268.1228,
43,14,43-14,f0,1.88079357,43-29,43-30,43-30,5.86260986,733.576416,
43,15,43-15,Leaf,,,,,-0.0334852077,621.526062,
43,16,43-16,Leaf,,,,,-0.0188377406,17.4139805,
43,17,43-17,Leaf,,,,,-0.0238017701,618.962585,
43,18,43-18,Leaf,,,,,-0.016977923,164.564438,
43,19,43-19,Leaf,,,,,-0.0222870801,112.432053,
43,20,43-20,Leaf,,,,,-0.0136810541,953.160034,
43,21,43-21,Leaf,,,,,-0.00775977783,1154.20825,
43,22,43-22,Leaf,,,,,-0.0039703208,1138.703,
43,23,43-23,Leaf,,,,,-0.00087360543,1691.86353,
43,24,43-24,Leaf,,,,,0.00179695233,1277.58997,
43,25,43-25,Leaf,,,,,0.00579884835,1357.59082,
43,26,43-26,Leaf,,,,,0.0102546019,1237.85425,
43,27,43-27,Leaf,,,,,0.0156840291,664.968506,
43,28,43-28,Leaf,,,,,0.0214134473,603.154236,
43,29,43-29,Leaf,,,,,0.0280344114,343.284515,
43,30,43-30,Leaf,,,,,0.0338749848,390.291931,
44,0,44-0,f0,-0.201893479,44-1,44-2,44-2,1678.36902,12256.2188,
44,1,44-1,f0,-0.994457901,44-3,44-4,44-4,339.685181,4572.51221,
44,2,44-2,f0,0.80642122,44-5,44-6,44-6,594.09613,7683.70654,
44,3,44-3,f0,-1.47579098,44-7,44-8,44-8,42.0444336,1386.50024,
44,4,44-4,f0,-0.612812996,44-9,44-10,44-10,50.869873,3186.01196,
44,5,44-5,f0,0.227544978,44-11,44-12,44-12,98.6350632,5717.58838,
44,6,44-6,f0,1.47579098,44-13,44-14,44-14,77.7144775,1966.11804,
44,7,44-7,f0,-1.55477357,44-15,44-16,44-16,1.41931152,623.407898,
44,8,44-8,f2,-0.0299999993,44-17,44-18,44-18,5.92578125,763.092407,
44,9,44-9,f0,-0.738846838,44-19,44-20,44-20,5.52804565,1066.38025,
44,10,44-10,f2,0.0299999993,44-21,44-22,44-22,4.93366241,2119.63159,
44,11,44-11,f0,0.0501535833,44-23,44-24,44-24,7.2842083,3135.22974,
44,12,44-12,f3,0.200000003,44-25,44-26,44-26,11.6319733,2582.35889,
44,13,44-13,f0,1.08031929,44-27,44-28,44-28,10.1015625,1246.70593,
44,14,44-14,f0,1.88079357,44-29,44-30,44-30,7.2946167,719.412109,
44,15,44-15,Leaf,,,,,-0.0334056914,535.660095,
44,16,44-16,Leaf,,,,,-0.0278588869,87.7477798,
44,17,44-17,Leaf,,,,,-0.00480253296,18.0800724,
44,18,44-18,Leaf,,,,,-0.0224895198,745.012329,
44,19,44-19,Leaf,,,,,-0.0161429048,656.177002,
44,20,44-20,Leaf,,,,,-0.0116162607,410.203308,
44,21,44-21,Leaf,,,,,-0.00604209164,2015.52844,
44,22,44-22,Leaf,,,,,-0.0127395354,104.103294,
44,23,44-23,Leaf,,,,,-0.00117785647,1867.23523,
44,24,44-24,Leaf,,,,,0.00176751404,1267.99451,
44,25,44-25,Leaf,,,,,0.00802839454,2576.90088,
44,26,44-26,Leaf,,,,,-0.032405436,5.4579196,
44,27,44-27,Leaf,,,,,0.015512743,653.018433,
44,28,44-28,Leaf,,,,,0.0210122727,593.687439,
44,29,44-29,Leaf,,,,,0.0271217953,340.241486,
44,30,44-30,Leaf,,,,,0.0335790999,379.170654,
45,0,45-0,f0,-0.176374167,45-1,45-2,45-2,1605.30798,12218.6572,
45,1,45-1,f0,-0.95416528,45-3,45-4,45-4,362.880737,4714.37451,
45,2,45-2,f0,0.9153651,45-5,45-6,45-6,540.812195,7504.28271,
45,3,45-3,f0,-1.47579098,45-7,45-8,45-8,44.0604248,1460.98486,
45,4,45-4,f0,-0.612812996,45-9,45-10,45-10,49.4687653,3253.38965,
45,5,45-5,f0,0.279319048,45-11,45-12,45-12,95.8423157,5845.37207,
45,6,45-6,f0,1.47579098,45-13,45-14,45-14,57.5895996,1658.91077,
45,7,45-7,f0,-1.75068605,45-15,45-16,45-16,1.91192627,615.53833,
45,8,45-8,f2,-0.0399999991,45-17,45-18,45-18,9.20153809,845.446472,
45,9,45-9,f0,-0.738846838,45-19,45-20,45-20,3.18840027,962.513489,
45,10,45-10,f2,0.0599999987,45-21,45-22,45-22,6.56460571,2290.87622,
45,11,45-11,f0,0.100433722,45-23,45-24,45-24,9.91236496,3326.26294,
45,12,45-12,f0,0.612812996,45-25,45-26,45-26,12.5520782,2519.10913,
45,13,45-13,f0,1.22652817,45-27,45-28,45-28,8.93911743,957.290833,
45,14,45-14,f0,2.05374885,45-29,45-30,45-30,5.66381836,701.619934,
45,15,45-15,Leaf,,,,,-0.0338023566,367.713593,
45,16,45-16,Leaf,,,,,-0.0294993501,247.824738,
45,17,45-17,Leaf,,,,,0.00424484443,12.025773,
45,18,45-18,Leaf,,,,,-0.0218636375,833.420715,
45,19,45-19,Leaf,,,,,-0.0152113652,553.192261,
45,20,45-20,Leaf,,,,,-0.0116105443,409.321228,
45,21,45-21,Leaf,,,,,-0.00542775029,2270.46753,
45,22,45-22,Leaf,,,,,-0.0221622065,20.4086514,
45,23,45-23,Leaf,,,,,-0.000131034743,2088.85425,
45,24,45-24,Leaf,,,,,0.00325631257,1237.40857,
45,25,45-25,Leaf,,,,,0.00729066227,1613.18872,
45,26,45-26,Leaf,,,,,0.0117167998,905.920471,
45,27,45-27,Leaf,,,,,0.0168038476,610.948181,
45,28,45-28,Leaf,,,,,0.0229638815,346.342712,
45,29,45-29,Leaf,,,,,0.0279579237,416.434265,
45,30,45-30,Leaf,,,,,0.0339132994,285.185669,
46,0,46-0,f0,-0.279319048,46-1,46-2,46-2,1489.33044,12151.7129,
46,1,46-1,f0,-1.17498684,46-3,46-4,46-4,264.499329,4003.21484,
46,2,46-2,f0,0.738846838,46-5,46-6,46-6,614.270508,8148.49805,
46,3,46-3,f0,-1.47579098,46-7,46-8,46-8,21.6008301,1018.96021,
46,4,46-4,f0,-0.706302583,46-9,46-10,46-10,55.4972229,2984.25464,
46,5,46-5,f0,0.201893479,46-11,46-12,46-12,79.9156189,6020.68555,
46,6,46-6,f0,1.34075499,46-13,46-14,46-14,92.4256592,2127.8125,
46,7,46-7,f1,9.83333302,46-15,46-16,46-16,6.47210693,598.608582,
46,8,46-8,f2,-0.0399999991,46-17,46-18,46-18,6.24601746,420.351654,
46,9,46-9,f2,-0.0799999982,46-19,46-20,46-20,4.98364258,1070.61816,
46,10,46-10,f1,1.66666663,46-21,46-22,46-22,6.1239624,1913.63635,
46,11,46-11,f0,0.0,46-23,46-24,46-24,9.15355587,3490.3562,
46,12,46-12,f0,0.495850354,46-25,46-26,46-26,12.2404404,2530.3291,
46,13,46-13,f1,9.26666641,46-27,46-28,46-28,12.0158081,1270.16602,
46,14,46-14,f0,1.88079357,46-29,46-30,46-30,11.0512695,857.646606,
46,15,46-15,Leaf,,,,,-0.0324903466,581.638428,
46,16,46-16,Leaf,,,,,-0.0126762409,16.9701118,
46,17,46-17,Leaf,,,,,0.00365481153,7.56768227,
46,18,46-18,Leaf,,,,,-0.0234019663,412.783966,
46,19,46-19,Leaf,,,,,0.00819857605,7.03877211,
46,20,46-20,Leaf,,,,,-0.0161790978,1063.57947,
46,21,46-21,Leaf,,,,,-0.017358277,54.3145065,
46,22,46-22,Leaf,,,,,-0.00717775151,1859.32178,
46,23,46-23,Leaf,,,,,-0.00190363929,1967.12732,
46,24,46-24,Leaf,,,,,0.00119329349,1523.22876,
46,25,46-25,Leaf,,,,,0.00487725344,1618.13855,
46,26,46-26,Leaf,,,,,0.00922911707,912.190674,
46,27,46-27,Leaf,,,,,0.017818572,911.777283,
46,28,46-28,Leaf,,,,,0.0112666339,358.388763,
46,29,46-29,Leaf,,,,,0.0256691333,492.08783,
46,30,46-30,Leaf,,,,,0.0328268446,365.558746,
47,0,47-0,f2,0.0599999987,47-1,47-2,47-2,10.5855398,12116.9746,
47,1,47-1,f2,-0.270000011,47-3,47-4,47-4,7.23530769,12007.6494,
47,2,47-2,f2,0.230000004,47-5,47-6,47-6,4.41073704,109.324883,
47,3,47-3,Leaf,,,,,0.0297136325,6.44523144,
47,4,47-4,f1,1.31666672,47-7,47-8,47-8,5.68764019,12001.2041,
47,5,47-5,f5,0.389999986,47-9,47-10,47-10,6.05719757,99.5213776,
47,6,47-6,Leaf,,,,,-0.0275098421,9.8035059,
47,7,47-7,f5,0.479999989,47-11,47-12,47-12,3.19333363,446.763489,
47,8,47-8,f1,9.66666698,47-13,47-14,47-14,4.77859402,11554.4404,
47,9,47-9,f1,14.1333332,47-15,47-16,47-16,5.026474,88.9139938,
47,10,47-10,f1,0.949999988,47-17,47-18,47-18,0.534855604,10.607379,
47,11,47-11,Leaf,,,,,-0.00520750415,272.700745,
47,12,47-12,Leaf,,,,,-1.01570868e-05,174.062729,
47,13,47-13,Leaf,,,,,0.00082107971,6248.20068,
47,14,47-14,Leaf,,,,,-0.00040308584,5306.24023,
47,15,47-15,Leaf,,,,,-0.0128364898,74.3200684,
47,16,47-16,Leaf,,,,,0.00606766529,14.5939293,
47,17,47-17,Leaf,,,,,0.019333547,5.48271036,
47,18,47-18,Leaf,,,,,0.00499465642,5.12466908,
48,0,48-0,f0,-0.100433722,48-1,48-2,48-2,1426.33276,12078.1982,
48,1,48-1,f0,-0.80642122,48-3,48-4,48-4,380.104553,5167.09082,
48,2,48-2,f0,0.9153651,48-5,48-6,48-6,459.322815,6911.10742,
48,3,48-3,f0,-1.40507162,48-7,48-8,48-8,75.6943359,1791.68726,
48,4,48-4,f0,-0.385320455,48-9,48-10,48-10,29.1047058,3375.40356,
48,5,48-5,f0,0.358458787,48-11,48-12,48-12,73.6402969,5299.80762,
48,6,48-6,f0,1.47579098,48-13,48-14,48-14,60.5280151,1611.2998,
48,7,48-7,f1,9.83333302,48-15,48-16,48-16,7.18859863,665.599548,
48,8,48-8,f0,-1.03643334,48-17,48-18,48-18,7.92874146,1126.08765,
48,9,48-9,f1,3.23333335,48-19,48-20,48-20,13.4487915,1584.59521,
48,10,48-10,f1,0.883333325,48-21,48-22,48-22,4.70015526,1790.80823,
48,11,48-11,f0,0.150969222,48-23,48-24,48-24,7.91743088,3256.33008,
48,12,48-12,f0,0.643345416,48-25,48-26,48-26,9.91137695,2043.47754,
48,13,48-13,f0,1.22652817,48-27,48-28,48-28,7.2901001,931.17218,
48,14,48-14,f0,1.88079357,48-29,48-30,48-30,6.61535645,680.127625,
48,15,48-15,Leaf,,,,,-0.0317531638,642.957642,
48,16,48-16,Leaf,,,,,-0.013691687,22.6418724,
48,17,48-17,Leaf,,,,,-0.020875562,571.679871,
48,18,48-18,Leaf,,,,,-0.0157274902,554.407776,
48,19,48-19,Leaf,,,,,-0.0173680726,155.383026,
48,20,48-20,Leaf,,,,,-0.00807100348,1429.21216,
48,21,48-21,Leaf,,,,,0.0174002238,8.7442627,
48,22,48-22,Leaf,,,,,-0.0035207402,1782.06396,
48,23,48-23,Leaf,,,,,0.000601194275,1962.71741,
48,24,48-24,Leaf,,,,,0.00362393237,1293.61279,
48,25,48-25,Leaf,,,,,0.00739750825,1253.47888,
48,26,48-26,Leaf,,,,,0.011705325,789.998718,
48,27,48-27,Leaf,,,,,0.0158283934,595.430054,
48,28,48-28,Leaf,,,,,0.0214825645,335.742096,
48,29,48-29,Leaf,,,,,0.0263172742,320.905365,
48,30,48-30,Leaf,,,,,0.0326582529,359.222229,
49,0,49-0,f0,-0.305480778,49-1,49-2,49-2,1388.49304,12030.7314,
49,1,49-1,f0,-1.08031929,49-3,49-4,49-4,239.179749,3793.06885,
49,2,49-2,f0,0.738846838,49-5,49-6,49-6,566.632324,8237.66211,
49,3,49-3,f0,-1.47579098,49-7,49-8,49-8,31.9570312,1149.07483,
49,4,49-4,f0,-0.706302583,49-9,49-10,49-10,32.6184082,2643.9939,
49,5,49-5,f0,0.253347099,49-11,49-12,49-12,74.6203003,6171.44482,
49,6,49-6,f0,1.34075499,49-13,49-14,49-14,86.8901367,2066.21753,
49,7,49-7,f1,9.83333302,49-15,49-16,49-16,6.90509033,577.348206,
49,8,49-8,f2,-0.0299999993,49-17,49-18,49-18,6.41323853,571.726685,
49,9,49-9,f1,2.5666666,49-19,49-20,49-20,6.06085205,899.371155,
49,10,49-10,f1,4.9000001,49-21,49-22,49-22,8.99510956,1744.6228,
49,11,49-11,f0,-0.100433722,49-23,49-24,49-24,13.1062765,3963.22314,
49,12,49-12,f1,14.2166662,49-25,49-26,49-26,10.2163239,2208.22168,
49,13,49-13,f1,9.26666641,49-27,49-28,49-28,11.3032227,1240.19678,
49,14,49-14,f0,1.88079357,49-29,49-30,49-30,11.6589966,826.020752,
49,15,49-15,Leaf,,,,,-0.0320837311,559.32666,
49,16,49-16,Leaf,,,,,-0.0122947302,18.0215187,
49,17,49-17,Leaf,,,,,-0.000662122562,13.214529,
49,18,49-18,Leaf,,,,,-0.0218578223,558.512146,
49,19,49-19,Leaf,,,,,-0.0224786047,84.0264893,
49,20,49-20,Leaf,,,,,-0.0138968015,815.344666,
49,21,49-21,Leaf,,,,,-0.0124693578,293.975281,
49,22,49-22,Leaf,,,,,-0.00670200679,1450.64758,
49,23,49-23,Leaf,,,,,-0.00251995795,1362.18176,
49,24,49-24,Leaf,,,,,0.00111133337,2601.04126,
49,25,49-25,Leaf,,,,,0.00721030775,2098.41089,
49,26,49-26,Leaf,,,,,-0.00215921667,109.810837,
49,27,49-27,Leaf,,,,,0.0172577128,883.961731,
49,28,49-28,Leaf,,,,,0.0108618597,356.235077,
49,29,49-29,Leaf,,,,,0.0248268284,477.242676,
49,30,49-30,Leaf,,,,,0.0322981626,348.778076,
50,0,50-0,f0,0.150969222,50-1,50-2,50-2,1250.79468,11981.5703,
50,1,50-1,f0,-0.80642122,50-3,50-4,50-4,511.335632,7063.15088,
50,2,50-2,f0,1.08031929,50-5,50-6,50-6,319.291992,4918.41895,
50,3,50-3,f0,-1.47579098,50-7,50-8,50-8,74.508606,1743.13672,
50,4,50-4,f0,-0.305480778,50-9,50-10,50-10,52.107666,5320.01416,
50,5,50-5,f0,0.495850354,50-11,50-12,50-12,45.9993896,3701.53394,
50,6,50-6,f0,1.47579098,50-13,50-14,50-14,30.6651611,1216.88513,
50,7,50-7,f1,9.83333302,50-15,50-16,50-16,9.11791992,564.361816,
50,8,50-8,f0,-1.17498684,50-17,50-18,50-18,8.48846436,1178.77502,
50,9,50-9,f0,-0.612812996,50-19,50-20,50-20,11.2690659,2011.43176,
50,10,50-10,f2,0.00999999978,50-21,50-22,50-22,7.04505825,3308.58252,
50,11,50-11,f3,0.0599999987,50-23,50-24,50-24,5.97154617,1960.68457,
50,12,50-12,f2,0.129999995,50-25,50-26,50-26,8.81793213,1740.84949,
50,13,50-13,f1,13.0333338,50-27,50-28,50-28,3.41026306,567.718872,
50,14,50-14,f0,2.05374885,50-29,50-30,50-30,5.31365967,649.166321,
50,15,50-15,Leaf,,,,,-0.03182685,547.585938,
50,16,50-16,Leaf,,,,,-0.00874256622,16.7758732,
50,17,50-17,Leaf,,,,,-0.0214234795,406.617706,
50,18,50-18,Leaf,,,,,-0.0159629304,772.157288,
50,19,50-19,Leaf,,,,,-0.0108214142,575.047302,
50,20,50-20,Leaf,,,,,-0.00584236439,1436.3844,
50,21,50-21,Leaf,,,,,-0.00198501954,2422.71948,
50,22,50-22,Leaf,,,,,0.00114027841,885.862854,
50,23,50-23,Leaf,,,,,0.00430903072,1922.85266,
50,24,50-24,Leaf,,,,,-0.00759185757,37.8319168,
50,25,50-25,Leaf,,,,,0.0109052761,1735.20581,
50,26,50-26,Leaf,,,,,-0.0239753351,5.64367056,
50,27,50-27,Leaf,,,,,0.0200286508,561.117981,
50,28,50-28,Leaf,,,,,-0.00144983514,6.60087061,
50,29,50-29,Leaf,,,,,0.0269548446,387.44577,
50,30,50-30,Leaf,,,,,0.0329572856,261.720551,
51,0,51-0,f0,-0.385320455,51-1,51-2,51-2,1214.89417,11923.4346,
51,1,51-1,f0,-1.03643334,51-3,51-4,51-4,201.89386,3290.39526,
51,2,51-2,f0,0.738846838,51-5,51-6,51-6,547.394104,8633.03906,
51,3,51-3,f0,-1.47579098,51-7,51-8,51-8,35.5044556,1188.28967,
51,4,51-4,f0,-0.706302583,51-9,51-10,51-10,20.8289337,2102.10571,
51,5,51-5,f0,0.125661343,51-11,51-12,51-12,76.3769302,6609.07666,
51,6,51-6,f0,1.47579098,51-13,51-14,51-14,88.8139648,2023.96289,
51,7,51-7,f1,9.83333302,51-15,51-16,51-16,7.39898682,555.461853,
51,8,51-8,f2,-0.0500000007,51-17,51-18,51-18,5.91659546,632.82782,
51,9,51-9,f1,2.5666666,51-19,51-20,51-20,8.17205811,808.780884,
51,10,51-10,f1,3.23333335,51-21,51-22,51-22,12.1717072,1293.32471,
51,11,51-11,f0,-0.100433722,51-23,51-24,51-24,12.4638138,3565.61157,
51,12,51-12,f0,0.439913154,51-25,51-26,51-26,13.4313507,3043.46509,
51,13,51-13,f0,1.08031929,51-27,51-28,51-28,12.7888794,1381.98328,
51,14,51-14,f0,1.75068605,51-29,51-30,51-30,6.29290771,641.979614,
51,15,51-15,Leaf,,,,,-0.031593293,538.46875,
51,16,51-16,Leaf,,,,,-0.0106784124,16.9930954,
51,17,51-17,Leaf,,,,,0.00452722935,8.07344437,
51,18,51-18,Leaf,,,,,-0.0208149366,624.754395,
51,19,51-19,Leaf,,,,,-0.0232982635,73.307312,
51,20,51-20,Leaf,,,,,-0.0127271656,735.473572,
51,21,51-21,Leaf,,,,,-0.0165749751,121.575577,
51,22,51-22,Leaf,,,,,-0.00661377935,1171.74915,
51,23,51-23,Leaf,,,,,-0.00301549421,1810.08704,
51,24,51-24,Leaf,,,,,0.000531576748,1755.52454,
51,25,51-25,Leaf,,,,,0.0036638137,1912.14062,
51,26,51-26,Leaf,,,,,0.00779080857,1131.32446,
51,27,51-27,Leaf,,,,,0.0128359031,826.51178,
51,28,51-28,Leaf,,,,,0.0187764559,555.471436,
51,29,51-29,Leaf,,,,,0.0244403705,227.710251,
51,30,51-30,Leaf,,,,,0.0310737845,414.269348,
52,0,52-0,f0,0.201893479,52-1,52-2,52-2,1144.24756,11893.4346,
52,1,52-1,f0,-0.80642122,52-3,52-4,52-4,495.562042,7375.27637,
52,2,52-2,f0,1.08031929,52-5,52-6,52-6,268.769958,4518.15771,
52,3,52-3,f0,-1.47579098,52-7,52-8,52-8,72.7051392,1700.52197,
52,4,52-4,f0,-0.358458787,52-9,52-10,52-10,61.1367531,5674.75439,
52,5,52-5,f0,0.643345416,52-11,52-12,52-12,32.409256,3331.61279,
52,6,52-6,f0,1.55477357,52-13,52-14,52-14,30.8684692,1186.54492,
52,7,52-7,f2,-0.0299999993,52-15,52-16,52-16,2.30725098,538.7453,
52,8,52-8,f2,-0.0299999993,52-17,52-18,52-18,9.89608765,1161.77673,
52,9,52-9,f0,-0.612812996,52-19,52-20,52-20,8.75228882,1720.1731,
52,10,52-10,f0,-0.100433722,52-21,52-22,52-22,11.1036339,3954.5813,
52,11,52-11,f0,0.385320455,52-23,52-24,52-24,7.18305206,2205.88379,
52,12,52-12,f2,0.0900000036,52-25,52-26,52-26,5.31362915,1125.72913,
52,13,52-13,f2,0.00999999978,52-27,52-28,52-28,4.89981079,637.126892,
52,14,52-14,f0,2.05374885,52-29,52-30,52-30,4.02697754,549.417969,
52,15,52-15,Leaf,,,,,-0.0131665142,8.67976379,
52,16,52-16,Leaf,,,,,-0.0309861079,530.065491,
52,17,52-17,Leaf,,,,,0.000368854875,27.6424122,
52,18,52-18,Leaf,,,,,-0.0177852418,1134.1344,
52,19,52-19,Leaf,,,,,-0.0108942911,573.742737,
52,20,52-20,Leaf,,,,,-0.00634107878,1146.4303,
52,21,52-21,Leaf,,,,,-0.00296554691,1653.65625,
52,22,52-22,Leaf,,,,,0.000256562314,2300.92505,
52,23,52-23,Leaf,,,,,0.00352557772,1080.83618,
52,24,52-24,Leaf,,,,,0.00695592258,1125.04761,
52,25,52-25,Leaf,,,,,0.0116812056,1120.56873,
52,26,52-26,Leaf,,,,,-0.0166430995,5.16031313,
52,27,52-27,Leaf,,,,,0.0210513286,472.778259,
52,28,52-28,Leaf,,,,,0.0148011837,164.348648,
52,29,52-29,Leaf,,,,,0.0265805498,297.108246,
52,30,52-30,Leaf,,,,,0.0322994553,252.309708,
53,0,53-0,f0,-0.279319048,53-1,53-2,53-2,1106.20508,11815.6768,
53,1,53-1,f0,-1.08031929,53-3,53-4,53-4,252.844727,3843.96704,
53,2,53-2,f0,0.9153651,53-5,53-6,53-6,479.674438,7971.70996,
53,3,53-3,f0,-1.55477357,53-7,53-8,53-8,27.5900269,1073.0741,
53,4,53-4,f0,-0.612812996,53-9,53-10,53-10,36.2037201,2770.89282,
53,5,53-5,f0,0.253347099,53-11,53-12,53-12,81.7813568,6466.7168,
53,6,53-6,f0,1.47579098,53-13,53-14,53-14,55.8876343,1504.99341,
53,7,53-7,f1,9.83333302,53-15,53-16,53-16,7.08666992,452.235809,
53,8,53-8,f2,-0.0500000007,53-17,53-18,53-18,6.7779541,620.838318,
53,9,53-9,f1,2.5666666,53-19,53-20,53-20,9.03965759,1178.64014,
53,10,53-10,f2,-0.0299999993,53-21,53-22,53-22,5.65963745,1592.25269,
53,11,53-11,f0,0.0,53-23,53-24,53-24,10.708602,3799.08862,
53,12,53-12,f1,12.666667,53-25,53-26,53-26,12.7655792,2667.62793,
53,13,53-13,f0,1.08031929,53-27,53-28,53-28,6.79721069,889.935486,
53,14,53-14,f0,1.88079357,53-29,53-30,53-30,5.58752441,615.057922,
53,15,53-15,Leaf,,,,,-0.0317493826,441.238098,
53,16,53-16,Leaf,,,,,-0.00667071342,10.9977226,
53,17,53-17,Leaf,,,,,0.00554215349,7.98868179,
53,18,53-18,Leaf,,,,,-0.0216553174,612.849609,
53,19,53-19,Leaf,,,,,-0.0209618863,99.9985123,
53,20,53-20,Leaf,,,,,-0.0114894183,1078.64172,
53,21,53-21,Leaf,,,,,0.00493908068,45.8199272,
53,22,53-22,Leaf,,,,,-0.00567781692,1546.43274,
53,23,53-23,Leaf,,,,,-0.00144982885,1959.01221,
53,24,53-24,Leaf,,,,,0.00173639681,1840.07654,
53,25,53-25,Leaf,,,,,0.00794470962,2165.78027,
53,26,53-26,Leaf,,,,,0.00262790313,501.847748,
53,27,53-27,Leaf,,,,,0.0134767322,342.629456,
53,28,53-28,Leaf,,,,,0.0189819075,547.30603,
53,29,53-29,Leaf,,,,,0.0254496094,296.576599,
53,30,53-30,Leaf,,,,,0.0316117629,318.481354,
54,0,54-0,f0,0.201893479,54-1,54-2,54-2,1020.92157,11743.041,
54,1,54-1,f0,-0.80642122,54-3,54-4,54-4,459.831085,7300.88672,
54,2,54-2,f0,1.22652817,54-5,54-6,54-6,254.131592,4442.15479,
54,3,54-3,f0,-1.2815516,54-7,54-8,54-8,77.6528931,1651.8623,
54,4,54-4,f0,-0.305480778,54-9,54-10,54-10,51.3111763,5649.02393,
54,5,54-5,f0,0.612812996,54-11,54-12,54-12,42.9793396,3519.96875,
54,6,54-6,f0,1.88079357,54-13,54-14,54-14,19.5047607,922.185791,
54,7,54-7,f0,-1.55477357,54-15,54-16,54-16,9.67114258,739.405457,
54,8,54-8,f2,-0.100000001,54-17,54-18,54-18,7.24603271,912.456909,
54,9,54-9,f0,-0.612812996,54-19,54-20,54-20,6.03865051,1993.37695,
54,10,54-10,f0,-0.100433722,54-21,54-22,54-22,8.60444355,3655.64722,
54,11,54-11,f3,0.0599999987,54-23,54-24,54-24,6.01223755,2069.65015,
54,12,54-12,f3,0.140000001,54-25,54-26,54-26,7.31021118,1450.31873,
54,13,54-13,f2,0.0799999982,54-27,54-28,54-28,6.89273071,607.81366,
54,14,54-14,f3,0.0199999996,54-29,54-30,54-30,4.74765015,314.372131,
54,15,54-15,Leaf,,,,,-0.0310000833,444.098022,
54,16,54-16,Leaf,,,,,-0.023694694,295.307404,
54,17,54-17,Leaf,,,,,0.0176065471,5.30612278,
54,18,54-18,Leaf,,,,,-0.0152146965,907.150818,
54,19,54-19,Leaf,,,,,-0.0093775969,571.425293,
54,20,54-20,Leaf,,,,,-0.00571346749,1421.95166,
54,21,54-21,Leaf,,,,,-0.00267775985,1357.96008,
54,22,54-22,Leaf,,,,,0.000333564763,2297.68726,
54,23,54-23,Leaf,,,,,0.00504056038,2029.4989,
54,24,54-24,Leaf,,,,,-0.00656676386,40.1511421,
54,25,54-25,Leaf,,,,,0.011697093,1443.83643,
54,26,54-26,Leaf,,,,,-0.0183322355,6.4823103,
54,27,54-27,Leaf,,,,,0.0223931484,601.278503,
54,28,54-28,Leaf,,,,,-0.00758758374,6.53514194,
54,29,54-29,Leaf,,,,,0.0323289298,297.018829,
54,30,54-30,Leaf,,,,,0.0148915751,17.3533154,
55,0,55-0,f0,-0.279319048,55-1,55-2,55-2,964.732788,11713.2266,
55,1,55-1,f0,-0.994457901,55-3,55-4,55-4,228.2677,3781.46265,
55,2,55-2,f0,0.9153651,55-5,55-6,55-6,418.708771,7931.76367,
55,3,55-3,f0,-1.47579098,55-7,55-8,55-8,42.5064087,1189.7915,
55,4,55-4,f0,-0.612812996,55-9,55-10,55-10,23.7565918,2591.67114,
55,5,55-5,f0,0.227544978,55-11,55-12,55-12,79.1996918,6459.7876,
55,6,55-6,f0,1.47579098,55-13,55-14,55-14,55.1464233,1471.97607,
55,7,55-7,f1,9.83333302,55-15,55-16,55-16,8.06137085,505.249359,
55,8,55-8,f1,8.83333302,55-17,55-18,55-18,7.5446167,684.542114,
55,9,55-9,f1,2.9666667,55-19,55-20,55-20,9.80708313,1007.17633,
55,10,55-10,f1,1.60000002,55-21,55-22,55-22,5.58514404,1584.49487,
55,11,55-11,f1,14.0666666,55-23,55-24,55-24,5.98709965,3649.97778,
55,12,55-12,f1,14.0166664,55-25,55-26,55-26,13.1486359,2809.80981,
55,13,55-13,f0,1.22652817,55-27,55-28,55-28,7.03587341,879.426819,
55,14,55-14,f0,1.88079357,55-29,55-30,55-30,7.61572266,592.549255,
55,15,55-15,Leaf,,,,,-0.0306673795,489.374237,
55,16,55-16,Leaf,,,,,-0.00831275154,15.8751001,
55,17,55-17,Leaf,,,,,-0.0200846456,539.95282,
55,18,55-18,Leaf,,,,,-0.0122010438,144.589279,
55,19,55-19,Leaf,,,,,-0.0197182298,106.213669,
55,20,55-20,Leaf,,,,,-0.0100541934,900.962646,
55,21,55-21,Leaf,,,,,-0.0162623972,39.1827583,
55,22,55-22,Leaf,,,,,-0.00490311533,1545.31213,
55,23,55-23,Leaf,,,,,-0.000865656766,2967.75903,
55,24,55-24,Leaf,,,,,0.00224913796,682.21875,
55,25,55-25,Leaf,,,,,0.00694646547,2634.21704,
55,26,55-26,Leaf,,,,,-0.00152412895,175.592865,
55,27,55-27,Leaf,,,,,0.0135162855,567.723022,
55,28,55-28,Leaf,,,,,0.019224409,311.703735,
55,29,55-29,Leaf,,,,,0.0237134453,287.774475,
55,30,55-30,Leaf,,,,,0.0308697261,304.774811,
56,0,56-0,f0,-0.305480778,56-1,56-2,56-2,906.558777,11640.666,
56,1,56-1,f0,-1.08031929,56-3,56-4,56-4,214.661133,3600.65698,
56,2,56-2,f0,0.80642122,56-5,56-6,56-6,420.482666,8040.00879,
56,3,56-3,f0,-1.55477357,56-7,56-8,56-8,32.4985352,1018.25677,
56,4,56-4,f0,-0.706302583,56-9,56-10,56-10,28.7829285,2582.40015,
56,5,56-5,f0,0.385320455,56-11,56-12,56-12,55.9667015,6317.83691,
56,6,56-6,f0,1.47579098,56-13,56-14,56-14,71.9864502,1722.172,
56,7,56-7,f1,9.83333302,56-15,56-16,56-16,6.84146118,422.476105,
56,8,56-8,f2,-0.0199999996,56-17,56-18,56-18,5.04344177,595.780701,
56,9,56-9,f1,2.5666666,56-19,56-20,56-20,5.50479126,855.079346,
56,10,56-10,f1,4.9000001,56-21,56-22,56-22,11.6256104,1727.3208,
56,11,56-11,f0,0.0501535833,56-23,56-24,56-24,13.1963215,4733.08691,
56,12,56-12,f3,0.159999996,56-25,56-26,56-26,4.41090393,1584.74988,
56,13,56-13,f0,1.08031929,56-27,56-28,56-28,10.2470398,1143.36548,
56,14,56-14,f0,1.88079357,56-29,56-30,56-30,7.68847656,578.806519,
56,15,56-15,Leaf,,,,,-0.0312228575,411.344055,
56,16,56-16,Leaf,,,,,-0.00669349683,11.1320477,
56,17,56-17,Leaf,,,,,-0.00702197012,28.6405239,
56,18,56-18,Leaf,,,,,-0.0202420019,567.140198,
56,19,56-19,Leaf,,,,,-0.0200459883,78.6752167,
56,20,56-20,Leaf,,,,,-0.0116381729,776.404114,
56,21,56-21,Leaf,,,,,-0.0111497771,292.080322,
56,22,56-22,Leaf,,,,,-0.0045832959,1435.24048,
56,23,56-23,Leaf,,,,,-0.00111897639,2536.55078,
56,24,56-24,Leaf,,,,,0.00205671717,2196.53613,
56,25,56-25,Leaf,,,,,0.00696170703,1579.62854,
56,26,56-26,Leaf,,,,,-0.0187046789,5.12132025,
56,27,56-27,Leaf,,,,,0.0116232894,609.235474,
56,28,56-28,Leaf,,,,,0.0173735525,534.130066,
56,29,56-29,Leaf,,,,,0.0235614404,282.206299,
56,30,56-30,Leaf,,,,,0.0308294203,296.600189,
57,0,57-0,f2,-0.280000001,57-1,57-2,57-2,9.45300007,11603.0977,
57,1,57-1,Leaf,,,,,0.0349056758,5.98900127,
57,2,57-2,f3,0.230000004,57-3,57-4,57-4,14.8119926,11597.1084,
57,3,57-3,f1,1.31666672,57-5,57-6,57-6,5.41025543,11582.1973,
57,4,57-4,f5,0.25,57-7,57-8,57-8,2.86946106,14.9106321,
57,5,57-5,f5,0.0700000003,57-9,57-10,57-10,2.06630468,406.126862,
57,6,57-6,f1,9.66666698,57-11,57-12,57-12,7.39608431,11176.0703,
57,7,57-7,Leaf,,,,,-0.0160909668,9.43529224,
57,8,57-8,Leaf,,,,,-0.045129586,5.47533989,
57,9,57-9,Leaf,,,,,0.00459914701,26.6459446,
57,10,57-10,Leaf,,,,,-0.00392083451,379.480927,
57,11,57-11,Leaf,,,,,0.000893660705,5937.521,
57,12,57-12,Leaf,,,,,-0.000652734132,5238.5498,
58,0,58-0,f0,-0.305480778,58-1,58-2,58-2,847.140869,11622.0752,
58,1,58-1,f0,-1.2815516,58-3,58-4,58-4,220.409546,3575.96851,
58,2,58-2,f0,0.9153651,58-5,58-6,58-6,406.309967,8046.10645,
58,3,58-3,f1,8.46666622,58-7,58-8,58-8,12.0563965,698.293518,
58,4,58-4,f0,-0.772193193,58-9,58-10,58-10,41.2926636,2877.67505,
58,5,58-5,f0,0.385320455,58-11,58-12,58-12,74.8657379,6614.40869,
58,6,58-6,f0,1.47579098,58-13,58-14,58-14,55.6619873,1431.69788,
58,7,58-7,f0,-1.55477357,58-15,58-16,58-16,6.55963135,631.143066,
58,8,58-8,f1,10.6166668,58-17,58-18,58-18,1.23310089,67.1504364,
58,9,58-9,f1,0.800000012,58-19,58-20,58-20,4.02885437,975.589844,
58,10,58-10,f1,4.9000001,58-21,58-22,58-22,13.1213455,1902.08521,
58,11,58-11,f0,0.0501535833,58-23,58-24,58-24,13.7305174,4746.55615,
58,12,58-12,f1,12.666667,58-25,58-26,58-26,6.71572876,1867.85242,
58,13,58-13,f0,1.22652817,58-27,58-28,58-28,7.23985291,863.169739,
58,14,58-14,f0,1.88079357,58-29,58-30,58-30,7.51626587,568.528137,
58,15,58-15,Leaf,,,,,-0.0311190449,398.617096,
58,16,58-16,Leaf,,,,,-0.0243645534,232.525986,
58,17,58-17,Leaf,,,,,-0.0115020471,43.8917618,
58,18,58-18,Leaf,,,,,-0.0206912328,23.2586784,
58,19,58-19,Leaf,,,,,-0.0306467731,11.9326897,
58,20,58-20,Leaf,,,,,-0.0133659383,963.657166,
58,21,58-21,Leaf,,,,,-0.011360731,338.828735,
58,22,58-22,Leaf,,,,,-0.00484695146,1563.25647,
58,23,58-23,Leaf,,,,,-0.00136332843,2539.96704,
58,24,58-24,Leaf,,,,,0.00187102275,2206.58936,
58,25,58-25,Leaf,,,,,0.00796015467,1603.07471,
58,26,58-26,Leaf,,,,,0.00278922939,264.77771,
58,27,58-27,Leaf,,,,,0.0128809838,563.738403,
58,28,58-28,Leaf,,,,,0.0187429059,299.431335,
58,29,58-29,Leaf,,,,,0.0232874844,276.397797,
58,30,58-30,Leaf,,,,,0.0305395387,292.130341,
59,0,59-0,f2,0.230000004,59-1,59-2,59-2,8.90324974,11557.4414,
59,1,59-1,f2,-0.270000011,59-3,59-4,59-4,6.68551922,11546.9873,
59,2,59-2,f5,0.189999998,59-5,59-6,59-6,1.41482544,10.4546165,
59,3,59-3,Leaf,,,,,0.0304318704,5.52807808,
59,4,59-4,f2,0.0399999991,59-7,59-8,59-8,4.84312391,11541.459,
59,5,59-5,Leaf,,,,,-0.0121910451,5.39169979,
59,6,59-6,Leaf,,,,,-0.0369893275,5.06291676,
59,7,59-7,f2,0.00999999978,59-9,59-10,59-10,6.18050814,11298.3252,
59,8,59-8,f5,0.439999998,59-11,59-12,59-12,2.15392542,243.133575,
59,9,59-9,Leaf,,,,,-0.00024516866,8536.30957,
59,10,59-10,Leaf,,,,,0.00138723478,2762.01611,
59,11,59-11,Leaf,,,,,-0.00466695521,234.64006,
59,12,59-12,Leaf,,,,,0.00997106824,8.49351788,
60,0,60-0,f0,-0.305480778,60-1,60-2,60-2,855.947083,11576.6523,
60,1,60-1,f0,-1.22652817,60-3,60-4,60-4,194.534912,3549.31128,
60,2,60-2,f0,1.08031929,60-5,60-6,60-6,366.990753,8027.34131,
60,3,60-3,f0,-1.55477357,60-7,60-8,60-8,18.9959717,767.31665,
60,4,60-4,f0,-0.706302583,60-9,60-10,60-10,39.0820312,2781.99463,
60,5,60-5,f0,0.201893479,60-11,60-12,60-12,87.5840988,6949.11768,
60,6,60-6,f0,1.55477357,60-13,60-14,60-14,34.0634766,1078.22363,
60,7,60-7,f1,9.83333302,60-15,60-16,60-16,6.98812866,408.007111,
60,8,60-8,f1,10.25,60-17,60-18,60-18,6.72718811,359.30954,
60,9,60-9,f1,1.31666672,60-19,60-20,60-20,4.76979065,1067.99744,
60,10,60-10,f2,-0.0199999996,60-21,60-22,60-22,6.57211304,1713.99719,
60,11,60-11,f0,-0.100433722,60-23,60-24,60-24,5.64146805,3670.80176,
60,12,60-12,f0,0.553384721,60-25,60-26,60-26,19.9548187,3278.31592,
60,13,60-13,f1,11.2333336,60-27,60-28,60-28,5.09786987,591.33197,
60,14,60-14,f1,11.5666666,60-29,60-30,60-30,6.1975708,486.891602,
60,15,60-15,Leaf,,,,,-0.0307585634,397.196381,
60,16,60-16,Leaf,,,,,-0.00571555179,10.8107357,
60,17,60-17,Leaf,,,,,-0.0216550231,332.262695,
60,18,60-18,Leaf,,,,,-0.005836959,27.046833,
60,19,60-19,Leaf,,,,,-0.0237508602,36.7264099,
60,20,60-20,Leaf,,,,,-0.0126764746,1031.271,
60,21,60-21,Leaf,,,,,0.00144629763,106.379257,
60,22,60-22,Leaf,,,,,-0.00624076463,1607.61792,
60,23,60-23,Leaf,,,,,-0.0018203035,1363.23181,
60,24,60-24,Leaf,,,,,0.000613043725,2307.56982,
60,25,60-25,Leaf,,,,,0.00439945329,1853.68787,
60,26,60-26,Leaf,,,,,0.00912516937,1424.62817,
60,27,60-27,Leaf,,,,,0.017520193,554.841187,
60,28,60-28,Leaf,,,,,0.00574478274,36.4908066,
60,29,60-29,Leaf,,,,,0.02793907,481.798767,
60,30,60-30,Leaf,,,,,-0.00451523997,5.09283447,
61,0,61-0,f0,-0.582841516,61-1,61-2,61-2,756.027283,11518.6357,
61,1,61-1,f0,-1.2815516,61-3,61-4,61-4,117.870239,2215.33325,
61,2,61-2,f0,0.9153651,61-5,61-6,61-6,439.830444,9303.30273,
61,3,61-3,f0,-1.55477357,61-7,61-8,61-8,14.6742554,669.172974,
61,4,61-4,f0,-0.80642122,61-9,61-10,61-10,12.8582458,1546.16016,
61,5,61-5,f0,0.201893479,61-11,61-12,61-12,99.2692566,7904.8623,
61,6,61-6,f0,1.47579098,61-13,61-14,61-14,55.6674805,1398.4408,
61,7,61-7,f0,-2.05374885,61-15,61-16,61-16,0.603027344,392.788513,
61,8,61-8,f2,-0.0199999996,61-17,61-18,61-18,2.78622437,276.38446,
61,9,61-9,f2,-0.100000001,61-19,61-20,61-20,4.97505188,879.19928,
61,10,61-10,f2,-0.0299999993,61-21,61-22,61-22,2.48841476,666.960876,
61,11,61-11,f0,-0.201893479,61-23,61-24,61-24,19.312397,4971.1792,
61,12,61-12,f0,0.495850354,61-25,61-26,61-26,13.9974442,2933.68311,
61,13,61-13,f0,1.22652817,61-27,61-28,61-28,4.93795776,849.605225,
61,14,61-14,f0,2.05374885,61-29,61-30,61-30,6.271698,548.835632,
61,15,61-15,Leaf,,,,,-0.0326545201,132.216721,
61,16,61-16,Leaf,,,,,-0.0286105033,260.571777,
61,17,61-17,Leaf,,,,,-0.00619428465,12.2381191,
61,18,61-18,Leaf,,,,,-0.021462122,264.146362,
61,19,61-19,Leaf,,,,,0.0137028508,5.22584248,
61,20,61-20,Leaf,,,,,-0.0137579758,873.973389,
61,21,61-21,Leaf,,,,,0.00336485403,16.3229351,
61,22,61-22,Leaf,,,,,-0.0083199814,650.637939,
61,23,61-23,Leaf,,,,,-0.00386882224,1996.1936,
61,24,61-24,Leaf,,,,,-5.49836586e-05,2974.98535,
61,25,61-25,Leaf,,,,,0.00346483267,1591.73804,
61,26,61-26,Leaf,,,,,0.00762772653,1341.94507,
61,27,61-27,Leaf,,,,,0.0126937646,557.872681,
61,28,61-28,Leaf,,,,,0.0176143479,291.732544,
61,29,61-29,Leaf,,,,,0.0239113513,333.124115,
61,30,61-30,Leaf,,,,,0.0308648515,215.711517,
62,0,62-0,f0,-0.524400532,62-1,62-2,62-2,736.253052,11453.8428,
62,1,62-1,f0,-1.22652817,62-3,62-4,62-4,126.088318,2422.71777,
62,2,62-2,f0,0.80642122,62-5,62-6,62-6,407.323425,9031.12402,
62,3,62-3,f0,-1.55477357,62-7,62-8,62-8,18.5930176,737.067078,
62,4,62-4,f0,-0.772193193,62-9,62-10,62-10,12.9981232,1685.65063,
62,5,62-5,f0,0.253347099,62-11,62-12,62-12,69.2447281,7388.13525,
62,6,62-6,f0,1.47579098,62-13,62-14,62-14,71.449585,1642.98901,
62,7,62-7,f0,-2.05374885,62-15,62-16,62-16,1.32278442,388.460876,
62,8,62-8,f2,-0.0500000007,62-17,62-18,62-18,2.67582703,348.606201,
62,9,62-9,f2,-0.0399999991,62-19,62-20,62-20,5.00686646,872.913391,
62,10,62-10,f2,-0.0199999996,62-21,62-22,62-22,2.00983429,812.737305,
62,11,62-11,f0,-0.100433722,62-23,62-24,62-24,16.1474152,5055.66162,
62,12,62-12,f3,0.200000003,62-25,62-26,62-26,10.6241989,2332.47363,
62,13,62-13,f0,1.08031929,62-27,62-28,62-28,8.21646118,1109.40723,
62,14,62-14,f0,2.05374885,62-29,62-30,62-30,7.35296631,533.581848,
62,15,62-15,Leaf,,,,,-0.0327339806,130.233093,
62,16,62-16,Leaf,,,,,-0.0278676897,258.227783,
62,17,62-17,Leaf,,,,,0.000874609163,5.42559338,
62,18,62-18,Leaf,,,,,-0.0202016644,343.180603,
62,19,62-19,Leaf,,,,,0.00481802505,13.9965038,
62,20,62-20,Leaf,,,,,-0.0129760131,858.91687,
62,21,62-21,Leaf,,,,,-0.00120142568,44.992939,
62,22,62-22,Leaf,,,,,-0.00775428396,767.744324,
62,23,62-23,Leaf,,,,,-0.00278433831,2444.32007,
62,24,62-24,Leaf,,,,,0.000607855967,2611.3418,
62,25,62-25,Leaf,,,,,0.00531808613,2327.20142,
62,26,62-26,Leaf,,,,,-0.0338343233,5.27225351,
62,27,62-27,Leaf,,,,,0.0106764277,600.076294,
62,28,62-28,Leaf,,,,,0.0159122068,509.330933,
62,29,62-29,Leaf,,,,,0.0234703403,325.891266,
62,30,62-30,Leaf,,,,,0.0310496986,207.690567,
63,0,63-0,f0,-0.524400532,63-1,63-2,63-2,713.214905,11412.5693,
63,1,63-1,f0,-1.2815516,63-3,63-4,63-4,130.152954,2395.16406,
63,2,63-2,f0,0.80642122,63-5,63-6,63-6,389.366638,9017.40527,
63,3,63-3,f1,8.46666622,63-7,63-8,63-8,15.0212097,645.741638,
63,4,63-4,f0,-0.80642122,63-9,63-10,63-10,18.7511444,1749.42249,
63,5,63-5,f0,0.150969222,63-11,63-12,63-12,76.0997238,7396.87793,
63,6,63-6,f0,1.47579098,63-13,63-14,63-14,65.0975952,1620.52734,
63,7,63-7,f0,-1.55477357,63-15,63-16,63-16,7.86196899,582.355408,
63,8,63-8,f1,10.6166668,63-17,63-18,63-18,1.53875065,63.3862572,
63,9,63-9,f2,-0.0900000036,63-19,63-20,63-20,6.72683716,865.22113,
63,10,63-10,f1,2.9666667,63-21,63-22,63-22,9.340065,884.201355,
63,11,63-11,f0,-0.201893479,63-23,63-24,63-24,10.5661898,4413.44531,
63,12,63-12,f0,0.439913154,63-25,63-26,63-26,12.0122986,2983.43262,
63,13,63-13,f1,9.3166666,63-27,63-28,63-28,7.73960876,1100.8905,
63,14,63-14,f2,0.0199999996,63-29,63-30,63-30,7.80331421,519.636902,
63,15,63-15,Leaf,,,,,-0.0302924383,361.775146,
63,16,63-16,Leaf,,,,,-0.0227480959,220.580231,
63,17,63-17,Leaf,,,,,-0.00807516277,41.1921806,
63,18,63-18,Leaf,,,,,-0.0181620605,22.1940765,
63,19,63-19,Leaf,,,,,0.0181232523,5.2551527,
63,20,63-20,Leaf,,,,,-0.0135553265,859.966003,
63,21,63-21,Leaf,,,,,-0.0168950558,79.2647781,
63,22,63-22,Leaf,,,,,-0.00613160478,804.936523,
63,23,63-23,Leaf,,,,,-0.00326382113,1764.82373,
63,24,63-24,Leaf,,,,,-0.000267756492,2648.62158,
63,25,63-25,Leaf,,,,,0.00307627697,1697.78015,
63,26,63-26,Leaf,,,,,0.00692297937,1285.65247,
63,27,63-27,Leaf,,,,,0.0145715261,826.618835,
63,28,63-28,Leaf,,,,,0.00869333278,274.271606,
63,29,63-29,Leaf,,,,,0.0270134509,484.90094,
63,30,63-30,Leaf,,,,,0.0118055139,34.7359657,
64,0,64-0,f0,-0.358458787,64-1,64-2,64-2,683.374878,11397.6621,
64,1,64-1,f0,-1.2815516,64-3,64-4,64-4,159.292999,3175.70923,
64,2,64-2,f0,0.84162122,64-5,64-6,64-6,335.290924,8221.95312,
64,3,64-3,f1,8.73333359,64-7,64-8,64-8,15.1916199,633.176636,
64,4,64-4,f0,-0.80642122,64-9,64-10,64-10,28.7456207,2542.53247,
64,5,64-5,f0,0.150969222,64-11,64-12,64-12,52.0293388,6690.56348,
64,6,64-6,f0,1.47579098,64-13,64-14,64-14,61.7325134,1531.39014,
64,7,64-7,f0,-1.55477357,64-15,64-16,64-16,8.57232666,574.561157,
64,8,64-8,f1,9.0,64-17,64-18,64-18,1.5835371,58.6154709,
64,9,64-9,f3,0.109999999,64-19,64-20,64-20,3.15907288,863.643188,
64,10,64-10,f1,1.93333328,64-21,64-22,64-22,14.1873398,1678.8894,
64,11,64-11,f4,1.0,64-23,64-24,64-24,3.54834008,3605.91406,
64,12,64-12,f0,0.553384721,64-25,64-26,64-26,9.65671539,3084.64941,
64,13,64-13,f1,13.583333,64-27,64-28,64-28,11.2665405,1017.45306,
64,14,64-14,f0,2.05374885,64-29,64-30,64-30,7.2255249,513.937073,
64,15,64-15,Leaf,,,,,-0.0296344347,357.357452,
64,16,64-16,Leaf,,,,,-0.0217520036,217.20372,
64,17,64-17,Leaf,,,,,0.00185560726,7.91457272,
64,18,64-18,Leaf,,,,,-0.0123391384,50.700901,
64,19,64-19,Leaf,,,,,-0.0129877748,858.378845,
64,20,64-20,Leaf,,,,,0.00900463015,5.26434565,
64,21,64-21,Leaf,,,,,-0.0195481814,66.9312668,
64,22,64-22,Leaf,,,,,-0.00553209521,1611.95813,
64,23,64-23,Leaf,,,,,-0.00128776347,2640.09058,
64,24,64-24,Leaf,,,,,0.000836614694,965.823364,
64,25,64-25,Leaf,,,,,0.00351198413,2189.68262,
64,26,64-26,Leaf,,,,,0.00721340813,894.966614,
64,27,64-27,Leaf,,,,,0.0133054489,1007.23621,
64,28,64-28,Leaf,,,,,-0.0171777308,10.216836,
64,29,64-29,Leaf,,,,,0.0227503646,315.175079,
64,30,64-30,Leaf,,,,,0.030400997,198.761978,
65,0,65-0,f0,-0.100433722,65-1,65-2,65-2,637.394287,11351.5703,
65,1,65-1,f0,-1.08031929,65-3,65-4,65-4,239.190918,4799.75098,
65,2,65-2,f0,1.08031929,65-5,65-6,65-6,263.669373,6551.81885,
65,3,65-3,f0,-1.55477357,65-7,65-8,65-8,31.7618713,914.676758,
65,4,65-4,f0,-0.643345416,65-9,65-10,65-10,35.2782593,3885.07446,
65,5,65-5,f0,0.385320455,65-11,65-12,65-12,49.6456757,5547.82275,
65,6,65-6,f0,1.75068605,65-13,65-14,65-14,33.5033569,1003.99585,
65,7,65-7,f1,9.83333302,65-15,65-16,65-16,7.54556274,360.876038,
65,8,65-8,f2,-0.0299999993,65-17,65-18,65-18,8.10958862,553.800659,
65,9,65-9,f1,2.5666666,65-19,65-20,65-20,10.0730438,1027.95386,
65,10,65-10,f1,1.60000002,65-21,65-22,65-22,4.79606628,2857.12061,
65,11,65-11,f5,0.0399999991,65-23,65-24,65-24,5.52540588,3386.79932,
65,12,65-12,f1,9.66666698,65-25,65-26,65-26,9.62548828,2161.02368,
65,13,65-13,f1,11.3000002,65-27,65-28,65-28,5.09719849,682.275818,
65,14,65-14,f1,9.66666698,65-29,65-30,65-30,4.85739136,321.720062,
65,15,65-15,Leaf,,,,,-0.0298002455,350.801086,
65,16,65-16,Leaf,,,,,-0.00313640689,10.0749607,
65,17,65-17,Leaf,,,,,0.00389624387,15.1123266,
65,18,65-18,Leaf,,,,,-0.018152548,538.688354,
65,19,65-19,Leaf,,,,,-0.0196076091,86.6023254,
65,20,65-20,Leaf,,,,,-0.00891586673,941.351501,
65,21,65-21,Leaf,,,,,-0.0114355162,63.7449417,
65,22,65-22,Leaf,,,,,-0.00316562341,2793.37573,
65,23,65-23,Leaf,,,,,-0.000200672788,1408.08826,
65,24,65-24,Leaf,,,,,0.00225755945,1978.71106,
65,25,65-25,Leaf,,,,,0.0086785797,1304.40295,
65,26,65-26,Leaf,,,,,0.00457571913,856.620667,
65,27,65-27,Leaf,,,,,0.0169953015,647.836304,
65,28,65-28,Leaf,,,,,0.00497431448,34.4394913,
65,29,65-29,Leaf,,,,,0.0286723319,316.589569,
65,30,65-30,Leaf,,,,,-0.000631673145,5.13049603,
66,0,66-0,f2,0.230000004,66-1,66-2,66-2,10.201849,11295.3516,
66,1,66-1,f2,-0.270000011,66-3,66-4,66-4,6.95851183,11285.1025,
66,2,66-2,Leaf,,,,,-0.0285312962,10.2488499,
66,3,66-3,Leaf,,,,,0.0291195735,6.40759373,
66,4,66-4,f2,-0.200000003,66-5,66-6,66-6,5.80669785,11278.6953,
66,5,66-5,Leaf,,,,,-0.0294355638,5.01456833,
66,6,66-6,f2,0.0399999991,66-7,66-8,66-8,4.55562162,11273.6807,
66,7,66-7,Leaf,,,,,0.000138669289,11032.4395,
66,8,66-8,Leaf,,,,,-0.00402031606,241.240875,
67,0,67-0,f0,0.227544978,67-1,67-2,67-2,596.168762,11274.3721,
67,1,67-1,f0,-0.80642122,67-3,67-4,67-4,309.901062,7222.80371,
67,2,67-2,f0,1.22652817,67-5,67-6,67-6,174.857025,4051.5686,
67,3,67-3,f0,-1.47579098,67-7,67-8,67-8,68.0577698,1454.81653,
67,4,67-4,f0,-0.201893479,67-9,67-10,67-10,30.3583126,5767.9873,
67,5,67-5,f0,0.80642122,67-11,67-12,67-12,24.5619965,3279.09619,
67,6,67-6,f0,1.88079357,67-13,67-14,67-14,20.1758728,772.472351,
67,7,67-7,f1,9.83333302,67-15,67-16,67-16,8.96936035,413.605438,
67,8,67-8,f2,-0.100000001,67-17,67-18,67-18,6.6887207,1041.21106,
67,9,67-9,f1,2.9666667,67-19,67-20,67-20,9.35983658,2629.84863,
67,10,67-10,f1,13.4333334,67-21,67-22,67-22,4.74350405,3138.13843,
67,11,67-11,f3,0.0599999987,67-23,67-24,67-24,9.10842514,2476.48438,
67,12,67-12,f1,9.26666641,67-25,67-26,67-26,10.1041641,802.611816,
67,13,67-13,f2,0.0799999982,67-27,67-28,67-28,6.37586975,523.823547,
67,14,67-14,f3,0.0199999996,67-29,67-30,67-30,4.32666016,248.648773,
67,15,67-15,Leaf,,,,,-0.0286910087,399.555573,
67,16,67-16,Leaf,,,,,-0.00399425812,14.0498676,
67,17,67-17,Leaf,,,,,0.0177014209,5.35322523,
67,18,67-18,Leaf,,,,,-0.0136351949,1035.85791,
67,19,67-19,Leaf,,,,,-0.0109145511,186.861832,
67,20,67-20,Leaf,,,,,-0.00395745272,2442.98682,
67,21,67-21,Leaf,,,,,-0.00085447781,2188.62573,
67,22,67-22,Leaf,,,,,0.00168346474,949.512634,
67,23,67-23,Leaf,,,,,0.00492047938,2428.93823,
67,24,67-24,Leaf,,,,,-0.00822074432,47.5462875,
67,25,67-25,Leaf,,,,,0.0128614996,569.223633,
67,26,67-26,Leaf,,,,,0.00541605754,233.388153,
67,27,67-27,Leaf,,,,,0.0189340971,518.535217,
67,28,67-28,Leaf,,,,,-0.0123568382,5.28832388,
67,29,67-29,Leaf,,,,,0.0300873499,234.285782,
67,30,67-30,Leaf,,,,,0.0119635835,14.3629932,
68,0,68-0,f0,-0.612812996,68-1,68-2,68-2,595.607178,11233.8564,
68,1,68-1,f0,-1.47579098,68-3,68-4,68-4,93.2310486,1991.61475,
68,2,68-2,f0,1.08031929,68-5,68-6,68-6,329.293396,9242.24219,
68,3,68-3,f1,9.83333302,68-7,68-8,68-8,5.95019531,409.118073,
68,4,68-4,f0,-0.994457901,68-9,68-10,68-10,15.0466309,1582.4967,
68,5,68-5,f0,0.358458787,68-11,68-12,68-12,87.7651443,8266.51758,
68,6,68-6,f0,1.75068605,68-13,68-14,68-14,34.5735779,975.724426,
68,7,68-7,f0,-2.05374885,68-15,68-16,68-16,1.73873901,393.540863,
68,8,68-8,f1,10.5500002,68-17,68-18,68-18,6.64544296,15.5771847,
68,9,68-9,f1,8.78333378,68-19,68-20,68-20,10.7663574,624.710815,
68,10,68-10,f1,0.800000012,68-21,68-22,68-22,6.17298126,957.785889,
68,11,68-11,f0,-0.125661343,68-23,68-24,68-24,21.2272968,5993.67139,
68,12,68-12,f1,13.6833334,68-25,68-26,68-26,11.1229019,2272.84595,
68,13,68-13,f2,0.0799999982,68-27,68-28,68-28,6.99853516,668.80658,
68,14,68-14,f1,9.66666698,68-29,68-30,68-30,1.64605713,306.917877,
68,15,68-15,Leaf,,,,,-0.032052286,116.536827,
68,16,68-16,Leaf,,,,,-0.0266992114,277.004059,
68,17,68-17,Leaf,,,,,0.0162466951,5.40755653,
68,18,68-18,Leaf,,,,,-0.0223099925,10.1696281,
68,19,68-19,Leaf,,,,,-0.0173169449,484.64801,
68,20,68-20,Leaf,,,,,-0.00779053662,140.06282,
68,21,68-21,Leaf,,,,,-0.0342612453,7.88083363,
68,22,68-22,Leaf,,,,,-0.00894313399,949.90509,
68,23,68-23,Leaf,,,,,-0.00271221041,2563.96167,
68,24,68-24,Leaf,,,,,0.000895733945,3429.70996,
68,25,68-25,Leaf,,,,,0.00675886497,2157.76685,
68,26,68-26,Leaf,,,,,-0.00279278425,115.078964,
68,27,68-27,Leaf,,,,,0.0161256324,661.844421,
68,28,68-28,Leaf,,,,,-0.0127238212,6.96212387,
68,29,68-29,Leaf,,,,,0.0283195432,301.85965,
68,30,68-30,Leaf,,,,,0.00879380945,5.05821276,
69,0,69-0,f0,-0.582841516,69-1,69-2,69-2,545.372009,11208.3623,
69,1,69-1,f0,-1.2815516,69-3,69-4,69-4,102.958832,2073.05151,
69,2,69-2,f0,0.877896309,69-5,69-6,69-6,310.633789,9135.31152,
69,3,69-3,f1,8.46666622,69-7,69-8,69-8,15.0510559,585.271667,
69,4,69-4,f0,-0.80642122,69-9,69-10,69-10,10.6350861,1487.77979,
69,5,69-5,f0,0.201893479,69-11,69-12,69-12,64.8443069,7772.36328,
69,6,69-6,f0,1.55477357,69-13,69-14,69-14,55.4490356,1362.948,
69,7,69-7,f0,-1.55477357,69-15,69-16,69-16,8.47912598,523.852539,
69,8,69-8,f2,-0.00999999978,69-17,69-18,69-18,2.61432266,61.4191246,
69,9,69-9,f1,0.949999988,69-19,69-20,69-20,3.41064453,836.380676,
69,10,69-10,f1,2.9666667,69-21,69-22,69-22,6.40541458,651.399048,
69,11,69-11,f0,-0.100433722,69-23,69-24,69-24,13.6029015,4962.19531,
69,12,69-12,f2,0.100000001,69-25,69-26,69-26,7.18070984,2810.16797,
69,13,69-13,f2,0.0500000007,69-27,69-28,69-28,10.1285553,949.831665,
69,14,69-14,f1,10.1833334,69-29,69-30,69-30,5.62637329,413.116302,
69,15,69-15,Leaf,,,,,-0.0292445049,322.614777,
69,16,69-16,Leaf,,,,,-0.0210714228,201.237762,
69,17,69-17,Leaf,,,,,0.00757354312,6.01920033,
69,18,69-18,Leaf,,,,,-0.0122612072,55.3999252,
69,19,69-19,Leaf,,,,,-0.0250705555,17.0287514,
69,20,69-20,Leaf,,,,,-0.011579873,819.351929,
69,21,69-21,Leaf,,,,,-0.0161742382,58.352829,
69,22,69-22,Leaf,,,,,-0.00579751004,593.046265,
69,23,69-23,Leaf,,,,,-0.00264502969,2663.09204,
69,24,69-24,Leaf,,,,,0.000504444703,2299.10352,
69,25,69-25,Leaf,,,,,0.00461061578,2800.04541,
69,26,69-26,Leaf,,,,,-0.0195801649,10.1224174,
69,27,69-27,Leaf,,,,,0.0127657875,935.938965,
69,28,69-28,Leaf,,,,,-0.0123792887,13.8926601,
69,29,69-29,Leaf,,,,,0.0261040758,403.803162,
69,30,69-30,Leaf,,,,,0.00226331223,9.31313896,
70,0,70-0,f0,-0.643345416,70-1,70-2,70-2,532.749634,11167.0303,
70,1,70-1,f0,-1.40507162,70-3,70-4,70-4,85.4592896,1871.46594,
70,2,70-2,f0,0.877896309,70-5,70-6,70-6,312.948303,9295.56445,
70,3,70-3,f0,-1.55477357,70-7,70-8,70-8,6.94937134,452.603668,
70,4,70-4,f0,-1.03643334,70-9,70-10,70-10,12.7338409,1418.86218,
70,5,70-5,f0,0.0,70-11,70-12,70-12,64.0996246,7945.7876,
70,6,70-6,f0,1.47579098,70-13,70-14,70-14,57.7200623,1349.77686,
70,7,70-7,f1,9.26666641,70-15,70-16,70-16,4.12426758,331.717957,
70,8,70-8,f2,-0.0199999996,70-17,70-18,70-18,1.21134949,120.885696,
70,9,70-9,f1,8.03333378,70-19,70-20,70-20,2.94312286,471.390839,
70,10,70-10,f1,2.0333333,70-21,70-22,70-22,8.70963287,947.471375,
70,11,70-11,f1,1.73333335,70-23,70-24,70-24,5.68765831,3608.26514,
70,12,70-12,f0,0.439913154,70-25,70-26,70-26,17.7162628,4337.52246,
70,13,70-13,f2,0.0900000036,70-27,70-28,70-28,7.98753357,884.083069,
70,14,70-14,f0,1.88079357,70-29,70-30,70-30,8.43386841,465.693787,
70,15,70-15,Leaf,,,,,-0.0289317835,319.720459,
70,16,70-16,Leaf,,,,,-0.00993246865,11.9974985,
70,17,70-17,Leaf,,,,,-0.0040748911,5.01029873,
70,18,70-18,Leaf,,,,,-0.0200891383,115.875397,
70,19,70-19,Leaf,,,,,-0.0165766459,334.691803,
70,20,70-20,Leaf,,,,,-0.0111511946,136.699036,
70,21,70-21,Leaf,,,,,-0.0208560266,51.8490639,
70,22,70-22,Leaf,,,,,-0.0082594147,895.622314,
70,23,70-23,Leaf,,,,,-0.00981645845,87.7078705,
70,24,70-24,Leaf,,,,,-0.00212098542,3520.55737,
70,25,70-25,Leaf,,,,,0.00173962,2885.85645,
70,26,70-26,Leaf,,,,,0.00580277713,1451.66589,
70,27,70-27,Leaf,,,,,0.0119705927,878.629883,
70,28,70-28,Leaf,,,,,-0.0218472797,5.45315552,
70,29,70-29,Leaf,,,,,0.0206062086,235.003006,
70,30,70-30,Leaf,,,,,0.0289833788,230.690781,
71,0,71-0,f0,-0.385320455,71-1,71-2,71-2,477.355255,11133.9883,
71,1,71-1,f0,-1.2815516,71-3,71-4,71-4,142.158386,2902.01001,
71,2,71-2,f0,1.22652817,71-5,71-6,71-6,260.570679,8231.97852,
71,3,71-3,f1,8.46666622,71-7,71-8,71-8,13.5655518,564.231873,
71,4,71-4,f0,-0.738846838,71-9,71-10,71-10,18.358429,2337.77808,
71,5,71-5,f0,0.358458787,71-11,71-12,71-12,72.0238495,7503.47266,
71,6,71-6,f0,1.88079357,71-13,71-14,71-14,21.9289551,728.505676,
71,7,71-7,f0,-1.64485359,71-15,71-16,71-16,7.40405273,503.15802,
71,8,71-8,f2,-0.00999999978,71-17,71-18,71-18,1.90939474,61.0738754,
71,9,71-9,f2,-0.0399999991,71-19,71-20,71-20,6.16589355,983.408508,
71,10,71-10,f1,4.9000001,71-21,71-22,71-22,9.42261505,1354.36951,
71,11,71-11,f0,-0.0501535833,71-23,71-24,71-24,12.6449203,5033.62354,
71,12,71-12,f1,9.61666679,71-25,71-26,71-26,13.6562805,2469.84888,
71,13,71-13,f2,0.0799999982,71-27,71-28,71-28,5.82658386,499.791504,
71,14,71-14,f3,0.0199999996,71-29,71-30,71-30,4.634552,228.714142,
71,15,71-15,Leaf,,,,,-0.0292548761,262.553589,
71,16,71-16,Leaf,,,,,-0.0216339678,240.604416,
71,17,71-17,Leaf,,,,,0.00425660284,6.59490585,
71,18,71-18,Leaf,,,,,-0.012276087,54.4789696,
71,19,71-19,Leaf,,,,,0.00746814068,16.456974,
71,20,71-20,Leaf,,,,,-0.010694989,966.951538,
71,21,71-21,Leaf,,,,,-0.0102607217,248.676956,
71,22,71-22,Leaf,,,,,-0.00379926944,1105.69263,
71,23,71-23,Leaf,,,,,-0.00183361524,2170.48169,
71,24,71-24,Leaf,,,,,0.00120188855,2863.14185,
71,25,71-25,Leaf,,,,,0.00794642419,1496.07654,
71,26,71-26,Leaf,,,,,0.00337668904,973.772217,
71,27,71-27,Leaf,,,,,0.0174850263,494.55481,
71,28,71-28,Leaf,,,,,-0.0124989171,5.23670006,
71,29,71-29,Leaf,,,,,0.0295435712,215.179031,
71,30,71-30,Leaf,,,,,0.010425847,13.53512,
72,0,72-0,f0,-0.706302583,72-1,72-2,72-2,460.581451,11087.6699,
72,1,72-1,f0,-1.40507162,72-3,72-4,72-4,76.2895203,1619.80591,
72,2,72-2,f0,0.9153651,72-5,72-6,72-6,285.735321,9467.86426,
72,3,72-3,f2,-0.0299999993,72-7,72-8,72-8,6.36972046,435.452667,
72,4,72-4,f0,-0.95416528,72-9,72-10,72-10,7.54222107,1184.35315,
72,5,72-5,f0,0.150969222,72-11,72-12,72-12,60.9461937,8234.37695,
72,6,72-6,f0,1.47579098,72-13,72-14,72-14,51.8894958,1233.48718,
72,7,72-7,Leaf,,,,,0.0015638211,7.54138327,
72,8,72-8,f0,-1.55477357,72-15,72-16,72-16,4.44039917,427.911285,
72,9,72-9,f2,-0.0399999991,72-17,72-18,72-18,9.46910858,612.554504,
72,10,72-10,f2,0.0,72-19,72-20,72-20,1.68961334,571.798645,
72,11,72-11,f0,-0.385320455,72-21,72-22,72-22,11.0065966,5003.63672,
72,12,72-12,f0,0.495850354,72-23,72-24,72-24,12.7533493,3230.74023,
72,13,72-13,f0,1.22652817,72-25,72-26,72-26,3.37245941,780.155334,
72,14,72-14,f0,2.05374885,72-27,72-28,72-28,8.77935791,453.331848,
72,15,72-15,Leaf,,,,,-0.0279897992,313.065857,
72,16,72-16,Leaf,,,,,-0.0205587409,114.845436,
72,17,72-17,Leaf,,,,,0.0140868155,10.483408,
72,18,72-18,Leaf,,,,,-0.0136924582,602.071106,
72,19,72-19,Leaf,,,,,-0.0109846862,162.916946,
72,20,72-20,Leaf,,,,,-0.00729907723,408.881714,
72,21,72-21,Leaf,,,,,-0.00404422404,1260.93762,
72,22,72-22,Leaf,,,,,-0.000804069976,3742.69922,
72,23,72-23,Leaf,,,,,0.00210999139,1925.19116,
72,24,72-24,Leaf,,,,,0.00595201412,1305.54907,
72,25,72-25,Leaf,,,,,0.00975770876,515.080566,
72,26,72-26,Leaf,,,,,0.0140008461,265.074768,
72,27,72-27,Leaf,,,,,0.0206055064,283.567688,
72,28,72-28,Leaf,,,,,0.0295174513,169.764145,
73,0,73-0,f0,-0.385320455,73-1,73-2,73-2,444.418243,11023.6631,
73,1,73-1,f0,-1.2815516,73-3,73-4,73-4,134.307465,2853.43945,
73,2,73-2,f0,1.08031929,73-5,73-6,73-6,254.334625,8170.22363,
73,3,73-3,f0,-1.55477357,73-7,73-8,73-8,14.6309509,545.570801,
73,4,73-4,f0,-0.80642122,73-9,73-10,73-10,14.8305969,2307.86865,
73,5,73-5,f0,0.150969222,73-11,73-12,73-12,54.9094925,7256.67627,
73,6,73-6,f0,1.75068605,73-13,73-14,73-14,32.2694092,913.547302,
73,7,73-7,f0,-2.05374885,73-15,73-16,73-16,1.38922119,310.403534,
73,8,73-8,f2,-0.00999999978,73-17,73-18,73-18,2.55329132,235.167313,
73,9,73-9,f3,0.119999997,73-19,73-20,73-20,4.44896698,802.573425,
73,10,73-10,f2,-0.0199999996,73-21,73-22,73-22,3.78636932,1505.29517,
73,11,73-11,f0,-0.100433722,73-23,73-24,73-24,3.91276407,3739.13428,
73,12,73-12,f0,0.612812996,73-25,73-26,73-26,13.725708,3517.54224,
73,13,73-13,f2,0.0500000007,73-27,73-28,73-28,8.04737854,639.799255,
73,14,73-14,f3,0.0199999996,73-29,73-30,73-30,3.62315369,273.748047,
73,15,73-15,Leaf,,,,,-0.0314467438,104.001976,
73,16,73-16,Leaf,,,,,-0.0260514058,206.40155,
73,17,73-17,Leaf,,,,,-0.00833985396,25.1630135,
73,18,73-18,Leaf,,,,,-0.0189392064,210.004288,
73,19,73-19,Leaf,,,,,-0.0105701806,797.530029,
73,20,73-20,Leaf,,,,,0.0156124411,5.04340363,
73,21,73-21,Leaf,,,,,0.000536057516,92.7579575,
73,22,73-22,Leaf,,,,,-0.00571532454,1412.53723,
73,23,73-23,Leaf,,,,,-0.00193626783,1787.34753,
73,24,73-24,Leaf,,,,,6.24467611e-06,1951.78674,
73,25,73-25,Leaf,,,,,0.00299589382,2374.16064,
73,26,73-26,Leaf,,,,,0.00699832849,1143.38147,
73,27,73-27,Leaf,,,,,0.0151054924,629.267456,
73,28,73-28,Leaf,,,,,-0.0105561074,10.5317945,
73,29,73-29,Leaf,,,,,0.0280402657,253.090973,
73,30,73-30,Leaf,,,,,0.0139026176,20.6570663,
74,0,74-0,f0,-0.612812996,74-1,74-2,74-2,426.954926,11024.375,
74,1,74-1,f0,-1.40507162,74-3,74-4,74-4,93.4244995,1882.40564,
74,2,74-2,f0,1.08031929,74-5,74-6,74-6,262.392944,9141.96973,
74,3,74-3,f0,-1.55477357,74-7,74-8,74-8,5.57946777,420.987518,
74,4,74-4,f0,-1.17498684,74-9,74-10,74-10,11.8761902,1461.41821,
74,5,74-5,f0,0.150969222,74-11,74-12,74-12,63.2167358,8241.8877,
74,6,74-6,f0,1.75068605,74-13,74-14,74-14,29.3066711,900.081299,
74,7,74-7,f1,9.26666641,74-15,74-16,74-16,4.51104736,305.204529,
74,8,74-8,f2,-0.0199999996,74-17,74-18,74-18,1.21969223,115.78299,
74,9,74-9,f1,8.78333378,74-19,74-20,74-20,5.40991211,260.960114,
74,10,74-10,f1,2.9666667,74-21,74-22,74-22,5.3959198,1200.45801,
74,11,74-11,f0,-0.305480778,74-23,74-24,74-24,9.97580624,4719.85889,
74,12,74-12,f0,0.643345416,74-25,74-26,74-26,16.0120087,3522.02954,
74,13,74-13,f0,1.2815516,74-27,74-28,74-28,6.26832581,630.436279,
74,14,74-14,f3,0.0199999996,74-29,74-30,74-30,3.78422546,269.64502,
74,15,74-15,Leaf,,,,,-0.028413197,293.823334,
74,16,74-16,Leaf,,,,,-0.00826352369,11.3812008,
74,17,74-17,Leaf,,,,,-0.00411081873,5.03597832,
74,18,74-18,Leaf,,,,,-0.0201587193,110.747009,
74,19,74-19,Leaf,,,,,-0.017402418,209.294891,
74,20,74-20,Leaf,,,,,-0.00639748527,51.6652374,
74,21,74-21,Leaf,,,,,-0.0138570489,134.135391,
74,22,74-22,Leaf,,,,,-0.00745050656,1066.32263,
74,23,74-23,Leaf,,,,,-0.0034321358,1404.26196,
74,24,74-24,Leaf,,,,,-0.000415877788,3315.59668,
74,25,74-25,Leaf,,,,,0.00268778834,2484.59546,
74,26,74-26,Leaf,,,,,0.00712591549,1037.43408,
74,27,74-27,Leaf,,,,,0.0108637288,267.690399,
74,28,74-28,Leaf,,,,,0.0170159675,362.74585,
74,29,74-29,Leaf,,,,,0.0273683127,248.085922,
74,30,74-30,Leaf,,,,,0.0132987397,21.5591125,
75,0,75-0,f0,-0.706302583,75-1,75-2,75-2,407.110809,10985.8076,
75,1,75-1,f0,-1.47579098,75-3,75-4,75-4,73.9535828,1577.35229,
75,2,75-2,f0,0.9153651,75-5,75-6,75-6,261.0224,9408.45605,
75,3,75-3,f1,9.83333302,75-7,75-8,75-8,6.49816895,352.559357,
75,4,75-4,f0,-1.08031929,75-9,75-10,75-10,9.91586304,1224.79297,
75,5,75-5,f0,0.075269863,75-11,75-12,75-12,49.1047173,8208.46484,
75,6,75-6,f0,1.55477357,75-13,75-14,75-14,47.9563293,1199.99097,
75,7,75-7,f0,-1.75068605,75-15,75-16,75-16,2.50378418,338.269928,
75,8,75-8,f1,10.6166668,75-17,75-18,75-18,4.18097448,14.2894144,
75,9,75-9,f1,8.78333378,75-19,75-20,75-20,4.65062714,442.885162,
75,10,75-10,f1,2.5666666,75-21,75-22,75-22,5.70310211,781.907715,
75,11,75-11,f0,-0.358458787,75-23,75-24,75-24,10.7875824,4417.46729,
75,12,75-12,f0,0.495850354,75-25,75-26,75-26,12.4544449,3790.99756,
75,13,75-13,f0,1.22652817,75-27,75-28,75-28,5.87779999,830.241943,
75,14,75-14,f1,6.3499999,75-29,75-30,75-30,6.11099243,369.748993,
75,15,75-15,Leaf,,,,,-0.0293670967,201.20784,
75,16,75-16,Leaf,,,,,-0.0233400166,137.062088,
75,17,75-17,Leaf,,,,,0.0141435685,5.1279211,
75,18,75-18,Leaf,,,,,-0.0173656382,9.1614933,
75,19,75-19,Leaf,,,,,-0.0157288723,352.309052,
75,20,75-20,Leaf,,,,,-0.00796328858,90.5761261,
75,21,75-21,Leaf,,,,,-0.0166332535,70.5668869,
75,22,75-22,Leaf,,,,,-0.00768679893,711.340881,
75,23,75-23,Leaf,,,,,-0.00384908798,1390.94983,
75,24,75-24,Leaf,,,,,-0.000657733821,3026.51733,
75,25,75-25,Leaf,,,,,0.00175727857,2505.08154,
75,26,75-26,Leaf,,,,,0.00538952323,1285.91602,
75,27,75-27,Leaf,,,,,0.0094056651,511.651062,
75,28,75-28,Leaf,,,,,0.0146530261,318.590912,
75,29,75-29,Leaf,,,,,0.0260779727,315.107819,
75,30,75-30,Leaf,,,,,0.014727178,54.6411896,
76,0,76-0,f0,-0.553384721,76-1,76-2,76-2,384.328735,10922.8398,
76,1,76-1,f0,-1.2815516,76-3,76-4,76-4,96.8219604,2061.26221,
76,2,76-2,f0,0.9153651,76-5,76-6,76-6,237.106842,8861.57715,
76,3,76-3,f1,8.78333378,76-7,76-8,76-8,12.5973511,516.407715,
76,4,76-4,f0,-0.877896309,76-9,76-10,76-10,8.33724976,1544.85449,
76,5,76-5,f0,0.100433722,76-11,76-12,76-12,50.0738068,7677.58154,
76,6,76-6,f0,1.55477357,76-13,76-14,76-14,47.5816956,1183.99585,
76,7,76-7,f0,-1.55477357,76-15,76-16,76-16,8.01010132,463.181641,
76,8,76-8,f1,9.13333321,76-17,76-18,76-18,1.64915037,53.2260399,
76,9,76-9,f1,10.7833338,76-19,76-20,76-20,3.35816193,627.497131,
76,10,76-10,f1,13.6333332,76-21,76-22,76-22,3.67634201,917.357361,
76,11,76-11,f1,5.98333311,76-23,76-24,76-24,7.13972569,4079.91284,
76,12,76-12,f1,12.1499996,76-25,76-26,76-26,11.6879883,3597.66846,
76,13,76-13,f1,13.583333,76-27,76-28,76-28,5.36025238,821.641541,
76,14,76-14,f3,0.0199999996,76-29,76-30,76-30,7.65132141,362.35434,
76,15,76-15,Leaf,,,,,-0.0277307853,275.209076,
76,16,76-16,Leaf,,,,,-0.0193916019,187.97258,
76,17,76-17,Leaf,,,,,0.00299961399,8.56734657,
76,18,76-18,Leaf,,,,,-0.0110427383,44.6586914,
76,19,76-19,Leaf,,,,,-0.011321445,545.470886,
76,20,76-20,Leaf,,,,,-0.00472970121,82.0262222,
76,21,76-21,Leaf,,,,,-0.0063366266,883.798218,
76,22,76-22,Leaf,,,,,0.00369078526,33.5591507,
76,23,76-23,Leaf,,,,,-0.00411085645,716.020325,
76,24,76-24,Leaf,,,,,-0.000813179417,3363.89258,
76,25,76-25,Leaf,,,,,0.00459053461,2505.30493,
76,26,76-26,Leaf,,,,,0.000871156109,1092.36353,
76,27,76-27,Leaf,,,,,0.0115154041,814.419739,
76,28,76-28,Leaf,,,,,-0.0131482687,7.22181225,
76,29,76-29,Leaf,,,,,0.0258090477,326.382538,
76,30,76-30,Leaf,,,,,0.0108059393,35.9717865,
77,0,77-0,f0,-0.706302583,77-1,77-2,77-2,359.740356,10899.7559,
77,1,77-1,f0,-1.40507162,77-3,77-4,77-4,68.6436768,1545.90869,
77,2,77-2,f0,1.22652817,77-5,77-6,77-6,226.730743,9353.84766,
77,3,77-3,f1,9.83333302,77-7,77-8,77-8,9.146698,391.415558,
77,4,77-4,f0,-0.994457901,77-9,77-10,77-10,7.53461456,1154.49304,
77,5,77-5,f0,0.0501535833,77-11,77-12,77-12,73.4714432,8685.3457,
77,6,77-6,f0,1.88079357,77-13,77-14,77-14,20.634613,668.501709,
77,7,77-7,f0,-1.64485359,77-15,77-16,77-16,5.97518921,373.898956,
77,8,77-8,f1,10.5500002,77-17,77-18,77-18,5.45189476,17.5166035,
77,9,77-9,f1,8.83333302,77-19,77-20,77-20,6.77908325,518.370483,
77,10,77-10,f1,2.5666666,77-21,77-22,77-22,5.07006454,636.12262,
77,11,77-11,f1,5.98333311,77-23,77-24,77-24,13.0097904,4207.06689,
77,12,77-12,f0,0.643345416,77-25,77-26,77-26,21.0353317,4478.27881,
77,13,77-13,f0,1.55477357,77-27,77-28,77-28,3.90433502,466.162262,
77,14,77-14,f3,0.0199999996,77-29,77-30,77-30,6.26525879,202.339462,
77,15,77-15,Leaf,,,,,-0.0282735545,232.254639,
77,16,77-16,Leaf,,,,,-0.0200323369,141.644302,
77,17,77-17,Leaf,,,,,0.0175131653,6.43603516,
77,18,77-18,Leaf,,,,,-0.0151625974,11.0805683,
77,19,77-19,Leaf,,,,,-0.0142515013,398.794189,
77,20,77-20,Leaf,,,,,-0.00603506295,119.576279,
77,21,77-21,Leaf,,,,,-0.0164671633,51.2464333,
77,22,77-22,Leaf,,,,,-0.00665456709,584.876221,
77,23,77-23,Leaf,,,,,-0.00538300164,784.44458,
77,24,77-24,Leaf,,,,,-0.00110130792,3422.62231,
77,25,77-25,Leaf,,,,,0.00235818909,3255.2041,
77,26,77-26,Leaf,,,,,0.00697284006,1223.07471,
77,27,77-27,Leaf,,,,,0.0134861153,310.227051,
77,28,77-28,Leaf,,,,,0.0194851235,155.935196,
77,29,77-29,Leaf,,,,,0.0284335222,190.001312,
77,30,77-30,Leaf,,,,,0.00583149353,12.3381548,
78,0,78-0,f0,-0.100433722,78-1,78-2,78-2,342.979645,10919.6094,
78,1,78-1,f0,-1.2815516,78-3,78-4,78-4,165.7276,4587.33984,
78,2,78-2,f0,1.22652817,78-5,78-6,78-6,178.511612,6332.26953,
78,3,78-3,f1,8.46666622,78-7,78-8,78-8,15.9821777,501.982574,
78,4,78-4,f0,-0.612812996,78-9,78-10,78-10,27.44384,4085.35718,
78,5,78-5,f0,0.553384721,78-11,78-12,78-12,37.1961937,5675.02686,
78,6,78-6,f0,1.75068605,78-13,78-14,78-14,20.1452026,657.242432,
78,7,78-7,f0,-1.75068605,78-15,78-16,78-16,8.31582642,444.064362,
78,8,78-8,f0,-1.40507162,78-17,78-18,78-18,1.58093739,57.9182358,
78,9,78-9,f2,-0.0299999993,78-19,78-20,78-20,6.43190002,1317.82959,
78,10,78-10,f1,9.66666698,78-21,78-22,78-22,5.4690876,2767.52759,
78,11,78-11,f2,0.0599999987,78-23,78-24,78-24,6.98933792,4130.09912,
78,12,78-12,f1,9.26666641,78-25,78-26,78-26,6.08071136,1544.92773,
78,13,78-13,f2,0.0799999982,78-27,78-28,78-28,4.84397888,410.13858,
78,14,78-14,f3,0.0199999996,78-29,78-30,78-30,3.6917572,247.103851,
78,15,78-15,Leaf,,,,,-0.0294963699,185.895493,
78,16,78-16,Leaf,,,,,-0.0208676346,258.168854,
78,17,78-17,Leaf,,,,,-0.0121541033,30.8696651,
78,18,78-18,Leaf,,,,,-0.00219420623,27.0485725,
78,19,78-19,Leaf,,,,,0.00461084442,35.3030739,
78,20,78-20,Leaf,,,,,-0.00826308317,1282.52649,
78,21,78-21,Leaf,,,,,-0.00109389564,1169.07288,
78,22,78-22,Leaf,,,,,-0.00379474089,1598.45483,
78,23,78-23,Leaf,,,,,0.00135054078,4081.10278,
78,24,78-24,Leaf,,,,,-0.00993607193,48.9965248,
78,25,78-25,Leaf,,,,,0.00809264835,983.709595,
78,26,78-26,Leaf,,,,,0.00416634511,561.21814,
78,27,78-27,Leaf,,,,,0.0154431146,404.752563,
78,28,78-28,Leaf,,,,,-0.0115645472,5.38602448,
78,29,78-29,Leaf,,,,,0.027087776,227.683151,
78,30,78-30,Leaf,,,,,0.0124885179,19.420702,
79,0,79-0,f0,-0.524400532,79-1,79-2,79-2,336.167511,10830.2988,
79,1,79-1,f0,-1.40507162,79-3,79-4,79-4,92.8427734,2125.33521,
79,2,79-2,f0,0.738846838,79-5,79-6,79-6,196.387268,8704.96387,
79,3,79-3,f2,-0.0299999993,79-7,79-8,79-8,7.09588623,376.876953,
79,4,79-4,f0,-0.994457901,79-9,79-10,79-10,12.7146225,1748.45825,
79,5,79-5,f0,0.227544978,79-11,79-12,79-12,30.957922,7124.64648,
79,6,79-6,f0,1.55477357,79-13,79-14,79-14,61.6972656,1580.3175,
79,7,79-7,Leaf,,,,,0.00550710456,6.75656128,
79,8,79-8,f0,-1.55477357,79-15,79-16,79-16,5.93815613,370.120392,
79,9,79-9,f2,-0.0199999996,79-17,79-18,79-18,3.0386734,506.720184,
79,10,79-10,f2,-0.0299999993,79-19,79-20,79-20,3.55038834,1241.73816,
79,11,79-11,f0,-0.176374167,79-21,79-22,79-22,6.59417868,4863.82764,
79,12,79-12,f3,0.0599999987,79-23,79-24,79-24,6.14995575,2260.81885,
79,13,79-13,f0,1.22652817,79-25,79-26,79-26,5.75312805,1239.25818,
79,14,79-14,f0,2.05374885,79-27,79-28,79-28,7.12701416,341.059296,
79,15,79-15,Leaf,,,,,-0.0272281617,266.041565,
79,16,79-16,Leaf,,,,,-0.0183400903,104.078796,
79,17,79-17,Leaf,,,,,-0.00166677171,25.5194588,
79,18,79-18,Leaf,,,,,-0.0123601621,481.200714,
79,19,79-19,Leaf,,,,,0.00351711758,32.5175858,
79,20,79-20,Leaf,,,,,-0.00643991446,1209.22046,
79,21,79-21,Leaf,,,,,-0.00227841781,1909.42175,
79,22,79-22,Leaf,,,,,-1.67086855e-05,2954.40576,
79,23,79-23,Leaf,,,,,0.00356546836,2216.50659,
79,24,79-24,Leaf,,,,,-0.00761036295,44.3121986,
79,25,79-25,Leaf,,,,,0.0078192614,932.858398,
79,26,79-26,Leaf,,,,,0.0125878043,306.399811,
79,27,79-27,Leaf,,,,,0.0194806959,196.434998,
79,28,79-28,Leaf,,,,,0.0285943933,144.624313,
80,0,80-0,f0,-0.553384721,80-1,80-2,80-2,302.826843,10820.6504,
80,1,80-1,f0,-1.47579098,80-3,80-4,80-4,87.4364014,2010.0061,
80,2,80-2,f0,0.9153651,80-5,80-6,80-6,190.101379,8810.64453,
80,3,80-3,f1,9.83333302,80-7,80-8,80-8,9.08300781,316.21283,
80,4,80-4,f0,-1.08031929,80-9,80-10,80-10,13.9330902,1693.79333,
80,5,80-5,f0,0.305480778,80-11,80-12,80-12,35.0747147,7675.71973,
80,6,80-6,f0,1.88079357,80-13,80-14,80-14,40.1971436,1134.92456,
80,7,80-7,f0,-1.75068605,80-15,80-16,80-16,2.53904724,302.069061,
80,8,80-8,f1,10.5500002,80-17,80-18,80-18,6.27202845,14.1437511,
80,9,80-9,f2,-0.0299999993,80-19,80-20,80-20,5.96096802,426.546112,
80,10,80-10,f1,2.5666666,80-21,80-22,80-22,7.86519623,1267.24719,
80,11,80-11,f0,0.0501535833,80-23,80-24,80-24,7.93502522,5465.18311,
80,12,80-12,f3,0.189999998,80-25,80-26,80-26,8.30860138,2210.53711,
80,13,80-13,f2,0.0500000007,80-27,80-28,80-28,9.7122345,948.265747,
80,14,80-14,f3,0.0199999996,80-29,80-30,80-30,3.87205505,186.658844,
80,15,80-15,Leaf,,,,,-0.0285654142,178.185303,
80,16,80-16,Leaf,,,,,-0.0222219862,123.883774,
80,17,80-17,Leaf,,,,,0.0219782889,5.34332943,
80,18,80-18,Leaf,,,,,-0.016314093,8.80042171,
80,19,80-19,Leaf,,,,,0.00886332802,10.8306236,
80,20,80-20,Leaf,,,,,-0.0130415671,415.715485,
80,21,80-21,Leaf,,,,,-0.0143462876,97.5233612,
80,22,80-22,Leaf,,,,,-0.00549669936,1169.72388,
80,23,80-23,Leaf,,,,,-0.00136265205,3695.74121,
80,24,80-24,Leaf,,,,,0.00107986061,1769.44165,
80,25,80-25,Leaf,,,,,0.00400156714,2205.34473,
80,26,80-26,Leaf,,,,,-0.0308331903,5.19222164,
80,27,80-27,Leaf,,,,,0.0117268693,933.399536,
80,28,80-28,Leaf,,,,,-0.01211657,14.8662205,
80,29,80-29,Leaf,,,,,0.0276935827,175.097733,
80,30,80-30,Leaf,,,,,0.00879537687,11.5611115,
81,0,81-0,f0,-0.643345416,81-1,81-2,81-2,293.83017,10780.3975,
81,1,81-1,f0,-1.2815516,81-3,81-4,81-4,75.3014221,1690.59229,
81,2,81-2,f0,1.08031929,81-5,81-6,81-6,192.849182,9089.80566,
81,3,81-3,f1,8.73333359,81-7,81-8,81-8,13.0327301,472.509094,
81,4,81-4,f1,3.0666666,81-9,81-10,81-10,4.50578308,1218.08325,
81,5,81-5,f0,0.125661343,81-11,81-12,81-12,46.6607819,8274.51367,
81,6,81-6,f0,1.88079357,81-13,81-14,81-14,28.660614,815.292053,
81,7,81-7,f0,-1.55477357,81-15,81-16,81-16,6.98443604,423.167053,
81,8,81-8,f1,12.4666662,81-17,81-18,81-18,1.74843049,49.3420181,
81,9,81-9,f1,2.6833334,81-19,81-20,81-20,2.09621048,159.343689,
81,10,81-10,f0,-1.08031929,81-21,81-22,81-22,4.41640854,1058.7395,
81,11,81-11,f1,4.7833333,81-23,81-24,81-24,8.12794209,4588.96338,
81,12,81-12,f1,9.61666679,81-25,81-26,81-26,10.7002831,3685.55029,
81,13,81-13,f1,11.2333336,81-27,81-28,81-28,5.40408325,633.167542,
81,14,81-14,f3,0.0199999996,81-29,81-30,81-30,3.82203674,182.124496,
81,15,81-15,Leaf,,,,,-0.0268309154,247.550934,
81,16,81-16,Leaf,,,,,-0.0186932962,175.616135,
81,17,81-17,Leaf,,,,,-0.0090077538,44.0171967,
81,18,81-18,Leaf,,,,,0.00809512846,5.32482052,
81,19,81-19,Leaf,,,,,-0.0104282917,124.407913,
81,20,81-20,Leaf,,,,,-0.018973507,34.9357758,
81,21,81-21,Leaf,,,,,-0.0108864391,209.009888,
81,22,81-22,Leaf,,,,,-0.00599898677,849.729675,
81,23,81-23,Leaf,,,,,-0.0047757756,568.898438,
81,24,81-24,Leaf,,,,,-0.000947049761,4020.0647,
81,25,81-25,Leaf,,,,,0.00473129144,1836.24097,
81,26,81-26,Leaf,,,,,0.00149758661,1849.3092,
81,27,81-27,Leaf,,,,,0.0134999305,597.849792,
81,28,81-28,Leaf,,,,,0.0013821969,35.3177032,
81,29,81-29,Leaf,,,,,0.027501693,170.619736,
81,30,81-30,Leaf,,,,,0.0086749699,11.5047607,
82,0,82-0,f2,-0.270000011,82-1,82-2,82-2,8.14817142,10746.873,
82,1,82-1,Leaf,,,,,0.0313355997,6.53412247,
82,2,82-2,f3,0.230000004,82-3,82-4,82-4,12.3992386,10740.3389,
82,3,82-3,f2,0.0399999991,82-5,82-6,82-6,4.07272577,10727.3662,
82,4,82-4,f5,0.25,82-7,82-8,82-8,2.72356796,12.9722509,
82,5,82-5,f1,9.66666698,82-9,82-10,82-10,3.66558957,10493.3447,
82,6,82-6,f1,14.5333338,82-11,82-12,82-12,5.02662516,234.021576,
82,7,82-7,Leaf,,,,,-0.0142599773,7.9457159,
82,8,82-8,Leaf,,,,,-0.0440194942,5.02653503,
82,9,82-9,Leaf,,,,,0.000784627162,5498.16162,
82,10,82-10,Leaf,,,,,-0.000337981066,4995.18311,
82,11,82-11,Leaf,,,,,-0.00518009067,211.669266,
82,12,82-12,Leaf,,,,,0.00950533524,22.3523197,
83,0,83-0,f0,-0.738846838,83-1,83-2,83-2,276.505371,10788.7725,
83,1,83-1,f0,-1.47579098,83-3,83-4,83-4,59.9198151,1391.85339,
83,2,83-2,f0,1.08031929,83-5,83-6,83-6,207.076721,9396.91895,
83,3,83-3,f1,9.83333302,83-7,83-8,83-8,9.65185547,306.126495,
83,4,83-4,f0,-1.08031929,83-9,83-10,83-10,9.46215057,1085.72693,
83,5,83-5,f0,0.150969222,83-11,83-12,83-12,45.3864555,8581.82812,
83,6,83-6,f0,1.75068605,83-13,83-14,83-14,26.7908173,815.091125,
83,7,83-7,f0,-1.64485359,83-15,83-16,83-16,2.96008301,292.817444,
83,8,83-8,f1,10.5500002,83-17,83-18,83-18,5.78647232,13.3090401,
83,9,83-9,f2,-0.0299999993,83-19,83-20,83-20,5.44335938,421.450226,
83,10,83-10,f1,12.8500004,83-21,83-22,83-22,5.088974,664.276672,
83,11,83-11,f0,-0.253347099,83-23,83-24,83-24,8.70537281,5097.57324,
83,12,83-12,f0,0.612812996,83-25,83-26,83-26,13.0040398,3484.25513,
83,13,83-13,f1,11.2333336,83-27,83-28,83-28,5.46157074,589.190674,
83,14,83-14,f1,9.44999981,83-29,83-30,83-30,4.32341003,225.900467,
83,15,83-15,Leaf,,,,,-0.0274547338,209.012894,
83,16,83-16,Leaf,,,,,-0.0200551879,83.8045502,
83,17,83-17,Leaf,,,,,0.0228354894,5.24544191,
83,18,83-18,Leaf,,,,,-0.0146952514,8.06359768,
83,19,83-19,Leaf,,,,,0.00724914903,11.2981272,
83,20,83-20,Leaf,,,,,-0.0133396704,410.1521,
83,21,83-21,Leaf,,,,,-0.00639201747,632.494324,
83,22,83-22,Leaf,,,,,-0.0185785778,31.7823563,
83,23,83-23,Leaf,,,,,-0.00291723944,2082.65332,
83,24,83-24,Leaf,,,,,-0.000395411276,3014.91992,
83,25,83-25,Leaf,,,,,0.00176320854,2376.2959,
83,26,83-26,Leaf,,,,,0.00569879264,1107.95911,
83,27,83-27,Leaf,,,,,0.0134892231,556.06134,
83,28,83-28,Leaf,,,,,0.000922547886,33.1292839,
83,29,83-29,Leaf,,,,,0.0256050546,220.858459,
83,30,83-30,Leaf,,,,,-0.0020927228,5.04201078,
84,0,84-0,f0,-0.738846838,84-1,84-2,84-2,271.349609,10732.4697,
84,1,84-1,f0,-1.55477357,84-3,84-4,84-4,57.4626465,1377.77222,
84,2,84-2,f0,1.22652817,84-5,84-6,84-6,177.744003,9354.69727,
84,3,84-3,f1,9.83333302,84-7,84-8,84-8,5.77110291,249.197388,
84,4,84-4,f0,-1.2815516,84-9,84-10,84-10,8.73025513,1128.57483,
84,5,84-5,f0,0.227544978,84-11,84-12,84-12,55.5396385,8743.6416,
84,6,84-6,f0,1.88079357,84-13,84-14,84-14,20.0195007,611.055908,
84,7,84-7,f0,-2.05374885,84-15,84-16,84-16,1.5816803,240.238907,
84,8,84-8,Leaf,,,,,-0.00159849843,8.95848942,
84,9,84-9,f1,8.46666622,84-17,84-18,84-18,5.43340683,208.531158,
84,10,84-10,f2,-0.0399999991,84-19,84-20,84-20,5.05451202,920.04364,
84,11,84-11,f0,-0.176374167,84-21,84-22,84-22,15.075388,5553.56885,
84,12,84-12,f1,12.8500004,84-23,84-24,84-24,16.2790146,3190.07251,
84,13,84-13,f2,0.0799999982,84-25,84-26,84-26,6.11598206,437.605835,
84,14,84-14,f2,0.0199999996,84-27,84-28,84-28,3.32859802,173.450043,
84,15,84-15,Leaf,,,,,-0.0303259492,80.9758377,
84,16,84-16,Leaf,,,,,-0.0240846779,159.263062,
84,17,84-17,Leaf,,,,,-0.0174153261,168.570847,
84,18,84-18,Leaf,,,,,-0.00496264827,39.9603119,
84,19,84-19,Leaf,,,,,0.00789578166,16.4154339,
84,20,84-20,Leaf,,,,,-0.00854220334,903.628174,
84,21,84-21,Leaf,,,,,-0.00272511411,2598.51709,
84,22,84-22,Leaf,,,,,0.000406983978,2955.05176,
84,23,84-23,Leaf,,,,,0.00483869016,2683.15942,
84,24,84-24,Leaf,,,,,-0.00102132722,506.913055,
84,25,84-25,Leaf,,,,,0.01440995,432.093597,
84,26,84-26,Leaf,,,,,-0.015396541,5.51224327,
84,27,84-27,Leaf,,,,,0.0271622352,163.256744,
84,28,84-28,Leaf,,,,,0.00843810197,10.193306,
85,0,85-0,f0,-0.643345416,85-1,85-2,85-2,254.081589,10706.4961,
85,1,85-1,f0,-1.47579098,85-3,85-4,85-4,71.0199585,1650.52954,
85,2,85-2,f0,1.22652817,85-5,85-6,85-6,174.299026,9055.9668,
85,3,85-3,f1,9.83333302,85-7,85-8,85-8,6.29264832,293.197601,
85,4,85-4,f0,-0.95416528,85-9,85-10,85-10,7.89634705,1357.33191,
85,5,85-5,f0,0.305480778,85-11,85-12,85-12,54.7197571,8451.30859,
85,6,85-6,f0,1.88079357,85-13,85-14,85-14,21.5757294,604.658081,
85,7,85-7,f0,-2.05374885,85-15,85-16,85-16,2.81007385,279.800507,
85,8,85-8,f1,10.5500002,85-17,85-18,85-18,5.10457659,13.3970938,
85,9,85-9,f2,-0.0399999991,85-19,85-20,85-20,5.17575836,617.877991,
85,10,85-10,f1,2.0333333,85-21,85-22,85-22,4.82153511,739.453979,
85,11,85-11,f0,-0.385320455,85-23,85-24,85-24,9.72547913,5759.04736,
85,12,85-12,f1,9.26666641,85-25,85-26,85-26,10.9797821,2692.26172,
85,13,85-13,f2,0.0799999982,85-27,85-28,85-28,6.00920868,434.101929,
85,14,85-14,f3,0.0199999996,85-29,85-30,85-30,4.48991394,170.556122,
85,15,85-15,Leaf,,,,,-0.0302442592,80.1894226,
85,16,85-16,Leaf,,,,,-0.0228554104,199.611084,
85,17,85-17,Leaf,,,,,0.0172317605,5.32646084,
85,18,85-18,Leaf,,,,,-0.0179269426,8.07063293,
85,19,85-19,Leaf,,,,,0.00862730294,11.9809504,
85,20,85-20,Leaf,,,,,-0.0107358787,605.897034,
85,21,85-21,Leaf,,,,,-0.0160788037,37.6810036,
85,22,85-22,Leaf,,,,,-0.00515843043,701.772949,
85,23,85-23,Leaf,,,,,-0.0033236728,1050.04858,
85,24,85-24,Leaf,,,,,-0.000132000263,4708.99854,
85,25,85-25,Leaf,,,,,0.00620663352,1474.45789,
85,26,85-26,Leaf,,,,,0.00235499721,1217.80383,
85,27,85-27,Leaf,,,,,0.0143970819,428.565277,
85,28,85-28,Leaf,,,,,-0.0151035152,5.53664541,
85,29,85-29,Leaf,,,,,0.0279163085,159.746643,
85,30,85-30,Leaf,,,,,0.00714387884,10.8094797,
86,0,86-0,f2,-0.270000011,86-1,86-2,86-2,10.5668907,10676.7422,
86,1,86-1,Leaf,,,,,0.0385120846,5.37971354,
86,2,86-2,f3,0.230000004,86-3,86-4,86-4,13.1331806,10671.3623,
86,3,86-3,f2,0.0399999991,86-5,86-6,86-6,6.11513186,10657.709,
86,4,86-4,f5,0.25,86-7,86-8,86-8,2.44092751,13.6531105,
86,5,86-5,f2,0.0,86-9,86-10,86-10,3.6544528,10422.7822,
86,6,86-6,f1,14.3166666,86-11,86-12,86-12,5.47588587,234.926987,
86,7,86-7,Leaf,,,,,-0.0154027296,8.36083698,
86,8,86-8,Leaf,,,,,-0.0434340648,5.292274,
86,9,86-9,Leaf,,,,,-0.000884397305,2818.2998,
86,10,86-10,Leaf,,,,,0.00038014102,7604.48291,
86,11,86-11,Leaf,,,,,-0.00655599963,206.236588,
86,12,86-12,Leaf,,,,,0.00725237047,28.690403,
87,0,87-0,f2,0.0599999987,87-1,87-2,87-2,9.80842876,10680.8174,
87,1,87-1,f2,-0.270000011,87-3,87-4,87-4,9.08173847,10573.3477,
87,2,87-2,f2,0.230000004,87-5,87-6,87-6,2.91237545,107.470345,
87,3,87-3,Leaf,,,,,0.0333189406,6.39078617,
87,4,87-4,f1,1.31666672,87-7,87-8,87-8,2.96103382,10566.957,
87,5,87-5,f1,2.79999995,87-9,87-10,87-10,3.30700827,96.3410416,
87,6,87-6,f5,0.140000001,87-11,87-12,87-12,2.51891994,11.1293039,
87,7,87-7,f1,1.23333335,87-13,87-14,87-14,1.91618562,289.063019,
87,8,87-8,f1,9.66666698,87-15,87-16,87-16,3.29923773,10277.8936,
87,9,87-9,f5,0.370000005,87-17,87-18,87-18,3.02945185,27.6650963,
87,10,87-10,f1,14.1333332,87-19,87-20,87-20,3.63246346,68.6759491,
87,11,87-11,Leaf,,,,,-0.00570582272,5.11009884,
87,12,87-12,Leaf,,,,,-0.0347468592,6.01920509,
87,13,87-13,Leaf,,,,,-0.00207444862,258.394806,
87,14,87-14,Leaf,,,,,-0.00991092529,30.6682281,
87,15,87-15,Leaf,,,,,0.000666936277,5205.16357,
87,16,87-16,Leaf,,,,,-0.000408045569,5072.73047,
87,17,87-17,Leaf,,,,,-0.00400112011,21.2950802,
87,18,87-18,Leaf,,,,,0.0181949511,6.37001562,
87,19,87-19,Leaf,,,,,-0.0143024419,53.216835,
87,20,87-20,Leaf,,,,,0.00206119288,15.4591131,
88,0,88-0,f0,-0.643345416,88-1,88-2,88-2,256.566101,10678.0322,
88,1,88-1,f0,-1.47579098,88-3,88-4,88-4,64.6629486,1631.6875,
88,2,88-2,f0,1.08031929,88-5,88-6,88-6,152.604095,9046.34473,
88,3,88-3,f1,9.83333302,88-7,88-8,88-8,9.35282898,283.307892,
88,4,88-4,f0,-0.95416528,88-9,88-10,88-10,10.2281418,1348.37952,
88,5,88-5,f0,0.358458787,88-11,88-12,88-12,33.7350464,8261.67285,
88,6,88-6,f0,1.55477357,88-13,88-14,88-14,31.0950012,784.672302,
88,7,88-7,f0,-1.75068605,88-15,88-16,88-16,3.64323425,269.966736,
88,8,88-8,f1,10.5500002,88-17,88-18,88-18,5.27413845,13.3411417,
88,9,88-9,f2,-0.0299999993,88-19,88-20,88-20,8.2338028,611.235596,
88,10,88-10,f1,12.4666662,88-21,88-22,88-22,5.30218506,737.143982,
88,11,88-11,f0,-0.176374167,88-23,88-24,88-24,12.2336702,6073.45361,
88,12,88-12,f3,0.189999998,88-25,88-26,88-26,9.43084717,2188.21875,
88,13,88-13,f2,0.00999999978,88-27,88-28,88-28,10.1618423,476.016174,
88,14,88-14,f0,2.05374885,88-29,88-30,88-30,5.43331909,308.656128,
88,15,88-15,Leaf,,,,,-0.0281670559,158.822678,
88,16,88-16,Leaf,,,,,-0.0204685293,111.144051,
88,17,88-17,Leaf,,,,,0.0214066003,5.38076639,
88,18,88-18,Leaf,,,,,-0.0142830042,7.96037579,
88,19,88-19,Leaf,,,,,0.00920366589,16.9589024,
88,20,88-20,Leaf,,,,,-0.0115808873,594.276672,
88,21,88-21,Leaf,,,,,-0.00488340994,666.455627,
88,22,88-22,Leaf,,,,,-0.0134985596,70.6883926,
88,23,88-23,Leaf,,,,,-0.00200730376,2327.42603,
88,24,88-24,Leaf,,,,,0.000761652656,3746.02783,
88,25,88-25,Leaf,,,,,0.00414910959,2182.79126,
88,26,88-26,Leaf,,,,,-0.0322782658,5.42761183,
88,27,88-27,Leaf,,,,,0.012433093,352.547485,
88,28,88-28,Leaf,,,,,0.00241329405,123.468681,
88,29,88-29,Leaf,,,,,0.0185413621,181.449936,
88,30,88-30,Leaf,,,,,0.0269917417,127.206192,
89,0,89-0,f0,-0.80642122,89-1,89-2,89-2,228.863419,10682.1191,
89,1,89-1,f0,-1.47579098,89-3,89-4,89-4,54.593277,1195.98047,
89,2,89-2,f0,0.9153651,89-5,89-6,89-6,168.40863,9486.13867,
89,3,89-3,f1,9.83333302,89-7,89-8,89-8,8.159729,278.661407,
89,4,89-4,f2,-0.100000001,89-9,89-10,89-10,6.55238342,917.319092,
89,5,89-5,f0,0.0,89-11,89-12,89-12,40.6550255,8416.65625,
89,6,89-6,f0,1.55477357,89-13,89-14,89-14,37.4661713,1069.48254,
89,7,89-7,f0,-1.88079357,89-15,89-16,89-16,2.51219177,265.769501,
89,8,89-8,f1,10.5500002,89-17,89-18,89-18,5.56994724,12.8919115,
89,9,89-9,Leaf,,,,,0.0202946831,6.08628559,
89,10,89-10,f1,3.5333333,89-19,89-20,89-20,5.0189743,911.232849,
89,11,89-11,f1,4.7833333,89-21,89-22,89-22,9.88811207,4041.17651,
89,12,89-12,f0,0.439913154,89-23,89-24,89-24,10.112072,4375.47998,
89,13,89-13,f1,13.583333,89-25,89-26,89-26,6.60293579,769.665527,
89,14,89-14,f1,10.5500002,89-27,89-28,89-28,6.83251953,299.817017,
89,15,89-15,Leaf,,,,,-0.0284952968,117.95285,
89,16,89-16,Leaf,,,,,-0.0218953658,147.81665,
89,17,89-17,Leaf,,,,,0.020524811,5.46656084,
89,18,89-18,Leaf,,,,,-0.0164920352,7.42535067,
89,19,89-19,Leaf,,,,,-0.0132884365,183.966034,
89,20,89-20,Leaf,,,,,-0.00770688662,727.266785,
89,21,89-21,Leaf,,,,,-0.00554199982,562.585815,
89,22,89-22,Leaf,,,,,-0.00125770702,3478.59058,
89,23,89-23,Leaf,,,,,0.00127609703,2877.4502,
89,24,89-24,Leaf,,,,,0.00431556115,1498.02954,
89,25,89-25,Leaf,,,,,0.00969686359,762.587463,
89,26,89-26,Leaf,,,,,-0.0177717078,7.0780859,
89,27,89-27,Leaf,,,,,0.0225996915,293.551941,
89,28,89-28,Leaf,,,,,-0.00797706097,6.26505661,
90,0,90-0,f0,-0.80642122,90-1,90-2,90-2,232.386551,10636.4199,
90,1,90-1,f0,-1.47579098,90-3,90-4,90-4,51.5264435,1179.20581,
90,2,90-2,f0,0.95416528,90-5,90-6,90-6,154.332901,9457.21387,
90,3,90-3,f1,9.83333302,90-7,90-8,90-8,7.75970459,273.015686,
90,4,90-4,f0,-1.17498684,90-9,90-10,90-10,6.22291565,906.190125,
90,5,90-5,f0,0.0,90-11,90-12,90-12,32.8179626,8462.99219,
90,6,90-6,f0,1.88079357,90-13,90-14,90-14,32.539566,994.221619,
90,7,90-7,f0,-2.05374885,90-15,90-16,90-16,2.45993042,259.653931,
90,8,90-8,f1,10.5500002,90-17,90-18,90-18,3.51488447,13.3617697,
90,9,90-9,f1,5.8166666,90-19,90-20,90-20,5.73608398,283.576447,
90,10,90-10,f1,6.7166667,90-21,90-22,90-22,2.68460464,622.613647,
90,11,90-11,f1,1.73333335,90-23,90-24,90-24,9.27276134,4026.92798,
90,12,90-12,f0,0.495850354,90-25,90-26,90-26,8.16863823,4436.06396,
90,13,90-13,f0,1.22652817,90-27,90-28,90-28,7.53366852,833.623657,
90,14,90-14,f2,0.0199999996,90-29,90-30,90-30,3.22924042,160.597916,
90,15,90-15,Leaf,,,,,-0.0302970596,73.2312851,
90,16,90-16,Leaf,,,,,-0.0229832623,186.422638,
90,17,90-17,Leaf,,,,,0.0151827512,5.54149055,
90,18,90-18,Leaf,,,,,-0.0138494587,7.82027864,
90,19,90-19,Leaf,,,,,-0.016841352,150.894257,
90,20,90-20,Leaf,,,,,-0.00818609353,132.682205,
90,21,90-21,Leaf,,,,,-0.00526014669,284.312744,
90,22,90-22,Leaf,,,,,-0.00925339572,338.300903,
90,23,90-23,Leaf,,,,,-0.0105275912,104.695099,
90,24,90-24,Leaf,,,,,-0.00152118667,3922.23291,
90,25,90-25,Leaf,,,,,0.00113846757,3104.21924,
90,26,90-26,Leaf,,,,,0.00394695858,1331.84485,
90,27,90-27,Leaf,,,,,0.00736884493,411.745605,
90,28,90-28,Leaf,,,,,0.0131105408,421.878082,
90,29,90-29,Leaf,,,,,0.0261241291,150.787354,
90,30,90-30,Leaf,,,,,0.00742358575,9.81056213,
91,0,91-0,f0,-0.772193193,91-1,91-2,91-2,199.427246,10579.3779,
91,1,91-1,f0,-1.55477357,91-3,91-4,91-4,54.4873657,1237.82703,
91,2,91-2,f0,1.08031929,91-5,91-6,91-6,148.995193,9341.55078,
91,3,91-3,f1,9.26666641,91-7,91-8,91-8,5.77639771,221.620529,
91,4,91-4,f0,-1.17498684,91-9,91-10,91-10,7.56432343,1016.20642,
91,5,91-5,f0,0.150969222,91-11,91-12,91-12,37.314724,8581.37793,
91,6,91-6,f0,1.75068605,91-13,91-14,91-14,27.9775848,760.172974,
91,7,91-7,f3,0.0299999993,91-15,91-16,91-16,1.67713928,211.345078,
91,8,91-8,f1,10.5500002,91-17,91-18,91-18,1.94273543,10.2754498,
91,9,91-9,f2,-0.0500000007,91-19,91-20,91-20,3.88444519,321.667664,
91,10,91-10,f1,12.6999998,91-21,91-22,91-22,3.8685379,694.538757,
91,11,91-11,f1,2.41666675,91-23,91-24,91-24,7.59925556,5134.96582,
91,12,91-12,f3,0.200000003,91-25,91-26,91-26,7.42313957,3446.41211,
91,13,91-13,f1,11.4499998,91-27,91-28,91-28,5.71970367,559.451294,
91,14,91-14,f3,0.0199999996,91-29,91-30,91-30,4.58341217,200.72171,
91,15,91-15,Leaf,,,,,-0.0263485536,206.223465,
91,16,91-16,Leaf,,,,,-0.0072088684,5.12162304,
91,17,91-17,Leaf,,,,,0.00958312117,5.12122202,
91,18,91-18,Leaf,,,,,-0.0143291969,5.15422821,
91,19,91-19,Leaf,,,,,0.0116964756,5.25077295,
91,20,91-20,Leaf,,,,,-0.0126907965,316.41687,
91,21,91-21,Leaf,,,,,-0.00614378275,660.514771,
91,22,91-22,Leaf,,,,,-0.0164397899,34.0239983,
91,23,91-23,Leaf,,,,,-0.00679199025,219.578766,
91,24,91-24,Leaf,,,,,-0.00109936565,4915.38721,
91,25,91-25,Leaf,,,,,0.00275281654,3440.42358,
91,26,91-26,Leaf,,,,,-0.0282140262,5.9885602,
91,27,91-27,Leaf,,,,,0.0113148699,533.402222,
91,28,91-28,Leaf,,,,,-0.00297979009,26.0490532,
91,29,91-29,Leaf,,,,,0.0251394901,183.054657,
91,30,91-30,Leaf,,,,,0.00851291046,17.6670456,
92,0,92-0,f0,-1.12639117,92-1,92-2,92-2,205.998596,10583.748,
92,1,92-1,f0,-1.55477357,92-3,92-4,92-4,26.8322449,601.941162,
92,2,92-2,f0,1.08031929,92-5,92-6,92-6,144.166061,9981.80664,
92,3,92-3,f0,-2.05374885,92-7,92-8,92-8,1.47712708,217.855743,
92,4,92-4,f2,-0.00999999978,92-9,92-10,92-10,4.22434235,384.085449,
92,5,92-5,f0,-0.176374167,92-11,92-12,92-12,51.517849,9230.70801,
92,6,92-6,f0,1.75068605,92-13,92-14,92-14,27.3165588,751.098816,
92,7,92-7,Leaf,,,,,-0.0297067352,70.1976242,
92,8,92-8,Leaf,,,,,-0.0232996475,147.658112,
92,9,92-9,f2,-0.0399999991,92-15,92-16,92-16,1.45740199,42.3597336,
92,10,92-10,f0,-1.2815516,92-17,92-18,92-18,2.0443573,341.725708,
92,11,92-11,f0,-0.738846838,92-19,92-20,92-20,9.04168701,3284.69678,
92,12,92-12,f0,0.385320455,92-21,92-22,92-22,18.0994968,5946.01123,
92,13,92-13,f2,0.00999999978,92-23,92-24,92-24,4.72177887,554.383911,
92,14,92-14,f3,0.0199999996,92-25,92-26,92-26,4.18791199,196.71492,
92,15,92-15,Leaf,,,,,0.00725677237,8.56136799,
92,16,92-16,Leaf,,,,,-0.00601863069,33.7983665,
92,17,92-17,Leaf,,,,,-0.0156963468,174.471573,
92,18,92-18,Leaf,,,,,-0.0108493157,167.254135,
92,19,92-19,Leaf,,,,,-0.00608635647,701.330017,
92,20,92-20,Leaf,,,,,-0.00224549184,2583.3667,
92,21,92-21,Leaf,,,,,0.000411194196,3893.10327,
92,22,92-22,Leaf,,,,,0.00389200868,2052.90796,
92,23,92-23,Leaf,,,,,0.0118039465,411.070679,
92,24,92-24,Leaf,,,,,0.00542230858,143.313232,
92,25,92-25,Leaf,,,,,0.024589872,178.884796,
92,26,92-26,Leaf,,,,,0.00869847275,17.8301105,
93,0,93-0,f2,0.0599999987,93-1,93-2,93-2,7.48018503,10502.5967,
93,1,93-1,f2,-0.270000011,93-3,93-4,93-4,6.88951492,10397.6816,
93,2,93-2,f2,0.230000004,93-5,93-6,93-6,3.17162609,104.914833,
93,3,93-3,Leaf,,,,,0.0310517792,5.49219084,
93,4,93-4,f1,9.66666698,93-7,93-8,93-8,3.10851884,10392.1895,
93,5,93-5,f2,0.129999995,93-9,93-10,93-10,2.46648288,94.2510147,
93,6,93-6,f5,0.150000006,93-11,93-12,93-12,2.33769369,10.6638203,
93,7,93-7,f1,5.98333311,93-13,93-14,93-14,4.89849663,5372.64697,
93,8,93-8,f1,9.98333359,93-15,93-16,93-16,6.24478102,5019.54199,
93,9,93-9,f1,11.6166668,93-17,93-18,93-18,2.1186409,76.7734985,
93,10,93-10,f2,0.140000001,93-19,93-20,93-20,0.952073932,17.4775162,
93,11,93-11,Leaf,,,,,-0.00617916789,5.12953615,
93,12,93-12,Leaf,,,,,-0.0347337201,5.53428459,
93,13,93-13,Leaf,,,,,-0.000198199195,2897.21997,
93,14,93-14,Leaf,,,,,0.00161886099,2475.42725,
93,15,93-15,Leaf,,,,,-0.00475191278,279.080658,
93,16,93-16,Leaf,,,,,-0.000141849698,4740.46143,
93,17,93-17,Leaf,,,,,-0.00471284939,52.5569077,
93,18,93-18,Leaf,,,,,-0.015443217,24.2165909,
93,19,93-19,Leaf,,,,,0.0137912398,5.05695724,
93,20,93-20,Leaf,,,,,-0.000666276086,12.420558,
94,0,94-0,f0,-0.582841516,94-1,94-2,94-2,192.440002,10538.085,
94,1,94-1,f0,-1.47579098,94-3,94-4,94-4,59.9880524,1769.08887,
94,2,94-2,f0,1.2815516,94-5,94-6,94-6,125.361526,8768.99609,
94,3,94-3,f1,9.83333302,94-7,94-8,94-8,5.87077332,258.101349,
94,4,94-4,f0,-1.08031929,94-9,94-10,94-10,9.07624054,1510.98755,
94,5,94-5,f0,0.495850354,94-11,94-12,94-12,33.3489799,8263.68848,
94,6,94-6,f0,2.05374885,94-13,94-14,94-14,16.799881,505.307068,
94,7,94-7,f0,-2.05374885,94-15,94-16,94-16,3.60353088,245.259735,
94,8,94-8,f0,-1.64485359,94-17,94-18,94-18,5.26034784,12.841608,
94,9,94-9,f2,-0.0199999996,94-19,94-20,94-20,3.61202621,393.556732,
94,10,94-10,f1,2.5666666,94-21,94-22,94-22,7.20653534,1117.43079,
94,11,94-11,f0,0.125661343,94-23,94-24,94-24,6.88641834,6474.55615,
94,12,94-12,f1,9.26666641,94-25,94-26,94-26,8.08172989,1789.13293,
94,13,94-13,f1,12.1000004,94-27,94-28,94-28,7.12924957,390.773987,
94,14,94-14,f1,4.9000001,94-29,94-30,94-30,1.39851379,114.533066,
94,15,94-15,Leaf,,,,,-0.0295781083,67.9457092,
94,16,94-16,Leaf,,,,,-0.0208502542,177.314026,
94,17,94-17,Leaf,,,,,0.0165606514,6.0542798,
94,18,94-18,Leaf,,,,,-0.0192234032,6.78732777,
94,19,94-19,Leaf,,,,,0.00153666188,20.5769653,
94,20,94-20,Leaf,,,,,-0.0113038877,372.979767,
94,21,94-21,Leaf,,,,,-0.0135231679,88.0770111,
94,22,94-22,Leaf,,,,,-0.00460956944,1029.35388,
94,23,94-23,Leaf,,,,,-0.000728585699,4372.20117,
94,24,94-24,Leaf,,,,,0.00136039336,2102.35449,
94,25,94-25,Leaf,,,,,0.00614811713,1112.33203,
94,26,94-26,Leaf,,,,,0.00198711548,676.800903,
94,27,94-27,Leaf,,,,,0.0138915209,383.040009,
94,28,94-28,Leaf,,,,,-0.013893906,7.73398495,
94,29,94-29,Leaf,,,,,0.0277640484,100.889397,
94,30,94-30,Leaf,,,,,0.015417587,13.6436634,
95,0,95-0,f2,0.0399999991,95-1,95-2,95-2,8.27409744,10509.2803,
95,1,95-1,f2,-0.270000011,95-3,95-4,95-4,6.08780622,10268.4736,
95,2,95-2,f1,14.3166666,95-5,95-6,95-6,4.18244648,240.80661,
95,3,95-3,Leaf,,,,,0.0268974062,6.64854813,
95,4,95-4,f1,1.31666672,95-7,95-8,95-8,4.88747072,10261.8252,
95,5,95-5,f1,13.7333336,95-9,95-10,95-10,5.48934364,210.662811,
95,6,95-6,f5,0.0500000007,95-11,95-12,95-12,1.30891275,30.1438007,
95,7,95-7,f3,0.00999999978,95-13,95-14,95-14,2.82435131,263.936066,
95,8,95-8,f1,9.88333321,95-15,95-16,95-16,3.60315585,9997.88965,
95,9,95-9,f2,0.230000004,95-17,95-18,95-18,2.26153374,193.828842,
95,10,95-10,f5,0.129999995,95-19,95-20,95-20,2.71417904,16.8339748,
95,11,95-11,f1,14.7333336,95-21,95-22,95-22,0.3515625,12.230525,
95,12,95-12,f1,14.6833334,95-23,95-24,95-24,0.862552524,17.9132748,
95,13,95-13,Leaf,,,,,-0.00075045228,130.556763,
95,14,95-14,Leaf,,,,,-0.00695251906,133.379318,
95,15,95-15,Leaf,,,,,0.000775736407,5204.56445,
95,16,95-16,Leaf,,,,,-0.000364162319,4793.32471,
95,17,95-17,Leaf,,,,,-0.00470383465,185.270828,
95,18,95-18,Leaf,,,,,-0.019775277,8.5580101,
95,19,95-19,Leaf,,,,,-0.0327376649,9.59938431,
95,20,95-20,Leaf,,,,,-0.0075454819,7.23459053,
95,21,95-21,Leaf,,,,,0.00564172538,6.24280405,
95,22,95-22,Leaf,,,,,0.0168974213,5.98772097,
95,23,95-23,Leaf,,,,,0.00413854793,12.05616,
95,24,95-24,Leaf,,,,,-0.00900313444,5.85711527,
96,0,96-0,f0,0.738846838,96-1,96-2,96-2,168.434357,10543.6963,
96,1,96-1,f0,-1.22652817,96-3,96-4,96-4,139.081253,9099.41895,
96,2,96-2,f0,1.55477357,96-5,96-6,96-6,46.0956421,1444.27747,
96,3,96-3,f0,-1.55477357,96-7,96-8,96-8,15.4468689,464.838409,
96,4,96-4,f0,-0.176374167,96-9,96-10,96-10,35.1822777,8634.58008,
96,5,96-5,f1,2.79999995,96-11,96-12,96-12,8.46957397,1170.37878,
96,6,96-6,f0,1.88079357,96-13,96-14,96-14,7.58409119,273.898743,
96,7,96-7,f1,9.83333302,96-15,96-16,96-16,6.67729187,210.261658,
96,8,96-8,f1,11.3500004,96-17,96-18,96-18,6.04925919,254.576752,
96,9,96-9,f0,-0.524400532,96-19,96-20,96-20,8.29397964,3409.04883,
96,10,96-10,f1,12.3666668,96-21,96-22,96-22,5.46724463,5225.53125,
96,11,96-11,f1,2.4666667,96-23,96-24,96-24,7.20329285,170.829498,
96,12,96-12,f1,3.70000005,96-25,96-26,96-26,7.50748825,999.549255,
96,13,96-13,f1,6.3499999,96-27,96-28,96-28,2.10059357,128.424835,
96,14,96-14,f3,0.0199999996,96-29,96-30,96-30,4.4492569,145.473907,
96,15,96-15,Leaf,,,,,-0.0245958939,201.39003,
96,16,96-16,Leaf,,,,,0.00180021452,8.87163258,
96,17,96-17,Leaf,,,,,-0.0134496754,242.05069,
96,18,96-18,Leaf,,,,,0.00745134661,12.5260572,
96,19,96-19,Leaf,,,,,-0.00465167128,1507.89368,
96,20,96-20,Leaf,,,,,-0.00167140982,1901.15515,
96,21,96-21,Leaf,,,,,0.00166941679,3294.01074,
96,22,96-22,Leaf,,,,,-0.00034060693,1931.52051,
96,23,96-23,Leaf,,,,,0.0099813398,138.22467,
96,24,96-24,Leaf,,,,,0.0256590396,32.6048203,
96,25,96-25,Leaf,,,,,-0.0026630885,84.3732681,
96,26,96-26,Leaf,,,,,0.00666213129,915.176025,
96,27,96-27,Leaf,,,,,0.0173409767,95.677269,
96,28,96-28,Leaf,,,,,0.00814358611,32.7475586,
96,29,96-29,Leaf,,,,,0.0267887283,135.218353,
96,30,96-30,Leaf,,,,,0.00565715833,10.2555628,
97,0,97-0,f0,-0.612812996,97-1,97-2,97-2,179.268372,10490.4531,
97,1,97-1,f0,-1.55477357,97-3,97-4,97-4,58.2621002,1638.82031,
97,2,97-2,f0,1.22652817,97-5,97-6,97-6,122.796921,8851.63281,
97,3,97-3,f1,9.26666641,97-7,97-8,97-8,4.21191406,206.802551,
97,4,97-4,f0,-1.08031929,97-9,97-10,97-10,10.1040039,1432.0177,
97,5,97-5,f0,0.439913154,97-11,97-12,97-12,28.7533569,8305.81934,
97,6,97-6,f0,1.88079357,97-13,97-14,97-14,15.1083679,545.813538,
97,7,97-7,f0,-2.05374885,97-15,97-16,97-16,1.88209534,196.880493,
97,8,97-8,Leaf,,,,,-0.00417971052,9.92206097,
97,9,97-9,f3,0.0500000007,97-17,97-18,97-18,3.46878052,428.315613,
97,10,97-10,f1,2.5666666,97-19,97-20,97-20,7.24157143,1003.70209,
97,11,97-11,f3,0.349999994,97-21,97-22,97-22,5.64278316,6361.14844,
97,12,97-12,f3,0.189999998,97-23,97-24,97-24,4.8331604,1944.67126,
97,13,97-13,f3,0.0799999982,97-25,97-26,97-26,3.85522461,401.274292,
97,14,97-14,f3,0.0199999996,97-27,97-28,97-28,6.50375366,144.53923,
97,15,97-15,Leaf,,,,,-0.0293855462,64.9558716,
97,16,97-16,Leaf,,,,,-0.022162294,131.924622,
97,17,97-17,Leaf,,,,,-0.0110474993,415.329498,
97,18,97-18,Leaf,,,,,0.00441051368,12.9860926,
97,19,97-19,Leaf,,,,,-0.0137314284,78.9600372,
97,20,97-20,Leaf,,,,,-0.00430297153,924.742065,
97,21,97-21,Leaf,,,,,1.53925484e-05,6355.73828,
97,22,97-22,Leaf,,,,,0.0281766858,5.41015577,
97,23,97-23,Leaf,,,,,0.00429631397,1939.10278,
97,24,97-24,Leaf,,,,,-0.0215335563,5.56845379,
97,25,97-25,Leaf,,,,,0.0129969539,395.792297,
97,26,97-26,Leaf,,,,,-0.0108575327,5.48198843,
97,27,97-27,Leaf,,,,,0.0258034598,133.943024,
97,28,97-28,Leaf,,,,,0.00127119885,10.5962124,
98,0,98-0,f0,-0.524400532,98-1,98-2,98-2,166.530914,10452.9912,
98,1,98-1,f0,-1.47579098,98-3,98-4,98-4,63.5297394,1946.92957,
98,2,98-2,f0,1.34075499,98-5,98-6,98-6,105.074783,8506.06152,
98,3,98-3,f0,-1.75068605,98-7,98-8,98-8,3.90156555,241.472733,
98,4,98-4,f0,-1.12639117,98-9,98-10,98-10,7.85747528,1705.45679,
98,5,98-5,f0,0.582841516,98-11,98-12,98-12,26.5730095,8086.90869,
98,6,98-6,f0,1.88079357,98-13,98-14,98-14,13.9423904,419.152557,
98,7,98-7,f1,8.53333378,98-15,98-16,98-16,4.28860474,134.473389,
98,8,98-8,f1,5.0666666,98-17,98-18,98-18,1.31239319,106.999344,
98,9,98-9,f1,8.73333359,98-19,98-20,98-20,4.99082184,331.363831,
98,10,98-10,f1,2.61666656,98-21,98-22,98-22,6.34234238,1374.09302,
98,11,98-11,f0,0.0501535833,98-23,98-24,98-24,4.68106127,6595.03076,
98,12,98-12,f3,0.159999996,98-25,98-26,98-26,7.55176163,1491.87817,
98,13,98-13,f3,0.0299999993,98-27,98-28,98-28,5.28035736,279.005737,
98,14,98-14,f3,0.0199999996,98-29,98-30,98-30,4.07269287,140.14682,
98,15,98-15,Leaf,,,,,-0.0268733744,129.42308,
98,16,98-16,Leaf,,,,,0.00109115918,5.05030584,
98,17,98-17,Leaf,,,,,-0.0144321127,63.6277618,
98,18,98-18,Leaf,,,,,-0.0219579656,43.3715782,
98,19,98-19,Leaf,,,,,-0.0119486265,259.677795,
98,20,98-20,Leaf,,,,,-0.00296040112,71.6860123,
98,21,98-21,Leaf,,,,,-0.0117784701,109.24498,
98,22,98-22,Leaf,,,,,-0.00426054141,1264.84802,
98,23,98-23,Leaf,,,,,-0.000507219345,3579.78149,
98,24,98-24,Leaf,,,,,0.00109694095,3015.24927,
98,25,98-25,Leaf,,,,,0.00479281694,1486.73901,
98,26,98-26,Leaf,,,,,-0.0286019817,5.13910389,
98,27,98-27,Leaf,,,,,0.0135085471,262.512268,
98,28,98-28,Leaf,,,,,-0.00378746912,16.4934597,
98,29,98-29,Leaf,,,,,0.0255810954,130.080276,
98,30,98-30,Leaf,,,,,0.00518525066,10.0665474,
99,0,99-0,f0,-0.738846838,99-1,99-2,99-2,152.563324,10462.958,
99,1,99-1,f0,-1.47579098,99-3,99-4,99-4,46.7642212,1264.29382,
99,2,99-2,f0,1.2815516,99-5,99-6,99-6,124.923958,9198.66406,
99,3,99-3,f0,-2.05374885,99-7,99-8,99-8,4.9460144,239.240677,
99,4,99-4,f2,-0.100000001,99-9,99-10,99-10,6.56672287,1025.05322,
99,5,99-5,f0,0.358458787,99-11,99-12,99-12,30.2181282,8722.02637,
99,6,99-6,f0,2.05374885,99-13,99-14,99-14,14.0637207,476.637512,
99,7,99-7,Leaf,,,,,-0.0291897729,61.7634087,
99,8,99-8,f2,-0.0199999996,99-15,99-16,99-16,1.78379059,177.477264,
99,9,99-9,Leaf,,,,,0.020141907,7.06143045,
99,10,99-10,f0,-1.12639117,99-17,99-18,99-18,4.7641983,1017.99176,
99,11,99-11,f0,-0.305480778,99-19,99-20,99-20,9.13720417,6325.02588,
99,12,99-12,f3,0.200000003,99-21,99-22,99-22,7.92737579,2397.00073,
99,13,99-13,f2,0.0799999982,99-23,99-24,99-24,3.21264648,372.007904,
99,14,99-14,f2,0.0199999996,99-25,99-26,99-26,1.32829285,104.629616,
99,15,99-15,Leaf,,,,,-0.00239923038,6.01060963,
99,16,99-16,Leaf,,,,,-0.019458551,171.46666,
99,17,99-17,Leaf,,,,,-0.0101346746,327.882233,
99,18,99-18,Leaf,,,,,-0.00572208688,690.109558,
99,19,99-19,Leaf,,,,,-0.00239169272,1737.62329,
99,20,99-20,Leaf,,,,,0.000162195618,4587.40234,
99,21,99-21,Leaf,,,,,0.00350098847,2391.8811,
99,22,99-22,Leaf,,,,,-0.0307155941,5.1195159,
99,23,99-23,Leaf,,,,,0.0138406809,366.832031,
99,24,99-24,Leaf,,,,,-0.00865339581,5.1758604,
99,25,99-25,Leaf,,,,,0.0268721879,98.9501877,
99,26,99-26,Leaf,,,,,0.00960431248,5.67942524,
100,0,100-0,f0,-0.553384721,100-1,100-2,100-2,139.963867,10439.9521,
100,1,100-1,f0,-1.47579098,100-3,100-4,100-4,56.5884552,1829.88257,
100,2,100-2,f0,1.47579098,100-5,100-6,100-6,104.147751,8610.06934,
100,3,100-3,f0,-2.05374885,100-7,100-8,100-8,4.91009521,231.803802,
100,4,100-4,f0,-1.08031929,100-9,100-10,100-10,7.19862747,1598.07886,
100,5,100-5,f0,0.643345416,100-11,100-12,100-12,31.4335175,8302.18652,
100,6,100-6,f3,0.0199999996,100-13,100-14,100-14,7.5977478,307.882874,
100,7,100-7,Leaf,,,,,-0.0290567726,59.5741463,
100,8,100-8,f2,-0.0199999996,100-15,100-16,100-16,1.59759521,172.22966,
100,9,100-9,f2,-0.0199999996,100-17,100-18,100-18,6.66154099,380.245789,
100,10,100-10,f2,-0.0199999996,100-19,100-20,100-20,1.18357468,1217.83301,
100,11,100-11,f0,-0.176374167,100-21,100-22,100-22,7.73032999,6934.97852,
100,12,100-12,f2,0.140000001,100-23,100-24,100-24,5.82475281,1367.20813,
100,13,100-13,f0,1.88079357,100-25,100-26,100-26,6.42086792,270.229614,
100,14,100-14,f2,0.0399999991,100-27,100-28,100-28,1.18361437,37.653286,
100,15,100-15,Leaf,,,,,-0.00311172288,6.19415617,
100,16,100-16,Leaf,,,,,-0.0191902872,166.035507,
100,17,100-17,Leaf,,,,,0.00714738807,20.5597916,
100,18,100-18,Leaf,,,,,-0.0101396935,359.685974,
100,19,100-19,Leaf,,,,,-0.000517301203,65.326973,
100,20,100-20,Leaf,,,,,-0.0046765781,1152.5061,
100,21,100-21,Leaf,,,,,-0.0014975532,2000.96887,
100,22,100-22,Leaf,,,,,0.000712653855,4934.00977,
100,23,100-23,Leaf,,,,,0.0051788264,1362.02234,
100,24,100-24,Leaf,,,,,-0.0240695253,5.18571711,
100,25,100-25,Leaf,,,,,0.0159013662,145.541519,
100,26,100-26,Leaf,,,,,0.0254688021,124.688087,
100,27,100-27,Leaf,,,,,0.00828943681,30.8021736,
100,28,100-28,Leaf,,,,,-0.00491753872,6.85111475,
101,0,101-0,f0,-1.2815516,101-1,101-2,101-2,139.675232,10406.3262,
101,1,101-1,f1,8.53333378,101-3,101-4,101-4,14.7715607,371.352203,
101,2,101-2,f0,0.738846838,101-5,101-6,101-6,109.777481,10034.9736,
101,3,101-3,f0,-1.55477357,101-7,101-8,101-8,8.44044495,323.608398,
101,4,101-4,f1,12.4666662,101-9,101-10,101-10,1.23865712,47.7438011,
101,5,101-5,f0,-0.125661343,101-11,101-12,101-12,28.6544209,8635.05859,
101,6,101-6,f0,1.75068605,101-13,101-14,101-14,38.7199631,1399.91467,
101,7,101-7,f0,-2.05374885,101-15,101-16,101-16,1.17340088,177.42572,
101,8,101-8,f2,0.0199999996,101-17,101-18,101-18,1.68771744,146.182678,
101,9,101-9,f0,-1.40507162,101-19,101-20,101-20,2.26655793,42.6606598,
101,10,101-10,Leaf,,,,,0.0103796599,5.08314371,
101,11,101-11,f0,-0.643345416,101-21,101-22,101-22,10.5194969,3775.1062,
101,12,101-12,f0,0.279319048,101-23,101-24,101-24,5.71135759,4859.95264,
101,13,101-13,f1,13.5333338,101-25,101-26,101-26,10.4261551,1228.21252,
101,14,101-14,f0,2.05374885,101-27,101-28,101-28,3.52075195,171.702225,
101,15,101-15,Leaf,,,,,-0.0289474335,58.308342,
101,16,101-16,Leaf,,,,,-0.0224712826,119.117386,
101,17,101-17,Leaf,,,,,-0.0137411039,136.690887,
101,18,101-18,Leaf,,,,,-0.0270857476,9.49180031,
101,19,101-19,Leaf,,,,,-0.0105844121,22.0499268,
101,20,101-20,Leaf,,,,,0.00299387961,20.610733,
101,21,101-21,Leaf,,,,,-0.00492183259,1148.86182,
101,22,101-22,Leaf,,,,,-0.00148014224,2626.24438,
101,23,101-23,Leaf,,,,,0.000133103313,2966.35693,
101,24,101-24,Leaf,,,,,0.00224169088,1893.59583,
101,25,101-25,Leaf,,,,,0.00693936134,1211.34058,
101,26,101-26,Leaf,,,,,-0.0161963999,16.8718529,
101,27,101-27,Leaf,,,,,0.016355427,73.0126953,
101,28,101-28,Leaf,,,,,0.0256137289,98.689537,
102,0,102-0,f0,-1.2815516,102-1,102-2,102-2,133.595322,10398.3096,
102,1,102-1,f0,-1.55477357,102-3,102-4,102-4,13.1406174,364.721558,
102,2,102-2,f0,0.84162122,102-5,102-6,102-6,96.9588394,10033.5879,
102,3,102-3,f1,9.26666641,102-7,102-8,102-8,5.87505341,184.464508,
102,4,102-4,f1,8.46666622,102-9,102-10,102-10,4.41712952,180.25705,
102,5,102-5,f0,-0.495850354,102-11,102-12,102-12,30.0240211,8886.5498,
102,6,102-6,f0,1.75068605,102-13,102-14,102-14,35.0477676,1147.03784,
102,7,102-7,f0,-2.05374885,102-15,102-16,102-16,1.10566711,174.743256,
102,8,102-8,Leaf,,,,,-0.000592072436,9.72124767,
102,9,102-9,f2,0.0199999996,102-17,102-18,102-18,1.62927246,143.654877,
102,10,102-10,f1,9.19999981,102-19,102-20,102-20,5.69740677,36.6021805,
102,11,102-11,f1,0.800000012,102-21,102-22,102-22,7.84472656,1679.45422,
102,12,102-12,f0,0.305480778,102-23,102-24,102-24,9.11464596,7207.0957,
102,13,102-13,f1,13.583333,102-25,102-26,102-26,7.66019821,975.328369,
102,14,102-14,f3,0.0199999996,102-27,102-28,102-28,4.94571686,171.709549,
102,15,102-15,Leaf,,,,,-0.0288161859,56.2523003,
102,16,102-16,Leaf,,,,,-0.0223919805,118.490959,
102,17,102-17,Leaf,,,,,-0.0131958462,134.769196,
102,18,102-18,Leaf,,,,,-0.0266450867,8.88568401,
102,19,102-19,Leaf,,,,,0.0151541447,10.6372204,
102,20,102-20,Leaf,,,,,-0.00997579843,25.9649582,
102,21,102-21,Leaf,,,,,-0.0243647713,15.769145,
102,22,102-22,Leaf,,,,,-0.00372024137,1663.68506,
102,23,102-23,Leaf,,,,,-0.000137104027,5205.75293,
102,24,102-24,Leaf,,,,,0.00224459101,2001.3429,
102,25,102-25,Leaf,,,,,0.00700321235,965.855713,
102,26,102-26,Leaf,,,,,-0.018877374,9.47265053,
102,27,102-27,Leaf,,,,,0.0230922531,154.778503,
102,28,102-28,Leaf,,,,,0.00562346587,16.9310379,
103,0,103-0,f2,0.0799999982,103-1,103-2,103-2,7.79922247,10365.5391,
103,1,103-1,f2,-0.270000011,103-3,103-4,103-4,6.37770367,10305.9414,
103,2,103-2,f5,0.100000001,103-5,103-6,103-6,2.45212889,59.5981636,
103,3,103-3,Leaf,,,,,0.0284876581,6.1526494,
103,4,103-4,f2,0.00999999978,103-7,103-8,103-8,3.2611165,10299.7891,
103,5,103-5,f1,12.9833336,103-9,103-10,103-10,4.37402296,19.5312614,
103,6,103-6,f1,4.01666689,103-11,103-12,103-12,4.95206642,40.0668983,
103,7,103-7,f1,5.98333311,103-13,103-14,103-14,2.40477991,7623.35059,
103,8,103-8,f1,11.0666666,103-15,103-16,103-16,7.8173933,2676.43799,
103,9,103-9,f5,0.0500000007,103-17,103-18,103-18,2.02944493,13.5616732,
103,10,103-10,Leaf,,,,,0.0178579334,5.96958876,
103,11,103-11,f2,0.189999998,103-19,103-20,103-20,3.01303649,19.4536629,
103,12,103-12,f1,7.63333321,103-21,103-22,103-22,0.611598015,20.6132374,
103,13,103-13,Leaf,,,,,-0.00102950982,2104.20557,
103,14,103-14,Leaf,,,,,0.000162196215,5519.14551,
103,15,103-15,Leaf,,,,,0.0023043598,1673.98303,
103,16,103-16,Leaf,,,,,-0.0010443147,1002.4549,
103,17,103-17,Leaf,,,,,-0.0216471087,6.68580008,
103,18,103-18,Leaf,,,,,0.000689920795,6.87587309,
103,19,103-19,Leaf,,,,,0.00370593066,14.3018351,
103,20,103-20,Leaf,,,,,-0.0212108176,5.15182829,
103,21,103-21,Leaf,,,,,-0.0353373401,5.02845335,
103,22,103-22,Leaf,,,,,-0.0193292163,15.5847836,
104,0,104-0,f0,-0.80642122,104-1,104-2,104-2,129.665756,10372.9014,
104,1,104-1,f0,-1.55477357,104-3,104-4,104-4,41.006134,1078.24792,
104,2,104-2,f0,1.22652817,104-5,104-6,104-6,103.24202,9294.65332,
104,3,104-3,f1,9.26666641,104-7,104-8,104-8,6.1002655,180.626541,
104,4,104-4,f3,0.109999999,104-9,104-10,104-10,5.67257309,897.621399,
104,5,104-5,f0,0.305480778,104-11,104-12,104-12,22.8212318,8788.9375,
104,6,104-6,f0,2.05374885,104-13,104-14,104-14,17.4162903,505.716492,
104,7,104-7,f0,-2.05374885,104-15,104-16,104-16,2.02853394,171.281403,
104,8,104-8,Leaf,,,,,0.000727030274,9.34512997,
104,9,104-9,f0,-1.2815516,104-17,104-18,104-18,5.88988113,890.123169,
104,10,104-10,Leaf,,,,,0.017370211,7.49821281,
104,11,104-11,f0,-0.279319048,104-19,104-20,104-20,9.2732935,6169.73486,
104,12,104-12,f1,9.26666641,104-21,104-22,104-22,6.47184563,2619.20215,
104,13,104-13,f1,4.7833333,104-23,104-24,104-24,2.98559189,410.876282,
104,14,104-14,f3,0.0199999996,104-25,104-26,104-26,1.48882294,94.8401871,
104,15,104-15,Leaf,,,,,-0.0292799268,55.7528191,
104,16,104-16,Leaf,,,,,-0.0213460661,115.528587,
104,17,104-17,Leaf,,,,,-0.0122753922,177.196594,
104,18,104-18,Leaf,,,,,-0.00614726869,712.926575,
104,19,104-19,Leaf,,,,,-0.00221304153,2048.06323,
104,20,104-20,Leaf,,,,,0.000256311061,4121.67188,
104,21,104-21,Leaf,,,,,0.00414546067,1422.37476,
104,22,104-22,Leaf,,,,,0.00115101575,1196.82727,
104,23,104-23,Leaf,,,,,0.01429848,199.261093,
104,24,104-24,Leaf,,,,,0.00906735659,211.615189,
104,25,104-25,Leaf,,,,,0.0268682968,89.4303284,
104,26,104-26,Leaf,,,,,0.00856570527,5.4098568,
105,0,105-0,f0,-1.17498684,105-1,105-2,105-2,118.290115,10370.9219,
105,1,105-1,f0,-1.55477357,105-3,105-4,105-4,17.7274857,474.488586,
105,2,105-2,f0,1.2815516,105-5,105-6,105-6,95.208725,9896.43262,
105,3,105-3,f1,9.83333302,105-7,105-8,105-8,7.18333435,177.578308,
105,4,105-4,f1,8.78333378,105-9,105-10,105-10,5.29494095,296.910278,
105,5,105-5,f0,-0.201893479,105-11,105-12,105-12,30.9198647,9446.49316,
105,6,105-6,f0,2.05374885,105-13,105-14,105-14,14.1176071,449.93985,
105,7,105-7,f0,-2.05374885,105-15,105-16,105-16,1.92410278,169.367844,
105,8,105-8,Leaf,,,,,0.00476232264,8.21047401,
105,9,105-9,f2,-0.0299999993,105-17,105-18,105-18,2.28793716,240.517029,
105,10,105-10,f1,9.13333321,105-19,105-20,105-20,6.1719985,56.3932304,
105,11,105-11,f2,-0.159999996,105-21,105-22,105-22,7.9413681,3152.03442,
105,12,105-12,f0,0.738846838,105-23,105-24,105-24,14.315527,6294.45898,
105,13,105-13,f1,12.1000004,105-25,105-26,105-26,6.41379166,356.549347,
105,14,105-14,f2,0.0199999996,105-27,105-28,105-28,2.50314713,93.3905106,
105,15,105-15,Leaf,,,,,-0.0286174621,53.8913155,
105,16,105-16,Leaf,,,,,-0.0208033882,115.476524,
105,17,105-17,Leaf,,,,,0.0023721878,9.25742054,
105,18,105-18,Leaf,,,,,-0.0126030464,231.259613,
105,19,105-19,Leaf,,,,,0.0188153274,9.73198223,
105,20,105-20,Leaf,,,,,-0.006373832,46.6612473,
105,21,105-21,Leaf,,,,,0.0273012184,7.10098791,
105,22,105-22,Leaf,,,,,-0.00245171483,3144.93335,
105,23,105-23,Leaf,,,,,0.00066448393,5356.79004,
105,24,105-24,Leaf,,,,,0.00468101352,937.668701,
105,25,105-25,Leaf,,,,,0.0119893383,348.865417,
105,26,105-26,Leaf,,,,,-0.0144013725,7.6839056,
105,27,105-27,Leaf,,,,,0.025739748,87.9631882,
105,28,105-28,Leaf,,,,,0.00394183351,5.4273243,
106,0,106-0,f0,-0.772193193,106-1,106-2,106-2,119.08815,10345.6182,
106,1,106-1,f0,-1.55477357,106-3,106-4,106-4,38.8976135,1130.31104,
106,2,106-2,f0,1.2815516,106-5,106-6,106-6,90.2453156,9215.30762,
106,3,106-3,f1,9.26666641,106-7,106-8,106-8,6.95610809,174.058578,
106,4,106-4,f0,-1.22652817,106-9,106-10,106-10,5.34300995,956.252441,
106,5,106-5,f0,0.524400532,106-11,106-12,106-12,22.0830479,8769.3125,
106,6,106-6,f0,2.05374885,106-13,106-14,106-14,14.1720963,445.994904,
106,7,106-7,f0,-2.05374885,106-15,106-16,106-16,2.09078979,164.319519,
106,8,106-8,Leaf,,,,,0.00218093256,9.73906517,
106,9,106-9,f1,7.91666651,106-17,106-18,106-18,5.92401886,239.468826,
106,10,106-10,f2,-0.0399999991,106-19,106-20,106-20,4.67597961,716.78363,
106,11,106-11,f0,-0.176374167,106-21,106-22,106-22,7.72326374,7130.76074,
106,12,106-12,f2,-0.0599999987,106-23,106-24,106-24,4.54009438,1638.55188,
106,13,106-13,f1,12.1000004,106-25,106-26,106-26,4.46295929,354.059113,
106,14,106-14,f2,0.0199999996,106-27,106-28,106-28,2.3518486,91.9357986,
106,15,106-15,Leaf,,,,,-0.0290865265,52.8811378,
106,16,106-16,Leaf,,,,,-0.0209023207,111.438377,
106,17,106-17,Leaf,,,,,-0.0134525914,179.178864,
106,18,106-18,Leaf,,,,,-0.00253991946,60.289959,
106,19,106-19,Leaf,,,,,0.0110221487,14.1506844,
106,20,106-20,Leaf,,,,,-0.00588383013,702.632935,
106,21,106-21,Leaf,,,,,-0.00159857166,2643.76709,
106,22,106-22,Leaf,,,,,0.000445206475,4486.99365,
106,23,106-23,Leaf,,,,,0.0219163597,11.0565472,
106,24,106-24,Leaf,,,,,0.0034103964,1627.49536,
106,25,106-25,Leaf,,,,,0.0119303167,347.060089,
106,26,106-26,Leaf,,,,,-0.0110998973,6.9989953,
106,27,106-27,Leaf,,,,,0.0259335637,86.2610855,
106,28,106-28,Leaf,,,,,0.00498638675,5.67470741,
107,0,107-0,f2,0.0799999982,107-1,107-2,107-2,9.85044193,10349.9307,
107,1,107-1,f2,-0.0299999993,107-3,107-4,107-4,5.12464428,10288.9023,
107,2,107-2,f1,3.0666666,107-5,107-6,107-6,2.30612183,61.0280609,
107,3,107-3,f5,0.0199999996,107-7,107-8,107-8,2.692173,252.248718,
107,4,107-4,f2,0.0,107-9,107-10,107-10,4.14373684,10036.6543,
107,5,107-5,f2,0.230000004,107-11,107-12,107-12,3.3994,24.2287502,
107,6,107-6,f1,7.63333321,107-13,107-14,107-14,4.37812519,36.7993088,
107,7,107-7,f2,-0.0399999991,107-15,107-16,107-16,0.50834465,14.4708605,
107,8,107-8,f2,-0.270000011,107-17,107-18,107-18,3.28439665,237.777863,
107,9,107-9,f5,0.49000001,107-19,107-20,107-20,3.32741618,2505.10791,
107,10,107-10,f1,9.88333321,107-21,107-22,107-22,2.54029632,7531.54639,
107,11,107-11,f5,0.230000004,107-23,107-24,107-24,2.24878192,18.3661499,
107,12,107-12,Leaf,,,,,-0.0224902015,5.86259937,
107,13,107-13,Leaf,,,,,-0.0350612737,8.0150671,
107,14,107-14,f1,9.83333302,107-25,107-26,107-26,5.13826466,28.7842407,
107,15,107-15,Leaf,,,,,-0.013017172,7.22292042,
107,16,107-16,Leaf,,,,,-0.0018229516,7.24794006,
107,17,107-17,Leaf,,,,,0.0261836909,5.49534273,
107,18,107-18,Leaf,,,,,0.00446241722,232.282516,
107,19,107-19,Leaf,,,,,-0.00102029194,2499.33105,
107,20,107-20,Leaf,,,,,-0.0220741816,5.77686453,
107,21,107-21,Leaf,,,,,0.000852286699,3970.74023,
107,22,107-22,Leaf,,,,,-0.000251151476,3560.80591,
107,23,107-23,Leaf,,,,,-0.00718669826,9.9662447,
107,24,107-24,Leaf,,,,,0.0128318984,8.39990616,
107,25,107-25,Leaf,,,,,0.0150328605,5.03535175,
107,26,107-26,Leaf,,,,,-0.0161867384,23.7488899,
108,0,108-0,f2,0.0799999982,108-1,108-2,108-2,7.33962345,10338.5576,
108,1,108-1,f1,9.66666698,108-3,108-4,108-4,3.06379366,10279.0488,
108,2,108-2,f1,4.01666689,108-5,108-6,108-6,3.21589565,59.5094872,
108,3,108-3,f2,0.00999999978,108-7,108-8,108-8,5.55547762,5231.11816,
108,4,108-4,f1,10.0666666,108-9,108-10,108-10,6.55782795,5047.93066,
108,5,108-5,f2,0.230000004,108-11,108-12,108-12,2.31924033,26.7096786,
108,6,108-6,f5,0.109999999,108-13,108-14,108-14,6.22118187,32.7998085,
108,7,108-7,f5,0.0199999996,108-15,108-16,108-16,7.86988783,3869.79883,
108,8,108-8,f5,0.189999998,108-17,108-18,108-18,7.58947754,1361.31909,
108,9,108-9,f2,0.00999999978,108-19,108-20,108-20,8.82896996,369.70578,
108,10,108-10,f2,-0.0299999993,108-21,108-22,108-22,4.21532679,4678.22461,
108,11,108-11,f5,0.170000002,108-23,108-24,108-24,2.28854179,19.9686852,
108,12,108-12,Leaf,,,,,-0.0164578278,6.7409935,
108,13,108-13,f1,12.9833336,108-25,108-26,108-26,1.37276947,13.8635273,
108,14,108-14,f1,9.44999981,108-27,108-28,108-28,2.57276917,18.9362812,
108,15,108-15,Leaf,,,,,-0.00694341911,139.185867,
108,16,108-16,Leaf,,,,,0.000296963466,3730.61304,
108,17,108-17,Leaf,,,,,0.00473082764,613.983948,
108,18,108-18,Leaf,,,,,0.00023086906,747.335144,
108,19,108-19,Leaf,,,,,-0.00693095196,277.361176,
108,20,108-20,Leaf,,,,,0.00374290626,92.3445969,
108,21,108-21,Leaf,,,,,0.00562685868,111.246361,
108,22,108-22,Leaf,,,,,-0.000257821579,4566.97852,
108,23,108-23,Leaf,,,,,-0.00881460868,8.15869236,
108,24,108-24,Leaf,,,,,0.0108592724,11.8099928,
108,25,108-25,Leaf,,,,,-0.00980084669,6.91566896,
108,26,108-26,Leaf,,,,,0.00785635319,6.94785881,
108,27,108-27,Leaf,,,,,-0.0116634164,7.66790628,
108,28,108-28,Leaf,,,,,-0.0360601842,11.2683754,
109,0,109-0,f0,-1.08031929,109-1,109-2,109-2,111.0429,10343.1084,
109,1,109-1,f0,-1.55477357,109-3,109-4,109-4,19.4493103,574.542236,
109,2,109-2,f0,1.2815516,109-5,109-6,109-6,87.103035,9768.56641,
109,3,109-3,f1,9.26666641,109-7,109-8,109-8,4.04885864,169.271652,
109,4,109-4,f2,-0.0199999996,109-9,109-10,109-10,7.33876038,405.270569,
109,5,109-5,f0,0.358458787,109-11,109-12,109-12,26.9179764,9331.70801,
109,6,109-6,f0,2.05374885,109-13,109-14,109-14,13.9584045,436.858856,
109,7,109-7,f0,-2.05374885,109-15,109-16,109-16,2.41628265,160.047119,
109,8,109-8,Leaf,,,,,-0.0018750981,9.22451973,
109,9,109-9,f1,4.8499999,109-17,109-18,109-18,5.78264809,21.9973545,
109,10,109-10,f1,8.78333378,109-19,109-20,109-20,2.00282669,383.273224,
109,11,109-11,f0,-0.467698812,109-21,109-22,109-22,11.0536995,6954.11035,
109,12,109-12,f3,0.189999998,109-23,109-24,109-24,8.3727932,2377.59741,
109,13,109-13,f1,12.1000004,109-25,109-26,109-26,5.88832474,348.650177,
109,14,109-14,f2,0.0199999996,109-27,109-28,109-28,1.24413681,88.2087021,
109,15,109-15,Leaf,,,,,-0.0283552483,50.3674545,
109,16,109-16,Leaf,,,,,-0.0196170043,109.679672,
109,17,109-17,Leaf,,,,,-0.00860728323,10.358098,
109,18,109-18,Leaf,,,,,0.0210327059,11.6392565,
109,19,109-19,Leaf,,,,,-0.0113824811,302.200531,
109,20,109-20,Leaf,,,,,-0.00594827021,81.0726929,
109,21,109-21,Leaf,,,,,-0.00311769941,1549.60925,
109,22,109-22,Leaf,,,,,-0.000244232157,5404.50098,
109,23,109-23,Leaf,,,,,0.00291189388,2370.979,
109,24,109-24,Leaf,,,,,-0.0286054518,6.61835909,
109,25,109-25,Leaf,,,,,0.0115933474,340.853424,
109,26,109-26,Leaf,,,,,-0.0135461269,7.79674816,
109,27,109-27,Leaf,,,,,0.0253146235,82.8645782,
109,28,109-28,Leaf,,,,,0.00829764456,5.34412766,
110,0,110-0,f0,-1.17498684,110-1,110-2,110-2,114.345955,10321.6807,
110,1,110-1,f0,-1.55477357,110-3,110-4,110-4,14.5319443,455.712708,
110,2,110-2,f0,1.2815516,110-5,110-6,110-6,86.8557205,9865.96777,
110,3,110-3,f1,9.26666641,110-7,110-8,110-8,3.96216583,167.385269,
110,4,110-4,f1,8.78333378,110-9,110-10,110-10,4.02957916,288.327423,
110,5,110-5,f0,-0.100433722,110-11,110-12,110-12,33.0280876,9433.87012,
110,6,110-6,f0,1.88079357,110-13,110-14,110-14,12.7912827,432.09845,
110,7,110-7,f0,-2.05374885,110-15,110-16,110-16,1.85829926,157.89978,
110,8,110-8,Leaf,,,,,-0.00267653214,9.48550034,
110,9,110-9,f1,1.66666663,110-17,110-18,110-18,1.25751495,231.833115,
110,10,110-10,f1,9.0,110-19,110-20,110-20,6.80135775,56.494297,
110,11,110-11,f0,-0.738846838,110-21,110-22,110-22,6.02329254,3820.98901,
110,12,110-12,f0,0.612812996,110-23,110-24,110-24,10.2445946,5612.88086,
110,13,110-13,f1,1.31666672,110-25,110-26,110-26,5.07001495,314.485474,
110,14,110-14,f3,0.0199999996,110-27,110-28,110-28,6.5052948,117.612968,
110,15,110-15,Leaf,,,,,-0.0282599386,49.3818588,
110,16,110-16,Leaf,,,,,-0.0202835817,108.517914,
110,17,110-17,Leaf,,,,,-0.00630932767,29.7587414,
110,18,110-18,Leaf,,,,,-0.0132436762,202.074387,
110,19,110-19,Leaf,,,,,0.0225015357,6.94717407,
110,20,110-20,Leaf,,,,,-0.00738110533,49.547123,
110,21,110-21,Leaf,,,,,-0.00461608125,737.282715,
110,22,110-22,Leaf,,,,,-0.00159813114,3083.70654,
110,23,110-23,Leaf,,,,,0.000732812099,4320.86621,
110,24,110-24,Leaf,,,,,0.00377684925,1292.0144,
110,25,110-25,Leaf,,,,,-0.00267943926,23.9294567,
110,26,110-26,Leaf,,,,,0.0115847774,290.55603,
110,27,110-27,Leaf,,,,,0.024256207,107.785736,
110,28,110-28,Leaf,,,,,-0.00111986604,9.82722855,
111,0,111-0,f2,0.0399999991,111-1,111-2,111-2,7.94359922,10277.2607,
111,1,111-1,f2,-0.270000011,111-3,111-4,111-4,5.05358887,10041.0205,
111,2,111-2,f1,14.5333338,111-5,111-6,111-6,4.52940273,236.240173,
111,3,111-3,Leaf,,,,,0.0242149159,6.66168308,
111,4,111-4,f1,1.31666672,111-7,111-8,111-8,3.1239624,10034.3584,
111,5,111-5,f1,9.44999981,111-9,111-10,111-10,4.73409367,212.679459,
111,6,111-6,f5,0.0500000007,111-11,111-12,111-12,2.30121708,23.5607166,
111,7,111-7,f5,0.170000002,111-13,111-14,111-14,1.82985973,238.577255,
111,8,111-8,f1,9.19999981,111-15,111-16,111-16,3.28430843,9795.78125,
111,9,111-9,f1,7.75,111-17,111-18,111-18,3.52980328,129.340607,
111,10,111-10,f2,0.0599999987,111-19,111-20,111-20,2.18449306,83.3388596,
111,11,111-11,Leaf,,,,,0.0165926199,10.2284632,
111,12,111-12,f1,14.6833334,111-21,111-22,111-22,1.10918605,13.3322535,
111,13,111-13,Leaf,,,,,0.00105242059,58.5062866,
111,14,111-14,Leaf,,,,,-0.00503445184,180.070969,
111,15,111-15,Leaf,,,,,0.000516012195,4529.4873,
111,16,111-16,Leaf,,,,,-0.000585631875,5266.29395,
111,17,111-17,Leaf,,,,,-0.00560937123,108.599075,
111,18,111-18,Leaf,,,,,0.00764775043,20.7415333,
111,19,111-19,Leaf,,,,,-0.00846160762,50.871666,
111,20,111-20,Leaf,,,,,-0.0186782684,32.4671898,
111,21,111-21,Leaf,,,,,0.00591864809,7.20408058,
111,22,111-22,Leaf,,,,,-0.0102818031,6.12817335,
112,0,112-0,f0,1.08031929,112-1,112-2,112-2,95.881752,10292.8516,
112,1,112-1,f0,-1.2815516,112-3,112-4,112-4,85.3879547,9636.875,
112,2,112-2,f0,1.88079357,112-5,112-6,112-6,18.4200821,655.976318,
112,3,112-3,f0,-1.55477357,112-7,112-8,112-8,10.7206421,335.431305,
112,4,112-4,f0,-0.279319048,112-9,112-10,112-10,25.916378,9301.44336,
112,5,112-5,f2,0.0799999982,112-11,112-12,112-12,3.65958786,540.887573,
112,6,112-6,f3,0.0199999996,112-13,112-14,112-14,3.70996094,115.08873,
112,7,112-7,f0,-2.05374885,112-15,112-16,112-16,2.8180542,163.184464,
112,8,112-8,f2,0.0199999996,112-17,112-18,112-18,3.63546181,172.246857,
112,9,112-9,f2,-0.0199999996,112-19,112-20,112-20,6.63795853,2742.93335,
112,10,112-10,f0,0.439913154,112-21,112-22,112-22,9.77475357,6558.51025,
112,11,112-11,f0,1.47579098,112-23,112-24,112-24,4.43999481,533.782898,
112,12,112-12,Leaf,,,,,-0.0115594417,7.10470533,
112,13,112-13,f0,2.32634783,112-25,112-26,112-26,0.886802673,105.587708,
112,14,112-14,Leaf,,,,,0.00353628467,9.50102615,
112,15,112-15,Leaf,,,,,-0.0275589507,48.235878,
112,16,112-16,Leaf,,,,,-0.0182706732,114.948586,
112,17,112-17,Leaf,,,,,-0.00913311448,162.26799,
112,18,112-18,Leaf,,,,,-0.0272544213,9.97886467,
112,19,112-19,Leaf,,,,,0.00315270224,162.434158,
112,20,112-20,Leaf,,,,,-0.00308557507,2580.49902,
112,21,112-21,Leaf,,,,,6.3186948e-05,4826.67334,
112,22,112-22,Leaf,,,,,0.00268988009,1731.83691,
112,23,112-23,Leaf,,,,,0.00718609104,377.250732,
112,24,112-24,Leaf,,,,,0.0132404147,156.53215,
112,25,112-25,Leaf,,,,,0.0200083759,56.7407799,
112,26,112-26,Leaf,,,,,0.0271012019,48.8469238,
113,0,113-0,f0,-1.17498684,113-1,113-2,113-2,96.3504333,10278.3965,
113,1,113-1,f0,-1.55477357,113-3,113-4,113-4,14.7027817,450.225677,
113,2,113-2,f0,0.877896309,113-5,113-6,113-6,78.0776825,9828.1709,
113,3,113-3,f1,9.83333302,113-7,113-8,113-8,4.41596222,160.840729,
113,4,113-4,f1,8.78333378,113-9,113-10,113-10,4.05557632,289.384918,
113,5,113-5,f0,-0.358458787,113-11,113-12,113-12,23.4261436,8825.44629,
113,6,113-6,f0,1.75068605,113-13,113-14,113-14,24.0072098,1002.72406,
113,7,113-7,f0,-2.05374885,113-15,113-16,113-16,2.65616608,153.495941,
113,8,113-8,Leaf,,,,,0.00171611935,7.34479475,
113,9,113-9,f2,-0.00999999978,113-17,113-18,113-18,1.9121666,233.159958,
113,10,113-10,f1,9.0,113-19,113-20,113-20,5.69821548,56.2249794,
113,11,113-11,f1,0.800000012,113-21,113-22,113-22,10.2780228,2184.66187,
113,12,113-12,f5,0.140000001,113-23,113-24,113-24,5.6381855,6640.78467,
113,13,113-13,f1,13.583333,113-25,113-26,113-26,7.36686707,853.405945,
113,14,113-14,f1,8.60000038,113-27,113-28,113-28,4.17302704,149.318085,
113,15,113-15,Leaf,,,,,-0.028087182,47.6797676,
113,16,113-16,Leaf,,,,,-0.0188299045,105.816177,
113,17,113-17,Leaf,,,,,-0.00354002696,27.2742138,
113,18,113-18,Leaf,,,,,-0.0121524809,205.885742,
113,19,113-19,Leaf,,,,,0.0212080386,7.12251902,
113,20,113-20,Leaf,,,,,-0.00589153031,49.102459,
113,21,113-21,Leaf,,,,,-0.0260738544,16.1632404,
113,22,113-22,Leaf,,,,,-0.00275590923,2168.49854,
113,23,113-23,Leaf,,,,,8.28986231e-05,4721.62061,
113,24,113-24,Leaf,,,,,0.00201096898,1919.16431,
113,25,113-25,Leaf,,,,,0.00691993861,844.601013,
113,26,113-26,Leaf,,,,,-0.019320773,8.80493259,
113,27,113-27,Leaf,,,,,0.0206240322,143.865509,
113,28,113-28,Leaf,,,,,-0.00526165962,5.45257998,
114,0,114-0,f0,0.9153651,114-1,114-2,114-2,88.4121933,10248.124,
114,1,114-1,f0,-1.2815516,114-3,114-4,114-4,78.5417023,9319.40918,
114,2,114-2,f0,1.55477357,114-5,114-6,114-6,25.4106598,928.715027,
114,3,114-3,f1,8.46666622,114-7,114-8,114-8,12.4348679,325.415802,
114,4,114-4,f0,-0.358458787,114-9,114-10,114-10,23.6456718,8993.99316,
114,5,114-5,f1,13.583333,114-11,114-12,114-12,4.27975845,705.279297,
114,6,114-6,f0,2.05374885,114-13,114-14,114-14,5.96138763,223.435745,
114,7,114-7,f0,-1.75068605,114-15,114-16,114-16,7.03879547,278.027283,
114,8,114-8,f1,9.5,114-17,114-18,114-18,3.06287599,47.3885155,
114,9,114-9,f1,0.800000012,114-19,114-20,114-20,7.49240685,2297.74658,
114,10,114-10,f0,0.0,114-21,114-22,114-22,3.8237288,6696.24707,
114,11,114-11,f2,-0.0399999991,114-23,114-24,114-24,4.15215302,697.941956,
114,12,114-12,Leaf,,,,,-0.0156739224,7.33733988,
114,13,114-13,f1,1.60000002,114-25,114-26,114-26,3.12485695,142.826004,
114,14,114-14,f2,0.0199999996,114-27,114-28,114-28,2.7088089,80.6097412,
114,15,114-15,Leaf,,,,,-0.0244157761,99.6054382,
114,16,114-16,Leaf,,,,,-0.0142537709,178.421829,
114,17,114-17,Leaf,,,,,0.0090881614,15.8611488,
114,18,114-18,Leaf,,,,,-0.00667215697,31.5273666,
114,19,114-19,Leaf,,,,,-0.021978993,17.9898548,
114,20,114-20,Leaf,,,,,-0.00304243597,2279.75684,
114,21,114-21,Leaf,,,,,-0.000636762299,2387.25146,
114,22,114-22,Leaf,,,,,0.000859727035,4308.99561,
114,23,114-23,Leaf,,,,,0.0300897565,5.46004343,
114,24,114-24,Leaf,,,,,0.005809044,692.481934,
114,25,114-25,Leaf,,,,,0.00245602196,20.1461678,
114,26,114-26,Leaf,,,,,0.0153334336,122.679832,
114,27,114-27,Leaf,,,,,0.025390109,75.5234375,
114,28,114-28,Leaf,,,,,0.0022995756,5.08630705,
115,0,115-0,f0,-1.2815516,115-1,115-2,115-2,87.7457275,10210.4688,
115,1,115-1,f1,8.78333378,115-3,115-4,115-4,11.8514786,321.710602,
115,2,115-2,f0,1.34075499,115-5,115-6,115-6,76.2493057,9888.75781,
115,3,115-3,f0,-1.75068605,115-7,115-8,115-8,6.17515564,279.07254,
115,4,115-4,f1,9.13333321,115-9,115-10,115-10,4.81187582,42.638092,
115,5,115-5,f0,-0.100433722,115-11,115-12,115-12,33.6795158,9525.43359,
115,6,115-6,f0,2.05374885,115-13,115-14,115-14,14.1543121,363.324677,
115,7,115-7,f0,-2.05374885,115-15,115-16,115-16,1.17848206,98.3250351,
115,8,115-8,f2,-0.0199999996,115-17,115-18,115-18,1.62792206,180.747498,
115,9,115-9,Leaf,,,,,0.0210957732,6.64447498,
115,10,115-10,f1,10.25,115-19,115-20,115-20,1.69545376,35.9936142,
115,11,115-11,f2,-0.270000011,115-21,115-22,115-22,6.99904823,3903.23096,
115,12,115-12,f0,0.495850354,115-23,115-24,115-24,9.37607479,5622.20215,
115,13,115-13,f1,12.1000004,115-25,115-26,115-26,5.36761856,282.474792,
115,14,115-14,f1,5.1833334,115-27,115-28,115-28,0.451747894,80.8498917,
115,15,115-15,Leaf,,,,,-0.0278334394,44.8543205,
115,16,115-16,Leaf,,,,,-0.0197756272,53.4707146,
115,17,115-17,Leaf,,,,,-0.00102842925,8.29832458,
115,18,115-18,Leaf,,,,,-0.0147594735,172.449173,
115,19,115-19,Leaf,,,,,-0.0122066261,15.5068817,
115,20,115-20,Leaf,,,,,0.000682035403,20.4867344,
115,21,115-21,Leaf,,,,,0.0300651193,5.08575344,
115,22,115-22,Leaf,,,,,-0.00214358047,3898.14526,
115,23,115-23,Leaf,,,,,0.000696462288,3835.63135,
115,24,115-24,Leaf,,,,,0.00332743302,1786.57092,
115,25,115-25,Leaf,,,,,0.0113985194,276.905823,
115,26,115-26,Leaf,,,,,-0.0163662992,5.5689683,
115,27,115-27,Leaf,,,,,0.0260000508,72.761055,
115,28,115-28,Leaf,,,,,0.0147324624,8.08883953,
116,0,116-0,f0,-0.80642122,116-1,116-2,116-2,99.8839188,10207.7168,
116,1,116-1,f0,-1.55477357,116-3,116-4,116-4,26.3240051,1012.02539,
116,2,116-2,f0,1.2815516,116-5,116-6,116-6,61.6747589,9195.69141,
116,3,116-3,f0,-2.05374885,116-7,116-8,116-8,2.68748474,151.215652,
116,4,116-4,f0,-1.2815516,116-9,116-10,116-10,3.99625015,860.809753,
116,5,116-5,f0,0.738846838,116-11,116-12,116-12,16.5501766,8784.33594,
116,6,116-6,f0,2.05374885,116-13,116-14,116-14,11.2347946,411.354675,
116,7,116-7,f2,0.0,116-15,116-16,116-16,0.020450592,43.4127426,
116,8,116-8,f1,9.26666641,116-17,116-18,116-18,0.388126373,107.80291,
116,9,116-9,f1,10.25,116-19,116-20,116-20,3.86948776,164.164688,
116,10,116-10,f1,0.800000012,116-21,116-22,116-22,2.53510094,696.645081,
116,11,116-11,f0,-0.253347099,116-23,116-24,116-24,8.91581345,7869.75586,
116,12,116-12,f1,9.26666641,116-25,116-26,116-26,5.58213425,914.580627,
116,13,116-13,f1,12.1000004,116-27,116-28,116-28,4.98948669,333.257233,
116,14,116-14,f2,0.0199999996,116-29,116-30,116-30,2.06513977,78.097435,
116,15,116-15,Leaf,,,,,-0.016394319,5.26216125,
116,16,116-16,Leaf,,,,,-0.028049197,38.1505814,
116,17,116-17,Leaf,,,,,-0.0181669351,98.9113846,
116,18,116-18,Leaf,,,,,-0.00963742845,8.89152336,
116,19,116-19,Leaf,,,,,-0.0125024933,150.121841,
116,20,116-20,Leaf,,,,,0.00373031152,14.0428524,
116,21,116-21,Leaf,,,,,-0.0215267148,8.31949329,
116,22,116-22,Leaf,,,,,-0.00565603888,688.325562,
116,23,116-23,Leaf,,,,,-0.00161900406,2161.91309,
116,24,116-24,Leaf,,,,,0.000642742787,5707.84229,
116,25,116-25,Leaf,,,,,0.00585351884,630.645264,
116,26,116-26,Leaf,,,,,0.000786092191,283.935333,
116,27,116-27,Leaf,,,,,0.0104401298,326.036407,
116,28,116-28,Leaf,,,,,-0.0134787783,7.22082949,
116,29,116-29,Leaf,,,,,0.0238751564,72.6491547,
116,30,116-30,Leaf,,,,,0.00392104639,5.4482851,
117,0,117-0,f2,0.0399999991,117-1,117-2,117-2,5.83908606,10212.9834,
117,1,117-1,f2,-0.270000011,117-3,117-4,117-4,3.53214121,9975.15625,
117,2,117-2,f1,14.5333338,117-5,117-6,117-6,4.28289795,237.827972,
117,3,117-3,Leaf,,,,,0.0218852721,5.70987082,
117,4,117-4,f2,-0.180000007,117-7,117-8,117-8,2.64076757,9969.44629,
117,5,117-5,f1,9.98333359,117-9,117-10,117-10,3.17019749,214.762726,
117,6,117-6,f5,0.0500000007,117-11,117-12,117-12,2.68085575,23.0652447,
117,7,117-7,Leaf,,,,,-0.0188889597,5.57889795,
117,8,117-8,f2,0.0,117-13,117-14,117-14,2.29243779,9963.86719,
117,9,117-9,f1,6.16666651,117-15,117-16,117-16,4.12611198,136.472382,
117,10,117-10,f1,10.3833332,117-17,117-18,117-18,1.94242001,78.2903442,
117,11,117-11,Leaf,,,,,0.0188426357,9.47782707,
117,12,117-12,f1,14.6833334,117-19,117-20,117-20,0.437918693,13.5874186,
117,13,117-13,Leaf,,,,,-0.000619919912,2711.17554,
117,14,117-14,Leaf,,,,,0.000402409205,7252.69141,
117,15,117-15,Leaf,,,,,-0.00682188757,90.7455368,
117,16,117-16,Leaf,,,,,0.00414467929,45.7268486,
117,17,117-17,Leaf,,,,,-0.0271911379,5.23041725,
117,18,117-18,Leaf,,,,,-0.00919253007,73.0599289,
117,19,117-19,Leaf,,,,,0.00331855845,7.66345406,
117,20,117-20,Leaf,,,,,-0.00682073645,5.9239645,
118,0,118-0,f2,0.0599999987,118-1,118-2,118-2,7.20532799,10221.4707,
118,1,118-1,f2,-0.0299999993,118-3,118-4,118-4,4.90481853,10115.2832,
118,2,118-2,f1,2.79999995,118-5,118-6,118-6,3.57741022,106.187599,
118,3,118-3,f2,-0.280000001,118-7,118-8,118-8,3.37608719,249.662964,
118,4,118-4,f1,1.31666672,118-9,118-10,118-10,4.69012642,9865.62012,
118,5,118-5,f2,0.230000004,118-11,118-12,118-12,2.66407156,33.7475967,
118,6,118-6,f5,0.340000004,118-13,118-14,118-14,6.1072073,72.4400024,
118,7,118-7,Leaf,,,,,0.0253421124,5.67836952,
118,8,118-8,f5,0.25,118-15,118-16,118-16,3.06327558,243.984589,
118,9,118-9,f1,0.949999988,118-17,118-18,118-18,2.78489399,208.528519,
118,10,118-10,f1,9.66666698,118-19,118-20,118-20,2.98703074,9657.0918,
118,11,118-11,f5,0.25,118-21,118-22,118-22,2.32177258,27.036129,
118,12,118-12,Leaf,,,,,-0.0152637111,6.71146822,
118,13,118-13,f1,14.2166662,118-23,118-24,118-24,3.55735779,66.7823257,
118,14,118-14,Leaf,,,,,-0.0390111618,5.65767527,
118,15,118-15,Leaf,,,,,0.00177743775,186.846512,
118,16,118-16,Leaf,,,,,0.00967665669,57.1380806,
118,17,118-17,Leaf,,,,,-0.000802321185,99.7717209,
118,18,118-18,Leaf,,,,,-0.0077363872,108.756798,
118,19,118-19,Leaf,,,,,0.000632463838,4769.53125,
118,20,118-20,Leaf,,,,,-0.000422739511,4887.56006,
118,21,118-21,Leaf,,,,,-0.00342566986,14.5978842,
118,22,118-22,Leaf,,,,,0.0136726331,12.4382448,
118,23,118-23,Leaf,,,,,-0.012296157,51.3110657,
118,24,118-24,Leaf,,,,,0.00386953354,15.471262,
119,0,119-0,f2,-0.270000011,119-1,119-2,119-2,5.16163015,10208.165,
119,1,119-1,Leaf,,,,,0.025121443,6.39459848,
119,2,119-2,f3,0.230000004,119-3,119-4,119-4,5.87439632,10201.7705,
119,3,119-3,f2,0.0399999991,119-5,119-6,119-6,3.6324141,10188.6279,
119,4,119-4,f5,0.200000003,119-7,119-8,119-8,1.65877676,13.1426373,
119,5,119-5,f2,-0.0299999993,119-9,119-10,119-10,2.39108562,9966.14062,
119,6,119-6,f1,14.3166666,119-11,119-12,119-12,4.69311237,222.487015,
119,7,119-7,Leaf,,,,,-0.00840582885,7.61508131,
119,8,119-8,Leaf,,,,,-0.0306637567,5.52755594,
119,9,119-9,Leaf,,,,,0.00312721333,237.503372,
119,10,119-10,Leaf,,,,,8.67983399e-05,9728.6377,
119,11,119-11,Leaf,,,,,-0.00531472731,195.981873,
119,12,119-12,Leaf,,,,,0.00793569349,26.5051537,
120,0,120-0,f0,-1.40507162,120-1,120-2,120-2,82.0388947,10199.2324,
120,1,120-1,f2,-0.0299999993,120-3,120-4,120-4,7.50275421,227.400925,
120,2,120-2,f0,1.47579098,120-5,120-6,120-6,69.6856537,9971.83203,
120,3,120-3,Leaf,,,,,0.0155640375,5.2388134,
120,4,120-4,f0,-1.75068605,120-7,120-8,120-8,6.81056976,222.162109,
120,5,120-5,f0,-0.0250689089,120-9,120-10,120-10,32.5257759,9715.35254,
120,6,120-6,f1,4.6833334,120-11,120-12,120-12,6.49995422,256.479187,
120,7,120-7,f1,7.8499999,120-13,120-14,120-14,2.46774292,96.8691406,
120,8,120-8,f1,2.3499999,120-15,120-16,120-16,1.02251625,125.292961,
120,9,120-9,f1,2.9666667,120-17,120-18,120-18,10.4235706,4560.0249,
120,10,120-10,f0,0.9153651,120-19,120-20,120-20,9.9411335,5155.32764,
120,11,120-11,f0,2.05374885,120-21,120-22,120-22,2.86302948,163.644028,
120,12,120-12,f2,0.0199999996,120-23,120-24,120-24,5.47497559,92.8351517,
120,13,120-13,Leaf,,,,,-0.0256915931,91.7998886,
120,14,120-14,Leaf,,,,,-0.00344728236,5.06925154,
120,15,120-15,Leaf,,,,,-0.0196634084,23.5734787,
120,16,120-16,Leaf,,,,,-0.0121897999,101.719482,
120,17,120-17,Leaf,,,,,-0.00668387255,357.361176,
120,18,120-18,Leaf,,,,,-0.00135289936,4202.66357,
120,19,120-19,Leaf,,,,,0.00120468077,4505.1875,
120,20,120-20,Leaf,,,,,0.00517093204,650.140381,
120,21,120-21,Leaf,,,,,0.0158988629,97.7531662,
120,22,120-22,Leaf,,,,,0.0245060716,65.8908615,
120,23,120-23,Leaf,,,,,0.0117955124,83.7703476,
120,24,120-24,Leaf,,,,,-0.0118137551,9.06479836,
121,0,121-0,f0,-1.2815516,121-1,121-2,121-2,75.1716614,10195.3896,
121,1,121-1,f0,-1.55477357,121-3,121-4,121-4,12.4396515,310.690948,
121,2,121-2,f0,1.34075499,121-5,121-6,121-6,60.7981796,9884.69922,
121,3,121-3,f1,9.26666641,121-7,121-8,121-8,2.75884247,146.24176,
121,4,121-4,f1,7.44999981,121-9,121-10,121-10,3.0010128,164.449188,
121,5,121-5,f0,-0.100433722,121-11,121-12,121-12,21.0185413,9533.55078,
121,6,121-6,f0,2.05374885,121-13,121-14,121-14,10.9374008,351.148468,
121,7,121-7,f0,-2.05374885,121-15,121-16,121-16,2.31100464,137.098984,
121,8,121-8,Leaf,,,,,-0.00434062583,9.1427784,
121,9,121-9,f2,0.00999999978,121-17,121-18,121-18,2.02541161,116.868614,
121,10,121-10,f1,9.13333321,121-19,121-20,121-20,1.11313915,47.5805817,
121,11,121-11,f0,-0.772193193,121-21,121-22,121-22,6.99049568,3912.41992,
121,12,121-12,f3,0.189999998,121-23,121-24,121-24,9.38352299,5621.13086,
121,13,121-13,f1,1.31666672,121-25,121-26,121-26,4.00269508,274.545258,
121,14,121-14,f1,5.1833334,121-27,121-28,121-28,1.91295624,76.6032028,
121,15,121-15,Leaf,,,,,-0.0282020923,41.5598755,
121,16,121-16,Leaf,,,,,-0.0188994035,95.5391083,
121,17,121-17,Leaf,,,,,-0.00905923732,91.5775146,
121,18,121-18,Leaf,,,,,-0.0188174043,25.2910995,
121,19,121-19,Leaf,,,,,0.00265271147,21.552309,
121,20,121-20,Leaf,,,,,-0.00639826432,26.0282726,
121,21,121-21,Leaf,,,,,-0.00423382688,765.130554,
121,22,121-22,Leaf,,,,,-0.00103776145,3147.28931,
121,23,121-23,Leaf,,,,,0.00126096874,5607.95996,
121,24,121-24,Leaf,,,,,-0.023184251,13.1706696,
121,25,121-25,Leaf,,,,,-0.00174397172,24.1412029,
121,26,121-26,Leaf,,,,,0.0109781716,250.404068,
121,27,121-27,Leaf,,,,,0.0243195221,68.7592392,
121,28,121-28,Leaf,,,,,0.00746031199,7.8439579,
122,0,122-0,f0,1.47579098,122-1,122-2,122-2,67.3923645,10205.5127,
122,1,122-1,f0,-1.47579098,122-3,122-4,122-4,62.678051,9953.77246,
122,2,122-2,f0,2.05374885,122-5,122-6,122-6,7.29599762,251.740936,
122,3,122-3,f0,-2.05374885,122-7,122-8,122-8,5.19597626,179.196304,
122,4,122-4,f0,-0.467698812,122-9,122-10,122-10,29.8215637,9774.57617,
122,5,122-5,f3,0.0399999991,122-11,122-12,122-12,2.75179291,177.559891,
122,6,122-6,f1,4.9000001,122-13,122-14,122-14,1.30356216,74.1810455,
122,7,122-7,Leaf,,,,,-0.0274125971,40.8343925,
122,8,122-8,f1,9.98333359,122-15,122-16,122-16,1.60555649,138.361908,
122,9,122-9,f1,0.800000012,122-17,122-18,122-18,7.93233109,1883.06726,
122,10,122-10,f0,0.612812996,122-19,122-20,122-20,11.812726,7891.50879,
122,11,122-11,f1,1.60000002,122-21,122-22,122-22,2.37602234,172.006653,
122,12,122-12,Leaf,,,,,-0.00780859357,5.55323935,
122,13,122-13,f4,1.0,122-23,122-24,122-24,0.309570312,64.7773285,
122,14,122-14,Leaf,,,,,0.011009411,9.40371704,
122,15,122-15,Leaf,,,,,-0.0158271845,128.821732,
122,16,122-16,Leaf,,,,,-0.00275072176,9.54017925,
122,17,122-17,Leaf,,,,,-0.0229431093,17.6552391,
122,18,122-18,Leaf,,,,,-0.00326672709,1865.41199,
122,19,122-19,Leaf,,,,,0.000190764025,6459.56006,
122,20,122-20,Leaf,,,,,0.00320163462,1431.94849,
122,21,122-21,Leaf,,,,,0.00278466591,20.4224243,
122,22,122-22,Leaf,,,,,0.0138377724,151.584213,
122,23,122-23,Leaf,,,,,0.026154086,53.3475571,
122,24,122-24,Leaf,,,,,0.016807491,11.4297686,
123,0,123-0,f0,-1.17498684,123-1,123-2,123-2,70.0703735,10172.2227,
123,1,123-1,f1,8.78333378,123-3,123-4,123-4,11.7504272,418.277618,
123,2,123-2,f0,1.22652817,123-5,123-6,123-6,54.663105,9753.94434,
123,3,123-3,f0,-1.75068605,123-7,123-8,123-8,8.61936188,352.262207,
123,4,123-4,f1,9.13333321,123-9,123-10,123-10,7.38387156,66.0154114,
123,5,123-5,f0,0.495850354,123-11,123-12,123-12,15.1770945,9306.69336,
123,6,123-6,f0,2.05374885,123-13,123-14,123-14,11.5621605,447.251404,
123,7,123-7,f0,-2.05374885,123-15,123-16,123-16,1.59690857,88.3214798,
123,8,123-8,f2,0.0199999996,123-17,123-18,123-18,1.97196198,263.940735,
123,9,123-9,Leaf,,,,,0.02177638,10.226881,
123,10,123-10,f0,-1.64485359,123-19,123-20,123-20,2.23714423,55.7885284,
123,11,123-11,f0,-0.524400532,123-21,123-22,123-22,10.0579405,7647.29736,
123,12,123-12,f1,9.26666641,123-23,123-24,123-24,5.80976486,1659.39587,
123,13,123-13,f1,4.7833333,123-25,123-26,123-26,3.67202568,375.626434,
123,14,123-14,f1,4.9000001,123-27,123-28,123-28,1.84403229,71.6249619,
123,15,123-15,Leaf,,,,,-0.0272605158,39.5308685,
123,16,123-16,Leaf,,,,,-0.0179601535,48.7906075,
123,17,123-17,Leaf,,,,,-0.0106632169,245.157379,
123,18,123-18,Leaf,,,,,-0.0208647586,18.7833443,
123,19,123-19,Leaf,,,,,0.0106934886,6.42606926,
123,20,123-20,Leaf,,,,,-0.00704575144,49.3624573,
123,21,123-21,Leaf,,,,,-0.00293137203,1385.14307,
123,22,123-22,Leaf,,,,,-0.000107174012,6262.1543,
123,23,123-23,Leaf,,,,,0.00396573544,1010.9715,
123,24,123-24,Leaf,,,,,0.000327780086,648.424377,
123,25,123-25,Leaf,,,,,0.0116100973,180.400833,
123,26,123-26,Leaf,,,,,0.00562438043,195.225616,
123,27,123-27,Leaf,,,,,0.0235517845,62.212738,
123,28,123-28,Leaf,,,,,0.00814246293,9.41222286,
124,0,124-0,f0,-1.2815516,124-1,124-2,124-2,71.8520279,10131.9121,
124,1,124-1,f1,8.46666622,124-3,124-4,124-4,11.2219009,301.440613,
124,2,124-2,f0,1.34075499,124-5,124-6,124-6,49.2059097,9830.4707,
124,3,124-3,f0,-1.75068605,124-7,124-8,124-8,5.75108337,254.188263,
124,4,124-4,f1,9.5,124-9,124-10,124-10,1.76870954,47.2523422,
124,5,124-5,f0,-0.495850354,124-11,124-12,124-12,19.5921803,9493.37012,
124,6,124-6,f1,4.7833333,124-13,124-14,124-14,11.9866943,337.101349,
124,7,124-7,f0,-2.05374885,124-15,124-16,124-16,1.10424423,85.6972046,
124,8,124-8,f1,6.48333311,124-17,124-18,124-18,0.776607513,168.491058,
124,9,124-9,f0,-1.40507162,124-19,124-20,124-20,2.01420307,16.1036892,
124,10,124-10,f0,-1.64485359,124-21,124-22,124-22,5.12834358,31.1486511,
124,11,124-11,f1,2.9666667,124-23,124-24,124-24,4.61705017,1637.62561,
124,12,124-12,f0,0.358458787,124-25,124-26,124-26,7.56425953,7855.74414,
124,13,124-13,f0,2.05374885,124-27,124-28,124-28,5.638134,202.22258,
124,14,124-14,f1,12.1000004,124-29,124-30,124-30,4.52324533,134.878754,
124,15,124-15,Leaf,,,,,-0.027871592,38.1683464,
124,16,124-16,Leaf,,,,,-0.0194459669,47.528862,
124,17,124-17,Leaf,,,,,-0.0124976747,135.569946,
124,18,124-18,Leaf,,,,,-0.0182076767,32.9211082,
124,19,124-19,Leaf,,,,,-0.00443424936,7.51412868,
124,20,124-20,Leaf,,,,,0.0158460699,8.58956051,
124,21,124-21,Leaf,,,,,0.0178858098,5.94101524,
124,22,124-22,Leaf,,,,,-0.0111999316,25.2076359,
124,23,124-23,Leaf,,,,,-0.00777672324,171.908371,
124,24,124-24,Leaf,,,,,-0.0025874346,1465.71729,
124,25,124-25,Leaf,,,,,-0.000146138918,5464.82471,
124,26,124-26,Leaf,,,,,0.00187669066,2390.91919,
124,27,124-27,Leaf,,,,,0.012666353,141.69989,
124,28,124-28,Leaf,,,,,0.0238036197,60.5227051,
124,29,124-29,Leaf,,,,,0.0057973545,128.44577,
124,30,124-30,Leaf,,,,,-0.0183276869,6.43298388,
125,0,125-0,f0,-1.2815516,125-1,125-2,125-2,68.3987732,10123.8994,
125,1,125-1,f1,8.73333359,125-3,125-4,125-4,11.1335907,296.702881,
125,2,125-2,f0,1.2815516,125-5,125-6,125-6,55.9108849,9827.19727,
125,3,125-3,f0,-1.55477357,125-7,125-8,125-8,6.58525848,252.403046,
125,4,125-4,f1,9.5,125-9,125-10,125-10,2.3750546,44.2998314,
125,5,125-5,f0,-0.385320455,125-11,125-12,125-12,20.2757339,9440.69727,
125,6,125-6,f0,2.05374885,125-13,125-14,125-14,11.7905312,386.499268,
125,7,125-7,f0,-2.05374885,125-15,125-16,125-16,2.02465057,127.228416,
125,8,125-8,f2,0.00999999978,125-17,125-18,125-18,1.78456306,125.174629,
125,9,125-9,f0,-1.40507162,125-19,125-20,125-20,1.19523406,13.4392042,
125,10,125-10,f0,-1.64485359,125-21,125-22,125-22,3.03472972,30.8606281,
125,11,125-11,f1,3.23333335,125-23,125-24,125-24,9.64793396,2132.79785,
125,12,125-12,f0,0.358458787,125-25,125-26,125-26,10.1856527,7307.8999,
125,13,125-13,f1,12.1000004,125-27,125-28,125-28,3.83963394,317.00531,
125,14,125-14,f1,4.9000001,125-29,125-30,125-30,1.36343765,69.4939728,
125,15,125-15,Leaf,,,,,-0.0278127305,37.7550774,
125,16,125-16,Leaf,,,,,-0.0186392125,89.4733353,
125,17,125-17,Leaf,,,,,-0.00961775146,98.0988541,
125,18,125-18,Leaf,,,,,-0.018539587,27.0757751,
125,19,125-19,Leaf,,,,,-0.000965811021,5.61408091,
125,20,125-20,Leaf,,,,,0.0165771656,7.82512331,
125,21,125-21,Leaf,,,,,0.0126586324,6.07224131,
125,22,125-22,Leaf,,,,,-0.00962216407,24.7883873,
125,23,125-23,Leaf,,,,,-0.00835374277,242.603317,
125,24,125-24,Leaf,,,,,-0.00200783531,1890.19458,
125,25,125-25,Leaf,,,,,-0.000173523469,4986.63477,
125,26,125-26,Leaf,,,,,0.0022318163,2321.26514,
125,27,125-27,Leaf,,,,,0.0094868578,309.418671,
125,28,125-28,Leaf,,,,,-0.0110840015,7.58664799,
125,29,125-29,Leaf,,,,,0.0242680628,60.5434685,
125,30,125-30,Leaf,,,,,0.0100524537,8.9505043,
126,0,126-0,f0,-1.2815516,126-1,126-2,126-2,70.2205124,10160.5713,
126,1,126-1,f0,-1.55477357,126-3,126-4,126-4,8.8046875,291.347992,
126,2,126-2,f0,1.47579098,126-5,126-6,126-6,58.4249535,9869.22363,
126,3,126-3,f1,9.26666641,126-7,126-8,126-8,3.51104736,134.685715,
126,4,126-4,f1,7.8499999,126-9,126-10,126-10,3.14143848,156.662292,
126,5,126-5,f0,0.439913154,126-11,126-12,126-12,22.2556171,9630.26562,
126,6,126-6,f0,1.88079357,126-13,126-14,126-14,8.55245209,238.958206,
126,7,126-7,f0,-2.05374885,126-15,126-16,126-16,2.4724884,125.353127,
126,8,126-8,Leaf,,,,,-0.00209295936,9.33258915,
126,9,126-9,f2,0.0199999996,126-17,126-18,126-18,1.44820976,115.897095,
126,10,126-10,f0,-1.47579098,126-19,126-20,126-20,1.54048324,40.7651901,
126,11,126-11,f1,0.716666639,126-21,126-22,126-22,8.90006542,7539.79395,
126,12,126-12,f3,0.189999998,126-23,126-24,126-24,5.51796722,2090.47168,
126,13,126-13,f2,0.0299999993,126-25,126-26,126-26,5.4797554,144.486282,
126,14,126-14,f3,0.0199999996,126-27,126-28,126-28,1.06600952,94.4719315,
126,15,126-15,Leaf,,,,,-0.0284359865,35.7390633,
126,16,126-16,Leaf,,,,,-0.0183113646,89.6140594,
126,17,126-17,Leaf,,,,,-0.0109703047,108.692589,
126,18,126-18,Leaf,,,,,-0.0247377921,7.20450354,
126,19,126-19,Leaf,,,,,-0.0141429706,6.98702049,
126,20,126-20,Leaf,,,,,0.000494032167,33.7781715,
126,21,126-21,Leaf,,,,,-0.016777344,29.7337227,
126,22,126-22,Leaf,,,,,-0.000599933614,7510.06006,
126,23,126-23,Leaf,,,,,0.00292469026,2083.65942,
126,24,126-24,Leaf,,,,,-0.0223558154,6.81222677,
126,25,126-25,Leaf,,,,,0.0115752863,138.884216,
126,26,126-26,Leaf,,,,,-0.016695004,5.60205889,
126,27,126-27,Leaf,,,,,0.0231650732,85.7044678,
126,28,126-28,Leaf,,,,,0.0103458632,8.76746655,
127,0,127-0,f0,-0.95416528,127-1,127-2,127-2,60.2053223,10145.2969,
127,1,127-1,f0,-1.55477357,127-3,127-4,127-4,18.4222374,688.347534,
127,2,127-2,f0,1.08031929,127-5,127-6,127-6,47.0136299,9456.94922,
127,3,127-3,f0,-2.05374885,127-7,127-8,127-8,2.89923096,131.981125,
127,4,127-4,f2,-0.0299999993,127-9,127-10,127-10,3.96385956,556.366394,
127,5,127-5,f0,0.227544978,127-11,127-12,127-12,9.89148331,8855.93164,
127,6,127-6,f0,1.88079357,127-13,127-14,127-14,14.735527,601.016907,
127,7,127-7,Leaf,,,,,-0.0259629209,35.6738052,
127,8,127-8,f2,-0.00999999978,127-15,127-16,127-16,0.307220459,96.3073196,
127,9,127-9,f0,-1.22652817,127-17,127-18,127-18,1.04349554,17.1726685,
127,10,127-10,f3,0.00999999978,127-19,127-20,127-20,2.73567581,539.193726,
127,11,127-11,f3,0.270000011,127-21,127-22,127-22,4.57227945,5957.54395,
127,12,127-12,f3,0.200000003,127-23,127-24,127-24,6.83770084,2898.38818,
127,13,127-13,f2,0.00999999978,127-25,127-26,127-26,4.00431824,507.397736,
127,14,127-14,f3,0.0199999996,127-27,127-28,127-28,2.8132515,93.6191635,
127,15,127-15,Leaf,,,,,-0.00729289372,6.41707754,
127,16,127-16,Leaf,,,,,-0.0159384497,89.8902435,
127,17,127-17,Leaf,,,,,-0.000500324764,7.66336489,
127,18,127-18,Leaf,,,,,0.0139938239,9.50930309,
127,19,127-19,Leaf,,,,,-0.00859599933,270.270172,
127,20,127-20,Leaf,,,,,-0.00429416029,268.923553,
127,21,127-21,Leaf,,,,,-0.00051858509,5949.25537,
127,22,127-22,Leaf,,,,,0.0205465406,8.2885828,
127,23,127-23,Leaf,,,,,0.0017234704,2892.04395,
127,24,127-24,Leaf,,,,,-0.0272664931,6.34430265,
127,25,127-25,Leaf,,,,,0.00840680767,375.962463,
127,26,127-26,Leaf,,,,,0.00230366853,131.435287,
127,27,127-27,Leaf,,,,,0.0213694684,85.3434525,
127,28,127-28,Leaf,,,,,0.00270288764,8.27571487,
128,0,128-0,f0,-1.2815516,128-1,128-2,128-2,57.8944359,10118.5791,
128,1,128-1,f1,8.73333359,128-3,128-4,128-4,10.3763771,285.477081,
128,2,128-2,f0,1.22652817,128-5,128-6,128-6,41.0151596,9833.10156,
128,3,128-3,f0,-1.75068605,128-7,128-8,128-8,6.90436554,244.097534,
128,4,128-4,f1,9.0,128-9,128-10,128-10,2.42049289,41.3795547,
128,5,128-5,f0,0.305480778,128-11,128-12,128-12,14.5275707,9403.50098,
128,6,128-6,f0,1.88079357,128-13,128-14,128-14,11.1044998,429.600464,
128,7,128-7,f0,-2.05374885,128-15,128-16,128-16,0.612297058,80.3757477,
128,8,128-8,f1,3.70000005,128-17,128-18,128-18,1.02227974,163.721786,
128,9,128-9,Leaf,,,,,0.0165041927,6.14831114,
128,10,128-10,f0,-1.64485359,128-19,128-20,128-20,2.07873559,35.2312431,
128,11,128-11,f0,-0.643345416,128-21,128-22,128-22,9.05225182,6833.42383,
128,12,128-12,f1,2.79999995,128-23,128-24,128-24,6.73698139,2570.07739,
128,13,128-13,f1,1.66666663,128-25,128-26,128-26,3.92685318,339.049286,
128,14,128-14,f3,0.0199999996,128-27,128-28,128-28,5.22454453,90.5511932,
128,15,128-15,Leaf,,,,,-0.0266862027,35.1496887,
128,16,128-16,Leaf,,,,,-0.0194279365,45.226059,
128,17,128-17,Leaf,,,,,-0.0150211249,65.5607376,
128,18,128-18,Leaf,,,,,-0.00985430926,98.1610489,
128,19,128-19,Leaf,,,,,0.0119373547,6.2291398,
128,20,128-20,Leaf,,,,,-0.00601481879,29.0021038,
128,21,128-21,Leaf,,,,,-0.0032661662,1101.43225,
128,22,128-22,Leaf,,,,,-0.000297702267,5731.9917,
128,23,128-23,Leaf,,,,,0.00676659774,229.207703,
128,24,128-24,Leaf,,,,,0.00138663,2340.86963,
128,25,128-25,Leaf,,,,,-0.00216139876,37.9371796,
128,26,128-26,Leaf,,,,,0.00802852213,301.112091,
128,27,128-27,Leaf,,,,,0.0209791251,82.2199249,
128,28,128-28,Leaf,,,,,-0.00354987569,8.33126354,
129,0,129-0,f0,-1.2815516,129-1,129-2,129-2,53.8115234,10085.8467,
129,1,129-1,f0,-2.05374885,129-3,129-4,129-4,8.40471268,282.676941,
129,2,129-2,f0,1.08031929,129-5,129-6,129-6,43.9115486,9803.16992,
129,3,129-3,Leaf,,,,,-0.0265922174,34.3506737,
129,4,129-4,f2,-0.0299999993,129-7,129-8,129-8,4.76420975,248.326263,
129,5,129-5,f0,-0.125661343,129-9,129-10,129-10,13.2797241,9209.10352,
129,6,129-6,f0,2.05374885,129-11,129-12,129-12,16.3001251,594.066406,
129,7,129-7,Leaf,,,,,0.0125575364,6.85184002,
129,8,129-8,f0,-1.55477357,129-13,129-14,129-14,2.9599762,241.474426,
129,9,129-9,f0,-0.553384721,129-15,129-16,129-16,3.31387997,3694.46338,
129,10,129-10,f2,0.00999999978,129-17,129-18,129-18,3.54382229,5514.63965,
129,11,129-11,f2,0.00999999978,129-19,129-20,129-20,4.40939903,528.933716,
129,12,129-12,f0,2.32634783,129-21,129-22,129-22,0.27664566,65.1327438,
129,13,129-13,Leaf,,,,,-0.0157478992,92.5540237,
129,14,129-14,Leaf,,,,,-0.00878133252,148.92041,
129,15,129-15,Leaf,,,,,-0.00260110945,1396.13538,
129,16,129-16,Leaf,,,,,-0.000747936894,2298.32812,
129,17,129-17,Leaf,,,,,0.000402134639,3976.91943,
129,18,129-18,Leaf,,,,,0.00209779502,1537.72034,
129,19,129-19,Leaf,,,,,0.00820775516,390.633209,
129,20,129-20,Leaf,,,,,0.00195937697,138.300491,
129,21,129-21,Leaf,,,,,0.0181252565,26.8371964,
129,22,129-22,Leaf,,,,,0.0248820074,38.2955475,
130,0,130-0,f0,-1.17498684,130-1,130-2,130-2,52.8969154,10109.3359,
130,1,130-1,f0,-1.55477357,130-3,130-4,130-4,10.1164513,389.415863,
130,2,130-2,f0,1.47579098,130-5,130-6,130-6,42.22686,9719.91992,
130,3,130-3,f1,9.83333302,130-7,130-8,130-8,3.99256897,125.885757,
130,4,130-4,f1,8.78333378,130-9,130-10,130-10,3.15758896,263.53009,
130,5,130-5,f0,-0.279319048,130-11,130-12,130-12,11.9998608,9493.19238,
130,6,130-6,f0,1.88079357,130-13,130-14,130-14,6.89737701,226.727295,
130,7,130-7,f0,-2.05374885,130-15,130-16,130-16,2.37474823,117.841705,
130,8,130-8,Leaf,,,,,0.00236006035,8.04404926,
130,9,130-9,f1,1.66666663,130-17,130-18,130-18,1.40969849,208.960098,
130,10,130-10,f1,9.13333321,130-19,130-20,130-20,7.47144508,54.5699959,
130,11,130-11,f1,1.73333335,130-21,130-22,130-22,4.84025574,2581.37378,
130,12,130-12,f0,0.80642122,130-23,130-24,130-24,6.59065533,6911.81836,
130,13,130-13,f3,0.0299999993,130-25,130-26,130-26,4.16983032,140.042694,
130,14,130-14,f3,0.0199999996,130-27,130-28,130-28,3.38963699,86.6846085,
130,15,130-15,Leaf,,,,,-0.0263471343,32.7252502,
130,16,130-16,Leaf,,,,,-0.0161843114,85.1164551,
130,17,130-17,Leaf,,,,,-0.00237079198,25.3065796,
130,18,130-18,Leaf,,,,,-0.0100320177,183.653519,
130,19,130-19,Leaf,,,,,0.0207386557,10.3855572,
130,20,130-20,Leaf,,,,,-0.00645557418,44.1844368,
130,21,130-21,Leaf,,,,,-0.00859634671,85.7134705,
130,22,130-22,Leaf,,,,,-0.00138430996,2495.6604,
130,23,130-23,Leaf,,,,,0.000418103009,6042.4502,
130,24,130-24,Leaf,,,,,0.00321046798,869.368408,
130,25,130-25,Leaf,,,,,0.010309468,131.366211,
130,26,130-26,Leaf,,,,,-0.0103070317,8.67648602,
130,27,130-27,Leaf,,,,,0.0216599181,78.9983826,
130,28,130-28,Leaf,,,,,0.00070830941,7.68622494,
131,0,131-0,f0,-1.55477357,131-1,131-2,131-2,45.4286461,10095.9619,
131,1,131-1,f1,9.26666641,131-3,131-4,131-4,5.98569489,122.916496,
131,2,131-2,f0,0.877896309,131-5,131-6,131-6,37.873291,9973.0459,
131,3,131-3,f0,-2.05374885,131-7,131-8,131-8,1.75954819,113.921623,
131,4,131-4,Leaf,,,,,0.00510066049,8.99487019,
131,5,131-5,f0,-0.643345416,131-9,131-10,131-10,15.0102596,9043.19922,
131,6,131-6,f0,1.75068605,131-11,131-12,131-12,15.3456039,929.846252,
131,7,131-7,Leaf,,,,,-0.0262047742,31.8296204,
131,8,131-8,f1,6.3499999,131-13,131-14,131-14,0.950561523,82.0920029,
131,9,131-9,f2,-0.0299999993,131-15,131-16,131-16,4.36983776,1246.90637,
131,10,131-10,f1,1.60000002,131-17,131-18,131-18,3.97114134,7796.29297,
131,11,131-11,f2,0.0500000007,131-19,131-20,131-20,6.86031532,812.113708,
131,12,131-12,f1,6.3499999,131-21,131-22,131-22,3.73622894,117.732536,
131,13,131-13,Leaf,,,,,-0.0153622981,71.3680038,
131,14,131-14,Leaf,,,,,-0.0260045696,10.724,
131,15,131-15,Leaf,,,,,0.00667332951,37.1969833,
131,16,131-16,Leaf,,,,,-0.00364707806,1209.70947,
131,17,131-17,Leaf,,,,,-0.00437015714,165.758392,
131,18,131-18,Leaf,,,,,0.000309689261,7630.53467,
131,19,131-19,Leaf,,,,,0.00497218594,797.82428,
131,20,131-20,Leaf,,,,,-0.0153492838,14.2894411,
131,21,131-21,Leaf,,,,,0.0180974938,103.812004,
131,22,131-22,Leaf,,,,,0.00144605362,13.9205284,
132,0,132-0,f0,-1.2815516,132-1,132-2,132-2,47.0504417,10068.8281,
132,1,132-1,f1,8.46666622,132-3,132-4,132-4,9.99978256,272.700287,
132,2,132-2,f0,0.95416528,132-5,132-6,132-6,36.0091095,9796.12793,
132,3,132-3,f0,-2.05374885,132-7,132-8,132-8,6.10918808,227.81871,
132,4,132-4,f1,11.8833332,132-9,132-10,132-10,1.12234437,44.881588,
132,5,132-5,f0,-0.612812996,132-11,132-12,132-12,9.79860878,9010.32031,
132,6,132-6,f0,2.05374885,132-13,132-14,132-14,13.1728134,785.807312,
132,7,132-7,Leaf,,,,,-0.0270604156,31.526125,
132,8,132-8,f2,-0.0299999993,132-15,132-16,132-16,2.09443665,196.292587,
132,9,132-9,f1,10.6166668,132-17,132-18,132-18,3.83644843,37.814003,
132,10,132-10,Leaf,,,,,0.0108026834,7.06758451,
132,11,132-11,f1,0.800000012,132-19,132-20,132-20,5.78447151,1167.75488,
132,12,132-12,f1,9.66666698,132-21,132-22,132-22,5.40561438,7842.56543,
132,13,132-13,f1,13.583333,132-23,132-24,132-24,6.52942848,725.110413,
132,14,132-14,f1,4.9000001,132-25,132-26,132-26,2.18619537,60.6968918,
132,15,132-15,Leaf,,,,,0.00505373441,5.29694223,
132,16,132-16,Leaf,,,,,-0.0132683776,190.995651,
132,17,132-17,Leaf,,,,,0.0038052788,29.1751194,
132,18,132-18,Leaf,,,,,-0.0179419238,8.63888264,
132,19,132-19,Leaf,,,,,-0.0240299776,10.4414377,
132,20,132-20,Leaf,,,,,-0.00257780333,1157.31348,
132,21,132-21,Leaf,,,,,0.00107385078,3318.65234,
132,22,132-22,Leaf,,,,,-0.000520110945,4523.91309,
132,23,132-23,Leaf,,,,,0.00560648134,718.658447,
132,24,132-24,Leaf,,,,,-0.0226880983,6.45198584,
132,25,132-25,Leaf,,,,,0.0219927188,52.6223259,
132,26,132-26,Leaf,,,,,0.00458109332,8.07456303,
133,0,133-0,f0,0.9153651,133-1,133-2,133-2,42.3011017,10059.7598,
133,1,133-1,f0,-1.55477357,133-3,133-4,133-4,38.9544525,9209.81934,
133,2,133-2,f0,1.75068605,133-5,133-6,133-6,15.6595688,849.940918,
133,3,133-3,f1,9.83333302,133-7,133-8,133-8,4.69073105,120.619415,
133,4,133-4,f0,-0.582841516,133-9,133-10,133-10,15.1135902,9089.19922,
133,5,133-5,f2,0.129999995,133-11,133-12,133-12,5.47952843,734.394714,
133,6,133-6,f3,0.0199999996,133-13,133-14,133-14,5.28439331,115.546188,
133,7,133-7,f0,-2.05374885,133-15,133-16,133-16,2.06917953,112.094437,
133,8,133-8,Leaf,,,,,0.0036139111,8.52498245,
133,9,133-9,f1,0.800000012,133-17,133-18,133-18,5.13568306,1426.77344,
133,10,133-10,f2,0.0599999987,133-19,133-20,133-20,4.98083496,7662.42627,
133,11,133-11,f1,2.79999995,133-21,133-22,133-22,2.49244118,729.209961,
133,12,133-12,Leaf,,,,,-0.0234206989,5.18475676,
133,13,133-13,f0,2.05374885,133-23,133-24,133-24,1.79190063,101.908928,
133,14,133-14,f3,0.0299999993,133-25,133-26,133-26,0.79310143,13.6372643,
133,15,133-15,Leaf,,,,,-0.0260144249,30.7878819,
133,16,133-16,Leaf,,,,,-0.0161684006,81.3065491,
133,17,133-17,Leaf,,,,,-0.0197853874,15.6407204,
133,18,133-18,Leaf,,,,,-0.00300281495,1411.13269,
133,19,133-19,Leaf,,,,,0.000240956215,7581.16406,
133,20,133-20,Leaf,,,,,-0.00718097482,81.2621078,
133,21,133-21,Leaf,,,,,0.0089127738,121.923988,
133,22,133-22,Leaf,,,,,0.00420313329,607.28595,
133,23,133-23,Leaf,,,,,0.0140852081,47.1810455,
133,24,133-24,Leaf,,,,,0.0228128508,54.7278824,
133,25,133-25,Leaf,,,,,-0.00627586478,8.45289898,
133,26,133-26,Leaf,,,,,0.00754859718,5.18436575,
134,0,134-0,f0,-1.55477357,134-1,134-2,134-2,41.6641235,10066.8096,
134,1,134-1,f1,9.26666641,134-3,134-4,134-4,4.12786484,117.935371,
134,2,134-2,f0,1.47579098,134-5,134-6,134-6,37.2106514,9948.87402,
134,3,134-3,f0,-2.05374885,134-7,134-8,134-8,1.78837967,108.79142,
134,4,134-4,Leaf,,,,,0.00157883344,9.14395428,
134,5,134-5,f0,-0.385320455,134-9,134-10,134-10,17.8832912,9729.13281,
134,6,134-6,f0,2.32634783,134-11,134-12,134-12,6.8735733,219.740753,
134,7,134-7,Leaf,,,,,-0.0258561149,29.8786755,
134,8,134-8,f1,1.5333333,134-13,134-14,134-14,0.615049362,78.9127426,
134,9,134-9,f1,4.73333311,134-15,134-16,134-16,6.40707684,2264.88501,
134,10,134-10,f0,0.612812996,134-17,134-18,134-18,7.53104496,7464.24805,
134,11,134-11,f3,0.0199999996,134-19,134-20,134-20,3.29913902,186.209732,
134,12,134-12,f3,0.00999999978,134-21,134-22,134-22,0.427692413,33.5310059,
134,13,134-13,Leaf,,,,,-0.00920367241,12.7747078,
134,14,134-14,Leaf,,,,,-0.0176756904,66.1380386,
134,15,134-15,Leaf,,,,,-0.00534106232,506.428558,
134,16,134-16,Leaf,,,,,-0.00151280849,1758.45654,
134,17,134-17,Leaf,,,,,0.000215338383,6070.54346,
134,18,134-18,Leaf,,,,,0.00266002864,1393.70483,
134,19,134-19,Leaf,,,,,0.0117802052,156.989441,
134,20,134-20,Leaf,,,,,0.000779273745,29.2203026,
134,21,134-21,Leaf,,,,,0.0266721938,27.7422237,
134,22,134-22,Leaf,,,,,0.0132909715,5.78878403,
135,0,135-0,f0,-1.40507162,135-1,135-2,135-2,37.5820732,10063.3711,
135,1,135-1,f3,0.0399999991,135-3,135-4,135-4,8.10931778,186.225174,
135,2,135-2,f0,1.75068605,135-5,135-6,135-6,34.1029091,9877.14648,
135,3,135-3,f0,-2.05374885,135-7,135-8,135-8,5.85639572,181.03064,
135,4,135-4,Leaf,,,,,0.0208302885,5.19453621,
135,5,135-5,f0,0.0501535833,135-9,135-10,135-10,12.966692,9764.41309,
135,6,135-6,f3,0.0199999996,135-11,135-12,135-12,5.4190712,112.733635,
135,7,135-7,Leaf,,,,,-0.0267295409,29.1957302,
135,8,135-8,f1,9.0666666,135-13,135-14,135-14,2.31075478,151.8349,
135,9,135-9,f1,4.73333311,135-15,135-16,135-16,6.78640509,5146.4707,
135,10,135-10,f2,0.0799999982,135-17,135-18,135-18,7.26113033,4617.94189,
135,11,135-11,f0,2.32634783,135-19,135-20,135-20,2.75722885,99.2923203,
135,12,135-12,f0,1.88079357,135-21,135-22,135-22,0.850273252,13.4413166,
135,13,135-13,Leaf,,,,,-0.0133233061,134.13678,
135,14,135-14,Leaf,,,,,-0.00169124035,17.698122,
135,15,135-15,Leaf,,,,,-0.00360073871,801.085571,
135,16,135-16,Leaf,,,,,-0.000597110775,4345.38525,
135,17,135-17,Leaf,,,,,0.00123050157,4582.16455,
135,18,135-18,Leaf,,,,,-0.0121542793,35.7772484,
135,19,135-19,Leaf,,,,,0.0150168221,67.1696548,
135,20,135-20,Leaf,,,,,0.0262938607,32.1226616,
135,21,135-21,Leaf,,,,,0.00745570427,5.14091635,
135,22,135-22,Leaf,,,,,-0.00694301957,8.30039978,
136,0,136-0,f0,1.22652817,136-1,136-2,136-2,37.546402,10036.4795,
136,1,136-1,f0,-1.17498684,136-3,136-4,136-4,34.2564812,9629.46094,
136,2,136-2,f0,2.32634783,136-5,136-6,136-6,8.85557556,407.018677,
136,3,136-3,f0,-1.75068605,136-7,136-8,136-8,9.26964951,372.829987,
136,4,136-4,f0,-0.176374167,136-9,136-10,136-10,10.2090216,9256.63086,
136,5,136-5,f1,4.7833333,136-11,136-12,136-12,3.79817581,374.355438,
136,6,136-6,Leaf,,,,,0.0237197354,32.6632385,
136,7,136-7,f1,8.03333378,136-13,136-14,136-14,2.59602928,72.5971146,
136,8,136-8,f1,8.78333378,136-15,136-16,136-16,2.80383301,300.23288,
136,9,136-9,f1,1.73333335,136-17,136-18,136-18,5.90114069,3255.0459,
136,10,136-10,f2,0.0,136-19,136-20,136-20,4.11732197,6001.58545,
136,11,136-11,f1,1.66666663,136-21,136-22,136-22,4.66163635,184.740906,
136,12,136-12,f1,8.89999962,136-23,136-24,136-24,5.58356762,189.614517,
136,13,136-13,Leaf,,,,,-0.0203607529,67.5780029,
136,14,136-14,Leaf,,,,,0.00167312485,5.01911306,
136,15,136-15,Leaf,,,,,-0.00831550173,241.979919,
136,16,136-16,Leaf,,,,,-0.0009691593,58.2529526,
136,17,136-17,Leaf,,,,,-0.00862036459,96.6538925,
136,18,136-18,Leaf,,,,,-0.00113126216,3158.39209,
136,19,136-19,Leaf,,,,,-0.000584907015,1578.67224,
136,20,136-20,Leaf,,,,,0.00119943637,4422.91309,
136,21,136-21,Leaf,,,,,0.00246291584,47.4356041,
136,22,136-22,Leaf,,,,,0.0134215252,137.305298,
136,23,136-23,Leaf,,,,,0.00133825152,137.06813,
136,24,136-24,Leaf,,,,,0.0127741601,52.5463867,
137,0,137-0,f0,1.22652817,137-1,137-2,137-2,39.1140289,10051.6348,
137,1,137-1,f0,-0.994457901,137-3,137-4,137-4,33.5391998,9648.3916,
137,2,137-2,f0,2.32634783,137-5,137-6,137-6,8.22593307,403.242645,
137,3,137-3,f0,-1.55477357,137-7,137-8,137-8,10.8058701,592.085693,
137,4,137-4,f0,-0.100433722,137-9,137-10,137-10,9.51473713,9056.30664,
137,5,137-5,f1,4.7833333,137-11,137-12,137-12,2.55571747,371.282898,
137,6,137-6,f2,0.00999999978,137-13,137-14,137-14,0.411146164,31.959753,
137,7,137-7,f1,9.26666641,137-15,137-16,137-16,3.44873047,112.651848,
137,8,137-8,f1,8.83333302,137-17,137-18,137-18,4.21794415,479.433838,
137,9,137-9,f1,13.7333336,137-19,137-20,137-20,6.09201956,3538.97363,
137,10,137-10,f1,9.26666641,137-21,137-22,137-22,3.49123573,5517.33301,
137,11,137-11,f1,3.4666667,137-23,137-24,137-24,4.7110424,183.991547,
137,12,137-12,f1,8.89999962,137-25,137-26,137-26,3.76121473,187.291351,
137,13,137-13,Leaf,,,,,0.0253453571,26.5813866,
137,14,137-14,Leaf,,,,,0.0121033499,5.37836742,
137,15,137-15,Leaf,,,,,-0.0171736311,103.61673,
137,16,137-16,Leaf,,,,,0.00194280082,9.03511524,
137,17,137-17,Leaf,,,,,-0.00686708232,367.970917,
137,18,137-18,Leaf,,,,,-0.000205919801,111.462898,
137,19,137-19,Leaf,,,,,-0.00159838935,3144.78491,
137,20,137-20,Leaf,,,,,0.00235390756,394.188507,
137,21,137-21,Leaf,,,,,0.00172852899,2296.43335,
137,22,137-22,Leaf,,,,,0.000197706453,3220.89966,
137,23,137-23,Leaf,,,,,0.00704191113,127.179657,
137,24,137-24,Leaf,,,,,0.0174865015,56.8118896,
137,25,137-25,Leaf,,,,,0.00266859052,136.185349,
137,26,137-26,Leaf,,,,,0.012175669,51.1060028,
138,0,138-0,f2,0.0599999987,138-1,138-2,138-2,4.71153116,10012.5938,
138,1,138-1,f2,-0.280000001,138-3,138-4,138-4,3.76073337,9913.76367,
138,2,138-2,f1,14.2166662,138-5,138-6,138-6,4.25280666,98.8305664,
138,3,138-3,Leaf,,,,,0.0232867636,5.19769049,
138,4,138-4,f1,9.66666698,138-7,138-8,138-8,2.73506737,9908.56543,
138,5,138-5,f1,11.6166668,138-9,138-10,138-10,7.54442215,83.7375488,
138,6,138-6,f1,14.583333,138-11,138-12,138-12,2.33594298,15.0930138,
138,7,138-7,f1,9.5,138-13,138-14,138-14,3.85192204,4932.56982,
138,8,138-8,f1,10.0666666,138-15,138-16,138-16,5.49118805,4975.99561,
138,9,138-9,f1,8.46666622,138-17,138-18,138-18,1.23508382,65.534317,
138,10,138-10,f2,0.0900000036,138-19,138-20,138-20,1.44623089,18.2032299,
138,11,138-11,Leaf,,,,,0.0208183452,5.92853642,
138,12,138-12,Leaf,,,,,-0.00206546043,9.16447735,
138,13,138-13,Leaf,,,,,0.000272444624,4802.69971,
138,14,138-14,Leaf,,,,,0.00548903598,129.870255,
138,15,138-15,Leaf,,,,,-0.00415345374,359.201233,
138,16,138-16,Leaf,,,,,-0.000307475391,4616.79443,
138,17,138-17,Leaf,,,,,-0.00648770202,51.2661743,
138,18,138-18,Leaf,,,,,0.00329198549,14.2681456,
138,19,138-19,Leaf,,,,,-0.033206258,10.3260136,
138,20,138-20,Leaf,,,,,-0.0134864617,7.87721682,
139,0,139-0,f2,-0.270000011,139-1,139-2,139-2,6.00768137,10025.4062,
139,1,139-1,Leaf,,,,,0.0276607256,6.11356926,
139,2,139-2,f3,0.230000004,139-3,139-4,139-4,7.25272465,10019.293,
139,3,139-3,f2,-0.0799999982,139-5,139-6,139-6,2.53917265,10004.4785,
139,4,139-4,f5,0.25,139-7,139-8,139-8,2.82463789,14.8142948,
139,5,139-5,f5,0.200000003,139-9,139-10,139-10,5.38840199,40.2195549,
139,6,139-6,f2,0.0399999991,139-11,139-12,139-12,2.19387484,9964.25879,
139,7,139-7,Leaf,,,,,-0.00835446268,9.17124271,
139,8,139-8,Leaf,,,,,-0.0353415236,5.64305258,
139,9,139-9,Leaf,,,,,-0.00133057125,24.5744267,
139,10,139-10,Leaf,,,,,0.0207258631,15.6451283,
139,11,139-11,Leaf,,,,,0.000150773718,9736.88086,
139,12,139-12,Leaf,,,,,-0.00282386621,227.378265,
140,0,140-0,f0,-0.706302583,140-1,140-2,140-2,37.5425186,10035.7617,
140,1,140-1,f0,-1.55477357,140-3,140-4,140-4,16.808754,1156.72131,
140,2,140-2,f0,1.47579098,140-5,140-6,140-6,28.0799885,8879.04102,
140,3,140-3,f0,-2.05374885,140-7,140-8,140-8,3.55167389,111.951408,
140,4,140-4,f1,0.800000012,140-9,140-10,140-10,4.54854012,1044.7699,
140,5,140-5,f0,0.495850354,140-11,140-12,140-12,7.90733433,8665.52441,
140,6,140-6,f0,2.05374885,140-13,140-14,140-14,6.65073967,213.515961,
140,7,140-7,Leaf,,,,,-0.0254361965,27.6456852,
140,8,140-8,f1,9.83333302,140-15,140-16,140-16,1.26430702,84.3057251,
140,9,140-9,f0,-1.08031929,140-17,140-18,140-18,0.860720158,13.0268469,
140,10,140-10,f3,0.109999999,140-19,140-20,140-20,4.11215496,1031.74304,
140,11,140-11,f3,0.349999994,140-21,140-22,140-22,2.41551471,6834.20508,
140,12,140-12,f3,0.189999998,140-23,140-24,140-24,3.69287872,1831.3197,
140,13,140-13,f1,1.5333333,140-25,140-26,140-26,3.98079681,157.993362,
140,14,140-14,f1,4.9000001,140-27,140-28,140-28,1.42470169,55.5225945,
140,15,140-15,Leaf,,,,,-0.0139331408,76.1829224,
140,16,140-16,Leaf,,,,,-0.00131735986,8.12280273,
140,17,140-17,Leaf,,,,,-0.0115580512,7.34564352,
140,18,140-18,Leaf,,,,,-0.0294035599,5.68120337,
140,19,140-19,Leaf,,,,,-0.00380409951,1025.76221,
140,20,140-20,Leaf,,,,,0.0193406958,5.98084831,
140,21,140-21,Leaf,,,,,-8.65540787e-05,6829.16504,
140,22,140-22,Leaf,,,,,0.0188936386,5.03998423,
140,23,140-23,Leaf,,,,,0.00223277067,1825.14453,
140,24,140-24,Leaf,,,,,-0.0193466917,6.17517233,
140,25,140-25,Leaf,,,,,-0.00432483805,19.5727749,
140,26,140-26,Leaf,,,,,0.00994173251,138.420593,
140,27,140-27,Leaf,,,,,0.0222200006,47.6979713,
140,28,140-28,Leaf,,,,,0.00719798589,7.82462502,
141,0,141-0,f0,-1.47579098,141-1,141-2,141-2,29.5932255,10007.5645,
141,1,141-1,f1,9.83333302,141-3,141-4,141-4,6.33377457,141.333191,
141,2,141-2,f0,1.47579098,141-5,141-6,141-6,27.8564129,9866.23145,
141,3,141-3,f0,-2.05374885,141-7,141-8,141-8,3.44922638,130.020584,
141,4,141-4,f1,10.666667,141-9,141-10,141-10,4.1793642,11.3126173,
141,5,141-5,f0,-0.125661343,141-11,141-12,141-12,10.7026701,9654.11816,
141,6,141-6,f0,2.05374885,141-13,141-14,141-14,7.61774254,212.11319,
141,7,141-7,Leaf,,,,,-0.0252097342,26.6544762,
141,8,141-8,f1,4.61666679,141-15,141-16,141-16,2.82076454,103.366104,
141,9,141-9,Leaf,,,,,0.0253049824,5.05068493,
141,10,141-10,Leaf,,,,,-0.00867484976,6.2619319,
141,11,141-11,f1,4.73333311,141-17,141-18,141-18,7.66133785,3798.47119,
141,12,141-12,f1,9.61666679,141-19,141-20,141-20,5.08486176,5855.64697,
141,13,141-13,f2,0.0299999993,141-21,141-22,141-22,3.36855698,158.190277,
141,14,141-14,f1,4.9000001,141-23,141-24,141-24,2.73195457,53.9229126,
141,15,141-15,Leaf,,,,,-0.00878648087,64.721199,
141,16,141-16,Leaf,,,,,-0.0192396659,38.6449013,
141,17,141-17,Leaf,,,,,-0.00429507345,667.746216,
141,18,141-18,Leaf,,,,,-0.000757301983,3130.7251,
141,19,141-19,Leaf,,,,,0.00163528358,2653.18066,
141,20,141-20,Leaf,,,,,-0.000140410033,3202.46631,
141,21,141-21,Leaf,,,,,0.00838181097,151.20314,
141,22,141-22,Leaf,,,,,-0.0117851496,6.9871397,
141,23,141-23,Leaf,,,,,0.0232026,46.2054253,
141,24,141-24,Leaf,,,,,0.00344990892,7.71748638,
142,0,142-0,f0,-1.47579098,142-1,142-2,142-2,35.9075661,10015.2979,
142,1,142-1,f0,-2.05374885,142-3,142-4,142-4,3.59790421,139.444977,
142,2,142-2,f0,0.877896309,142-5,142-6,142-6,26.3761597,9875.85254,
142,3,142-3,Leaf,,,,,-0.0251558926,26.3565655,
142,4,142-4,f1,10.1833334,142-7,142-8,142-8,1.36905861,113.088409,
142,5,142-5,f0,-0.612812996,142-9,142-10,142-10,9.5865097,8973.72168,
142,6,142-6,f0,1.88079357,142-11,142-12,142-12,13.6783562,902.130981,
142,7,142-7,f1,4.61666679,142-13,142-14,142-14,2.70057487,103.962212,
142,8,142-8,Leaf,,,,,-0.00132371229,9.126194,
142,9,142-9,f1,0.800000012,142-15,142-16,142-16,6.48831367,1277.76746,
142,10,142-10,f3,0.349999994,142-17,142-18,142-18,4.10534,7695.95459,
142,11,142-11,f2,0.0500000007,142-19,142-20,142-20,5.25397778,827.020874,
142,12,142-12,f3,0.0199999996,142-21,142-22,142-22,3.93669891,75.1100922,
142,13,142-13,Leaf,,,,,-0.00954429153,64.289238,
142,14,142-14,Leaf,,,,,-0.0197563972,39.6729736,
142,15,142-15,Leaf,,,,,-0.0231262613,12.9597435,
142,16,142-16,Leaf,,,,,-0.00254765665,1264.80774,
142,17,142-17,Leaf,,,,,1.01725318e-05,7690.1958,
142,18,142-18,Leaf,,,,,0.0234019514,5.75844288,
142,19,142-19,Leaf,,,,,0.00421937834,811.624634,
142,20,142-20,Leaf,,,,,-0.0129605662,15.3962498,
142,21,142-21,Leaf,,,,,0.0194781311,67.4173965,
142,22,142-22,Leaf,,,,,-0.00281932787,7.69269514,
143,0,143-0,f0,1.34075499,143-1,143-2,143-2,30.8336926,9978.69141,
143,1,143-1,f0,-1.47579098,143-3,143-4,143-4,29.2907448,9685.0625,
143,2,143-2,f0,2.32634783,143-5,143-6,143-6,7.79337311,293.62915,
143,3,143-3,f0,-2.05374885,143-7,143-8,143-8,3.40484619,137.981445,
143,4,143-4,f0,-0.385320455,143-9,143-10,143-10,12.1965551,9547.08105,
143,5,143-5,f3,0.0299999993,143-11,143-12,143-12,2.9953804,264.201141,
143,6,143-6,Leaf,,,,,0.0238627661,29.4280281,
143,7,143-7,Leaf,,,,,-0.0239135623,25.8275223,
143,8,143-8,f3,0.0299999993,143-13,143-14,143-14,0.877609253,112.153915,
143,9,143-9,f2,0.0199999996,143-15,143-16,143-16,4.45363712,2206.53589,
143,10,143-10,f5,0.140000001,143-17,143-18,143-18,6.06996727,7340.54492,
143,11,143-11,f0,1.47579098,143-19,143-20,143-20,1.02454758,246.827148,
143,12,143-12,f0,1.55477357,143-21,143-22,143-22,0.557285428,17.3739758,
143,13,143-13,Leaf,,,,,-0.0122527778,106.545486,
143,14,143-14,Leaf,,,,,-6.78526776e-05,5.60842657,
143,15,143-15,Leaf,,,,,-0.00173622975,1989.33752,
143,16,143-16,Leaf,,,,,-0.00625374727,217.198334,
143,17,143-17,Leaf,,,,,-0.000288908544,4690.11426,
143,18,143-18,Leaf,,,,,0.00150691927,2650.43091,
143,19,143-19,Leaf,,,,,0.00568624446,80.7928772,
143,20,143-20,Leaf,,,,,0.00994405244,166.034271,
143,21,143-21,Leaf,,,,,-0.0089875618,8.84138489,
143,22,143-22,Leaf,,,,,0.00135129446,8.53259087,
144,0,144-0,f0,-1.2815516,144-1,144-2,144-2,31.2495155,9967.04688,
144,1,144-1,f1,8.46666622,144-3,144-4,144-4,7.1049099,250.788559,
144,2,144-2,f0,1.47579098,144-5,144-6,144-6,29.6173954,9716.25879,
144,3,144-3,f0,-2.05374885,144-7,144-8,144-8,4.74084854,207.607208,
144,4,144-4,f1,10.6166668,144-9,144-10,144-10,2.12301588,43.1813507,
144,5,144-5,f0,0.385320455,144-11,144-12,144-12,9.57413483,9512.06348,
144,6,144-6,f2,0.0199999996,144-13,144-14,144-14,7.03939819,204.195358,
144,7,144-7,Leaf,,,,,-0.0248235334,25.0377331,
144,8,144-8,f2,0.0199999996,144-15,144-16,144-16,2.28403664,182.569489,
144,9,144-9,f1,9.83333302,144-17,144-18,144-18,1.13999557,27.8867645,
144,10,144-10,f1,11.9833336,144-19,144-20,144-20,2.75177813,15.2945862,
144,11,144-11,f1,0.716666639,144-21,144-22,144-22,5.8651228,7201.71436,
144,12,144-12,f3,0.200000003,144-23,144-24,144-24,5.44337893,2310.34888,
144,13,144-13,f0,2.32634783,144-25,144-26,144-26,4.29937744,183.539581,
144,14,144-14,f1,6.23333311,144-27,144-28,144-28,6.31143713,20.6557846,
144,15,144-15,Leaf,,,,,-0.0100248372,173.906586,
144,16,144-16,Leaf,,,,,-0.0254316255,8.66289616,
144,17,144-17,Leaf,,,,,0.0011384174,18.8745079,
144,18,144-18,Leaf,,,,,0.01373035,9.01225662,
144,19,144-19,Leaf,,,,,-0.0181138013,8.81374741,
144,20,144-20,Leaf,,,,,0.00633270573,6.48083925,
144,21,144-21,Leaf,,,,,-0.0145153552,25.6462517,
144,22,144-22,Leaf,,,,,-0.00041417699,7176.06787,
144,23,144-23,Leaf,,,,,0.00183701806,2303.47729,
144,24,144-24,Leaf,,,,,-0.023160886,6.87148762,
144,25,144-25,Leaf,,,,,0.0113953026,156.110718,
144,26,144-26,Leaf,,,,,0.0243651997,27.4288635,
144,27,144-27,Leaf,,,,,0.00503704511,15.5473824,
144,28,144-28,Leaf,,,,,-0.0307142567,5.10840273,
145,0,145-0,f0,-1.03643334,145-1,145-2,145-2,28.6356773,9965.63184,
145,1,145-1,f0,-2.05374885,145-3,145-4,145-4,10.7976322,513.278015,
145,2,145-2,f0,1.55477357,145-5,145-6,145-6,20.3862095,9452.35352,
145,3,145-3,Leaf,,,,,-0.025877228,24.4556694,
145,4,145-4,f2,-0.0299999993,145-7,145-8,145-8,3.9401226,488.822327,
145,5,145-5,f0,0.612812996,145-9,145-10,145-10,7.44326544,9286.71387,
145,6,145-6,f0,2.32634783,145-11,145-12,145-12,5.35808182,165.639496,
145,7,145-7,f1,7.19999981,145-13,145-14,145-14,1.17311776,15.765626,
145,8,145-8,f0,-1.55477357,145-15,145-16,145-16,3.85390854,473.056702,
145,9,145-9,f3,0.349999994,145-17,145-18,145-18,4.97265625,7863.06348,
145,10,145-10,f1,2.79999995,145-19,145-20,145-20,4.22438812,1423.65088,
145,11,145-11,f1,4.8499999,145-21,145-22,145-22,3.19913673,137.216415,
145,12,145-12,Leaf,,,,,0.0225742068,28.4230824,
145,13,145-13,Leaf,,,,,0.00204984727,10.2605782,
145,14,145-14,Leaf,,,,,0.0185702648,5.5050478,
145,15,145-15,Leaf,,,,,-0.0123503841,78.1467972,
145,16,145-16,Leaf,,,,,-0.00505774841,394.909912,
145,17,145-17,Leaf,,,,,-9.81714766e-05,7856.32275,
145,18,145-18,Leaf,,,,,0.0239587575,6.74067211,
145,19,145-19,Leaf,,,,,0.00657039089,179.667114,
145,20,145-20,Leaf,,,,,0.00165808527,1243.98376,
145,21,145-21,Leaf,,,,,0.0119016441,84.325058,
145,22,145-22,Leaf,,,,,0.00245476561,52.8913574,
146,0,146-0,f0,-1.47579098,146-1,146-2,146-2,29.0095425,9968.91016,
146,1,146-1,f0,-2.05374885,146-3,146-4,146-4,2.94473076,131.620865,
146,2,146-2,f0,1.22652817,146-5,146-6,146-6,24.1864567,9837.28906,
146,3,146-3,Leaf,,,,,-0.0233994126,24.0769062,
146,4,146-4,f3,0.0299999993,146-7,146-8,146-8,0.966381073,107.543961,
146,5,146-5,f0,0.100433722,146-9,146-10,146-10,7.70947123,9450.12598,
146,6,146-6,f0,2.05374885,146-11,146-12,146-12,7.40714073,387.162567,
146,7,146-7,f2,0.0,146-13,146-14,146-14,1.53949547,102.080254,
146,8,146-8,Leaf,,,,,0.000600973086,5.46370792,
146,9,146-9,f2,-0.270000011,146-15,146-16,146-16,3.95928764,5544.75732,
146,10,146-10,f3,0.200000003,146-17,146-18,146-18,3.02583289,3905.3689,
146,11,146-11,f3,0.00999999978,146-19,146-20,146-20,2.19052219,337.732483,
146,12,146-12,f2,0.00999999978,146-21,146-22,146-22,1.37671089,49.4300957,
146,13,146-13,Leaf,,,,,-0.0194421615,21.4487476,
146,14,146-14,Leaf,,,,,-0.0101083647,80.6315079,
146,15,146-15,Leaf,,,,,0.0220027864,5.84379673,
146,16,146-16,Leaf,,,,,-0.000831562094,5538.91357,
146,17,146-17,Leaf,,,,,0.000974167138,3898.28784,
146,18,146-18,Leaf,,,,,-0.0174052268,7.08097649,
146,19,146-19,Leaf,,,,,0.00831259135,171.217743,
146,20,146-20,Leaf,,,,,0.00345154153,166.51474,
146,21,146-21,Leaf,,,,,0.0209296215,38.8498917,
146,22,146-22,Leaf,,,,,0.00771131925,10.5802031,
147,0,147-0,f0,-1.55477357,147-1,147-2,147-2,24.6351051,9963.07031,
147,1,147-1,f1,9.83333302,147-3,147-4,147-4,2.47750664,100.067375,
147,2,147-2,f0,1.75068605,147-5,147-6,147-6,19.6882458,9863.00293,
147,3,147-3,f0,-2.05374885,147-7,147-8,147-8,2.21241951,92.6641006,
147,4,147-4,Leaf,,,,,0.00168847491,7.40327024,
147,5,147-5,f0,0.0501535833,147-9,147-10,147-10,13.458559,9764.49121,
147,6,147-6,f1,6.3499999,147-11,147-12,147-12,3.90244865,98.5111847,
147,7,147-7,Leaf,,,,,-0.0243055448,23.046011,
147,8,147-8,f1,1.5333333,147-13,147-14,147-14,1.16902161,69.6180954,
147,9,147-9,f1,13.8666668,147-15,147-16,147-16,8.56558418,5164.39453,
147,10,147-10,f1,9.66666698,147-17,147-18,147-18,7.55692339,4600.09668,
147,11,147-11,f0,2.32634783,147-19,147-20,147-20,1.63902473,86.1675797,
147,12,147-12,f3,0.00999999978,147-21,147-22,147-22,1.00130141,12.3436031,
147,13,147-13,Leaf,,,,,-0.00381231471,11.1999569,
147,14,147-14,Leaf,,,,,-0.0147982053,58.4181366,
147,15,147-15,Leaf,,,,,-0.00156647176,4512.17725,
147,16,147-16,Leaf,,,,,0.00210937695,652.217529,
147,17,147-17,Leaf,,,,,0.0023309649,2326.10205,
147,18,147-18,Leaf,,,,,-0.000100760109,2273.99463,
147,19,147-19,Leaf,,,,,0.0124507295,59.657402,
147,20,147-20,Leaf,,,,,0.0219717398,26.5101795,
147,21,147-21,Leaf,,,,,0.00589924213,6.12615299,
147,22,147-22,Leaf,,,,,-0.00999541581,6.21745014,
148,0,148-0,f0,-1.08031929,148-1,148-2,148-2,28.6006966,9967.46094,
148,1,148-1,f0,-2.05374885,148-3,148-4,148-4,8.23601913,451.248718,
148,2,148-2,f0,1.75068605,148-5,148-6,148-6,17.3273621,9516.21289,
148,3,148-3,Leaf,,,,,-0.0243256334,23.096777,
148,4,148-4,f2,-0.0599999987,148-7,148-8,148-8,2.96352196,428.151947,
148,5,148-5,f0,0.643345416,148-9,148-10,148-10,7.97648382,9418.06348,
148,6,148-6,f3,0.0199999996,148-11,148-12,148-12,3.46905899,98.1491394,
148,7,148-7,Leaf,,,,,0.0138803646,5.59259892,
148,8,148-8,f0,-1.40507162,148-13,148-14,148-14,3.00327492,422.559357,
148,9,148-9,f1,2.2833333,148-15,148-16,148-16,5.62599039,8036.10205,
148,10,148-10,f3,0.170000002,148-17,148-18,148-18,10.2872877,1381.96167,
148,11,148-11,f0,2.32634783,148-19,148-20,148-20,2.29666901,85.7247391,
148,12,148-12,f1,3.0,148-21,148-22,148-22,0.309701711,12.4244051,
148,13,148-13,Leaf,,,,,-0.010093403,141.788696,
148,14,148-14,Leaf,,,,,-0.00471081771,280.77066,
148,15,148-15,Leaf,,,,,-0.00379376113,333.962097,
148,16,148-16,Leaf,,,,,0.000177841735,7702.13965,
148,17,148-17,Leaf,,,,,0.00265342556,1376.56921,
148,18,148-18,Leaf,,,,,-0.0355046429,5.39247942,
148,19,148-19,Leaf,,,,,0.0115727205,60.2402229,
148,20,148-20,Leaf,,,,,0.0227082875,25.4845123,
148,21,148-21,Leaf,,,,,-0.00604011491,6.16669321,
148,22,148-22,Leaf,,,,,0.00279477914,6.25771236,
149,0,149-0,f0,-1.40507162,149-1,149-2,149-2,24.1275673,9941.41602,
149,1,149-1,f0,-2.05374885,149-3,149-4,149-4,4.83378792,165.183029,
149,2,149-2,f0,1.55477357,149-5,149-6,149-6,16.9789848,9776.2334,
149,3,149-3,Leaf,,,,,-0.0241242796,22.420248,
149,4,149-4,f2,-0.0199999996,149-7,149-8,149-8,2.58486271,142.762787,
149,5,149-5,f0,-0.201893479,149-9,149-10,149-10,7.68097258,9616.91797,
149,6,149-6,f1,6.3499999,149-11,149-12,149-12,5.88131142,159.314713,
149,7,149-7,Leaf,,,,,0.00852523372,6.32746029,
149,8,149-8,f1,1.60000002,149-13,149-14,149-14,1.27453041,136.435318,
149,9,149-9,f2,-0.0299999993,149-15,149-16,149-16,3.64404631,3241.00513,
149,10,149-10,f2,0.0399999991,149-17,149-18,149-18,4.04739046,6375.91309,
149,11,149-11,f0,2.32634783,149-19,149-20,149-20,2.72563934,128.514282,
149,12,149-12,f1,6.7833333,149-21,149-22,149-22,5.52219677,30.8004379,
149,13,149-13,Leaf,,,,,-0.00214273995,16.5741367,
149,14,149-14,Leaf,,,,,-0.0111621143,119.861183,
149,15,149-15,Leaf,,,,,0.00445362087,98.817421,
149,16,149-16,Leaf,,,,,-0.00136999332,3142.18774,
149,17,149-17,Leaf,,,,,0.000725850346,6210.65576,
149,18,149-18,Leaf,,,,,-0.00401739497,165.257324,
149,19,149-19,Leaf,,,,,0.010309278,103.368538,
149,20,149-20,Leaf,,,,,0.0214858744,25.1457443,
149,21,149-21,Leaf,,,,,-0.0276269391,5.08520079,
149,22,149-22,Leaf,,,,,0.00405051885,25.7152386,
150,0,150-0,f0,-1.47579098,150-1,150-2,150-2,25.3603191,9945.86523,
150,1,150-1,f1,9.83333302,150-3,150-4,150-4,7.32976151,126.731758,
150,2,150-2,f0,1.08031929,150-5,150-6,150-6,21.2936287,9819.13281,
150,3,150-3,f0,-2.05374885,150-7,150-8,150-8,2.74334335,116.101799,
150,4,150-4,f1,10.666667,150-9,150-10,150-10,3.16005468,10.6299553,
150,5,150-5,f0,-0.524400532,150-11,150-12,150-12,8.67603397,9279.41797,
150,6,150-6,f0,2.05374885,150-13,150-14,150-14,8.00635529,539.714905,
150,7,150-7,Leaf,,,,,-0.0251489002,21.4127655,
150,8,150-8,f1,5.0666666,150-15,150-16,150-16,2.95177841,94.6890411,
150,9,150-9,Leaf,,,,,0.0248849001,5.10227585,
150,10,150-10,Leaf,,,,,-0.0056174607,5.52767897,
150,11,150-11,f2,-0.0399999991,150-17,150-18,150-18,5.06176281,1570.16284,
150,12,150-12,f3,0.349999994,150-19,150-20,150-20,4.55039454,7709.25537,
150,13,150-13,f1,11.2333336,150-21,150-22,150-22,4.40804577,493.95755,
150,14,150-14,f1,4.9000001,150-23,150-24,150-24,2.73776054,45.7573509,
150,15,150-15,Leaf,,,,,-0.00924960151,66.385025,
150,16,150-16,Leaf,,,,,-0.0210055728,28.3040123,
150,17,150-17,Leaf,,,,,0.0100744553,29.0625858,
150,18,150-18,Leaf,,,,,-0.00236113416,1541.10022,
150,19,150-19,Leaf,,,,,0.000298877392,7703.03027,
150,20,150-20,Leaf,,,,,0.0241183471,6.22512484,
150,21,150-21,Leaf,,,,,0.00561372098,464.392273,
150,22,150-22,Leaf,,,,,-0.00618265197,29.5652885,
150,23,150-23,Leaf,,,,,0.0209258944,38.9003906,
150,24,150-24,Leaf,,,,,0.000353212177,6.8569603,
151,0,151-0,f0,-1.55477357,151-1,151-2,151-2,23.4181843,9923.09668,
151,1,151-1,f1,9.26666641,151-3,151-4,151-4,3.36038208,96.0734253,
151,2,151-2,f0,1.88079357,151-5,151-6,151-6,19.0153942,9827.02344,
151,3,151-3,f0,-2.05374885,151-7,151-8,151-8,1.50444412,87.1858215,
151,4,151-4,Leaf,,,,,0.00257526012,8.88759995,
151,5,151-5,f0,-0.253347099,151-9,151-10,151-10,11.0303946,9761.36719,
151,6,151-6,f3,0.0199999996,151-11,151-12,151-12,5.66308784,65.655365,
151,7,151-7,Leaf,,,,,-0.0237370525,21.2092419,
151,8,151-8,f1,6.3499999,151-13,151-14,151-14,1.14448452,65.9765778,
151,9,151-9,f2,-0.0299999993,151-15,151-16,151-16,7.89415836,2968.61401,
151,10,151-10,f1,9.26666641,151-17,151-18,151-18,7.46354675,6792.75391,
151,11,151-11,f1,0.949999988,151-19,151-20,151-20,0.726594925,58.3082199,
151,12,151-12,Leaf,,,,,-0.00790311955,7.34714127,
151,13,151-13,Leaf,,,,,-0.0119866254,57.7372704,
151,14,151-14,Leaf,,,,,-0.0243464373,8.23931026,
151,15,151-15,Leaf,,,,,0.00725091714,87.7192841,
151,16,151-16,Leaf,,,,,-0.00183615636,2880.89453,
151,17,151-17,Leaf,,,,,0.0017863973,2877.052,
151,18,151-18,Leaf,,,,,-0.000225861528,3915.70166,
151,19,151-19,Leaf,,,,,0.027761111,9.48009777,
151,20,151-20,Leaf,,,,,0.0169391371,48.8281212,
152,0,152-0,f0,-1.08031929,152-1,152-2,152-2,24.5798836,9942.46094,
152,1,152-1,f0,-1.75068605,152-3,152-4,152-4,8.33727264,442.573853,
152,2,152-2,f0,1.47579098,152-5,152-6,152-6,17.8075371,9499.88672,
152,3,152-3,f1,7.5666666,152-7,152-8,152-8,1.17596817,58.9128304,
152,4,152-4,f2,-0.0399999991,152-9,152-10,152-10,3.21947765,383.661011,
152,5,152-5,f0,0.201893479,152-11,152-12,152-12,6.30017233,9308.32129,
152,6,152-6,f1,11.4499998,152-13,152-14,152-14,4.36019897,191.565338,
152,7,152-7,f2,0.0,152-15,152-16,152-16,1.30372238,53.9123573,
152,8,152-8,Leaf,,,,,-0.00284304237,5.00047255,
152,9,152-9,Leaf,,,,,0.0115644559,8.99784279,
152,10,152-10,f1,12.2666664,152-17,152-18,152-18,2.11588287,374.663177,
152,11,152-11,f1,2.3499999,152-19,152-20,152-20,5.86569595,5949.88232,
152,12,152-12,f3,0.200000003,152-21,152-22,152-22,7.53596878,3358.43921,
152,13,152-13,f0,2.32634783,152-23,152-24,152-24,4.24208641,186.518173,
152,14,152-14,Leaf,,,,,-0.0161137152,5.04717445,
152,15,152-15,Leaf,,,,,-0.00739244884,9.31017303,
152,16,152-16,Leaf,,,,,-0.0208192188,44.6021843,
152,17,152-17,Leaf,,,,,-0.00530483853,361.479034,
152,18,152-18,Leaf,,,,,-0.0172187127,13.1841497,
152,19,152-19,Leaf,,,,,-0.00495586079,256.140106,
152,20,152-20,Leaf,,,,,-0.000323551474,5693.74219,
152,21,152-21,Leaf,,,,,0.00117334933,3350.72681,
152,22,152-22,Leaf,,,,,-0.0267666895,7.71229506,
152,23,152-23,Leaf,,,,,0.00817272998,161.536392,
152,24,152-24,Leaf,,,,,0.0213983729,24.9817734,
153,0,153-0,f0,-0.772193193,153-1,153-2,153-2,26.9013443,9916.51953,
153,1,153-1,f0,-1.55477357,153-3,153-4,153-4,9.43846321,961.063843,
153,2,153-2,f0,1.55477357,153-5,153-6,153-6,13.5937433,8955.45508,
153,3,153-3,f0,-2.05374885,153-7,153-8,153-8,1.98885345,94.2165527,
153,4,153-4,f2,-0.100000001,153-9,153-10,153-10,4.95190239,866.84729,
153,5,153-5,f0,0.305480778,153-11,153-12,153-12,3.56039476,8800.11621,
153,6,153-6,f0,2.32634783,153-13,153-14,153-14,4.86509609,155.33931,
153,7,153-7,Leaf,,,,,-0.0221023541,20.4606762,
153,8,153-8,f0,-1.88079357,153-15,153-16,153-16,0.497035027,73.7558823,
153,9,153-9,Leaf,,,,,0.0198994037,6.87835264,
153,10,153-10,f2,0.0299999993,153-17,153-18,153-18,2.55448532,859.968933,
153,11,153-11,f2,0.0599999987,153-19,153-20,153-20,2.1165545,6042.83496,
153,12,153-12,f3,0.200000003,153-21,153-22,153-22,4.58927107,2757.28101,
153,13,153-13,f2,0.00999999978,153-23,153-24,153-24,0.861882687,130.724533,
153,14,153-14,Leaf,,,,,0.0212573502,24.6147728,
153,15,153-15,Leaf,,,,,-0.00660560513,19.845829,
153,16,153-16,Leaf,,,,,-0.0127548957,53.9100494,
153,17,153-17,Leaf,,,,,-0.00372414058,832.363159,
153,18,153-18,Leaf,,,,,-0.0128737679,27.6057835,
153,19,153-19,Leaf,,,,,-3.74322444e-05,5982.53662,
153,20,153-20,Leaf,,,,,-0.00564048626,60.2986526,
153,21,153-21,Leaf,,,,,0.00127274799,2750.10767,
153,22,153-22,Leaf,,,,,-0.0212445818,7.17322874,
153,23,153-23,Leaf,,,,,0.00527004385,96.0450974,
153,24,153-24,Leaf,,,,,0.010883308,34.6794357,
154,0,154-0,f0,1.55477357,154-1,154-2,154-2,19.7701569,9923.11328,
154,1,154-1,f0,-1.22652817,154-3,154-4,154-4,18.7377033,9771.39062,
154,2,154-2,f1,4.6833334,154-5,154-6,154-6,4.41101456,151.722061,
154,3,154-3,f1,10.25,154-7,154-8,154-8,6.81687355,287.015808,
154,4,154-4,f0,-0.100433722,154-9,154-10,154-10,6.05567932,9484.375,
154,5,154-5,f1,3.29999995,154-11,154-12,154-12,2.80089188,95.824707,
154,6,154-6,f1,4.94999981,154-13,154-14,154-14,1.51212656,55.8973618,
154,7,154-7,f0,-1.75068605,154-15,154-16,154-16,5.40806007,263.399872,
154,8,154-8,f1,10.666667,154-17,154-18,154-18,2.67829895,23.6159172,
154,9,154-9,f2,0.0299999993,154-19,154-20,154-20,5.09824514,3803.78027,
154,10,154-10,f2,0.0799999982,154-21,154-22,154-22,3.58798051,5680.59521,
154,11,154-11,f1,0.716666639,154-23,154-24,154-24,3.49173641,70.9337692,
154,12,154-12,Leaf,,,,,0.0232215598,24.8909359,
154,13,154-13,Leaf,,,,,-0.00978992786,5.58079338,
154,14,154-14,f1,10.1833334,154-25,154-26,154-26,1.24780989,50.3165665,
154,15,154-15,Leaf,,,,,-0.0174178388,55.1974068,
154,16,154-16,Leaf,,,,,-0.00684683351,208.202469,
154,17,154-17,Leaf,,,,,0.0245859306,5.17024803,
154,18,154-18,Leaf,,,,,0.00165003014,18.4456692,
154,19,154-19,Leaf,,,,,-0.000654994685,3634.77393,
154,20,154-20,Leaf,,,,,-0.00597069273,169.00618,
154,21,154-21,Leaf,,,,,0.000718300813,5640.18652,
154,22,154-22,Leaf,,,,,-0.00814546552,40.4085159,
154,23,154-23,Leaf,,,,,0.0261742324,10.9988098,
154,24,154-24,Leaf,,,,,0.00812098011,59.9349594,
154,25,154-25,Leaf,,,,,0.00727803819,44.5070381,
154,26,154-26,Leaf,,,,,-0.00667662593,5.8095274,
155,0,155-0,f0,-1.17498684,155-1,155-2,155-2,22.69454,9921.46094,
155,1,155-1,f0,-1.75068605,155-3,155-4,155-4,6.2483654,335.410278,
155,2,155-2,f0,1.55477357,155-5,155-6,155-6,14.1345873,9586.05078,
155,3,155-3,f0,-2.05374885,155-7,155-8,155-8,1.46704292,55.8016167,
155,4,155-4,f2,0.0199999996,155-9,155-10,155-10,2.64775753,279.608643,
155,5,155-5,f0,-0.385320455,155-11,155-12,155-12,6.22766018,9435.70605,
155,6,155-6,f0,2.32634783,155-13,155-14,155-14,3.17415619,150.344193,
155,7,155-7,Leaf,,,,,-0.0233027376,19.925806,
155,8,155-8,f2,0.00999999978,155-15,155-16,155-16,0.861869335,35.8758125,
155,9,155-9,f3,0.00999999978,155-17,155-18,155-18,1.36399984,260.708344,
155,10,155-10,f0,-1.2815516,155-19,155-20,155-20,2.08893585,18.9003048,
155,11,155-11,f2,-0.0199999996,155-21,155-22,155-22,3.71595049,1979.24048,
155,12,155-12,f0,0.612812996,155-23,155-24,155-24,3.9619391,7456.46582,
155,13,155-13,f3,0.0199999996,155-25,155-26,155-26,1.16543007,126.988297,
155,14,155-14,Leaf,,,,,0.0195151232,23.3558922,
155,15,155-15,Leaf,,,,,-0.00967292581,29.7299862,
155,16,155-16,Leaf,,,,,-0.0223039147,6.14582586,
155,17,155-17,Leaf,,,,,-0.0068467916,139.544891,
155,18,155-18,Leaf,,,,,-0.00247196364,121.163452,
155,19,155-19,Leaf,,,,,-0.0259009916,9.12245846,
155,20,155-20,Leaf,,,,,-0.00569260539,9.77784729,
155,21,155-21,Leaf,,,,,0.00394776277,115.98172,
155,22,155-22,Leaf,,,,,-0.00156554941,1863.25879,
155,23,155-23,Leaf,,,,,0.000318997307,6054.04932,
155,24,155-24,Leaf,,,,,0.00208818377,1402.41675,
155,25,155-25,Leaf,,,,,0.00878554117,105.958725,
155,26,155-26,Leaf,,,,,0.00100818474,21.0295734,
156,0,156-0,f2,0.0399999991,156-1,156-2,156-2,4.73897696,9905.92285,
156,1,156-1,f2,-0.270000011,156-3,156-4,156-4,4.15110159,9672.33887,
156,2,156-2,f1,14.5333338,156-5,156-6,156-6,2.67461061,233.584045,
156,3,156-3,Leaf,,,,,0.0226332601,6.34049034,
156,4,156-4,f1,1.38333333,156-7,156-8,156-8,2.68135881,9665.99902,
156,5,156-5,f1,9.98333359,156-9,156-10,156-10,4.38862658,211.275665,
156,6,156-6,f5,0.100000001,156-11,156-12,156-12,2.17198944,22.3083763,
156,7,156-7,f2,-0.119999997,156-13,156-14,156-14,1.55142903,209.334229,
156,8,156-8,f1,9.19999981,156-15,156-16,156-16,2.70099878,9456.66406,
156,9,156-9,f1,7.75,156-17,156-18,156-18,2.12750363,133.744354,
156,10,156-10,f1,10.4833336,156-19,156-20,156-20,2.67791939,77.5313034,
156,11,156-11,f5,0.0500000007,156-21,156-22,156-22,0.472309828,15.8527145,
156,12,156-12,Leaf,,,,,-0.00833903253,6.45566225,
156,13,156-13,Leaf,,,,,-0.0182718914,5.07227993,
156,14,156-14,Leaf,,,,,-0.00282622804,204.261963,
156,15,156-15,Leaf,,,,,0.00070224813,4232.95654,
156,16,156-16,Leaf,,,,,-0.000317272177,5223.70801,
156,17,156-17,Leaf,,,,,-0.00383265573,107.360519,
156,18,156-18,Leaf,,,,,0.0055357432,26.3838406,
156,19,156-19,Leaf,,,,,-0.0296871923,5.48945141,
156,20,156-20,Leaf,,,,,-0.009093225,72.0418549,
156,21,156-21,Leaf,,,,,0.0152575485,9.46972275,
156,22,156-22,Leaf,,,,,0.00404286757,6.38299227,
157,0,157-0,f0,-1.47579098,157-1,157-2,157-2,18.9888535,9884.0293,
157,1,157-1,f1,9.83333302,157-3,157-4,157-4,3.65528488,119.581474,
157,2,157-2,f0,0.80642122,157-5,157-6,157-6,16.0510273,9764.44824,
157,3,157-3,f0,-2.05374885,157-7,157-8,157-8,2.25304031,108.884186,
157,4,157-4,f1,10.666667,157-9,157-10,157-10,4.52567577,10.6972857,
157,5,157-5,f0,-0.738846838,157-11,157-12,157-12,7.18029118,8736.61523,
157,6,157-6,f0,1.88079357,157-13,157-14,157-14,8.37480831,1027.83276,
157,7,157-7,Leaf,,,,,-0.0229103751,18.9244022,
157,8,157-8,f1,4.61666679,157-15,157-16,157-16,3.41565514,89.9597855,
157,9,157-9,Leaf,,,,,0.0219395459,5.40910625,
157,10,157-10,Leaf,,,,,-0.0139654959,5.2881794,
157,11,157-11,f2,-0.100000001,157-17,157-18,157-18,3.06037903,910.114746,
157,12,157-12,f3,0.349999994,157-19,157-20,157-20,3.8781848,7826.50049,
157,13,157-13,f1,13.5333338,157-21,157-22,157-22,4.15599537,965.59668,
157,14,157-14,f3,0.0199999996,157-23,157-24,157-24,3.59902954,62.2359962,
157,15,157-15,Leaf,,,,,-0.00663340744,56.8418083,
157,16,157-16,Leaf,,,,,-0.0188448709,33.1179771,
157,17,157-17,Leaf,,,,,0.0158824492,6.83080244,
157,18,157-18,Leaf,,,,,-0.00298026158,903.283997,
157,19,157-19,Leaf,,,,,-2.70563414e-05,7820.75488,
157,20,157-20,Leaf,,,,,0.0227299742,5.74550104,
157,21,157-21,Leaf,,,,,0.00319763459,952.874695,
157,22,157-22,Leaf,,,,,-0.0134503143,12.7219973,
157,23,157-23,Leaf,,,,,0.0168154556,55.0634842,
157,24,157-24,Leaf,,,,,-0.00514179561,7.17251015,
158,0,158-0,f2,0.0799999982,158-1,158-2,158-2,3.56355166,9900.72852,
158,1,158-1,f3,0.0700000003,158-3,158-4,158-4,4.38770247,9840.75781,
158,2,158-2,f5,0.100000001,158-5,158-6,158-6,2.69353938,59.9711304,
158,3,158-3,f2,0.0599999987,158-7,158-8,158-8,2.79788256,9745.60938,
158,4,158-4,f1,0.800000012,158-9,158-10,158-10,5.67198944,95.1482773,
158,5,158-5,f1,12.75,158-11,158-12,158-12,2.53481531,20.6414528,
158,6,158-6,f1,3.91666675,158-13,158-14,158-14,3.15420294,39.3296776,
158,7,158-7,f2,0.0,158-15,158-16,158-16,1.99719107,9721.36426,
158,8,158-8,f1,6.9000001,158-17,158-18,158-18,2.79175067,24.2448635,
158,9,158-9,f5,0.219999999,158-19,158-20,158-20,0.511119843,12.6402521,
158,10,158-10,f1,4.2166667,158-21,158-22,158-22,5.37069798,82.5080261,
158,11,158-11,f5,0.0599999987,158-23,158-24,158-24,1.32179284,12.9689722,
158,12,158-12,Leaf,,,,,0.0142387096,7.67248011,
158,13,158-13,f2,0.180000007,158-25,158-26,158-26,3.62109947,18.0917587,
158,14,158-14,f1,7.63333321,158-27,158-28,158-28,1.26925659,21.2379189,
158,15,158-15,Leaf,,,,,-0.000659058162,2575.68359,
158,16,158-16,Leaf,,,,,0.0003151618,7145.68066,
158,17,158-17,Leaf,,,,,0.00220666896,9.96039486,
158,18,158-18,Leaf,,,,,-0.0180054028,14.2844677,
158,19,158-19,Leaf,,,,,-0.00453959079,6.38062096,
158,20,158-20,Leaf,,,,,-0.0171875227,6.25963068,
158,21,158-21,Leaf,,,,,0.0222411472,20.6393223,
158,22,158-22,Leaf,,,,,0.00475918874,61.8687019,
158,23,158-23,Leaf,,,,,-0.013548037,7.82614708,
158,24,158-24,Leaf,,,,,0.00486562541,5.14282465,
158,25,158-25,Leaf,,,,,0.0063042054,12.956049,
158,26,158-26,Leaf,,,,,-0.0213690177,5.13570929,
158,27,158-27,Leaf,,,,,-0.0319138803,5.08811903,
158,28,158-28,Leaf,,,,,-0.0136567298,16.1497993,
159,0,159-0,f0,-1.47579098,159-1,159-2,159-2,17.5954552,9898.74707,
159,1,159-1,f0,-2.05374885,159-3,159-4,159-4,4.33774757,117.758812,
159,2,159-2,f0,1.47579098,159-5,159-6,159-6,16.6047955,9780.98828,
159,3,159-3,Leaf,,,,,-0.0244449526,18.985714,
159,4,159-4,f3,0.0299999993,159-7,159-8,159-8,0.530378342,98.7730942,
159,5,159-5,f0,-0.772193193,159-9,159-10,159-10,6.92832851,9594.85547,
159,6,159-6,f0,2.32634783,159-11,159-12,159-12,4.02061653,186.132202,
159,7,159-7,f2,0.0,159-13,159-14,159-14,0.97504425,93.2152939,
159,8,159-8,Leaf,,,,,0.000111287765,5.55779934,
159,9,159-9,f2,0.0299999993,159-15,159-16,159-16,3.15714693,835.954895,
159,10,159-10,f0,0.772193193,159-17,159-18,159-18,3.84317875,8758.90137,
159,11,159-11,f2,0.0199999996,159-19,159-20,159-20,1.38056755,163.342041,
159,12,159-12,Leaf,,,,,0.0205027312,22.7901669,
159,13,159-13,Leaf,,,,,-0.0153730502,19.5629368,
159,14,159-14,Leaf,,,,,-0.00763608795,73.652359,
159,15,159-15,Leaf,,,,,-0.00238441466,808.635803,
159,16,159-16,Leaf,,,,,-0.0125882616,27.3190479,
159,17,159-17,Leaf,,,,,-8.97277787e-05,7848.3374,
159,18,159-18,Leaf,,,,,0.00196820823,910.563782,
159,19,159-19,Leaf,,,,,0.00812953245,145.320709,
159,20,159-20,Leaf,,,,,-0.000636566838,18.0213337,
160,0,160-0,f0,-0.80642122,160-1,160-2,160-2,17.4231739,9904.02832,
160,1,160-1,f0,-1.75068605,160-3,160-4,160-4,6.59298897,882.638367,
160,2,160-2,f0,1.75068605,160-5,160-6,160-6,14.1252813,9021.39062,
160,3,160-3,f1,6.23333311,160-7,160-8,160-8,1.73559666,52.9302063,
160,4,160-4,f1,0.883333325,160-9,160-10,160-10,3.01056099,829.708191,
160,5,160-5,f0,0.877896309,160-11,160-12,160-12,5.29941559,8934.1748,
160,6,160-6,f1,0.616666675,160-13,160-14,160-14,1.96063137,87.2158432,
160,7,160-7,f0,-2.05374885,160-15,160-16,160-16,1.19014263,46.5998459,
160,8,160-8,Leaf,,,,,0.000499408809,6.33036184,
160,9,160-9,f0,-1.34075499,160-17,160-18,160-18,0.913814545,16.0621223,
160,10,160-10,f3,0.00999999978,160-19,160-20,160-20,3.53807831,813.646057,
160,11,160-11,f1,1.5333333,160-21,160-22,160-22,3.3607173,8156.23047,
160,12,160-12,f1,13.583333,160-23,160-24,160-24,4.73120689,777.943909,
160,13,160-13,Leaf,,,,,0.0270842966,6.89598989,
160,14,160-14,f3,0.0199999996,160-25,160-26,160-26,2.75191498,80.3198547,
160,15,160-15,Leaf,,,,,-0.0224076733,17.7334652,
160,16,160-16,Leaf,,,,,-0.011673931,28.8663788,
160,17,160-17,Leaf,,,,,-0.00498179952,5.69681787,
160,18,160-18,Leaf,,,,,-0.0208369028,10.365304,
160,19,160-19,Leaf,,,,,-0.0051261927,391.608246,
160,20,160-20,Leaf,,,,,-0.00116587535,422.037811,
160,21,160-21,Leaf,,,,,-0.00426476169,157.338272,
160,22,160-22,Leaf,,,,,0.000148914522,7998.89209,
160,23,160-23,Leaf,,,,,0.00290513341,769.755127,
160,24,160-24,Leaf,,,,,-0.0187674556,8.1887455,
160,25,160-25,Leaf,,,,,0.0128488401,70.270195,
160,26,160-26,Leaf,,,,,-0.00360943098,10.0496635,
161,0,161-0,f0,-1.2815516,161-1,161-2,161-2,18.0907249,9880.30371,
161,1,161-1,f2,-0.0299999993,161-3,161-4,161-4,3.89190865,225.520599,
161,2,161-2,f0,2.05374885,161-5,161-6,161-6,12.0897465,9654.7832,
161,3,161-3,Leaf,,,,,0.0117468145,7.58135748,
161,4,161-4,f0,-1.75068605,161-7,161-8,161-8,4.45326233,217.93924,
161,5,161-5,f0,0.674489737,161-9,161-10,161-10,7.62863398,9613.89062,
161,6,161-6,f2,0.00999999978,161-11,161-12,161-12,1.78817177,40.8918228,
161,7,161-7,f0,-2.05374885,161-13,161-14,161-14,0.864776611,51.9078369,
161,8,161-8,f2,0.0199999996,161-15,161-16,161-16,4.21754169,166.031403,
161,9,161-9,f3,0.349999994,161-17,161-18,161-18,4.79697657,8298.5918,
161,10,161-10,f3,0.170000002,161-19,161-20,161-20,6.40969896,1315.29944,
161,11,161-11,f0,2.32634783,161-21,161-22,161-22,0.911088943,31.8582363,
161,12,161-12,Leaf,,,,,0.0040243268,9.03358746,
161,13,161-13,Leaf,,,,,-0.0224150829,17.7175007,
161,14,161-14,Leaf,,,,,-0.0131404195,34.1903343,
161,15,161-15,Leaf,,,,,-0.00534747541,157.148987,
161,16,161-16,Leaf,,,,,-0.0256631263,8.88241959,
161,17,161-17,Leaf,,,,,-0.00015396309,8291.3877,
161,18,161-18,Leaf,,,,,0.022797998,7.20354652,
161,19,161-19,Leaf,,,,,0.00246869912,1310.14331,
161,20,161-20,Leaf,,,,,-0.028229,5.15616226,
161,21,161-21,Leaf,,,,,0.0122674992,13.7025967,
161,22,161-22,Leaf,,,,,0.0242470521,18.1556396,
162,0,162-0,f0,-0.305480778,162-1,162-2,162-2,13.5468426,9911.43652,
162,1,162-1,f0,-1.55477357,162-3,162-4,162-4,8.82339954,2719.16113,
162,2,162-2,f0,1.75068605,162-5,162-6,162-6,11.2747755,7192.27588,
162,3,162-3,f1,3.41666675,162-7,162-8,162-8,2.60104179,86.6758804,
162,4,162-4,f1,0.800000012,162-9,162-10,162-10,4.66735172,2632.48511,
162,5,162-5,f3,0.219999999,162-11,162-12,162-12,3.48074293,7106.36279,
162,6,162-6,f1,0.616666675,162-13,162-14,162-14,2.08841705,85.9128876,
162,7,162-7,f1,2.61666656,162-15,162-16,162-16,0.64618969,44.6260071,
162,8,162-8,f4,1.0,162-17,162-18,162-18,2.75412393,42.0498734,
162,9,162-9,f1,0.5,162-19,162-20,162-20,1.15924501,20.5281887,
162,10,162-10,f1,6.9000001,162-21,162-22,162-22,2.31032181,2611.95703,
162,11,162-11,f0,1.08031929,162-23,162-24,162-24,2.38029933,7091.55322,
162,12,162-12,f3,0.349999994,162-25,162-26,162-26,3.45817208,14.8098307,
162,13,162-13,Leaf,,,,,0.0268510971,6.5283947,
162,14,162-14,f1,1.60000002,162-27,162-28,162-28,3.69538403,79.3844986,
162,15,162-15,Leaf,,,,,-0.0133875618,33.7303772,
162,16,162-16,Leaf,,,,,-0.023118034,10.8956308,
162,17,162-17,Leaf,,,,,-0.0088138096,36.0729408,
162,18,162-18,Leaf,,,,,0.011861762,5.976933,
162,19,162-19,Leaf,,,,,-0.00502643548,7.39531708,
162,20,162-20,Leaf,,,,,-0.0205657426,13.1328726,
162,21,162-21,Leaf,,,,,-0.000255255378,954.724731,
162,22,162-22,Leaf,,,,,-0.00210806751,1657.2323,
162,23,162-23,Leaf,,,,,0.000385383843,6655.0625,
162,24,162-24,Leaf,,,,,0.00266995071,436.490875,
162,25,162-25,Leaf,,,,,-0.0243679062,8.94963837,
162,26,162-26,Leaf,,,,,0.004077191,5.8601923,
162,27,162-27,Leaf,,,,,-0.00306694233,15.7769423,
162,28,162-28,Leaf,,,,,0.0129581131,63.6075516,
163,0,163-0,f0,-1.12639117,163-1,163-2,163-2,17.6073914,9891.82617,
163,1,163-1,f0,-2.05374885,163-3,163-4,163-4,6.59079361,374.563751,
163,2,163-2,f0,1.2815516,163-5,163-6,163-6,14.788372,9517.2627,
163,3,163-3,Leaf,,,,,-0.0239224602,17.5181599,
163,4,163-4,f2,-0.0299999993,163-7,163-8,163-8,3.68392563,357.045593,
163,5,163-5,f0,-0.100433722,163-9,163-10,163-10,5.40047932,9204.6084,
163,6,163-6,f0,2.32634783,163-11,163-12,163-12,3.67519665,312.654114,
163,7,163-7,f0,-1.34075499,163-13,163-14,163-14,0.887205839,13.533885,
163,8,163-8,f0,-1.40507162,163-15,163-16,163-16,0.922985077,343.511688,
163,9,163-9,f2,0.0299999993,163-17,163-18,163-18,2.37263417,3697.89917,
163,10,163-10,f3,0.189999998,163-19,163-20,163-20,2.72534108,5506.70898,
163,11,163-11,f3,0.0399999991,163-21,163-22,163-22,1.2407341,291.410461,
163,12,163-12,Leaf,,,,,0.0184127111,21.2436409,
163,13,163-13,Leaf,,,,,0.0169348549,6.13893795,
163,14,163-14,Leaf,,,,,0.00182624278,7.39494705,
163,15,163-15,Leaf,,,,,-0.00821031537,123.485237,
163,16,163-16,Leaf,,,,,-0.00490885088,220.026459,
163,17,163-17,Leaf,,,,,-0.000744693039,3533.20166,
163,18,163-18,Leaf,,,,,-0.00441846484,164.697357,
163,19,163-19,Leaf,,,,,0.000607764872,5492.3584,
163,20,163-20,Leaf,,,,,-0.0120514091,14.3505011,
163,21,163-21,Leaf,,,,,0.00608041231,279.78952,
163,22,163-22,Leaf,,,,,-0.00367232366,11.6209612,
164,0,164-0,f0,-1.17498684,164-1,164-2,164-2,16.995636,9889.29395,
164,1,164-1,f1,6.0999999,164-3,164-4,164-4,5.42009735,324.478119,
164,2,164-2,f0,1.88079357,164-5,164-6,164-6,12.4908972,9564.81641,
164,3,164-3,f0,-2.05374885,164-7,164-8,164-8,2.98246765,201.050568,
164,4,164-4,f1,6.48333311,164-9,164-10,164-10,10.2228889,123.427551,
164,5,164-5,f0,0.201893479,164-11,164-12,164-12,5.70420361,9505.9541,
164,6,164-6,f2,0.0199999996,164-13,164-14,164-14,3.94910145,58.8618622,
164,7,164-7,Leaf,,,,,-0.0218533408,16.5895863,
164,8,164-8,f1,1.5333333,164-15,164-16,164-16,2.90120125,184.460983,
164,9,164-9,Leaf,,,,,0.0270841438,9.09416294,
164,10,164-10,f1,7.44999981,164-17,164-18,164-18,4.66355705,114.333389,
164,11,164-11,f1,2.5,164-19,164-20,164-20,7.70574188,6033.91357,
164,12,164-12,f2,0.230000004,164-21,164-22,164-22,4.91005039,3472.04053,
164,13,164-13,f1,0.949999988,164-23,164-24,164-24,1.24456596,52.0573921,
164,14,164-14,Leaf,,,,,-0.00689302059,6.80447102,
164,15,164-15,Leaf,,,,,-0.00029248136,30.8896599,
164,16,164-16,Leaf,,,,,-0.0103729554,153.57132,
164,17,164-17,Leaf,,,,,-0.0154913897,25.3576469,
164,18,164-18,Leaf,,,,,-0.00110971206,88.9757462,
164,19,164-19,Leaf,,,,,-0.00525568984,294.306549,
164,20,164-20,Leaf,,,,,-0.000286411581,5739.60693,
164,21,164-21,Leaf,,,,,0.00105072581,3464.92749,
164,22,164-22,Leaf,,,,,-0.0223178249,7.11293077,
164,23,164-23,Leaf,,,,,0.0273468271,8.33179283,
164,24,164-24,Leaf,,,,,0.0139335068,43.7255974,
165,0,165-0,f0,-1.40507162,165-1,165-2,165-2,14.4370356,9866.01172,
165,1,165-1,f0,-2.05374885,165-3,165-4,165-4,3.68061256,146.784973,
165,2,165-2,f0,1.22652817,165-5,165-6,165-6,12.3292131,9719.22656,
165,3,165-3,Leaf,,,,,-0.0220204573,16.9108124,
165,4,165-4,f2,-0.0199999996,165-7,165-8,165-8,2.63805199,129.874161,
165,5,165-5,f0,-0.279319048,165-9,165-10,165-10,5.11123133,9361.76172,
165,6,165-6,f1,4.7833333,165-11,165-12,165-12,4.19833946,357.465027,
165,7,165-7,Leaf,,,,,0.0109801553,5.8978281,
165,8,165-8,f1,1.60000002,165-13,165-14,165-14,1.7784338,123.976341,
165,9,165-9,f1,4.73333311,165-15,165-16,165-16,5.57092857,2717.66382,
165,10,165-10,f2,0.0,165-17,165-18,165-18,3.07211113,6644.09814,
165,11,165-11,f1,4.2166667,165-19,165-20,165-20,3.87321091,181.939774,
165,12,165-12,f1,5.3499999,165-21,165-22,165-22,3.93542385,175.525253,
165,13,165-13,Leaf,,,,,0.00141745911,14.7096691,
165,14,165-14,Leaf,,,,,-0.00959892198,109.26667,
165,15,165-15,Leaf,,,,,-0.00379524659,525.729919,
165,16,165-16,Leaf,,,,,-0.000359023223,2191.93384,
165,17,165-17,Leaf,,,,,-0.000551794656,1768.20605,
165,18,165-18,Leaf,,,,,0.000907635957,4875.89209,
165,19,165-19,Leaf,,,,,0.00720783556,159.887604,
165,20,165-20,Leaf,,,,,0.0205048732,22.0521717,
165,21,165-21,Leaf,,,,,-0.00846757088,24.7083626,
165,22,165-22,Leaf,,,,,0.0042353454,150.816895,
166,0,166-0,f0,-1.55477357,166-1,166-2,166-2,15.5646486,9880.35645,
166,1,166-1,f1,3.11666656,166-3,166-4,166-4,2.10573387,83.1487579,
166,2,166-2,f0,1.88079357,166-5,166-6,166-6,9.47737789,9797.20801,
166,3,166-3,f1,2.61666656,166-7,166-8,166-8,0.612876892,38.9980965,
166,4,166-4,f4,1.0,166-9,166-10,166-10,1.70605612,44.1506615,
166,5,166-5,f3,0.419999987,166-11,166-12,166-12,5.60326385,9740.10547,
166,6,166-6,f3,0.0199999996,166-13,166-14,166-14,3.188694,57.1023598,
166,7,166-7,f0,-2.05374885,166-15,166-16,166-16,0.359067917,32.0632362,
166,8,166-8,Leaf,,,,,-0.0268439204,6.9348588,
166,9,166-9,f1,9.83333302,166-17,166-18,166-18,0.588525772,37.7759094,
166,10,166-10,Leaf,,,,,0.00561455591,6.374753,
166,11,166-11,f0,-0.385320455,166-19,166-20,166-20,5.670331,9734.50977,
166,12,166-12,Leaf,,,,,0.0276927743,5.59544802,
166,13,166-13,f1,0.949999988,166-21,166-22,166-22,1.5216198,50.1222954,
166,14,166-14,Leaf,,,,,-0.00608489336,6.98006248,
166,15,166-15,Leaf,,,,,-0.0202545673,10.8825188,
166,16,166-16,Leaf,,,,,-0.0118385097,21.1807175,
166,17,166-17,Leaf,,,,,-0.0121238567,31.2165127,
166,18,166-18,Leaf,,,,,-0.00193099573,6.55939484,
166,19,166-19,Leaf,,,,,-0.00130680716,2202.38403,
166,20,166-20,Leaf,,,,,0.000423385412,7532.12598,
166,21,166-21,Leaf,,,,,0.0269813072,7.55161715,
166,22,166-22,Leaf,,,,,0.0120916795,42.5706787,
167,0,167-0,f0,-1.22652817,167-1,167-2,167-2,11.6245966,9860.4668,
167,1,167-1,f0,-2.05374885,167-3,167-4,167-4,4.67185974,270.864899,
167,2,167-2,f0,2.32634783,167-5,167-6,167-6,11.3192749,9589.60156,
167,3,167-3,f1,1.66666663,167-7,167-8,167-8,0.323619843,15.9338121,
167,4,167-4,f1,11.3500004,167-9,167-10,167-10,2.57099247,254.931091,
167,5,167-5,f0,1.08031929,167-11,167-12,167-12,5.06060076,9569.4707,
167,6,167-6,Leaf,,,,,0.0220094398,20.1310444,
167,7,167-7,Leaf,,,,,-0.0268861689,7.70277548,
167,8,167-8,Leaf,,,,,-0.0141326478,8.23103714,
167,9,167-9,f1,10.6166668,167-13,167-14,167-14,2.34270382,241.306274,
167,10,167-10,f1,12.1000004,167-15,167-16,167-16,0.779721737,13.6248217,
167,11,167-11,f3,0.400000006,167-17,167-18,167-18,5.4870677,9075.80566,
167,12,167-12,f2,0.00999999978,167-19,167-20,167-20,5.50856495,493.665558,
167,13,167-13,Leaf,,,,,-0.0053820177,235.799622,
167,14,167-14,Leaf,,,,,-0.0237781443,5.50665522,
167,15,167-15,Leaf,,,,,0.0152421137,5.1725421,
167,16,167-16,Leaf,,,,,0.00107635744,8.45228004,
167,17,167-17,Leaf,,,,,-0.000151655971,9070.79297,
167,18,167-18,Leaf,,,,,0.0285180006,5.01211309,
167,19,167-19,Leaf,,,,,0.0048885406,362.237762,
167,20,167-20,Leaf,,,,,-0.0022652878,131.427795,
168,0,168-0,f0,-1.55477357,168-1,168-2,168-2,10.9258585,9852.4248,
168,1,168-1,f0,-2.05374885,168-3,168-4,168-4,1.66812801,81.5643311,
168,2,168-2,f0,1.22652817,168-5,168-6,168-6,9.39693546,9770.86035,
168,3,168-3,Leaf,,,,,-0.0196798034,15.8343277,
168,4,168-4,f0,-1.88079357,168-7,168-8,168-8,0.21528101,65.7299957,
168,5,168-5,f0,-0.706302583,168-9,168-10,168-10,3.54747152,9419.55273,
168,6,168-6,f0,2.32634783,168-11,168-12,168-12,3.94671345,351.307495,
168,7,168-7,f3,0.00999999978,168-13,168-14,168-14,2.27353191,17.7545013,
168,8,168-8,f3,0.00999999978,168-15,168-16,168-16,0.56426096,47.9754982,
168,9,168-9,f2,-0.100000001,168-17,168-18,168-18,1.72917604,1004.26648,
168,10,168-10,f2,0.0,168-19,168-20,168-20,2.27307343,8415.28613,
168,11,168-11,f2,0.00999999978,168-21,168-22,168-22,2.39184523,331.609894,
168,12,168-12,Leaf,,,,,0.0174658187,19.6975822,
168,13,168-13,Leaf,,,,,0.00277386513,11.441246,
168,14,168-14,Leaf,,,,,-0.018443143,6.31325483,
168,15,168-15,Leaf,,,,,-0.0127264652,26.613039,
168,16,168-16,Leaf,,,,,-0.00574674085,21.3624611,
168,17,168-17,Leaf,,,,,0.0120222121,6.93479252,
168,18,168-18,Leaf,,,,,-0.00205508852,997.331665,
168,19,168-19,Leaf,,,,,-0.000873246638,2262.72095,
168,20,168-20,Leaf,,,,,0.000238586348,6152.56494,
168,21,168-21,Leaf,,,,,0.00546572637,242.084946,
168,22,168-22,Leaf,,,,,-0.00026731976,89.5249557,
169,0,169-0,f2,-0.0299999993,169-1,169-2,169-2,5.21334267,9841.44238,
169,1,169-1,f5,0.430000007,169-3,169-4,169-4,3.11232567,245.601547,
169,2,169-2,f2,0.230000004,169-5,169-6,169-6,3.71392107,9595.84082,
169,3,169-3,f1,0.616666675,169-7,169-8,169-8,3.75475955,239.785599,
169,4,169-4,Leaf,,,,,0.0243165158,5.81594944,
169,5,169-5,f2,0.0,169-9,169-10,169-10,2.88680768,9585.68457,
169,6,169-6,f2,0.330000013,169-11,169-12,169-12,0.514787436,10.1565084,
169,7,169-7,Leaf,,,,,-0.0141470805,9.22736454,
169,8,169-8,f1,14.1333332,169-13,169-14,169-14,2.3190856,230.558228,
169,9,169-9,f1,5.41666651,169-15,169-16,169-16,2.93821049,2391.21753,
169,10,169-10,f1,1.60000002,169-17,169-18,169-18,2.58329701,7194.4668,
169,11,169-11,Leaf,,,,,-0.0237643868,5.1211009,
169,12,169-12,Leaf,,,,,-0.00813439954,5.03540707,
169,13,169-13,Leaf,,,,,0.00584886875,190.029694,
169,14,169-14,Leaf,,,,,-0.00201030448,40.5285301,
169,15,169-15,Leaf,,,,,-0.00303633977,511.481262,
169,16,169-16,Leaf,,,,,-0.000473409978,1879.73633,
169,17,169-17,Leaf,,,,,-0.00315072923,202.611725,
169,18,169-18,Leaf,,,,,0.000277284154,6991.85498,
170,0,170-0,f0,-1.55477357,170-1,170-2,170-2,10.9156933,9849.73535,
170,1,170-1,f1,9.83333302,170-3,170-4,170-4,3.64504528,81.4246521,
170,2,170-2,f0,1.47579098,170-5,170-6,170-6,9.13608265,9768.31055,
170,3,170-3,f0,-2.05374885,170-7,170-8,170-8,1.3265152,73.7956696,
170,4,170-4,Leaf,,,,,0.00790927745,7.62898207,
170,5,170-5,f0,-0.95416528,170-9,170-10,170-10,3.79594278,9594.56445,
170,6,170-6,f2,0.0199999996,170-11,170-12,170-12,5.37678814,173.745743,
170,7,170-7,f1,2.1500001,170-13,170-14,170-14,0.122431278,15.1213026,
170,8,170-8,f1,1.5333333,170-15,170-16,170-16,1.37188435,58.674366,
170,9,170-9,f2,-0.0799999982,170-17,170-18,170-18,3.08610392,513.062561,
170,10,170-10,f1,9.66666698,170-19,170-20,170-20,4.03576994,9081.50195,
170,11,170-11,f0,2.32634783,170-21,170-22,170-22,2.82703686,154.776672,
170,12,170-12,f1,6.30000019,170-23,170-24,170-24,7.35258389,18.9690685,
170,13,170-13,Leaf,,,,,-0.0150143886,8.7980566,
170,14,170-14,Leaf,,,,,-0.0262281951,6.323246,
170,15,170-15,Leaf,,,,,-0.000430435262,9.88977623,
170,16,170-16,Leaf,,,,,-0.012707972,48.7845879,
170,17,170-17,Leaf,,,,,0.0175896268,5.68795109,
170,18,170-18,Leaf,,,,,-0.00294945855,507.374634,
170,19,170-19,Leaf,,,,,0.000643860141,4198.54932,
170,20,170-20,Leaf,,,,,-0.00062444614,4882.95312,
170,21,170-21,Leaf,,,,,0.00701140147,136.617096,
170,22,170-22,Leaf,,,,,0.0194872115,18.1595707,
170,23,170-23,Leaf,,,,,0.00376826944,13.8873863,
170,24,170-24,Leaf,,,,,-0.035560552,5.08168221,
171,0,171-0,f0,-1.55477357,171-1,171-2,171-2,11.9621401,9858.53613,
171,1,171-1,f0,-2.05374885,171-3,171-4,171-4,2.00105381,79.8353958,
171,2,171-2,f0,1.75068605,171-5,171-6,171-6,10.3026562,9778.7002,
171,3,171-3,Leaf,,,,,-0.0210314114,15.0850124,
171,4,171-4,f0,-1.88079357,171-7,171-8,171-8,0.323019505,64.7503815,
171,5,171-5,f0,0.150969222,171-9,171-10,171-10,4.89358091,9697.92773,
171,6,171-6,f2,0.0199999996,171-11,171-12,171-12,1.48466969,80.7725067,
171,7,171-7,f3,0.00999999978,171-13,171-14,171-14,2.41738415,17.3661671,
171,8,171-8,f3,0.00999999978,171-15,171-16,171-16,0.289613247,47.3842163,
171,9,171-9,f2,-0.270000011,171-17,171-18,171-18,3.78024817,5930.01709,
171,10,171-10,f2,0.200000003,171-19,171-20,171-20,4.58633804,3767.91089,
171,11,171-11,f0,2.32634783,171-21,171-22,171-22,1.29547501,71.5110703,
171,12,171-12,Leaf,,,,,-0.000429176318,9.26144028,
171,13,171-13,Leaf,,,,,0.00361781172,11.1145277,
171,14,171-14,Leaf,,,,,-0.0183954425,6.25163889,
171,15,171-15,Leaf,,,,,-0.0123735266,26.1300735,
171,16,171-16,Leaf,,,,,-0.00693822699,21.2541447,
171,17,171-17,Leaf,,,,,0.0227961373,5.31977415,
171,18,171-18,Leaf,,,,,-0.000419041346,5924.69727,
171,19,171-19,Leaf,,,,,0.00103700289,3760.59766,
171,20,171-20,Leaf,,,,,-0.021273179,7.31311321,
171,21,171-21,Leaf,,,,,0.00962870941,53.6409492,
171,22,171-22,Leaf,,,,,0.0193102118,17.8701191,
172,0,172-0,f0,-0.994457901,172-1,172-2,172-2,11.3630619,9838.48145,
172,1,172-1,f1,10.25,172-3,172-4,172-4,6.76598549,524.578735,
172,2,172-2,f0,1.22652817,172-5,172-6,172-6,8.83166981,9313.90332,
172,3,172-3,f2,-0.0199999996,172-7,172-8,172-8,5.49771118,465.920013,
172,4,172-4,f1,12.5166664,172-9,172-10,172-10,1.77150941,58.658741,
172,5,172-5,f1,9.19999981,172-11,172-12,172-12,3.54567742,8962.9707,
172,6,172-6,f0,2.05374885,172-13,172-14,172-14,4.2797966,350.931885,
172,7,172-7,f1,4.73333311,172-15,172-16,172-16,5.59321594,26.7127552,
172,8,172-8,f0,-2.05374885,172-17,172-18,172-18,5.78865814,439.207245,
172,9,172-9,f0,-1.40507162,172-19,172-20,172-20,1.16191673,43.3008461,
172,10,172-10,f1,13.6833334,172-21,172-22,172-22,4.84764099,15.3578959,
172,11,172-11,f1,4.7833333,172-23,172-24,172-24,7.59223413,3786.16455,
172,12,172-12,f5,0.300000012,172-25,172-26,172-26,2.83961487,5176.80664,
172,13,172-13,f1,12.1000004,172-27,172-28,172-28,3.15475416,314.823608,
172,14,172-14,f1,0.716666639,172-29,172-30,172-30,0.873526573,36.1082878,
172,15,172-15,Leaf,,,,,-0.00602338836,13.5016232,
172,16,172-16,Leaf,,,,,0.0205986667,13.2111311,
172,17,172-17,Leaf,,,,,-0.0245040208,14.4493923,
172,18,172-18,Leaf,,,,,-0.00573697546,424.757874,
172,19,172-19,Leaf,,,,,-0.00217667734,7.65091276,
172,20,172-20,Leaf,,,,,0.0104252091,35.6499329,
172,21,172-21,Leaf,,,,,-0.0152460067,10.0471554,
172,22,172-22,Leaf,,,,,0.0177549161,5.31074095,
172,23,172-23,Leaf,,,,,-0.00110885676,1389.04822,
172,24,172-24,Leaf,,,,,0.0016778037,2397.11621,
172,25,172-25,Leaf,,,,,-0.000382561819,4892.08496,
172,26,172-26,Leaf,,,,,-0.00345957,284.721893,
172,27,172-27,Leaf,,,,,0.00416616211,306.43161,
172,28,172-28,Leaf,,,,,-0.0135257328,8.3920126,
172,29,172-29,Leaf,,,,,0.0256470349,5.19091702,
172,30,172-30,Leaf,,,,,0.0118317557,30.9173698,
173,0,173-0,f0,-1.47579098,173-1,173-2,173-2,11.7318926,9859.2998,
173,1,173-1,f1,9.83333302,173-3,173-4,173-4,2.61793709,105.258987,
173,2,173-2,f0,1.55477357,173-5,173-6,173-6,8.5309515,9754.04102,
173,3,173-3,f0,-2.05374885,173-7,173-8,173-8,2.30949974,95.1688461,
173,4,173-4,Leaf,,,,,0.00416482426,10.0901432,
173,5,173-5,f0,-0.279319048,173-9,173-10,173-10,3.63906813,9617.53516,
173,6,173-6,f0,2.32634783,173-11,173-12,173-12,2.8632946,136.505661,
173,7,173-7,Leaf,,,,,-0.0224707518,14.2849674,
173,8,173-8,f1,5.0666666,173-13,173-14,173-14,3.6670866,80.8838806,
173,9,173-9,f2,-0.0299999993,173-15,173-16,173-16,5.12903404,2742.97559,
173,10,173-10,f3,0.219999999,173-17,173-18,173-18,2.36132383,6874.56006,
173,11,173-11,f1,1.73333335,173-19,173-20,173-20,2.50433302,118.045494,
173,12,173-12,Leaf,,,,,0.0181510858,18.4601707,
173,13,173-13,Leaf,,,,,-0.00506998738,56.9992905,
173,14,173-14,Leaf,,,,,-0.0190167632,23.8845882,
173,15,173-15,Leaf,,,,,0.00634330977,81.4802551,
173,16,173-16,Leaf,,,,,-0.00125362375,2661.49536,
173,17,173-17,Leaf,,,,,0.000292498851,6860.54688,
173,18,173-18,Leaf,,,,,-0.0116183329,14.0133495,
173,19,173-19,Leaf,,,,,-0.00385369686,20.2233124,
173,20,173-20,Leaf,,,,,0.00758272177,97.8221817,
174,0,174-0,f0,-0.80642122,174-1,174-2,174-2,9.37520599,9842.92773,
174,1,174-1,f0,-2.05374885,174-3,174-4,174-4,5.17164612,854.66803,
174,2,174-2,f0,2.05374885,174-5,174-6,174-6,7.65918303,8988.25879,
174,3,174-3,Leaf,,,,,-0.0204584934,14.1864452,
174,4,174-4,f3,0.109999999,174-7,174-8,174-8,2.04245758,840.481628,
174,5,174-5,f2,0.280000001,174-9,174-10,174-10,4.84277344,8953.1709,
174,6,174-6,f2,0.00999999978,174-11,174-12,174-12,1.7906518,35.0883675,
174,7,174-7,f2,0.0299999993,174-13,174-14,174-14,2.10725737,834.191711,
174,8,174-8,Leaf,,,,,0.0130707631,6.28989553,
174,9,174-9,f0,0.877896309,174-15,174-16,174-16,3.30774093,8945.89551,
174,10,174-10,Leaf,,,,,-0.0228016004,7.27544737,
174,11,174-11,f0,2.32634783,174-17,174-18,174-18,0.214503288,26.9173431,
174,12,174-12,Leaf,,,,,0.00144754758,8.17102528,
174,13,174-13,Leaf,,,,,-0.00264359079,810.335205,
174,14,174-14,Leaf,,,,,-0.0115310987,23.8564777,
174,15,174-15,Leaf,,,,,-2.22395302e-05,8146.80908,
174,16,174-16,Leaf,,,,,0.00199919846,799.086243,
174,17,174-17,Leaf,,,,,0.0125262486,12.3064184,
174,18,174-18,Leaf,,,,,0.0208041128,14.6109247,
175,0,175-0,f0,-1.55477357,175-1,175-2,175-2,8.22167587,9825.79883,
175,1,175-1,f1,9.83333302,175-3,175-4,175-4,3.65657568,77.3210449,
175,2,175-2,f0,1.55477357,175-5,175-6,175-6,7.69755936,9748.47754,
175,3,175-3,f1,6.3499999,175-7,175-8,175-8,1.5989418,70.0384903,
175,4,175-4,Leaf,,,,,0.00967982691,7.28255606,
175,5,175-5,f2,0.0599999987,175-9,175-10,175-10,3.60472465,9611.90039,
175,6,175-6,f1,6.3499999,175-11,175-12,175-12,4.83030796,136.57724,
175,7,175-7,f0,-2.05374885,175-13,175-14,175-14,2.1540575,62.181778,
175,8,175-8,Leaf,,,,,-0.0239904467,7.856709,
175,9,175-9,f0,0.125661343,175-15,175-16,175-16,3.20201159,9517.47363,
175,10,175-10,f1,14.2166662,175-17,175-18,175-18,2.20922613,94.4264832,
175,11,175-11,f1,1.79999995,175-19,175-20,175-20,3.38522625,108.19442,
175,12,175-12,f1,7.0,175-21,175-22,175-22,2.55139017,28.3828239,
175,13,175-13,Leaf,,,,,-0.019997837,13.5538998,
175,14,175-14,Leaf,,,,,-0.00655912282,48.6278801,
175,15,175-15,Leaf,,,,,-0.000299307285,5662.52002,
175,16,175-16,Leaf,,,,,0.000821502239,3854.95386,
175,17,175-17,Leaf,,,,,-0.0076428703,80.0106583,
175,18,175-18,Leaf,,,,,0.00484748324,14.4158192,
175,19,175-19,Leaf,,,,,0.00155009911,30.3731728,
175,20,175-20,Leaf,,,,,0.0133941639,77.8212433,
175,21,175-21,Leaf,,,,,-0.0183551963,6.82271099,
175,22,175-22,Leaf,,,,,0.00158379821,21.560112,
176,0,176-0,f0,-1.55477357,176-1,176-2,176-2,8.71573448,9816.0918,
176,1,176-1,f0,-2.05374885,176-3,176-4,176-4,1.87020397,76.5437851,
176,2,176-2,f0,1.75068605,176-5,176-6,176-6,8.09554195,9739.54785,
176,3,176-3,Leaf,,,,,-0.0199950747,13.5249119,
176,4,176-4,f1,6.3499999,176-7,176-8,176-8,1.12066221,63.0188713,
176,5,176-5,f0,-0.95416528,176-9,176-10,176-10,3.40580773,9662.07324,
176,6,176-6,f1,0.716666639,176-11,176-12,176-12,3.00020409,77.474968,
176,7,176-7,f1,3.41666675,176-13,176-14,176-14,2.6926074,48.6240463,
176,8,176-8,f1,9.26666641,176-15,176-16,176-16,0.860305786,14.3948269,
176,9,176-9,f2,-0.0799999982,176-17,176-18,176-18,2.27028084,506.597626,
176,10,176-10,f1,9.66666698,176-19,176-20,176-20,3.91258621,9155.47559,
176,11,176-11,Leaf,,,,,0.0270804074,7.07209253,
176,12,176-12,f1,1.60000002,176-21,176-22,176-22,3.09625149,70.4028778,
176,13,176-13,Leaf,,,,,-0.011200631,28.190115,
176,14,176-14,Leaf,,,,,0.00288287527,20.4339314,
176,15,176-15,Leaf,,,,,-0.0225217417,6.37874603,
176,16,176-16,Leaf,,,,,-0.00696523022,8.01608086,
176,17,176-17,Leaf,,,,,0.0153761348,5.34403229,
176,18,176-18,Leaf,,,,,-0.00271061622,501.253601,
176,19,176-19,Leaf,,,,,0.000696273404,4281.52002,
176,20,176-20,Leaf,,,,,-0.000546540599,4873.95557,
176,21,176-21,Leaf,,,,,-0.00540062925,13.0603256,
176,22,176-22,Leaf,,,,,0.0104361288,57.3425522,
177,0,177-0,f2,-0.270000011,177-1,177-2,177-2,3.61725211,9817.11914,
177,1,177-1,Leaf,,,,,0.0210356023,6.24735641,
177,2,177-2,f3,0.230000004,177-3,177-4,177-4,6.10458088,9810.87207,
177,3,177-3,f1,14.7333336,177-5,177-6,177-6,2.13901973,9796.90137,
177,4,177-4,f5,0.25,177-7,177-8,177-8,1.77362442,13.9707403,
177,5,177-5,f1,9.66666698,177-9,177-10,177-10,2.42303133,9626.02832,
177,6,177-6,f5,0.100000001,177-11,177-12,177-12,5.49635649,170.873062,
177,7,177-7,Leaf,,,,,-0.00871828385,8.27211285,
177,8,177-8,Leaf,,,,,-0.0310861543,5.69862747,
177,9,177-9,Leaf,,,,,0.000278579362,4820.46777,
177,10,177-10,Leaf,,,,,-0.000673266011,4805.56055,
177,11,177-11,Leaf,,,,,0.000856334635,144.844528,
177,12,177-12,Leaf,,,,,0.0156000489,26.0285301,
178,0,178-0,f0,-1.08031929,178-1,178-2,178-2,7.53137732,9823.20215,
178,1,178-1,f0,-2.05374885,178-3,178-4,178-4,4.25953054,408.584625,
178,2,178-2,f0,1.2815516,178-5,178-6,178-6,5.86874676,9414.61816,
178,3,178-3,f1,1.66666663,178-7,178-8,178-8,0.470763683,13.4730453,
178,4,178-4,f2,-0.0199999996,178-9,178-10,178-10,2.73797894,395.111572,
178,5,178-5,f3,0.419999987,178-11,178-12,178-12,3.64084554,9118.13281,
178,6,178-6,f0,2.32634783,178-13,178-14,178-14,2.79460001,296.48465,
178,7,178-7,Leaf,,,,,-0.0261928905,6.36022711,
178,8,178-8,Leaf,,,,,-0.0118306028,7.11281824,
178,9,178-9,f1,4.73333311,178-15,178-16,178-16,4.00034857,22.5278912,
178,10,178-10,f1,1.5333333,178-17,178-18,178-18,1.80566978,372.583679,
178,11,178-11,f2,0.0599999987,178-19,178-20,178-20,4.17551327,9112.91309,
178,12,178-12,Leaf,,,,,0.0230201334,5.22059965,
178,13,178-13,f1,1.60000002,178-21,178-22,178-22,4.78218746,279.152008,
178,14,178-14,f1,2.6833334,178-23,178-24,178-24,0.17205286,17.3326492,
178,15,178-15,Leaf,,,,,-0.00628562784,10.8302231,
178,16,178-16,Leaf,,,,,0.0181011148,11.6976681,
178,17,178-17,Leaf,,,,,0.00329404557,27.8125401,
178,18,178-18,Leaf,,,,,-0.00456042169,344.771149,
178,19,178-19,Leaf,,,,,0.000125765262,9022.19629,
178,20,178-20,Leaf,,,,,-0.00630776444,90.7162399,
178,21,178-21,Leaf,,,,,-0.00664473046,34.9684067,
178,22,178-22,Leaf,,,,,0.00508664362,244.183594,
178,23,178-23,Leaf,,,,,0.0117222881,11.824295,
178,24,178-24,Leaf,,,,,0.0212219246,5.50835514,
179,0,179-0,f0,-1.2815516,179-1,179-2,179-2,8.50789928,9856.40723,
179,1,179-1,f1,7.44999981,179-3,179-4,179-4,8.29277039,208.2612,
179,2,179-2,f0,1.75068605,179-5,179-6,179-6,8.00899506,9648.14648,
179,3,179-3,f1,6.48333311,179-7,179-8,179-8,2.58760834,154.749298,
179,4,179-4,f0,-1.47579098,179-9,179-10,179-10,1.44545782,53.5119095,
179,5,179-5,f0,0.0501535833,179-11,179-12,179-12,4.00724745,9571.59863,
179,6,179-6,f1,6.3499999,179-13,179-14,179-14,3.02537346,76.5478439,
179,7,179-7,f1,6.0999999,179-15,179-16,179-16,12.9444084,140.842133,
179,8,179-8,Leaf,,,,,-0.0215852465,13.9071569,
179,9,179-9,f1,9.83333302,179-17,179-18,179-18,5.22573709,17.9303722,
179,10,179-10,f1,9.5,179-19,179-20,179-20,2.70164585,35.5815392,
179,11,179-11,f1,4.7833333,179-21,179-22,179-22,5.30109406,5016.12646,
179,12,179-12,f3,0.140000001,179-23,179-24,179-24,3.94757318,4555.47217,
179,13,179-13,f1,2.91666675,179-25,179-26,179-26,1.94220066,65.9109879,
179,14,179-14,f0,1.88079357,179-27,179-28,179-28,0.757572055,10.6368542,
179,15,179-15,Leaf,,,,,-0.0101084625,135.37677,
179,16,179-16,Leaf,,,,,0.0334590897,5.4653573,
179,17,179-17,Leaf,,,,,-0.0205425099,7.44170475,
179,18,179-18,Leaf,,,,,0.0105698686,10.4886675,
179,19,179-19,Leaf,,,,,0.0146903666,19.6639729,
179,20,179-20,Leaf,,,,,-0.00165977725,15.9175644,
179,21,179-21,Leaf,,,,,-0.00288591068,755.697205,
179,22,179-22,Leaf,,,,,-0.000161008138,4260.4292,
179,23,179-23,Leaf,,,,,0.000715563947,4536.37842,
179,24,179-24,Leaf,,,,,-0.0126117952,19.0935287,
179,25,179-25,Leaf,,,,,0.00722145056,37.1070328,
179,26,179-26,Leaf,,,,,0.0178561714,28.8039551,
179,27,179-27,Leaf,,,,,-0.0119858244,5.2179966,
179,28,179-28,Leaf,,,,,0.00293240394,5.41885757,
180,0,180-0,f0,1.88079357,180-1,180-2,180-2,11.7872467,9818.52637,
180,1,180-1,f0,-1.55477357,180-3,180-4,180-4,8.12625599,9766.83984,
180,2,180-2,f3,0.0199999996,180-5,180-6,180-6,4.07831097,51.6865005,
180,3,180-3,f1,9.26666641,180-7,180-8,180-8,2.76158619,75.2189178,
180,4,180-4,f3,0.219999999,180-9,180-10,180-10,3.16013741,9691.62109,
180,5,180-5,f1,4.9000001,180-11,180-12,180-12,1.13045597,44.7812157,
180,6,180-6,Leaf,,,,,-0.00646152953,6.90528345,
180,7,180-7,f0,-1.64485359,180-13,180-14,180-14,1.18222237,67.1945724,
180,8,180-8,Leaf,,,,,0.00626192428,8.02434254,
180,9,180-9,f0,0.253347099,180-15,180-16,180-16,2.58541679,9671.20703,
180,10,180-10,f3,0.419999987,180-17,180-18,180-18,6.53586769,20.4140759,
180,11,180-11,f4,1.0,180-19,180-20,180-20,0.112636566,35.6471558,
180,12,180-12,Leaf,,,,,0.00703241816,9.13406086,
180,13,180-13,Leaf,,,,,-0.0136795593,53.937809,
180,14,180-14,Leaf,,,,,-0.00338516338,13.2567673,
180,15,180-15,Leaf,,,,,-0.000231757411,6538.8252,
180,16,180-16,Leaf,,,,,0.000816295331,3132.38159,
180,17,180-17,Leaf,,,,,-0.0217613839,14.5806427,
180,18,180-18,Leaf,,,,,0.0138001321,5.83343363,
180,19,180-19,Leaf,,,,,0.0209894832,30.3922253,
180,20,180-20,Leaf,,,,,0.0113231679,5.25492859,
181,0,181-0,f0,-1.55477357,181-1,181-2,181-2,6.37236595,9832.4375,
181,1,181-1,f1,9.26666641,181-3,181-4,181-4,3.24016714,73.9925842,
181,2,181-2,f0,2.32634783,181-5,181-6,181-6,4.51782703,9758.44434,
181,3,181-3,f0,-2.05374885,181-7,181-8,181-8,1.34824181,65.6865311,
181,4,181-4,Leaf,,,,,0.00829186291,8.30605793,
181,5,181-5,f0,-0.0250689089,181-9,181-10,181-10,4.00441313,9741.6543,
181,6,181-6,f1,2.6833334,181-11,181-12,181-12,0.133985043,16.7904167,
181,7,181-7,f1,2.1500001,181-13,181-14,181-14,0.32557869,12.8210764,
181,8,181-8,f1,1.5333333,181-15,181-16,181-16,1.46251678,52.8654556,
181,9,181-9,f1,14.3999996,181-17,181-18,181-18,4.607234,4529.96973,
181,10,181-10,f3,0.200000003,181-19,181-20,181-20,4.31375551,5211.68408,
181,11,181-11,f1,1.23333335,181-21,181-22,181-22,0.115646124,11.6765718,
181,12,181-12,Leaf,,,,,0.0205968898,5.11384487,
181,13,181-13,Leaf,,,,,-0.0123171676,7.35858822,
181,14,181-14,Leaf,,,,,-0.0256205928,5.46248817,
181,15,181-15,Leaf,,,,,0.00237577385,8.98283768,
181,16,181-16,Leaf,,,,,-0.0106524518,43.882618,
181,17,181-17,Leaf,,,,,-0.000735535519,4296.60205,
181,18,181-18,Leaf,,,,,0.00358399632,233.367645,
181,19,181-19,Leaf,,,,,0.000748211984,5200.78809,
181,20,181-20,Leaf,,,,,-0.0173388198,10.8962879,
181,21,181-21,Leaf,,,,,0.0143678766,6.47158146,
181,22,181-22,Leaf,,,,,0.00619116286,5.20499086,
182,0,182-0,f0,-1.47579098,182-1,182-2,182-2,7.40621948,9792.90332,
182,1,182-1,f0,-2.05374885,182-3,182-4,182-4,2.10565519,99.1732254,
182,2,182-2,f0,0.95416528,182-5,182-6,182-6,5.91045904,9693.73047,
182,3,182-3,f1,2.1500001,182-7,182-8,182-8,0.330417633,12.5835648,
182,4,182-4,f1,10.5500002,182-9,182-10,182-10,1.47226334,86.5896606,
182,5,182-5,f1,5.98333311,182-11,182-12,182-12,3.90803957,8999.11621,
182,6,182-6,f1,13.583333,182-13,182-14,182-14,5.33239889,694.614197,
182,7,182-7,Leaf,,,,,-0.012127229,7.27276659,
182,8,182-8,Leaf,,,,,-0.02552169,5.31079817,
182,9,182-9,f1,9.26666641,182-15,182-16,182-16,6.05801439,80.7534256,
182,10,182-10,Leaf,,,,,-0.0198315997,5.83622932,
182,11,182-11,f0,0.0501535833,182-17,182-18,182-18,5.89251804,2041.50427,
182,12,182-12,f1,6.83333349,182-19,182-20,182-20,10.4915628,6957.61182,
182,13,182-13,f0,2.05374885,182-21,182-22,182-22,2.97255945,688.294678,
182,14,182-14,Leaf,,,,,-0.0227755774,6.31950617,
182,15,182-15,Leaf,,,,,-0.0075442465,74.7072372,
182,16,182-16,Leaf,,,,,0.0216074679,6.04619074,
182,17,182-17,Leaf,,,,,-0.00271553663,1155.39722,
182,18,182-18,Leaf,,,,,0.000535243715,886.107117,
182,19,182-19,Leaf,,,,,0.00473740976,427.060242,
182,20,182-20,Leaf,,,,,-0.000110717585,6530.55127,
182,21,182-21,Leaf,,,,,0.00253679953,655.890015,
182,22,182-22,Leaf,,,,,0.0117259417,32.404705,
183,0,183-0,f0,-0.994457901,183-1,183-2,183-2,8.43089008,9822.48535,
183,1,183-1,f1,8.83333302,183-3,183-4,183-4,3.72770596,514.30365,
183,2,183-2,f0,2.05374885,183-5,183-6,183-6,6.42710495,9308.18164,
183,3,183-3,f1,6.7833333,183-7,183-8,183-8,4.03582859,399.31781,
183,4,183-4,f1,9.13333321,183-9,183-10,183-10,8.22738838,114.985809,
183,5,183-5,f1,9.66666698,183-11,183-12,183-12,4.05559444,9275.82324,
183,6,183-6,f1,4.9000001,183-13,183-14,183-14,1.95746565,32.3580399,
183,7,183-7,f0,-2.05374885,183-15,183-16,183-16,3.62843132,304.890472,
183,8,183-8,f3,0.0299999993,183-17,183-18,183-18,4.35041428,94.4273224,
183,9,183-9,f0,-1.17498684,183-19,183-20,183-20,0.892953396,13.862215,
183,10,183-10,f1,10.25,183-21,183-22,183-22,4.18151855,101.123596,
183,11,183-11,f1,9.5,183-23,183-24,183-24,5.29211521,4367.14697,
183,12,183-12,f1,10.0666666,183-25,183-26,183-26,6.18688202,4908.67627,
183,13,183-13,f2,0.00999999978,183-27,183-28,183-28,1.08330536,27.0976353,
183,14,183-14,Leaf,,,,,-0.00282355631,5.26040459,
183,15,183-15,Leaf,,,,,-0.0187713262,12.0468006,
183,16,183-16,Leaf,,,,,-0.00257664872,292.843689,
183,17,183-17,Leaf,,,,,-0.0121242478,88.002121,
183,18,183-18,Leaf,,,,,0.0121000772,6.42520046,
183,19,183-19,Leaf,,,,,0.0282367188,8.14295864,
183,20,183-20,Leaf,,,,,0.0102224769,5.71925688,
183,21,183-21,Leaf,,,,,-0.00907576084,41.6657486,
183,22,183-22,Leaf,,,,,0.00319601269,59.4578438,
183,23,183-23,Leaf,,,,,0.000776146713,4246.23779,
183,24,183-24,Leaf,,,,,0.00711636525,120.909111,
183,25,183-25,Leaf,,,,,-0.00419504941,341.036713,
183,26,183-26,Leaf,,,,,-1.19175056e-05,4567.63965,
183,27,183-27,Leaf,,,,,0.0196684301,21.301424,
183,28,183-28,Leaf,,,,,0.0042260997,5.79621124,
184,0,184-0,f0,0.772193193,184-1,184-2,184-2,9.0228138,9830.29297,
184,1,184-1,f0,-2.05374885,184-3,184-4,184-4,5.04217577,8769.79688,
184,2,184-2,f1,13.583333,184-5,184-6,184-6,5.89517689,1060.49597,
184,3,184-3,f1,2.1500001,184-7,184-8,184-8,0.357504845,12.1076117,
184,4,184-4,f0,-0.994457901,184-9,184-10,184-10,3.09280634,8757.68945,
184,5,184-5,f0,2.05374885,184-11,184-12,184-12,5.10760593,1048.56006,
184,6,184-6,f1,13.8666668,184-13,184-14,184-14,1.47981405,11.9358902,
184,7,184-7,Leaf,,,,,-0.0115949558,7.04061508,
184,8,184-8,Leaf,,,,,-0.025318576,5.06699657,
184,9,184-9,f1,8.83333302,184-15,184-16,184-16,4.63611603,498.783844,
184,10,184-10,f1,8.78333378,184-17,184-18,184-18,2.83331108,8258.90527,
184,11,184-11,f3,0.00999999978,184-19,184-20,184-20,3.03109741,1016.03479,
184,12,184-12,f1,4.9000001,184-21,184-22,184-22,3.38414335,32.5252533,
184,13,184-13,Leaf,,,,,-0.0261923634,6.48706245,
184,14,184-14,Leaf,,,,,-0.00460446067,5.44882774,
184,15,184-15,Leaf,,,,,-0.00406478299,385.907959,
184,16,184-16,Leaf,,,,,0.0028269568,112.875877,
184,17,184-17,Leaf,,,,,0.000654011383,3048.54297,
184,18,184-18,Leaf,,,,,-0.000497291563,5210.36279,
184,19,184-19,Leaf,,,,,0.00422736444,496.193176,
184,20,184-20,Leaf,,,,,0.000948642439,519.841614,
184,21,184-21,Leaf,,,,,0.0187265184,27.0047836,
184,22,184-22,Leaf,,,,,-0.00605801726,5.52046919,
185,0,185-0,f0,-0.358458787,185-1,185-2,185-2,5.48189402,9813.74902,
185,1,185-1,f1,3.29999995,185-3,185-4,185-4,5.18879223,2399.57373,
185,2,185-2,f0,2.05374885,185-5,185-6,185-6,4.96125317,7414.17529,
185,3,185-3,f3,0.100000001,185-7,185-8,185-8,3.72552013,312.859497,
185,4,185-4,f1,6.83333349,185-9,185-10,185-10,6.6194315,2086.71436,
185,5,185-5,f1,0.949999988,185-11,185-12,185-12,2.18445063,7382.5083,
185,6,185-6,f1,0.949999988,185-13,185-14,185-14,0.966098785,31.6672459,
185,7,185-7,f1,0.949999988,185-15,185-16,185-16,3.5257473,303.056976,
185,8,185-8,Leaf,,,,,0.0126731442,9.80251312,
185,9,185-9,f1,6.0333333,185-17,185-18,185-18,6.99536419,630.50116,
185,10,185-10,f4,1.0,185-19,185-20,185-20,5.12363052,1456.21313,
185,11,185-11,f5,0.0299999993,185-21,185-22,185-22,5.19050026,64.5701828,
185,12,185-12,f1,1.31666672,185-23,185-24,185-24,2.9830029,7317.93799,
185,13,185-13,Leaf,,,,,0.0222736262,6.29275227,
185,14,185-14,f1,1.79999995,185-25,185-26,185-26,1.20638585,25.3744926,
185,15,185-15,Leaf,,,,,-0.0148143852,30.670145,
185,16,185-16,Leaf,,,,,-0.00419398071,272.386841,
185,17,185-17,Leaf,,,,,0.000232585619,481.985626,
185,18,185-18,Leaf,,,,,0.00766078196,148.515533,
185,19,185-19,Leaf,,,,,-0.00067081803,1099.74255,
185,20,185-20,Leaf,,,,,-0.00480596768,356.470673,
185,21,185-21,Leaf,,,,,-0.0199350808,5.40030909,
185,22,185-22,Leaf,,,,,0.00858704746,59.1698723,
185,23,185-23,Leaf,,,,,-0.00579155609,67.6374741,
185,24,185-24,Leaf,,,,,0.000492331048,7250.30029,
185,25,185-25,Leaf,,,,,-0.00211312971,6.37047338,
185,26,185-26,Leaf,,,,,0.0125811417,19.0040207,
186,0,186-0,f0,-1.2815516,186-1,186-2,186-2,6.34368944,9775.9043,
186,1,186-1,f0,-2.05374885,186-3,186-4,186-4,1.89817333,201.141479,
186,2,186-2,f0,1.55477357,186-5,186-6,186-6,5.8261528,9574.76367,
186,3,186-3,Leaf,,,,,-0.0164005868,11.9668808,
186,4,186-4,f2,0.0199999996,186-7,186-8,186-8,1.95173597,189.174591,
186,5,186-5,f0,0.553384721,186-9,186-10,186-10,3.08458066,9446.93262,
186,6,186-6,f0,2.32634783,186-11,186-12,186-12,1.36565256,127.831047,
186,7,186-7,f0,-1.55477357,186-13,186-14,186-14,0.86215806,181.219147,
186,8,186-8,Leaf,,,,,-0.018169554,7.95545053,
186,9,186-9,f2,0.00999999978,186-15,186-16,186-16,2.82009053,7864.8125,
186,10,186-10,f3,0.00999999978,186-17,186-18,186-18,2.61095095,1582.11951,
186,11,186-11,f2,0.00999999978,186-19,186-20,186-20,2.11285448,111.872192,
186,12,186-12,Leaf,,,,,0.014495695,15.9588547,
186,13,186-13,Leaf,,,,,-0.0066947639,59.1275215,
186,14,186-14,Leaf,,,,,-0.00227278378,122.091621,
186,15,186-15,Leaf,,,,,-0.000536850828,5743.75195,
186,16,186-16,Leaf,,,,,0.000742945296,2121.06055,
186,17,186-17,Leaf,,,,,0.0025324116,756.03418,
186,18,186-18,Leaf,,,,,9.33197443e-05,826.085327,
186,19,186-19,Leaf,,,,,0.00262423512,81.4220276,
186,20,186-20,Leaf,,,,,0.011828416,30.4501667,
187,0,187-0,f0,-0.80642122,187-1,187-2,187-2,5.46800566,9804.76172,
187,1,187-1,f3,0.109999999,187-3,187-4,187-4,5.76433372,843.184448,
187,2,187-2,f0,2.32634783,187-5,187-6,187-6,4.5814414,8961.57715,
187,3,187-3,f0,-1.75068605,187-7,187-8,187-8,3.92502928,835.612366,
187,4,187-4,Leaf,,,,,0.022067111,7.57211161,
187,5,187-5,f0,0.9153651,187-9,187-10,187-10,3.12034726,8946.05859,
187,6,187-6,f1,1.79999995,187-11,187-12,187-12,0.151057243,15.5190601,
187,7,187-7,f1,6.23333311,187-13,187-14,187-14,2.62999392,41.1387482,
187,8,187-8,f1,0.883333325,187-15,187-16,187-16,2.46776867,794.473633,
187,9,187-9,f3,0.349999994,187-17,187-18,187-18,3.34525824,8206.86914,
187,10,187-10,f1,13.583333,187-19,187-20,187-20,2.24022508,739.189392,
187,11,187-11,Leaf,,,,,0.0105101615,8.05230141,
187,12,187-12,Leaf,,,,,0.0197545066,7.46675873,
187,13,187-13,Leaf,,,,,-0.0147047509,35.0606079,
187,14,187-14,Leaf,,,,,0.00584448269,6.07813978,
187,15,187-15,Leaf,,,,,-0.014871683,12.6129961,
187,16,187-16,Leaf,,,,,-0.00197402178,781.860596,
187,17,187-17,Leaf,,,,,-0.000115352086,8200.56738,
187,18,187-18,Leaf,,,,,0.0201997105,6.30169392,
187,19,187-19,Leaf,,,,,0.00211610319,731.265259,
187,20,187-20,Leaf,,,,,-0.0130201206,7.92412758,
188,0,188-0,f0,2.05374885,188-1,188-2,188-2,7.6687274,9788.77539,
188,1,188-1,f0,-0.643345416,188-3,188-4,188-4,4.71593666,9757.96191,
188,2,188-2,f1,4.9000001,188-5,188-6,188-6,3.48834944,30.8137741,
188,3,188-3,f1,1.0333333,188-7,188-8,188-8,3.14617395,1243.47839,
188,4,188-4,f2,0.0399999991,188-9,188-10,188-10,2.6525228,8514.4834,
188,5,188-5,f2,0.00999999978,188-11,188-12,188-12,1.82211399,25.3251801,
188,6,188-6,Leaf,,,,,-0.00625579664,5.48859501,
188,7,188-7,f2,-0.0199999996,188-13,188-14,188-14,2.5556345,33.9469757,
188,8,188-8,f1,12.8500004,188-15,188-16,188-16,2.2265451,1209.53137,
188,9,188-9,f1,8.73333359,188-17,188-18,188-18,1.73611867,8301.44629,
188,10,188-10,f1,0.5,188-19,188-20,188-20,3.90935135,213.037064,
188,11,188-11,Leaf,,,,,0.0231827218,19.7771873,
188,12,188-12,Leaf,,,,,0.00318564894,5.54799318,
188,13,188-13,Leaf,,,,,0.00436371146,7.34983253,
188,14,188-14,Leaf,,,,,-0.015042915,26.5971432,
188,15,188-15,Leaf,,,,,-0.00140308973,1149.84595,
188,16,188-16,Leaf,,,,,-0.00730328076,59.6854744,
188,17,188-17,Leaf,,,,,0.000651701877,3200.94067,
188,18,188-18,Leaf,,,,,-0.000239519941,5100.50586,
188,19,188-19,Leaf,,,,,0.0193139706,5.7076335,
188,20,188-20,Leaf,,,,,-0.0039899773,207.329422,
189,0,189-0,f0,2.05374885,189-1,189-2,189-2,6.94389057,9791.00781,
189,1,189-1,f0,0.80642122,189-3,189-4,189-4,4.73735857,9760.79883,
189,2,189-2,f0,2.32634783,189-5,189-6,189-6,0.777815342,30.20961,
189,3,189-3,f3,0.400000006,189-7,189-8,189-8,4.88319063,8806.36914,
189,4,189-4,f2,-0.0399999991,189-9,189-10,189-10,2.548594,954.429871,
189,5,189-5,f3,0.00999999978,189-11,189-12,189-12,0.0875412226,15.2814169,
189,6,189-6,Leaf,,,,,0.0190935396,14.9281931,
189,7,189-7,f0,-1.55477357,189-13,189-14,189-14,4.11210203,8800.95117,
189,8,189-8,Leaf,,,,,0.0259718932,5.41771507,
189,9,189-9,Leaf,,,,,0.0171248075,8.98560429,
189,10,189-10,f2,-0.0299999993,189-15,189-16,189-16,3.17877412,945.444275,
189,11,189-11,Leaf,,,,,0.00543305883,8.58276272,
189,12,189-12,Leaf,,,,,0.011313404,6.69865465,
189,13,189-13,Leaf,,,,,-0.0073382752,71.1667862,
189,14,189-14,Leaf,,,,,-0.000147519298,8729.78418,
189,15,189-15,Leaf,,,,,-0.019846512,5.03319168,
189,16,189-16,Leaf,,,,,0.00201253244,940.411072,
190,0,190-0,f2,0.0399999991,190-1,190-2,190-2,3.79525542,9809.30664,
190,1,190-1,f2,-0.0399999991,190-3,190-4,190-4,2.24111223,9579.15918,
190,2,190-2,f1,0.5,190-5,190-6,190-6,3.26344228,230.146652,
190,3,190-3,f5,0.200000003,190-7,190-8,190-8,3.18017268,151.168472,
190,4,190-4,f2,0.00999999978,190-9,190-10,190-10,1.78344321,9427.99121,
190,5,190-5,Leaf,,,,,0.015118652,6.9518261,
190,6,190-6,f5,0.310000002,190-11,190-12,190-12,2.70467806,223.194824,
190,7,190-7,f5,0.159999996,190-13,190-14,190-14,3.28273797,93.6326065,
190,8,190-8,f1,0.800000012,190-15,190-16,190-16,1.96624184,57.5358696,
190,9,190-9,f1,5.98333311,190-17,190-18,190-18,3.56144118,7039.89697,
190,10,190-10,f5,0.180000007,190-19,190-20,190-20,5.60484362,2388.09399,
190,11,190-11,f1,1.98333335,190-21,190-22,190-22,3.12373781,194.749741,
190,12,190-12,f1,3.4666667,190-23,190-24,190-24,2.14377594,28.4450893,
190,13,190-13,Leaf,,,,,0.00264624367,79.4985657,
190,14,190-14,Leaf,,,,,-0.0125828804,14.1340437,
190,15,190-15,Leaf,,,,,-0.00376488897,8.54183388,
190,16,190-16,Leaf,,,,,0.0114384415,48.9940338,
190,17,190-17,Leaf,,,,,-0.00141027104,1755.41467,
190,18,190-18,Leaf,,,,,0.000149019455,5284.48242,
190,19,190-19,Leaf,,,,,0.00190855772,1419.59241,
190,20,190-20,Leaf,,,,,-0.00105029321,968.501526,
190,21,190-21,Leaf,,,,,-0.0136487177,21.7277622,
190,22,190-22,Leaf,,,,,-0.00180156471,173.021973,
190,23,190-23,Leaf,,,,,-0.00337512954,12.6802921,
190,24,190-24,Leaf,,,,,-0.0200408679,15.7647972,
191,0,191-0,f0,-1.55477357,191-1,191-2,191-2,6.74967051,9804.55176,
191,1,191-1,f1,9.26666641,191-3,191-4,191-4,1.39868927,70.9721603,
191,2,191-2,f0,1.22652817,191-5,191-6,191-6,3.9752686,9733.58008,
191,3,191-3,f0,-2.05374885,191-7,191-8,191-8,1.43187618,62.7285767,
191,4,191-4,Leaf,,,,,0.00206990074,8.24358273,
191,5,191-5,f1,9.19999981,191-9,191-10,191-10,2.67279649,9395.70312,
191,6,191-6,f1,4.7833333,191-11,191-12,191-12,3.12273169,337.876404,
191,7,191-7,Leaf,,,,,-0.0203628279,11.1407948,
191,8,191-8,f1,6.3499999,191-13,191-14,191-14,1.70097876,51.58778,
191,9,191-9,f5,0.0199999996,191-15,191-16,191-16,5.94770432,4124.84082,
191,10,191-10,f1,13.4333334,191-17,191-18,191-18,3.95744419,5270.86279,
191,11,191-11,f1,3.6500001,191-19,191-20,191-20,7.99175692,167.451508,
191,12,191-12,f1,5.3499999,191-21,191-22,191-22,3.00761747,170.424896,
191,13,191-13,Leaf,,,,,-0.00612882804,45.4367065,
191,14,191-14,Leaf,,,,,-0.0222005546,6.15107536,
191,15,191-15,Leaf,,,,,-0.0049570729,180.789459,
191,16,191-16,Leaf,,,,,0.000593003992,3944.05103,
191,17,191-17,Leaf,,,,,-0.00121444883,3666.90771,
191,18,191-18,Leaf,,,,,0.000571786426,1603.9552,
191,19,191-19,Leaf,,,,,0.00217844173,126.152939,
191,20,191-20,Leaf,,,,,0.0172691587,41.2985687,
191,21,191-21,Leaf,,,,,-0.00954989437,23.3608952,
191,22,191-22,Leaf,,,,,0.00182546233,147.064011,
192,0,192-0,f0,1.55477357,192-1,192-2,192-2,4.76608229,9798.61914,
192,1,192-1,f0,-1.2815516,192-3,192-4,192-4,3.9340682,9671.9541,
192,2,192-2,f1,0.616666675,192-5,192-6,192-6,2.54902506,126.664429,
192,3,192-3,f1,8.46666622,192-7,192-8,192-8,4.46719313,196.984528,
192,4,192-4,f2,0.0399999991,192-9,192-10,192-10,2.84210753,9474.96973,
192,5,192-5,Leaf,,,,,0.022975117,6.39889193,
192,6,192-6,f1,1.60000002,192-11,192-12,192-12,3.35047483,120.265533,
192,7,192-7,f1,6.48333311,192-13,192-14,192-14,2.86012983,157.32811,
192,8,192-8,f1,10.6166668,192-15,192-16,192-16,1.99577439,39.6564102,
192,9,192-9,f1,0.266666681,192-17,192-18,192-18,3.21210265,9249.37207,
192,10,192-10,f1,14.3166666,192-19,192-20,192-20,1.58240223,225.597672,
192,11,192-11,f1,0.949999988,192-21,192-22,192-22,2.97883844,17.8767033,
192,12,192-12,f1,4.61666679,192-23,192-24,192-24,2.7115097,102.388832,
192,13,192-13,Leaf,,,,,-0.0046467958,132.244431,
192,14,192-14,Leaf,,,,,-0.0155975334,25.0836811,
192,15,192-15,Leaf,,,,,0.00962671638,25.3028755,
192,16,192-16,Leaf,,,,,-0.00406616321,14.3535328,
192,17,192-17,Leaf,,,,,-0.0207403209,5.6288085,
192,18,192-18,Leaf,,,,,0.000150487831,9243.74316,
192,19,192-19,Leaf,,,,,-0.00423592003,196.236069,
192,20,192-20,Leaf,,,,,0.00314856949,29.3616085,
192,21,192-21,Leaf,,,,,0.00939161703,5.91539478,
192,22,192-22,Leaf,,,,,-0.0152017521,11.9613085,
192,23,192-23,Leaf,,,,,0.0116078835,51.2387924,
192,24,192-24,Leaf,,,,,0.00184756785,51.1500435,
193,0,193-0,f0,-0.305480778,193-1,193-2,193-2,5.04782009,9794.33496,
193,1,193-1,f2,-0.0199999996,193-3,193-4,193-4,4.15686846,2676.99243,
193,2,193-2,f3,0.219999999,193-5,193-6,193-6,3.03978062,7117.34229,
193,3,193-3,f0,-1.34075499,193-7,193-8,193-8,1.88193011,159.490051,
193,4,193-4,f0,-1.40507162,193-9,193-10,193-10,3.82223845,2517.50244,
193,5,193-5,f0,1.55477357,193-11,193-12,193-12,3.23154712,7103.03564,
193,6,193-6,f5,0.100000001,193-13,193-14,193-14,3.26541758,14.306797,
193,7,193-7,Leaf,,,,,0.0166065786,8.59991646,
193,8,193-8,f0,-1.22652817,193-15,193-16,193-16,1.99435174,150.890137,
193,9,193-9,f0,-2.05374885,193-17,193-18,193-18,1.86117506,120.567841,
193,10,193-10,f2,0.0799999982,193-19,193-20,193-20,2.05073786,2396.93457,
193,11,193-11,f3,0.159999996,193-21,193-22,193-22,1.31108892,6978.25391,
193,12,193-12,f3,0.0199999996,193-23,193-24,193-24,1.18860841,124.781487,
193,13,193-13,Leaf,,,,,0.00355758681,6.15004063,
193,14,193-14,Leaf,,,,,-0.0241979193,8.1567564,
193,15,193-15,Leaf,,,,,-0.0132785784,5.64082956,
193,16,193-16,Leaf,,,,,0.00356877642,145.249313,
193,17,193-17,Leaf,,,,,-0.0177755971,11.0115099,
193,18,193-18,Leaf,,,,,-0.00518818107,109.556328,
193,19,193-19,Leaf,,,,,-0.000959804689,2386.63867,
193,20,193-20,Leaf,,,,,-0.0137761822,10.2957907,
193,21,193-21,Leaf,,,,,0.000467785576,6967.94434,
193,22,193-22,Leaf,,,,,0.0106915236,10.3095617,
193,23,193-23,Leaf,,,,,0.00659662671,105.01992,
193,24,193-24,Leaf,,,,,-0.00135590392,19.7615681,
194,0,194-0,f0,0.467698812,194-1,194-2,194-2,6.50139475,9778.78223,
194,1,194-1,f1,2.5,194-3,194-4,194-4,4.93089104,7739.41797,
194,2,194-2,f2,-0.0799999982,194-5,194-6,194-6,3.58093691,2039.36426,
194,3,194-3,f0,-0.412463129,194-7,194-8,194-8,4.47899437,419.041443,
194,4,194-4,f1,2.6833334,194-9,194-10,194-10,7.68908453,7320.37646,
194,5,194-5,Leaf,,,,,0.0202103686,8.1558075,
194,6,194-6,f3,0.00999999978,194-11,194-12,194-12,3.31460905,2031.20837,
194,7,194-7,f0,-1.03643334,194-13,194-14,194-14,2.96230412,180.724548,
194,8,194-8,f0,-0.279319048,194-15,194-16,194-16,1.82835376,238.316879,
194,9,194-9,f0,-0.150969222,194-17,194-18,194-18,3.40581703,56.6845207,
194,10,194-10,f1,2.79999995,194-19,194-20,194-20,3.91605639,7263.69189,
194,11,194-11,f0,2.32634783,194-21,194-22,194-22,3.54420519,974.652161,
194,12,194-12,f1,11.6166668,194-23,194-24,194-24,5.0385232,1056.55627,
194,13,194-13,Leaf,,,,,-0.00265327352,77.6566925,
194,14,194-14,Leaf,,,,,-0.0104405349,103.067863,
194,15,194-15,Leaf,,,,,0.00609222753,28.7818584,
194,16,194-16,Leaf,,,,,-0.00185114541,209.535019,
194,17,194-17,Leaf,,,,,0.00401976844,32.0905952,
194,18,194-18,Leaf,,,,,0.0188573617,24.5939255,
194,19,194-19,Leaf,,,,,-0.0111253308,29.0825157,
194,20,194-20,Leaf,,,,,-0.000278670923,7234.60938,
194,21,194-21,Leaf,,,,,0.00245098211,963.01001,
194,22,194-22,Leaf,,,,,0.0184568986,11.6421413,
194,23,194-23,Leaf,,,,,0.00117564015,876.453918,
194,24,194-24,Leaf,,,,,-0.00432050647,180.102341,
195,0,195-0,f0,1.08031929,195-1,195-2,195-2,5.90356922,9775.28809,
195,1,195-1,f5,0.349999994,195-3,195-4,195-4,3.22801876,9284.19043,
195,2,195-2,f1,11.4499998,195-5,195-6,195-6,4.49113607,491.097321,
195,3,195-3,f1,4.7833333,195-7,195-8,195-8,2.00278234,8710.37109,
195,4,195-4,f2,-0.100000001,195-9,195-10,195-10,6.07618237,573.820007,
195,5,195-5,f1,9.0,195-11,195-12,195-12,4.44457769,466.404053,
195,6,195-6,f1,12.1999998,195-13,195-14,195-14,2.56769633,24.693264,
195,7,195-7,f1,4.6833334,195-15,195-16,195-16,8.19996452,1307.27209,
195,8,195-8,f1,6.9000001,195-17,195-18,195-18,6.26814222,7403.09863,
195,9,195-9,Leaf,,,,,0.0270381384,5.21712255,
195,10,195-10,f2,0.0399999991,195-19,195-20,195-20,3.04498053,568.602905,
195,11,195-11,f0,1.88079357,195-21,195-22,195-22,3.8960712,402.229065,
195,12,195-12,f2,0.0,195-23,195-24,195-24,2.82876396,64.1749725,
195,13,195-13,Leaf,,,,,-0.0201181006,10.0087595,
195,14,195-14,f1,12.6999998,195-25,195-26,195-26,3.54991436,14.6845055,
195,15,195-15,Leaf,,,,,-0.000789941638,1262.83752,
195,16,195-16,Leaf,,,,,-0.0137631763,44.4346466,
195,17,195-17,Leaf,,,,,0.00221763062,1017.66156,
195,18,195-18,Leaf,,,,,-0.000316399994,6385.43701,
195,19,195-19,Leaf,,,,,-0.00251269969,560.436707,
195,20,195-20,Leaf,,,,,-0.0199690685,8.16619587,
195,21,195-21,Leaf,,,,,0.00148020918,356.676849,
195,22,195-22,Leaf,,,,,0.0107151521,45.5522156,
195,23,195-23,Leaf,,,,,0.0230971985,12.993329,
195,24,195-24,Leaf,,,,,0.00755560398,51.1816406,
195,25,195-25,Leaf,,,,,0.0160613712,5.69873953,
195,26,195-26,Leaf,,,,,-0.01217118,8.98576546,
196,0,196-0,f0,-0.0501535833,196-1,196-2,196-2,4.19876337,9813.66602,
196,1,196-1,f1,13.7333336,196-3,196-4,196-4,5.02044582,4393.91309,
196,2,196-2,f3,0.230000004,196-5,196-6,196-6,6.19987869,5419.75342,
196,3,196-3,f2,0.0299999993,196-7,196-8,196-8,4.63157272,3875.64673,
196,4,196-4,f1,13.7833338,196-9,196-10,196-10,4.45858479,518.266235,
196,5,196-5,f1,2.79999995,196-11,196-12,196-12,3.5139389,5409.50537,
196,6,196-6,f2,0.300000012,196-13,196-14,196-14,0.233400345,10.2477999,
196,7,196-7,f1,11.5666666,196-15,196-16,196-16,4.30047178,3708.40161,
196,8,196-8,f1,4.01666689,196-17,196-18,196-18,3.62160349,167.245041,
196,9,196-9,f0,-0.201893479,196-19,196-20,196-20,1.86115789,25.174202,
196,10,196-10,f3,0.0299999993,196-21,196-22,196-22,4.61729717,493.09201,
196,11,196-11,f1,2.4666667,196-23,196-24,196-24,4.76087618,426.375092,
196,12,196-12,f1,3.70000005,196-25,196-26,196-26,6.85382557,4983.13037,
196,13,196-13,Leaf,,,,,-0.0270940363,5.0722785,
196,14,196-14,Leaf,,,,,-0.0126621118,5.17552137,
196,15,196-15,Leaf,,,,,-0.000138449424,2787.74512,
196,16,196-16,Leaf,,,,,-0.00250235642,920.656494,
196,17,196-17,Leaf,,,,,0.00210591429,39.3246956,
196,18,196-18,Leaf,,,,,-0.0082481727,127.920349,
196,19,196-19,Leaf,,,,,0.00693934364,15.2576294,
196,20,196-20,Leaf,,,,,0.0238649603,9.91657257,
196,21,196-21,Leaf,,,,,0.000366425433,423.577118,
196,22,196-22,Leaf,,,,,0.00865853019,69.5148773,
196,23,196-23,Leaf,,,,,0.00171072839,339.37616,
196,24,196-24,Leaf,,,,,0.00954895746,86.9989548,
196,25,196-25,Leaf,,,,,-0.00443683192,240.447159,
196,26,196-26,Leaf,,,,,0.000744790304,4742.68311,
197,0,197-0,f0,1.75068605,197-1,197-2,197-2,4.84926271,9772.48145,
197,1,197-1,f0,-2.05374885,197-3,197-4,197-4,4.21171093,9703.3457,
197,2,197-2,f1,0.716666639,197-5,197-6,197-6,2.92090321,69.1363602,
197,3,197-3,f1,1.66666663,197-7,197-8,197-8,0.697988987,11.0452557,
197,4,197-4,f1,0.716666639,197-9,197-10,197-10,2.88933873,9692.2998,
197,5,197-5,Leaf,,,,,0.0264188889,5.94800377,
197,6,197-6,f1,1.60000002,197-11,197-12,197-12,4.39785528,63.1883583,
197,7,197-7,Leaf,,,,,-0.0253341701,5.15185785,
197,8,197-8,Leaf,,,,,-0.0085029779,5.89339781,
197,9,197-9,f5,0.0500000007,197-13,197-14,197-14,2.18781972,53.2747765,
197,10,197-10,f4,0.0,197-15,197-16,197-16,1.6364522,9639.02539,
197,11,197-11,f0,2.05374885,197-17,197-18,197-18,2.20422888,11.3075333,
197,12,197-12,f1,6.3499999,197-19,197-20,197-20,2.36723948,51.880825,
197,13,197-13,Leaf,,,,,-0.0225798432,6.08792448,
197,14,197-14,Leaf,,,,,-0.00451453589,47.1868515,
197,15,197-15,Leaf,,,,,-0.000659865851,2592.81763,
197,16,197-16,Leaf,,,,,0.000221500159,7046.20752,
197,17,197-17,Leaf,,,,,-0.0235525407,5.03408623,
197,18,197-18,Leaf,,,,,0.00160708278,6.27344656,
197,19,197-19,Leaf,,,,,0.0125242528,41.5802689,
197,20,197-20,Leaf,,,,,-0.0032321855,10.3005571,
198,0,198-0,f0,0.553384721,198-1,198-2,198-2,7.43623495,9776.10449,
198,1,198-1,f1,0.716666639,198-3,198-4,198-4,3.63700056,8084.71289,
198,2,198-2,f1,2.79999995,198-5,198-6,198-6,4.47038031,1691.39148,
198,3,198-3,f2,-0.0299999993,198-7,198-8,198-8,1.43789196,37.1867714,
198,4,198-4,f0,-1.75068605,198-9,198-10,198-10,2.72699547,8047.52588,
198,5,198-5,f1,2.6833334,198-11,198-12,198-12,6.27500057,234.147369,
198,6,198-6,f1,3.0666666,198-13,198-14,198-14,6.00060654,1457.24414,
198,7,198-7,f5,0.200000003,198-15,198-16,198-16,0.433312356,10.7250252,
198,8,198-8,f3,0.00999999978,198-17,198-18,198-18,1.25491095,26.4617462,
198,9,198-9,f1,6.23333311,198-19,198-20,198-20,1.60261011,36.1986313,
198,10,198-10,f2,0.0399999991,198-21,198-22,198-22,1.94573891,8011.32764,
198,11,198-11,f0,0.582841516,198-23,198-24,198-24,2.68331385,218.063446,
198,12,198-12,Leaf,,,,,0.0233287681,16.0839233,
198,13,198-13,f3,0.00999999978,198-25,198-26,198-26,4.43967247,37.0309067,
198,14,198-14,f3,0.00999999978,198-27,198-28,198-28,2.13185835,1420.21326,
198,15,198-15,Leaf,,,,,-0.005405067,5.67269754,
198,16,198-16,Leaf,,,,,0.00568029331,5.05232763,
198,17,198-17,Leaf,,,,,-0.00476795761,11.0337925,
198,18,198-18,Leaf,,,,,-0.0184237808,15.4279528,
198,19,198-19,Leaf,,,,,-0.0111193573,29.9565086,
198,20,198-20,Leaf,,,,,0.00491727749,6.24212217,
198,21,198-21,Leaf,,,,,-8.41311848e-05,7834.62158,
198,22,198-22,Leaf,,,,,-0.00325870351,176.705963,
198,23,198-23,Leaf,,,,,-0.0127843544,6.96718836,
198,24,198-24,Leaf,,,,,0.0050203409,211.096268,
198,25,198-25,Leaf,,,,,0.000471048144,17.7960663,
198,26,198-26,Leaf,,,,,-0.0200455785,19.2348423,
198,27,198-27,Leaf,,,,,0.00283309002,693.346863,
198,28,198-28,Leaf,,,,,0.00050781545,726.866333,
199,0,199-0,f0,-0.994457901,199-1,199-2,199-2,6.26099014,9767.52539,
199,1,199-1,f1,8.83333302,199-3,199-4,199-4,5.9480958,501.722137,
199,2,199-2,f1,8.60000038,199-5,199-6,199-6,3.65445805,9265.80371,
199,3,199-3,f0,-2.05374885,199-7,199-8,199-8,2.80170631,388.437469,
199,4,199-4,f1,9.13333321,199-9,199-10,199-10,8.39647102,113.284645,
199,5,199-5,f5,0.0199999996,199-11,199-12,199-12,8.00624371,3669.30688,
199,6,199-6,f5,0.0299999993,199-13,199-14,199-14,3.68102312,5596.49707,
199,7,199-7,Leaf,,,,,-0.019744698,10.4478922,
199,8,199-8,f1,6.7833333,199-15,199-16,199-16,2.55599594,377.989594,
199,9,199-9,f0,-1.17498684,199-17,199-18,199-18,0.695668221,13.9249363,
199,10,199-10,f1,13.6833334,199-19,199-20,199-20,2.62522602,99.3597107,
199,11,199-11,f5,0.00999999978,199-21,199-22,199-22,4.10958576,155.502335,
199,12,199-12,f1,8.46666622,199-23,199-24,199-24,6.73063755,3513.80444,
199,13,199-13,f2,0.0299999993,199-25,199-26,199-26,1.4896524,735.620544,
199,14,199-14,f2,0.0199999996,199-27,199-28,199-28,4.63337421,4860.87646,
199,15,199-15,Leaf,,,,,-0.00319751701,287.171692,
199,16,199-16,Leaf,,,,,-0.00897162873,90.8178864,
199,17,199-17,Leaf,,,,,0.029762106,7.92062473,
199,18,199-18,Leaf,,,,,0.0126195224,6.00431156,
199,19,199-19,Leaf,,,,,-0.00164838322,94.1343765,
199,20,199-20,Leaf,,,,,0.0184611958,5.22533703,
199,21,199-21,Leaf,,,,,0.000630365917,57.1688347,
199,22,199-22,Leaf,,,,,-0.00945524778,98.3335037,
199,23,199-23,Leaf,,,,,0.000974998693,3440.56226,
199,24,199-24,Leaf,,,,,0.0101057636,73.2422867,
199,25,199-25,Leaf,,,,,0.00133025751,702.197205,
199,26,199-26,Leaf,,,,,0.00772826932,33.4233437,
199,27,199-27,Leaf,,,,,-0.000324063993,4341.71191,
199,28,199-28,Leaf,,,,,-0.00332037779,519.164551,
200,0,200-0,f2,0.0399999991,200-1,200-2,200-2,2.89904761,9773.90234,
200,1,200-1,f2,-0.0799999982,200-3,200-4,200-4,1.9510603,9544.46973,
200,2,200-2,f1,0.5,200-5,200-6,200-6,3.73840117,229.432922,
200,3,200-3,f5,0.189999998,200-7,200-8,200-8,4.19143009,53.030571,
200,4,200-4,f2,0.0,200-9,200-10,200-10,2.45570993,9491.43945,
200,5,200-5,Leaf,,,,,0.0171851553,6.73014975,
200,6,200-6,f1,14.1333332,200-11,200-12,200-12,3.22644186,222.702774,
200,7,200-7,f2,-0.129999995,200-13,200-14,200-14,1.88888466,30.9135704,
200,8,200-8,f1,0.800000012,200-15,200-16,200-16,4.52263641,22.1169987,
200,9,200-9,f1,5.41666651,200-17,200-18,200-18,3.45547962,2574.34253,
200,10,200-10,f1,12.3666668,200-19,200-20,200-20,2.0998714,6917.09668,
200,11,200-11,f1,13.7333336,200-21,200-22,200-22,4.32376099,185.881577,
200,12,200-12,f5,0.0500000007,200-23,200-24,200-24,1.84733152,36.8211975,
200,13,200-13,Leaf,,,,,-0.010621557,11.4820538,
200,14,200-14,Leaf,,,,,0.00419966504,19.4315186,
200,15,200-15,Leaf,,,,,-0.00528827263,6.4164443,
200,16,200-16,Leaf,,,,,0.0236376077,15.7005548,
200,17,200-17,Leaf,,,,,-0.00288163382,557.405701,
200,18,200-18,Leaf,,,,,-0.000214821732,2016.93689,
200,19,200-19,Leaf,,,,,0.000614930992,5006.51514,
200,20,200-20,Leaf,,,,,-0.000553880702,1910.58154,
200,21,200-21,Leaf,,,,,-0.00450087944,175.814667,
200,22,200-22,Leaf,,,,,-0.0239098202,10.0669041,
200,23,200-23,Leaf,,,,,0.0127620269,12.6986418,
200,24,200-24,Leaf,,,,,-0.000995637383,24.1225548,
201,0,201-0,f2,-0.270000011,201-1,201-2,201-2,3.79336262,9763.4043,
201,1,201-1,Leaf,,,,,0.0215710104,6.26725578,
201,2,201-2,f1,1.38333333,201-3,201-4,201-4,3.02891374,9757.13672,
201,3,201-3,f5,0.0700000003,201-5,201-6,201-6,2.28511739,227.299042,
201,4,201-4,f2,0.0599999987,201-7,201-8,201-8,3.34610868,9529.83789,
201,5,201-5,f3,0.0199999996,201-9,201-10,201-10,1.5366354,33.2042503,
201,6,201-6,f5,0.119999997,201-11,201-12,201-12,3.22445822,194.094788,
201,7,201-7,f2,-0.0299999993,201-13,201-14,201-14,2.07535076,9450.02637,
201,8,201-8,f5,0.340000004,201-15,201-16,201-16,4.20009422,79.8113708,
201,9,201-9,Leaf,,,,,-0.00257653557,17.0600033,
201,10,201-10,Leaf,,,,,0.0100220963,16.144249,
201,11,201-11,Leaf,,,,,-0.0160311628,19.552002,
201,12,201-12,Leaf,,,,,-0.00342303864,174.542786,
201,13,201-13,Leaf,,,,,0.0029302144,214.834854,
201,14,201-14,Leaf,,,,,-4.57126043e-05,9235.19141,
201,15,201-15,Leaf,,,,,-0.00374419522,72.5480576,
201,16,201-16,Leaf,,,,,-0.0264115948,7.26331806,
202,0,202-0,f0,-0.612812996,202-1,202-2,202-2,4.48182726,9756.71094,
202,1,202-1,f1,13.6833334,202-3,202-4,202-4,4.89003086,1308.17285,
202,2,202-2,f0,1.88079357,202-5,202-6,202-6,3.45481634,8448.53809,
202,3,202-3,f1,13.1333332,202-7,202-8,202-8,6.77932787,1285.57629,
202,4,202-4,f2,0.00999999978,202-9,202-10,202-10,3.31878829,22.5966091,
202,5,202-5,f1,8.78333378,202-11,202-12,202-12,2.32774472,8403.71289,
202,6,202-6,f2,0.0199999996,202-13,202-14,202-14,1.26790667,44.8247337,
202,7,202-7,f1,10.25,202-15,202-16,202-16,5.02848625,1261.40149,
202,8,202-8,f0,-0.9153651,202-17,202-18,202-18,3.07544136,24.1747475,
202,9,202-9,f0,-0.738846838,202-19,202-20,202-20,2.77638674,17.376049,
202,10,202-10,Leaf,,,,,-0.00797267538,5.2205596,
202,11,202-11,f1,5.98333311,202-21,202-22,202-22,6.74044704,3272.43213,
202,12,202-12,f1,8.83333302,202-23,202-24,202-24,4.439116,5131.28076,
202,13,202-13,f1,0.949999988,202-25,202-26,202-26,1.00610638,39.0671844,
202,14,202-14,Leaf,,,,,-0.00412539905,5.75755072,
202,15,202-15,Leaf,,,,,-0.00252899015,1017.74646,
202,16,202-16,Leaf,,,,,0.00226198114,243.654999,
202,17,202-17,Leaf,,,,,0.001770459,5.69248104,
202,18,202-18,Leaf,,,,,-0.0230013225,18.4822674,
202,19,202-19,Leaf,,,,,0.00678277621,10.2376423,
202,20,202-20,Leaf,,,,,0.0311569925,7.13840723,
202,21,202-21,Leaf,,,,,-0.000367056637,1883.50513,
202,22,202-22,Leaf,,,,,0.00238693086,1388.92712,
202,23,202-23,Leaf,,,,,-0.0111966217,31.9560013,
202,24,202-24,Leaf,,,,,-0.000150660911,5099.32471,
202,25,202-25,Leaf,,,,,0.0213792156,5.64553404,
202,26,202-26,Leaf,,,,,0.00791417249,33.4216499,
203,0,203-0,f0,-1.55477357,203-1,203-2,203-2,6.78960085,9777.87598,
203,1,203-1,f1,9.26666641,203-3,203-4,203-4,1.77113295,67.482193,
203,2,203-2,f0,1.55477357,203-5,203-6,203-6,3.7961905,9710.39355,
203,3,203-3,f1,4.61666679,203-7,203-8,203-8,1.09259892,59.5754967,
203,4,203-4,Leaf,,,,,0.00344999088,7.90669727,
203,5,203-5,f3,0.349999994,203-9,203-10,203-10,3.55881953,9587.91992,
203,6,203-6,f1,10.1833334,203-11,203-12,203-12,4.0225749,122.474197,
203,7,203-7,f0,-2.05374885,203-13,203-14,203-14,1.56094408,43.8593483,
203,8,203-8,f1,5.3499999,203-15,203-16,203-16,0.397060394,15.7161522,
203,9,203-9,f3,0.230000004,203-17,203-18,203-18,2.90202904,9579.97949,
203,10,203-10,Leaf,,,,,0.0188077223,7.93999004,
203,11,203-11,f1,0.616666675,203-19,203-20,203-20,3.17686415,117.102478,
203,12,203-12,Leaf,,,,,-0.0181629714,5.37172031,
203,13,203-13,Leaf,,,,,-0.0187489856,9.46260738,
203,14,203-14,Leaf,,,,,-0.00523174554,34.39674,
203,15,203-15,Leaf,,,,,-0.0255458467,5.03242111,
203,16,203-16,Leaf,,,,,-0.0126222353,10.6837311,
203,17,203-17,Leaf,,,,,-0.000111404232,9569.89453,
203,18,203-18,Leaf,,,,,-0.0154702105,10.0849762,
203,19,203-19,Leaf,,,,,0.0265464969,5.70509911,
203,20,203-20,Leaf,,,,,0.00513921725,111.397377,
204,0,204-0,f0,2.05374885,204-1,204-2,204-2,5.18207073,9793.16309,
204,1,204-1,f0,-0.95416528,204-3,204-4,204-4,4.66418409,9765.30176,
204,2,204-2,f1,4.8499999,204-5,204-6,204-6,0.912250519,27.8615379,
204,3,204-3,f2,-0.100000001,204-7,204-8,204-8,5.93887281,566.873718,
204,4,204-4,f3,0.140000001,204-9,204-10,204-10,2.53947496,9198.42773,
204,5,204-5,f1,2.6833334,204-11,204-12,204-12,0.581814766,22.778841,
204,6,204-6,Leaf,,,,,0.00108089775,5.08269691,
204,7,204-7,Leaf,,,,,0.0258593559,5.56534338,
204,8,204-8,f0,-2.05374885,204-13,204-14,204-14,2.4001503,561.308411,
204,9,204-9,f0,0.100433722,204-15,204-16,204-16,2.06562352,9156.35156,
204,10,204-10,f3,0.349999994,204-17,204-18,204-18,2.32967854,42.0757942,
204,11,204-11,f1,1.66666663,204-19,204-20,204-20,0.43520093,15.9191799,
204,12,204-12,Leaf,,,,,0.0227537528,6.85966158,
204,13,204-13,Leaf,,,,,-0.0167033318,10.0785275,
204,14,204-14,Leaf,,,,,-0.00257373019,551.229858,
204,15,204-15,Leaf,,,,,-0.000106129206,4986.43359,
204,16,204-16,Leaf,,,,,0.00079858629,4169.91846,
204,17,204-17,Leaf,,,,,-0.0102723381,34.4707527,
204,18,204-18,Leaf,,,,,0.00732532702,7.60504103,
204,19,204-19,Leaf,,,,,0.014429641,10.2294216,
204,20,204-20,Leaf,,,,,0.0034567751,5.68975878,
205,0,205-0,f0,-0.80642122,205-1,205-2,205-2,4.74289846,9793.48145,
205,1,205-1,f0,-2.05374885,205-3,205-4,205-4,3.64068365,832.944824,
205,2,205-2,f0,1.34075499,205-5,205-6,205-6,3.44413137,8960.53711,
205,3,205-3,Leaf,,,,,-0.0192773007,9.94681549,
205,4,205-4,f2,0.0299999993,205-7,205-8,205-8,2.30692816,822.998047,
205,5,205-5,f2,0.230000004,205-9,205-10,205-10,1.80288589,8722.52344,
205,6,205-6,f3,0.0199999996,205-11,205-12,205-12,1.71403217,238.013794,
205,7,205-7,f2,-0.100000001,205-13,205-14,205-14,1.58186936,799.573486,
205,8,205-8,f0,-0.877896309,205-15,205-16,205-16,1.67236829,23.4245663,
205,9,205-9,f2,0.00999999978,205-17,205-18,205-18,1.87715435,8713.12598,
205,10,205-10,Leaf,,,,,-0.0122988094,9.39668751,
205,11,205-11,f0,1.88079357,205-19,205-20,205-20,1.65167522,198.274063,
205,12,205-12,f0,1.40507162,205-21,205-22,205-22,3.60400391,39.7397308,
205,13,205-13,Leaf,,,,,0.0126358075,6.00633287,
205,14,205-14,Leaf,,,,,-0.00169409008,793.567139,
205,15,205-15,Leaf,,,,,-0.0156112844,17.047533,
205,16,205-16,Leaf,,,,,0.00197779597,6.37703323,
205,17,205-17,Leaf,,,,,-6.48370406e-05,6379.46289,
205,18,205-18,Leaf,,,,,0.000929365982,2333.66333,
205,19,205-19,Leaf,,,,,0.00359711237,160.277344,
205,20,205-20,Leaf,,,,,0.0105339261,37.9967155,
205,21,205-21,Leaf,,,,,0.0169873293,6.55784607,
205,22,205-22,Leaf,,,,,-0.00591640221,33.1818848,
206,0,206-0,f0,1.47579098,206-1,206-2,206-2,4.41218996,9751.77051,
206,1,206-1,f0,-1.47579098,206-3,206-4,206-4,3.95448518,9597.00684,
206,2,206-2,f1,1.60000002,206-5,206-6,206-6,2.74639559,154.763824,
206,3,206-3,f1,4.61666679,206-7,206-8,206-8,1.73171854,92.0115051,
206,4,206-4,f1,9.26666641,206-9,206-10,206-10,2.50995708,9504.99512,
206,5,206-5,f1,0.616666675,206-11,206-12,206-12,5.74065924,26.5788479,
206,6,206-6,f1,4.6833334,206-13,206-14,206-14,3.82892847,128.184982,
206,7,206-7,f1,3.41666675,206-15,206-16,206-16,4.3762393,54.2570877,
206,8,206-8,f1,10.1833334,206-17,206-18,206-18,1.28479242,37.7544174,
206,9,206-9,f4,1.0,206-19,206-20,206-20,4.35594893,4268.27441,
206,10,206-10,f1,10.666667,206-21,206-22,206-22,3.04150724,5236.7207,
206,11,206-11,Leaf,,,,,0.0191967785,6.5159564,
206,12,206-12,f0,2.05374885,206-23,206-24,206-24,1.34121084,20.0628929,
206,13,206-13,f1,2.4666667,206-25,206-26,206-26,2.06409931,62.1899567,
206,14,206-14,f3,0.0199999996,206-27,206-28,206-28,2.03095746,65.9950256,
206,15,206-15,Leaf,,,,,-0.00771078048,39.4304047,
206,16,206-16,Leaf,,,,,0.0109124063,14.8266859,
206,17,206-17,Leaf,,,,,-0.013670586,29.7465553,
206,18,206-18,Leaf,,,,,-0.000159563919,8.00786304,
206,19,206-19,Leaf,,,,,0.000142608842,3113.40723,
206,20,206-20,Leaf,,,,,0.00229925103,1154.86719,
206,21,206-21,Leaf,,,,,-0.00166580593,1086.42456,
206,22,206-22,Leaf,,,,,0.000116539835,4150.2959,
206,23,206-23,Leaf,,,,,-0.0165990964,13.2733307,
206,24,206-24,Leaf,,,,,-0.000349311886,6.78956175,
206,25,206-25,Leaf,,,,,0.00369505724,18.637228,
206,26,206-26,Leaf,,,,,0.0158292949,43.5527306,
206,27,206-27,Leaf,,,,,0.00421386771,55.827877,
206,28,206-28,Leaf,,,,,-0.00979487784,10.1671476,
207,0,207-0,f0,-1.40507162,207-1,207-2,207-2,3.35620904,9774.87012,
207,1,207-1,f0,-2.05374885,207-3,207-4,207-4,0.975297689,123.507034,
207,2,207-2,f2,0.0399999991,207-5,207-6,207-6,2.38479638,9651.36328,
207,3,207-3,Leaf,,,,,-0.0136475768,9.85274982,
207,4,207-4,f1,1.60000002,207-7,207-8,207-8,1.38853669,113.654289,
207,5,207-5,f0,2.32634783,207-9,207-10,207-10,2.62749028,9422.48633,
207,6,207-6,f1,14.3166666,207-11,207-12,207-12,2.70815015,228.876511,
207,7,207-7,f1,0.883333325,207-13,207-14,207-14,1.19400632,15.1575174,
207,8,207-8,f1,2.2833333,207-15,207-16,207-16,3.60613966,98.4967728,
207,9,207-9,f0,0.305480778,207-17,207-18,207-18,2.10821581,9409.56641,
207,10,207-10,f1,1.79999995,207-19,207-20,207-20,0.314284086,12.9204826,
207,11,207-11,f1,11.0,207-21,207-22,207-22,3.77881432,200.036819,
207,12,207-12,f5,0.0500000007,207-23,207-24,207-24,3.29217768,28.8396931,
207,13,207-13,Leaf,,,,,-0.00563950185,6.05808783,
207,14,207-14,Leaf,,,,,0.0105635244,9.09942913,
207,15,207-15,Leaf,,,,,-0.0222022235,9.34527969,
207,16,207-16,Leaf,,,,,-0.00341822533,89.1514893,
207,17,207-17,Leaf,,,,,-0.000248589495,6668.80908,
207,18,207-18,Leaf,,,,,0.000739596551,2740.75708,
207,19,207-19,Leaf,,,,,0.00693525793,6.70466995,
207,20,207-20,Leaf,,,,,0.0178332608,6.21581221,
207,21,207-21,Leaf,,,,,-0.00165617454,143.439789,
207,22,207-22,Leaf,,,,,-0.0107684936,56.5970383,
207,23,207-23,Leaf,,,,,0.0172293242,11.4412365,
207,24,207-24,Leaf,,,,,-0.00284657441,17.3984566,
208,0,208-0,f2,0.0799999982,208-1,208-2,208-2,2.95025373,9771.94141,
208,1,208-1,f2,0.0700000003,208-3,208-4,208-4,2.87695479,9714.90723,
208,2,208-2,f1,3.23333335,208-5,208-6,208-6,3.88712573,57.034008,
208,3,208-3,f2,0.0599999987,208-7,208-8,208-8,3.53033948,9699.01562,
208,4,208-4,f5,0.109999999,208-9,208-10,208-10,1.80227232,15.8915548,
208,5,208-5,f1,1.31666672,208-11,208-12,208-12,1.2911036,22.2666569,
208,6,208-6,f1,12.8500004,208-13,208-14,208-14,3.23449373,34.7673531,
208,7,208-7,f1,13.9666662,208-15,208-16,208-16,2.03204894,9675.99316,
208,8,208-8,f1,6.7833333,208-17,208-18,208-18,1.09699845,23.0230732,
208,9,208-9,Leaf,,,,,0.00113970344,7.37802458,
208,10,208-10,Leaf,,,,,0.0210603587,8.51353073,
208,11,208-11,f2,0.230000004,208-19,208-20,208-20,1.29517448,16.8364582,
208,12,208-12,Leaf,,,,,0.0144355884,5.43019962,
208,13,208-13,f1,10.8999996,208-21,208-22,208-22,1.90446854,20.9545574,
208,14,208-14,f5,0.100000001,208-23,208-24,208-24,2.10448647,13.8127947,
208,15,208-15,Leaf,,,,,-8.62822417e-05,8649.5459,
208,16,208-16,Leaf,,,,,0.00132488972,1026.44739,
208,17,208-17,Leaf,,,,,-0.00279411534,8.96432018,
208,18,208-18,Leaf,,,,,-0.016419109,14.058753,
208,19,208-19,Leaf,,,,,0.00448506465,11.3307209,
208,20,208-20,Leaf,,,,,-0.0120703997,5.50573683,
208,21,208-21,Leaf,,,,,-0.0131657049,15.494051,
208,22,208-22,Leaf,,,,,-0.0344213843,5.46050692,
208,23,208-23,Leaf,,,,,0.01035708,6.4143734,
208,24,208-24,Leaf,,,,,-0.0115845148,7.39842129,
209,0,209-0,f0,-1.55477357,209-1,209-2,209-2,2.59466743,9772.54492,
209,1,209-1,f0,-2.05374885,209-3,209-4,209-4,0.784197092,65.7520981,
209,2,209-2,f2,0.0399999991,209-5,209-6,209-6,2.07384729,9706.79297,
209,3,209-3,Leaf,,,,,-0.0133900708,9.68873024,
209,4,209-4,f2,0.0,209-7,209-8,209-8,0.583354712,56.0633659,
209,5,209-5,f0,2.32634783,209-9,209-10,209-10,2.44971228,9474.73535,
209,6,209-6,f0,-0.9153651,209-11,209-12,209-12,1.92892444,232.057388,
209,7,209-7,Leaf,,,,,-0.00970104337,12.9183664,
209,8,209-8,f0,-1.88079357,209-13,209-14,209-14,1.33372843,43.1450005,
209,9,209-9,f2,0.00999999978,209-15,209-16,209-16,1.52782881,9462.01562,
209,10,209-10,Leaf,,,,,0.0128280241,12.7197571,
209,11,209-11,Leaf,,,,,-0.0174457524,6.74441051,
209,12,209-12,f0,1.47579098,209-17,209-18,209-18,1.44815183,225.312973,
209,13,209-13,Leaf,,,,,0.00558971148,12.1401587,
209,14,209-14,Leaf,,,,,-0.00579141779,31.0048428,
209,15,209-15,Leaf,,,,,-7.81592826e-05,7094.52441,
209,16,209-16,Leaf,,,,,0.000801817863,2367.49072,
209,17,209-17,Leaf,,,,,-0.00176445779,219.751144,
209,18,209-18,Leaf,,,,,-0.0160918944,5.56184101,
210,0,210-0,f0,1.75068605,210-1,210-2,210-2,5.18729019,9779.43359,
210,1,210-1,f0,-0.385320455,210-3,210-4,210-4,3.2794323,9712.63281,
210,2,210-2,f1,0.716666639,210-5,210-6,210-6,2.43808556,66.8009872,
210,3,210-3,f1,0.800000012,210-7,210-8,210-8,4.4705267,2247.59839,
210,4,210-4,f2,-0.129999995,210-9,210-10,210-10,2.68936753,7465.03418,
210,5,210-5,Leaf,,,,,0.0260484554,5.46535063,
210,6,210-6,f1,3.23333335,210-11,210-12,210-12,1.51321721,61.3356361,
210,7,210-7,f2,0.00999999978,210-13,210-14,210-14,2.43745279,23.0372505,
210,8,210-8,f1,13.6833334,210-15,210-16,210-16,3.27942801,2224.56104,
210,9,210-9,f0,0.227544978,210-17,210-18,210-18,0.557586432,12.9902334,
210,10,210-10,f2,-0.109999999,210-19,210-20,210-20,5.27872038,7452.04395,
210,11,210-11,f1,2.61666656,210-21,210-22,210-22,1.25921702,29.6459713,
210,12,210-12,f1,6.3499999,210-23,210-24,210-24,2.33561659,31.6896648,
210,13,210-13,Leaf,,,,,-0.00736024883,17.2770329,
210,14,210-14,Leaf,,,,,-0.0293099545,5.76021814,
210,15,210-15,Leaf,,,,,-0.00107877131,2126.46875,
210,16,210-16,Leaf,,,,,0.0045051137,98.0924454,
210,17,210-17,Leaf,,,,,-0.0176299866,7.62279034,
210,18,210-18,Leaf,,,,,-0.00425888645,5.36744308,
210,19,210-19,Leaf,,,,,0.0284463242,5.01845551,
210,20,210-20,Leaf,,,,,0.000338682759,7447.02539,
210,21,210-21,Leaf,,,,,0.00472317217,23.1525402,
210,22,210-22,Leaf,,,,,-0.00936612301,6.49343109,
210,23,210-23,Leaf,,,,,0.0162266623,21.5481281,
210,24,210-24,Leaf,,,,,-0.00101295521,10.1415358,
211,0,211-0,f0,2.32634783,211-1,211-2,211-2,3.42678332,9763.41699,
211,1,211-1,f0,-2.05374885,211-3,211-4,211-4,3.13019657,9750.66797,
211,2,211-2,Leaf,,,,,0.0150704775,12.7485094,
211,3,211-3,Leaf,,,,,-0.0161615033,9.66485977,
211,4,211-4,f2,-0.270000011,211-5,211-6,211-6,2.68244791,9741.00293,
211,5,211-5,Leaf,,,,,0.0182783064,6.30054188,
211,6,211-6,f0,-0.994457901,211-7,211-8,211-8,2.35338926,9734.70215,
211,7,211-7,Leaf,,,,,-0.00194512494,486.416962,
211,8,211-8,Leaf,,,,,0.000193676358,9248.28613,
212,0,212-0,f0,0.612812996,212-1,212-2,212-2,4.49427032,9779.91309,
212,1,212-1,f3,0.400000006,212-3,212-4,212-4,3.7195785,8288.61816,
212,2,212-2,f1,2.79999995,212-5,212-6,212-6,2.89438295,1491.29407,
212,3,212-3,f1,0.716666639,212-7,212-8,212-8,3.80417299,8283.47266,
212,4,212-4,Leaf,,,,,0.023136314,5.14616442,
212,5,212-5,f1,2.4666667,212-9,212-10,212-10,5.35269547,213.071472,
212,6,212-6,f1,3.0666666,212-11,212-12,212-12,5.59043503,1278.22253,
212,7,212-7,f5,0.140000001,212-13,212-14,212-14,1.74852562,35.3052025,
212,8,212-8,f0,-1.2815516,212-15,212-16,212-16,2.50931907,8248.16699,
212,9,212-9,f1,2.2833333,212-17,212-18,212-18,2.56196117,173.329529,
212,10,212-10,f0,0.95416528,212-19,212-20,212-20,2.07728767,39.7419434,
212,11,212-11,f0,1.47579098,212-21,212-22,212-22,3.45851088,32.326004,
212,12,212-12,f1,3.76666665,212-23,212-24,212-24,1.73880196,1245.89661,
212,13,212-13,Leaf,,,,,-0.000597327889,12.202467,
212,14,212-14,Leaf,,,,,-0.014585481,23.1027355,
212,15,212-15,Leaf,,,,,-0.00362954778,183.259933,
212,16,212-16,Leaf,,,,,-8.88305294e-05,8064.90723,
212,17,212-17,Leaf,,,,,0.00381204975,153.921143,
212,18,212-18,Leaf,,,,,-0.00751101039,19.4083786,
212,19,212-19,Leaf,,,,,0.00620045559,17.0979118,
212,20,212-20,Leaf,,,,,0.0204381309,22.6440334,
212,21,212-21,Leaf,,,,,-0.0159217175,25.7369213,
212,22,212-22,Leaf,,,,,0.00746016158,6.58908415,
212,23,212-23,Leaf,,,,,-0.00275771017,84.42939,
212,24,212-24,Leaf,,,,,0.00167944119,1161.46716,
213,0,213-0,f3,0.469999999,213-1,213-2,213-2,2.9718473,9758.89746,
213,1,213-1,f3,0.230000004,213-3,213-4,213-4,2.92796683,9753.73633,
213,2,213-2,Leaf,,,,,0.020895401,5.16154003,
213,3,213-3,f2,-0.0799999982,213-5,213-6,213-6,3.23752165,9739.71191,
213,4,213-4,f2,0.25,213-7,213-8,213-8,0.523380995,14.0243759,
213,5,213-5,f5,0.200000003,213-9,213-10,213-10,3.41658449,42.3280106,
213,6,213-6,f1,9.66666698,213-11,213-12,213-12,1.41926277,9697.38379,
213,7,213-7,Leaf,,,,,-0.0185382608,7.15129614,
213,8,213-8,Leaf,,,,,-0.00595724816,6.87307978,
213,9,213-9,Leaf,,,,,0.00107391051,25.2185822,
213,10,213-10,Leaf,,,,,0.0181998704,17.1094284,
213,11,213-11,Leaf,,,,,0.000408621941,4744.16846,
213,12,213-12,Leaf,,,,,-0.00031733638,4953.21582,
214,0,214-0,f0,-0.95416528,214-1,214-2,214-2,2.32871127,9761.08691,
214,1,214-1,f1,10.25,214-3,214-4,214-4,5.28597832,557.239075,
214,2,214-2,f1,8.60000038,214-5,214-6,214-6,2.28551626,9203.84863,
214,3,214-3,f1,9.9333334,214-7,214-8,214-8,4.38337564,485.055756,
214,4,214-4,f2,0.0,214-9,214-10,214-10,4.17726994,72.1833038,
214,5,214-5,f1,8.46666622,214-11,214-12,214-12,4.94595814,3624.06104,
214,6,214-6,f2,-0.140000001,214-13,214-14,214-14,3.15264773,5579.7876,
214,7,214-7,f1,8.83333302,214-15,214-16,214-16,3.22911239,471.999847,
214,8,214-8,f1,10.0666666,214-17,214-18,214-18,0.522304535,13.0558815,
214,9,214-9,f1,12.5166664,214-19,214-20,214-20,1.74212503,18.9514732,
214,10,214-10,f1,10.5500002,214-21,214-22,214-22,5.54193211,53.2318306,
214,11,214-11,f5,0.0199999996,214-23,214-24,214-24,4.19907522,3549.65063,
214,12,214-12,f5,0.100000001,214-25,214-26,214-26,2.1995759,74.4103165,
214,13,214-13,Leaf,,,,,-0.0204690211,5.83040667,
214,14,214-14,f5,0.0199999996,214-27,214-28,214-28,3.15225053,5573.95703,
214,15,214-15,Leaf,,,,,-0.0031944057,422.826324,
214,16,214-16,Leaf,,,,,0.00486180419,49.173542,
214,17,214-17,Leaf,,,,,-0.0256647952,6.32063103,
214,18,214-18,Leaf,,,,,-0.0108979987,6.73525095,
214,19,214-19,Leaf,,,,,0.0229426026,13.5345402,
214,20,214-20,Leaf,,,,,0.00250094547,5.41693211,
214,21,214-21,Leaf,,,,,0.0251845047,6.5875001,
214,22,214-22,Leaf,,,,,-0.0024260052,46.6443329,
214,23,214-23,Leaf,,,,,-0.00425490411,146.237503,
214,24,214-24,Leaf,,,,,0.000920108636,3403.41309,
214,25,214-25,Leaf,,,,,0.0165029801,21.0128613,
214,26,214-26,Leaf,,,,,0.00506443065,53.3974533,
214,27,214-27,Leaf,,,,,0.00233297958,448.806671,
214,28,214-28,Leaf,,,,,-0.000286307768,5125.15039,
215,0,215-0,f0,1.55477357,215-1,215-2,215-2,3.69140887,9772.28906,
215,1,215-1,f1,0.716666639,215-3,215-4,215-4,4.51315212,9653.17285,
215,2,215-2,f1,6.3499999,215-5,215-6,215-6,3.13768816,119.116898,
215,3,215-3,f0,1.22652817,215-7,215-8,215-8,1.79219341,50.7991333,
215,4,215-4,f2,-0.0799999982,215-9,215-10,215-10,4.05563259,9602.37305,
215,5,215-5,f1,1.60000002,215-11,215-12,215-12,3.39514208,92.5614395,
215,6,215-6,f1,7.19999981,215-13,215-14,215-14,2.78057909,26.5554619,
215,7,215-7,f0,0.643345416,215-15,215-16,215-16,3.02610612,45.7850418,
215,8,215-8,Leaf,,,,,-0.0245524868,5.01409197,
215,9,215-9,f1,7.0,215-17,215-18,215-18,4.15176249,42.6105003,
215,10,215-10,f0,-2.05374885,215-19,215-20,215-20,3.49807453,9559.7627,
215,11,215-11,f1,0.716666639,215-21,215-22,215-22,6.20247841,23.3765621,
215,12,215-12,f1,2.2166667,215-23,215-24,215-24,2.15108681,69.1848755,
215,13,215-13,Leaf,,,,,-0.0172365028,8.2383337,
215,14,215-14,f0,1.64485359,215-25,215-26,215-26,1.10292161,18.3171272,
215,15,215-15,Leaf,,,,,-0.0101962574,38.0491943,
215,16,215-16,Leaf,,,,,0.00949464832,7.73584747,
215,17,215-17,Leaf,,,,,0.0199260805,17.3641529,
215,18,215-18,Leaf,,,,,0.001130266,25.2463474,
215,19,215-19,Leaf,,,,,-0.0194777865,7.37556458,
215,20,215-20,Leaf,,,,,-8.14507075e-05,9552.3877,
215,21,215-21,Leaf,,,,,0.0198242497,7.03937292,
215,22,215-22,Leaf,,,,,-0.0120673263,16.3371906,
215,23,215-23,Leaf,,,,,0.0231362265,10.5508661,
215,24,215-24,Leaf,,,,,0.00855635852,58.6340065,
215,25,215-25,Leaf,,,,,-0.00642626872,6.55768871,
215,26,215-26,Leaf,,,,,0.00809062365,11.7594395,
216,0,216-0,f0,-1.75068605,216-1,216-2,216-2,2.95922136,9765.49805,
216,1,216-1,f1,6.23333311,216-3,216-4,216-4,2.31935501,36.6019936,
216,2,216-2,f0,1.47579098,216-5,216-6,216-6,2.08033037,9728.89648,
216,3,216-3,f1,2.61666656,216-7,216-8,216-8,0.955673218,30.912632,
216,4,216-4,Leaf,,,,,0.00807869248,5.68936157,
216,5,216-5,f1,14.7333336,216-9,216-10,216-10,2.00731349,9575.34961,
216,6,216-6,f2,0.0199999996,216-11,216-12,216-12,3.01480317,153.546402,
216,7,216-7,f0,-2.05374885,216-13,216-14,216-14,0.711727679,16.2459011,
216,8,216-8,Leaf,,,,,-0.0170781445,14.6667328,
216,9,216-9,f1,12.3666668,216-15,216-16,216-16,1.89619505,9406.37988,
216,10,216-10,f2,-0.00999999978,216-17,216-18,216-18,2.42505121,168.970291,
216,11,216-11,f1,8.83333302,216-19,216-20,216-20,1.93440175,136.00975,
216,12,216-12,f1,6.30000019,216-21,216-22,216-22,5.41394615,17.5366554,
216,13,216-13,Leaf,,,,,-0.0133491466,6.12909555,
216,14,216-14,Leaf,,,,,-0.000878111867,10.1168041,
216,15,216-15,Leaf,,,,,0.000108995766,6857.1499,
216,16,216-16,Leaf,,,,,-0.000849146338,2549.22974,
216,17,216-17,Leaf,,,,,-0.0051219645,26.1464081,
216,18,216-18,Leaf,,,,,0.00467615202,142.823883,
216,19,216-19,Leaf,,,,,0.00373954722,123.902756,
216,20,216-20,Leaf,,,,,0.0159380175,12.1069899,
216,21,216-21,Leaf,,,,,0.00303701404,12.5100155,
216,22,216-22,Leaf,,,,,-0.0313676335,5.02664089,
217,0,217-0,f0,-1.75068605,217-1,217-2,217-2,3.40475655,9739.19434,
217,1,217-1,f2,0.0,217-3,217-4,217-4,0.828193903,35.1966667,
217,2,217-2,f2,0.0399999991,217-5,217-6,217-6,2.30682397,9703.99805,
217,3,217-3,Leaf,,,,,0.000279770611,6.72819614,
217,4,217-4,f0,-1.88079357,217-7,217-8,217-8,0.33840704,28.4684715,
217,5,217-5,f0,2.05374885,217-9,217-10,217-10,2.14827681,9473.78516,
217,6,217-6,f0,-0.9153651,217-11,217-12,217-12,2.95711923,230.212479,
217,7,217-7,f0,-2.05374885,217-13,217-14,217-14,1.21582019,19.2080669,
217,8,217-8,Leaf,,,,,-0.016238533,9.26040363,
217,9,217-9,f2,-0.0299999993,217-15,217-16,217-16,1.75133133,9448.58496,
217,10,217-10,f2,0.00999999978,217-17,217-18,217-18,0.843976974,25.2000294,
217,11,217-11,Leaf,,,,,-0.0212337859,6.68537855,
217,12,217-12,f5,0.00999999978,217-19,217-20,217-20,1.91003132,223.5271,
217,13,217-13,Leaf,,,,,-0.0166504029,7.84471846,
217,14,217-14,Leaf,,,,,-0.00165209873,11.363349,
217,15,217-15,Leaf,,,,,0.00260409177,242.027023,
217,16,217-16,Leaf,,,,,2.3992885e-05,9206.55859,
217,17,217-17,Leaf,,,,,0.0114875501,19.6536045,
217,18,217-18,Leaf,,,,,-0.00145266345,5.54642582,
217,19,217-19,Leaf,,,,,0.0138272792,5.4642787,
217,20,217-20,Leaf,,,,,-0.00274371565,218.06282,
218,0,218-0,f3,0.419999987,218-1,218-2,218-2,5.07331085,9743.40332,
218,1,218-1,f1,14.7333336,218-3,218-4,218-4,2.72618771,9737.7002,
218,2,218-2,Leaf,,,,,0.0260957107,5.70279551,
218,3,218-3,f3,0.230000004,218-5,218-6,218-6,3.49168611,9568.52344,
218,4,218-4,f2,-0.00999999978,218-7,218-8,218-8,2.94034529,169.176605,
218,5,218-5,f1,9.19999981,218-9,218-10,218-10,2.16893744,9556.3877,
218,6,218-6,f1,0.949999988,218-11,218-12,218-12,0.675682545,12.1358509,
218,7,218-7,f1,14.8500004,218-13,218-14,218-14,5.54397106,26.9076481,
218,8,218-8,f5,0.100000001,218-15,218-16,218-16,1.65088463,142.268951,
218,9,218-9,Leaf,,,,,0.000427604449,4426.78857,
218,10,218-10,Leaf,,,,,-0.000478670467,5129.59912,
218,11,218-11,Leaf,,,,,-0.0230735149,5.23690319,
218,12,218-12,Leaf,,,,,-0.00761867967,6.89894772,
218,13,218-13,Leaf,,,,,-0.015926512,16.1545525,
218,14,218-14,Leaf,,,,,0.0108902864,10.7530947,
218,15,218-15,Leaf,,,,,0.00411187299,122.775497,
218,16,218-16,Leaf,,,,,0.0133959465,19.4934578,
219,0,219-0,f2,-0.270000011,219-1,219-2,219-2,3.29310846,9756.34473,
219,1,219-1,Leaf,,,,,0.0213528778,5.53205538,
219,2,219-2,f0,0.0,219-3,219-4,219-4,3.37272644,9750.8125,
219,3,219-3,f1,13.8666668,219-5,219-6,219-6,4.645998,4769.07373,
219,4,219-4,f1,2.8499999,219-7,219-8,219-8,3.84380054,4981.73877,
219,5,219-5,f2,0.0199999996,219-9,219-10,219-10,2.77272153,4220.07373,
219,6,219-6,f2,0.0500000007,219-11,219-12,219-12,4.65244389,549.0,
219,7,219-7,f1,2.4666667,219-13,219-14,219-14,5.1714325,425.636536,
219,8,219-8,f1,3.76666665,219-15,219-16,219-16,5.40339947,4556.10205,
219,9,219-9,Leaf,,,,,-0.000603792199,3790.07031,
219,10,219-10,Leaf,,,,,-0.00314348284,430.00354,
219,11,219-11,Leaf,,,,,0.00171668397,541.374878,
219,12,219-12,Leaf,,,,,0.0239357948,7.6251173,
219,13,219-13,Leaf,,,,,0.00149906299,328.146149,
219,14,219-14,Leaf,,,,,0.00934388768,97.4903946,
219,15,219-15,Leaf,,,,,-0.00413149782,230.349823,
219,16,219-16,Leaf,,,,,0.000574332313,4325.75244,
220,0,220-0,f0,1.47579098,220-1,220-2,220-2,2.90191364,9766.54297,
220,1,220-1,f3,0.469999999,220-3,220-4,220-4,1.69119525,9613.86621,
220,2,220-2,f2,0.0199999996,220-5,220-6,220-6,5.28067255,152.676376,
220,3,220-3,f3,0.230000004,220-7,220-8,220-8,3.93437004,9608.63281,
220,4,220-4,Leaf,,,,,0.015547011,5.23350239,
220,5,220-5,f1,4.6833334,220-9,220-10,220-10,1.56844902,134.367538,
220,6,220-6,f1,6.30000019,220-11,220-12,220-12,4.968822,18.3088379,
220,7,220-7,f0,-1.75068605,220-13,220-14,220-14,2.03756809,9595.5166,
220,8,220-8,f3,0.289999992,220-15,220-16,220-16,1.22435522,13.1160011,
220,9,220-9,f1,3.4666667,220-17,220-18,220-18,3.81385899,75.9133072,
220,10,220-10,f1,8.83333302,220-19,220-20,220-20,3.27586889,58.4542389,
220,11,220-11,f1,1.93333328,220-21,220-22,220-22,1.84040046,13.0604496,
220,12,220-12,Leaf,,,,,-0.0326497518,5.24838734,
220,13,220-13,Leaf,,,,,-0.00711568957,35.7052536,
220,14,220-14,Leaf,,,,,-3.38569735e-05,9559.81152,
220,15,220-15,Leaf,,,,,-0.0252376124,5.8187685,
220,16,220-16,Leaf,,,,,-0.00632814458,7.29723215,
220,17,220-17,Leaf,,,,,0.00497231213,57.3650246,
220,18,220-18,Leaf,,,,,0.0204586796,18.5482807,
220,19,220-19,Leaf,,,,,-0.00129408226,46.4832001,
220,20,220-20,Leaf,,,,,0.0157336574,11.9710388,
220,21,220-21,Leaf,,,,,-0.0129568288,5.01996326,
220,22,220-22,Leaf,,,,,0.00845260266,8.04048729,
221,0,221-0,f2,-0.270000011,221-1,221-2,221-2,2.04778671,9740.82031,
221,1,221-1,Leaf,,,,,0.0166746806,5.69291925,
221,2,221-2,f3,0.230000004,221-3,221-4,221-4,2.50132847,9735.12695,
221,3,221-3,f3,0.119999997,221-5,221-6,221-6,1.8804251,9721.44727,
221,4,221-4,f5,0.25,221-7,221-8,221-8,2.52711463,13.6794682,
221,5,221-5,f2,0.0799999982,221-9,221-10,221-10,2.50497055,9680.05176,
221,6,221-6,f5,0.370000005,221-11,221-12,221-12,3.08322692,41.3953705,
221,7,221-7,Leaf,,,,,-0.00136894698,8.39961052,
221,8,221-8,Leaf,,,,,-0.0267020017,5.27985716,
221,9,221-9,Leaf,,,,,9.25193963e-05,9651.49023,
221,10,221-10,Leaf,,,,,-0.00865365285,28.5622845,
221,11,221-11,Leaf,,,,,0.00299997977,36.3173103,
221,12,221-12,Leaf,,,,,0.0262067635,5.07806015,
222,0,222-0,f0,1.88079357,222-1,222-2,222-2,2.52808738,9756.40625,
222,1,222-1,f0,-1.12639117,222-3,222-4,222-4,2.42331648,9714.10352,
222,2,222-2,f3,0.0199999996,222-5,222-6,222-6,5.08807564,42.3028374,
222,3,222-3,f1,1.93333328,222-7,222-8,222-8,3.35284853,336.694275,
222,4,222-4,f1,1.31666672,222-9,222-10,222-10,1.72482729,9377.40918,
222,5,222-5,f3,0.00999999978,222-11,222-12,222-12,1.31355858,35.609726,
222,6,222-6,Leaf,,,,,-0.0153221739,6.69311237,
222,7,222-7,f0,-1.2815516,222-13,222-14,222-14,5.68630838,45.2046471,
222,8,222-8,f1,4.73333311,222-15,222-16,222-16,4.18653727,291.489624,
222,9,222-9,f0,-0.412463129,222-17,222-18,222-18,3.84860897,170.310913,
222,10,222-10,f2,0.0,222-19,222-20,222-20,1.32910836,9207.09863,
222,11,222-11,f1,1.31666672,222-21,222-22,222-22,2.12302208,25.0101757,
222,12,222-12,f1,3.23333335,222-23,222-24,222-24,0.22882843,10.5995512,
222,13,222-13,Leaf,,,,,-0.00212723296,31.7723541,
222,14,222-14,Leaf,,,,,0.0205245875,13.4322929,
222,15,222-15,Leaf,,,,,-0.00875403453,99.8118057,
222,16,222-16,Leaf,,,,,-0.00119436067,191.677826,
222,17,222-17,Leaf,,,,,-0.0114850635,36.7033615,
222,18,222-18,Leaf,,,,,-0.000626497203,133.607544,
222,19,222-19,Leaf,,,,,-0.000576250837,2474.68115,
222,20,222-20,Leaf,,,,,0.000236663735,6732.41699,
222,21,222-21,Leaf,,,,,0.0216578655,5.91967058,
222,22,222-22,Leaf,,,,,0.00212607626,19.0905056,
222,23,222-23,Leaf,,,,,0.0120250341,5.50577927,
222,24,222-24,Leaf,,,,,0.0256228913,5.09377146,
223,0,223-0,f0,1.08031929,223-1,223-2,223-2,2.41315341,9770.50586,
223,1,223-1,f3,0.419999987,223-3,223-4,223-4,5.86050129,9293.31836,
223,2,223-2,f1,11.8833332,223-5,223-6,223-6,2.161237,477.187225,
223,3,223-3,f3,0.230000004,223-7,223-8,223-8,3.03998518,9288.2041,
223,4,223-4,Leaf,,,,,0.0294283591,5.114182,
223,5,223-5,f1,8.89999962,223-9,223-10,223-10,3.45227528,460.266968,
223,6,223-6,f3,0.00999999978,223-11,223-12,223-12,4.01998568,16.9202576,
223,7,223-7,f0,-1.55477357,223-13,223-14,223-14,2.2527802,9275.9043,
223,8,223-8,f1,0.949999988,223-15,223-16,223-16,1.47647071,12.3001337,
223,9,223-9,f1,8.60000038,223-17,223-18,223-18,4.08339357,389.18515,
223,10,223-10,f0,1.12639117,223-19,223-20,223-20,2.90206957,71.0818253,
223,11,223-11,Leaf,,,,,0.00727437483,7.87151623,
223,12,223-12,Leaf,,,,,-0.0206664391,9.04874134,
223,13,223-13,Leaf,,,,,-0.00551012531,63.7023621,
223,14,223-14,Leaf,,,,,0.00010734464,9212.20215,
223,15,223-15,Leaf,,,,,-0.0250252597,5.2235527,
223,16,223-16,Leaf,,,,,-0.00423978362,7.076581,
223,17,223-17,Leaf,,,,,0.00203770702,379.342255,
223,18,223-18,Leaf,,,,,-0.0166389812,9.84289932,
223,19,223-19,Leaf,,,,,-0.00396187417,12.879262,
223,20,223-20,Leaf,,,,,0.0114947874,58.2025642,
224,0,224-0,f0,-0.150969222,224-1,224-2,224-2,2.93883252,9774.35938,
224,1,224-1,f2,0.0599999987,224-3,224-4,224-4,3.39016342,3652.41919,
224,2,224-2,f2,0.0,224-5,224-6,224-6,2.26878786,6121.93994,
224,3,224-3,f1,14.3666668,224-7,224-8,224-8,2.80952668,3626.9165,
224,4,224-4,f2,0.0900000036,224-9,224-10,224-10,1.99304175,25.502449,
224,5,224-5,f1,2.0999999,224-11,224-12,224-12,4.32371759,1606.83142,
224,6,224-6,f0,-0.075269863,224-13,224-14,224-14,2.75782132,4515.1084,
224,7,224-7,f1,14.2666664,224-15,224-16,224-16,1.80452943,3507.30688,
224,8,224-8,f3,0.0299999993,224-17,224-18,224-18,3.6019187,119.609703,
224,9,224-9,f1,6.0999999,224-19,224-20,224-20,1.94849348,14.7846785,
224,10,224-10,f2,0.129999995,224-21,224-22,224-22,0.252119422,10.7177715,
224,11,224-11,f0,1.17498684,224-23,224-24,224-24,3.58544564,84.3639908,
224,12,224-12,f0,0.100433722,224-25,224-26,224-26,4.0023036,1522.46741,
224,13,224-13,f1,8.60000038,224-27,224-28,224-28,3.99592543,383.420685,
224,14,224-14,f5,0.00999999978,224-29,224-30,224-30,2.42634869,4131.68799,
224,15,224-15,Leaf,,,,,-0.000671506918,3478.45557,
224,16,224-16,Leaf,,,,,-0.00808032788,28.8512573,
224,17,224-17,Leaf,,,,,0.00136417185,97.2125397,
224,18,224-18,Leaf,,,,,0.0144930286,22.3971634,
224,19,224-19,Leaf,,,,,-0.0278853457,7.58557653,
224,20,224-20,Leaf,,,,,-0.00570746697,7.19910192,
224,21,224-21,Leaf,,,,,0.00301469816,5.47319412,
224,22,224-22,Leaf,,,,,-0.00546111353,5.24457693,
224,23,224-23,Leaf,,,,,0.0088921804,69.2632294,
224,24,224-24,Leaf,,,,,-0.00689006504,15.1007595,
224,25,224-25,Leaf,,,,,-0.00312701962,496.522308,
224,26,224-26,Leaf,,,,,0.0001517153,1025.94519,
224,27,224-27,Leaf,,,,,0.00817557238,104.213463,
224,28,224-28,Leaf,,,,,0.00130908203,279.207214,
224,29,224-29,Leaf,,,,,0.00401688647,171.606537,
224,30,224-30,Leaf,,,,,0.000383098057,3960.0813,
225,0,225-0,f3,0.419999987,225-1,225-2,225-2,4.20988369,9739.88965,
225,1,225-1,f2,-0.129999995,225-3,225-4,225-4,2.38296556,9734.31348,
225,2,225-2,Leaf,,,,,0.0238329973,5.57631207,
225,3,225-3,f5,0.200000003,225-5,225-6,225-6,2.26648283,18.7676983,
225,4,225-4,f2,-0.0799999982,225-7,225-8,225-8,4.88367987,9715.54492,
225,5,225-5,Leaf,,,,,-0.0194814038,10.1879749,
225,6,225-6,Leaf,,,,,0.000912614458,8.5797224,
225,7,225-7,f5,0.270000011,225-9,225-10,225-10,1.76740694,29.6824112,
225,8,225-8,f1,14.7333336,225-11,225-12,225-12,1.72582304,9685.86328,
225,9,225-9,Leaf,,,,,0.00704250997,22.4338512,
225,10,225-10,Leaf,,,,,0.0238590557,7.24855995,
225,11,225-11,Leaf,,,,,-0.000248309021,9516.85938,
225,12,225-12,Leaf,,,,,0.00280127022,169.003662,
226,0,226-0,f2,-0.0299999993,226-1,226-2,226-2,3.5961237,9741.43652,
226,1,226-1,f1,11.666667,226-3,226-4,226-4,1.77249289,242.859451,
226,2,226-2,f0,-1.75068605,226-5,226-6,226-6,3.86295199,9498.57715,
226,3,226-3,f1,11.3500004,226-7,226-8,226-8,2.0047245,156.75415,
226,4,226-4,f1,12.5166664,226-9,226-10,226-10,2.18267202,86.1052933,
226,5,226-5,f1,6.23333311,226-11,226-12,226-12,1.68007851,34.9943695,
226,6,226-6,f2,0.0599999987,226-13,226-14,226-14,2.65175319,9463.58203,
226,7,226-7,f1,10.1833334,226-15,226-16,226-16,0.804287493,151.463516,
226,8,226-8,Leaf,,,,,-0.0149749974,5.29062986,
226,9,226-9,f2,-0.0500000007,226-17,226-18,226-18,1.93941832,14.169322,
226,10,226-10,f2,-0.129999995,226-19,226-20,226-20,2.5092845,71.9359741,
226,11,226-11,f0,-2.05374885,226-21,226-22,226-22,0.812609196,29.46315,
226,12,226-12,Leaf,,,,,0.00457189418,5.53122044,
226,13,226-13,f0,2.32634783,226-23,226-24,226-24,1.97965157,9364.54492,
226,14,226-14,f1,2.79999995,226-25,226-26,226-26,4.24121857,99.0376434,
226,15,226-15,Leaf,,,,,0.00157280033,136.933105,
226,16,226-16,Leaf,,,,,0.00880051684,14.5304079,
226,17,226-17,Leaf,,,,,0.0298335645,5.58774281,
226,18,226-18,Leaf,,,,,0.0070328149,8.58157921,
226,19,226-19,Leaf,,,,,-0.0133523503,5.40971088,
226,20,226-20,Leaf,,,,,0.00638493337,66.5262604,
226,21,226-21,Leaf,,,,,-0.0205114745,8.30881023,
226,22,226-22,Leaf,,,,,-0.00887203123,21.1543407,
226,23,226-23,Leaf,,,,,-5.33916391e-05,9352.63867,
226,24,226-24,Leaf,,,,,0.0117041236,11.9062262,
226,25,226-25,Leaf,,,,,0.00462355232,28.8494816,
226,26,226-26,Leaf,,,,,-0.0088912677,70.1881638,
227,0,227-0,f2,-0.270000011,227-1,227-2,227-2,3.15261364,9743.29199,
227,1,227-1,Leaf,,,,,0.0207145326,5.64568901,
227,2,227-2,f3,0.230000004,227-3,227-4,227-4,3.38480878,9737.64648,
227,3,227-3,f2,0.129999995,227-5,227-6,227-6,2.11059737,9724.04004,
227,4,227-4,f5,0.25,227-7,227-8,227-8,3.50483441,13.6068411,
227,5,227-5,f2,0.0399999991,227-9,227-10,227-10,1.48038876,9706.75586,
227,6,227-6,f5,0.109999999,227-11,227-12,227-12,0.613440037,17.2835865,
227,7,227-7,Leaf,,,,,-0.00154146738,8.38689423,
227,8,227-8,Leaf,,,,,-0.0314571336,5.21994734,
227,9,227-9,Leaf,,,,,0.00010145142,9504.42871,
227,10,227-10,Leaf,,,,,-0.0024856159,202.327133,
227,11,227-11,Leaf,,,,,0.017400708,6.02135468,
227,12,227-12,Leaf,,,,,0.00531912269,11.2622318,
228,0,228-0,f1,12.3666668,228-1,228-2,228-2,2.3571291,9765.83398,
228,1,228-1,f1,11.9333334,228-3,228-4,228-4,3.35885167,7045.24658,
228,2,228-2,f1,13.4333334,228-5,228-6,228-6,4.13883305,2720.5874,
228,3,228-3,f1,5.98333311,228-7,228-8,228-8,2.07923937,6667.38623,
228,4,228-4,f5,0.00999999978,228-9,228-10,228-10,3.71954346,377.860687,
228,5,228-5,f2,-0.0199999996,228-11,228-12,228-12,4.10151482,1101.25598,
228,6,228-6,f1,13.4833336,228-13,228-14,228-14,3.08160949,1619.3313,
228,7,228-7,f5,0.0199999996,228-15,228-16,228-16,5.95422125,2438.48096,
228,8,228-8,f1,6.23333311,228-17,228-18,228-18,5.08833027,4228.90527,
228,9,228-9,Leaf,,,,,0.0209560748,9.24614048,
228,10,228-10,f2,0.0199999996,228-19,228-20,228-20,2.0969789,368.614563,
228,11,228-11,f5,0.140000001,228-21,228-22,228-22,4.2612381,45.4572105,
228,12,228-12,f2,0.0199999996,228-23,228-24,228-24,3.05361271,1055.79871,
228,13,228-13,f5,0.140000001,228-25,228-26,228-26,6.2385807,46.4977951,
228,14,228-14,f5,0.370000005,228-27,228-28,228-28,1.23233736,1572.8335,
228,15,228-15,Leaf,,,,,-0.00806502998,89.009491,
228,16,228-16,Leaf,,,,,-0.000202548545,2349.47144,
228,17,228-17,Leaf,,,,,0.00633295579,134.21846,
228,18,228-18,Leaf,,,,,0.000417862175,4094.68652,
228,19,228-19,Leaf,,,,,0.00185116078,333.097687,
228,20,228-20,Leaf,,,,,0.00943647604,35.5168724,
228,21,228-21,Leaf,,,,,-0.0176301412,28.7629051,
228,22,228-22,Leaf,,,,,0.00123605959,16.6943073,
228,23,228-23,Leaf,,,,,-0.0011634106,948.070312,
228,24,228-24,Leaf,,,,,-0.00647396501,107.728462,
228,25,228-25,Leaf,,,,,0.0156556349,30.3453484,
228,26,228-26,Leaf,,,,,-0.00696874456,16.1524467,
228,27,228-27,Leaf,,,,,-1.90084234e-06,1565.55737,
228,28,228-28,Leaf,,,,,0.0116049843,7.27619028,
229,0,229-0,f0,-1.55477357,229-1,229-2,229-2,2.77676272,9730.75879,
229,1,229-1,f3,0.0199999996,229-3,229-4,229-4,0.751293182,62.2523994,
229,2,229-2,f2,0.0799999982,229-5,229-6,229-6,2.17887402,9668.50586,
229,3,229-3,f0,-2.05374885,229-7,229-8,229-8,0.510164022,56.3384514,
229,4,229-4,Leaf,,,,,0.0033886442,5.91394806,
229,5,229-5,f0,1.47579098,229-9,229-10,229-10,2.68324661,9609.81641,
229,6,229-6,f0,-0.33185336,229-11,229-12,229-12,3.53376079,58.6893044,
229,7,229-7,Leaf,,,,,-0.0140632875,8.29391956,
229,8,229-8,f2,0.0,229-13,229-14,229-14,0.378472567,48.0445328,
229,9,229-9,f2,0.0700000003,229-15,229-16,229-16,2.42201161,9463.16992,
229,10,229-10,f2,0.0199999996,229-17,229-18,229-18,1.58894801,146.647202,
229,11,229-11,Leaf,,,,,-0.0220137332,8.9999752,
229,12,229-12,f0,-0.075269863,229-19,229-20,229-20,4.57430601,49.6893311,
229,13,229-13,Leaf,,,,,-0.0115902452,8.2652359,
229,14,229-14,Leaf,,,,,-0.00453814445,39.7792969,
229,15,229-15,Leaf,,,,,-6.1310333e-05,9446.22852,
229,16,229-16,Leaf,,,,,0.0109718265,16.9409294,
229,17,229-17,Leaf,,,,,0.00506763766,132.27066,
229,18,229-18,Leaf,,,,,-0.00517472019,14.3765488,
229,19,229-19,Leaf,,,,,0.01828794,7.14916945,
229,20,229-20,Leaf,,,,,-0.00621852512,42.5401611,
230,0,230-0,f0,2.32634783,230-1,230-2,230-2,3.12316537,9747.60254,
230,1,230-1,f3,0.469999999,230-3,230-4,230-4,2.42832279,9735.33301,
230,2,230-2,Leaf,,,,,0.0145200072,12.2701244,
230,3,230-3,f3,0.230000004,230-5,230-6,230-6,4.446486,9730.0791,
230,4,230-4,Leaf,,,,,0.0186438765,5.25398159,
230,5,230-5,f0,-1.75068605,230-7,230-8,230-8,2.75948834,9717.7334,
230,6,230-6,f0,0.0501535833,230-9,230-10,230-10,0.629948616,12.3459187,
230,7,230-7,Leaf,,,,,-0.00831734482,35.0451965,
230,8,230-8,Leaf,,,,,-1.26492739e-06,9682.6875,
230,9,230-9,Leaf,,,,,-0.0231583975,6.83264017,
230,10,230-10,Leaf,,,,,-0.00772237126,5.51327896,
231,0,231-0,f2,-0.270000011,231-1,231-2,231-2,2.20961618,9751.73242,
231,1,231-1,Leaf,,,,,0.0172921196,5.6097579,
231,2,231-2,f3,0.230000004,231-3,231-4,231-4,3.06428123,9746.12305,
231,3,231-3,f2,-0.0799999982,231-5,231-6,231-6,2.00956488,9732.72559,
231,4,231-4,f5,0.25,231-7,231-8,231-8,2.44966459,13.3972921,
231,5,231-5,f1,0.800000012,231-9,231-10,231-10,2.63287973,42.4440727,
231,6,231-6,f1,13.9666662,231-11,231-12,231-12,1.69614685,9690.28125,
231,7,231-7,Leaf,,,,,-0.0023585665,7.90380764,
231,8,231-8,Leaf,,,,,-0.0275612716,5.49348402,
231,9,231-9,Leaf,,,,,-0.0100139249,6.55615807,
231,10,231-10,Leaf,,,,,0.00958753284,35.8879166,
231,11,231-11,Leaf,,,,,-0.00020435889,8663.30859,
231,12,231-12,Leaf,,,,,0.00108451024,1026.97302,
232,0,232-0,f0,-1.75068605,232-1,232-2,232-2,2.79862571,9730.97949,
232,1,232-1,f1,2.61666656,232-3,232-4,232-4,1.75636673,34.0991821,
232,2,232-2,f0,2.32634783,232-5,232-6,232-6,2.03921723,9696.87988,
232,3,232-3,f0,-2.05374885,232-7,232-8,232-8,0.602537394,15.2026005,
232,4,232-4,f1,6.23333311,232-9,232-10,232-10,2.14548063,18.8965797,
232,5,232-5,f2,0.180000007,232-11,232-12,232-12,1.96460748,9684.90723,
232,6,232-6,f1,1.79999995,232-13,232-14,232-14,0.40969038,11.9730787,
232,7,232-7,Leaf,,,,,-0.00778222457,5.70169592,
232,8,232-8,Leaf,,,,,0.00373754441,9.50090504,
232,9,232-9,f0,-1.88079357,232-15,232-16,232-16,0.237166405,13.7083883,
232,10,232-10,Leaf,,,,,0.00185227941,5.18819237,
232,11,232-11,f0,0.674489737,232-17,232-18,232-18,1.7981571,9669.68652,
232,12,232-12,f5,0.109999999,232-19,232-20,232-20,1.24042654,15.219945,
232,13,232-13,Leaf,,,,,0.00516299857,6.15420866,
232,14,232-14,Leaf,,,,,0.0171180069,5.81887007,
232,15,232-15,Leaf,,,,,-0.0240174532,8.39706516,
232,16,232-16,Leaf,,,,,-0.011437553,5.31132269,
232,17,232-17,Leaf,,,,,-0.000199447764,8392.59082,
232,18,232-18,Leaf,,,,,0.00100845145,1277.09631,
232,19,232-19,Leaf,,,,,0.000515655847,5.81864119,
232,20,232-20,Leaf,,,,,-0.0166953783,9.40130424,
233,0,233-0,f0,-2.05374885,233-1,233-2,233-2,2.05324841,9753.12598,
233,1,233-1,Leaf,,,,,-0.0140840765,8.30945587,
233,2,233-2,f1,9.88333321,233-3,233-4,233-4,1.73162818,9744.81641,
233,3,233-3,f2,0.00999999978,233-5,233-6,233-6,4.50622177,4943.55371,
233,4,233-4,f1,9.98333359,233-7,233-8,233-8,8.94124603,4801.26318,
233,5,233-5,f5,0.0199999996,233-9,233-10,233-10,4.54272366,3603.36084,
233,6,233-6,f1,9.5666666,233-11,233-12,233-12,5.45106363,1340.1925,
233,7,233-7,f0,0.125661343,233-13,233-14,233-14,5.506423,96.2065887,
233,8,233-8,f2,0.0199999996,233-15,233-16,233-16,4.71674967,4705.05615,
233,9,233-9,Leaf,,,,,-0.00534765888,144.06572,
233,10,233-10,Leaf,,,,,7.13005356e-05,3459.29517,
233,11,233-11,Leaf,,,,,0.00144562533,1272.80298,
233,12,233-12,Leaf,,,,,0.0101428581,67.3896103,
233,13,233-13,Leaf,,,,,-0.015362422,56.2751732,
233,14,233-14,Leaf,,,,,-0.000827467069,39.9314156,
233,15,233-15,Leaf,,,,,0.000121440193,4200.56885,
233,16,233-16,Leaf,,,,,-0.00294587668,504.487457,
234,0,234-0,f2,0.270000011,234-1,234-2,234-2,2.58284616,9745.10547,
234,1,234-1,f0,0.738846838,234-3,234-4,234-4,2.32755852,9738.02344,
234,2,234-2,Leaf,,,,,-0.0169348307,7.08233404,
234,3,234-3,f2,-0.270000011,234-5,234-6,234-6,2.00507212,8628.18555,
234,4,234-4,f2,-0.0399999991,234-7,234-8,234-8,3.59370422,1109.83765,
234,5,234-5,Leaf,,,,,0.0156022822,6.28023195,
234,6,234-6,f3,0.219999999,234-9,234-10,234-10,2.19577837,8621.90527,
234,7,234-7,Leaf,,,,,0.0185274519,9.82606888,
234,8,234-8,f2,0.0299999993,234-11,234-12,234-12,3.65216827,1100.01147,
234,9,234-9,Leaf,,,,,-0.000135294089,8616.47461,
234,10,234-10,Leaf,,,,,-0.0176714957,5.43115234,
234,11,234-11,Leaf,,,,,0.000764159427,1048.01343,
234,12,234-12,Leaf,,,,,0.00883757044,51.9980469,
235,0,235-0,f3,0.469999999,235-1,235-2,235-2,1.70792639,9747.14648,
235,1,235-1,f2,-0.129999995,235-3,235-4,235-4,2.24393654,9742.12207,
235,2,235-2,Leaf,,,,,0.0160823409,5.02444983,
235,3,235-3,f5,0.200000003,235-5,235-6,235-6,2.57437992,18.1793556,
235,4,235-4,f2,-0.109999999,235-7,235-8,235-8,4.89070463,9723.94238,
235,5,235-5,Leaf,,,,,-0.019849455,9.78971958,
235,6,235-6,Leaf,,,,,0.00208190968,8.38963509,
235,7,235-7,Leaf,,,,,0.0223874226,7.8723917,
235,8,235-8,f2,0.0,235-9,235-10,235-10,1.69888437,9716.07031,
235,9,235-9,Leaf,,,,,-0.000553959981,2590.60205,
235,10,235-10,Leaf,,,,,0.000343000604,7125.46826,
236,0,236-0,f3,0.469999999,236-1,236-2,236-2,2.12496257,9741.77539,
236,1,236-1,f3,0.230000004,236-3,236-4,236-4,4.49967337,9736.45996,
236,2,236-2,Leaf,,,,,0.0174448658,5.31521177,
236,3,236-3,f0,0.227544978,236-5,236-6,236-6,2.27154565,9722.74316,
236,4,236-4,f4,0.0,236-7,236-8,236-8,0.964796543,13.7168236,
236,5,236-5,f1,13.3833332,236-9,236-10,236-10,2.19862509,6426.53662,
236,6,236-6,f1,14.2166662,236-11,236-12,236-12,5.24266481,3296.20654,
236,7,236-7,Leaf,,,,,-0.0251785573,5.79506588,
236,8,236-8,Leaf,,,,,-0.00810477789,7.92175722,
236,9,236-9,Leaf,,,,,-0.000549599703,5097.41162,
236,10,236-10,Leaf,,,,,0.000820010435,1329.12512,
236,11,236-11,Leaf,,,,,0.000941318634,3170.35156,
236,12,236-12,Leaf,,,,,-0.00527857291,125.855064,
237,0,237-0,f0,0.738846838,237-1,237-2,237-2,3.65178823,9739.85547,
237,1,237-1,f1,0.716666639,237-3,237-4,237-4,3.43128419,8627.31152,
237,2,237-2,f1,13.583333,237-5,237-6,237-6,6.15784311,1112.54407,
237,3,237-3,f1,0.5,237-7,237-8,237-8,0.945331335,38.9351234,
237,4,237-4,f0,0.706302583,237-9,237-10,237-10,2.71436405,8588.37695,
237,5,237-5,f2,-0.0399999991,237-11,237-12,237-12,2.67017126,1098.14624,
237,6,237-6,f1,14.0166664,237-13,237-14,237-14,2.77739668,14.3977308,
237,7,237-7,f0,-0.706302583,237-15,237-16,237-16,1.23593473,18.5560989,
237,8,237-8,f2,0.00999999978,237-17,237-18,237-18,1.17660904,20.3790245,
237,9,237-9,f3,0.200000003,237-19,237-20,237-20,2.10259581,8499.68652,
237,10,237-10,f2,0.0,237-21,237-22,237-22,5.53226328,88.6902008,
237,11,237-11,Leaf,,,,,0.0173531342,9.17336655,
237,12,237-12,f2,-0.0299999993,237-23,237-24,237-24,3.12947416,1088.9729,
237,13,237-13,Leaf,,,,,-0.02625544,9.12940407,
237,14,237-14,Leaf,,,,,0.000506069511,5.26832724,
237,15,237-15,Leaf,,,,,-0.0141429827,5.65457726,
237,16,237-16,Leaf,,,,,0.00166689046,12.9015217,
237,17,237-17,Leaf,,,,,-0.00792084076,15.0504951,
237,18,237-18,Leaf,,,,,-0.0243438818,5.32852936,
237,19,237-19,Leaf,,,,,3.30720468e-05,8488.21094,
237,20,237-20,Leaf,,,,,0.0123582864,11.4752054,
237,21,237-21,Leaf,,,,,-0.0172846001,23.6907654,
237,22,237-22,Leaf,,,,,-0.000593827455,64.9994354,
237,23,237-23,Leaf,,,,,-0.0185667388,5.69309664,
237,24,237-24,Leaf,,,,,0.00202330085,1083.27979,
238,0,238-0,f0,-1.03643334,238-1,238-2,238-2,2.68715191,9761.75781,
238,1,238-1,f2,-0.0799999982,238-3,238-4,238-4,4.06334972,430.316864,
238,2,238-2,f0,1.34075499,238-5,238-6,238-6,2.19896317,9331.44141,
238,3,238-3,Leaf,,,,,0.0213224068,5.33234406,
238,4,238-4,f1,10.25,238-7,238-8,238-8,2.60027122,424.984528,
238,5,238-5,f1,0.716666639,238-9,238-10,238-10,1.96983647,9102.42188,
238,6,238-6,f1,4.6833334,238-11,238-12,238-12,3.74396372,229.019028,
238,7,238-7,f1,9.5,238-13,238-14,238-14,5.20799971,376.851624,
238,8,238-8,f1,12.2666664,238-15,238-16,238-16,1.46963453,48.1329079,
238,9,238-9,f0,-0.385320455,238-17,238-18,238-18,2.48969293,38.3845139,
238,10,238-10,f1,14.7333336,238-19,238-20,238-20,1.78710318,9064.03809,
238,11,238-11,f1,3.4666667,238-21,238-22,238-22,3.49802351,119.507767,
238,12,238-12,f1,5.3499999,238-23,238-24,238-24,6.22409725,109.511261,
238,13,238-13,Leaf,,,,,-0.00283001782,354.263397,
238,14,238-14,Leaf,,,,,-0.0174086373,22.5882187,
238,15,238-15,Leaf,,,,,0.00706120487,33.1492615,
238,16,238-16,Leaf,,,,,-0.004013611,14.9836473,
238,17,238-17,Leaf,,,,,-0.0202069618,8.60451412,
238,18,238-18,Leaf,,,,,-0.00253070402,29.7800007,
238,19,238-19,Leaf,,,,,-0.000240527865,8891.44629,
238,20,238-20,Leaf,,,,,0.00283298036,172.591537,
238,21,238-21,Leaf,,,,,0.00328954589,88.4569397,
238,22,238-22,Leaf,,,,,0.0149147231,31.0508251,
238,23,238-23,Leaf,,,,,-0.0161293596,19.5912342,
238,24,238-24,Leaf,,,,,0.00213932968,89.9200211,
239,0,239-0,f0,2.32634783,239-1,239-2,239-2,2.63420415,9730.94238,
239,1,239-1,f3,0.469999999,239-3,239-4,239-4,1.97289407,9719.28711,
239,2,239-2,f1,1.45000005,239-5,239-6,239-6,0.353761673,11.6553144,
239,3,239-3,f1,0.616666675,239-7,239-8,239-8,2.81402898,9714.11426,
239,4,239-4,Leaf,,,,,0.0169815235,5.17328644,
239,5,239-5,Leaf,,,,,0.00613490352,5.20506763,
239,6,239-6,Leaf,,,,,0.0182014126,6.45024729,
239,7,239-7,f0,0.706302583,239-9,239-10,239-10,4.29598188,36.7878647,
239,8,239-8,f0,-1.55477357,239-11,239-12,239-12,2.2310555,9677.32617,
239,9,239-9,Leaf,,,,,-0.0147253629,25.6813679,
239,10,239-10,Leaf,,,,,0.0070013986,11.1064987,
239,11,239-11,Leaf,,,,,-0.0057519353,58.3156738,
239,12,239-12,Leaf,,,,,8.42191657e-05,9619.01074,
240,0,240-0,f0,2.32634783,240-1,240-2,240-2,2.54928446,9750.71191,
240,1,240-1,f0,-1.22652817,240-3,240-4,240-4,2.34401608,9739.18457,
240,2,240-2,Leaf,,,,,0.0135620907,11.5277309,
240,3,240-3,f2,-0.00999999978,240-5,240-6,240-6,0.8945508,234.341156,
240,4,240-4,f2,0.0399999991,240-7,240-8,240-8,2.04334402,9504.84277,
240,5,240-5,f0,-1.2815516,240-9,240-10,240-10,0.827628195,25.5182133,
240,6,240-6,f0,-2.05374885,240-11,240-12,240-12,0.916904211,208.822952,
240,7,240-7,f0,1.47579098,240-13,240-14,240-14,1.19359922,9273.2666,
240,8,240-8,f0,-0.9153651,240-15,240-16,240-16,3.1040659,231.576553,
240,9,240-9,Leaf,,,,,0.00532682193,19.290535,
240,10,240-10,Leaf,,,,,-0.00653569587,6.2276783,
240,11,240-11,Leaf,,,,,-0.0131259505,7.78960752,
240,12,240-12,Leaf,,,,,-0.00315159187,201.03334,
240,13,240-13,Leaf,,,,,0.000122114303,9140.84863,
240,14,240-14,Leaf,,,,,0.00298032723,132.418167,
240,15,240-15,Leaf,,,,,-0.0234883539,5.28975677,
240,16,240-16,Leaf,,,,,-0.00209622341,226.286789,
241,0,241-0,f0,-2.05374885,241-1,241-2,241-2,1.73444474,9743.75391,
241,1,241-1,Leaf,,,,,-0.0131765204,7.81688118,
241,2,241-2,f0,2.32634783,241-3,241-4,241-4,1.55892718,9735.93652,
241,3,241-3,f1,14.7333336,241-5,241-6,241-6,1.13290417,9724.63867,
241,4,241-4,f1,1.79999995,241-7,241-8,241-8,0.410616636,11.2979393,
241,5,241-5,f2,0.230000004,241-9,241-10,241-10,1.41115153,9548.67676,
241,6,241-6,f0,-0.227544978,241-11,241-12,241-12,3.61206675,175.961899,
241,7,241-7,Leaf,,,,,0.00422810391,5.90231657,
241,8,241-8,Leaf,,,,,0.0162229706,5.39562225,
241,9,241-9,Leaf,,,,,8.98240978e-05,9539.39355,
241,10,241-10,Leaf,,,,,-0.0110295312,9.28316593,
241,11,241-11,Leaf,,,,,0.0166862011,13.8090477,
241,12,241-12,Leaf,,,,,0.00119744183,162.152847,
242,0,242-0,f0,-1.17498684,242-1,242-2,242-2,1.76318777,9743.09473,
242,1,242-1,f2,-0.0500000007,242-3,242-4,242-4,1.46062946,284.01709,
242,2,242-2,f2,-0.270000011,242-5,242-6,242-6,2.09699535,9459.07715,
242,3,242-3,Leaf,,,,,0.0107904878,6.48122215,
242,4,242-4,f0,-2.05374885,242-7,242-8,242-8,1.03022242,277.535858,
242,5,242-5,Leaf,,,,,0.017460173,5.23598528,
242,6,242-6,f3,0.230000004,242-9,242-10,242-10,2.46701741,9453.8418,
242,7,242-7,Leaf,,,,,-0.0128801353,7.66764736,
242,8,242-8,f2,0.0199999996,242-11,242-12,242-12,0.907325149,269.868225,
242,9,242-9,f5,0.00999999978,242-13,242-14,242-14,1.52311516,9441.46777,
242,10,242-10,f5,0.230000004,242-15,242-16,242-16,0.986836195,12.3735399,
242,11,242-11,Leaf,,,,,-0.00187955261,254.16333,
242,12,242-12,Leaf,,,,,-0.00912038144,15.704895,
242,13,242-13,Leaf,,,,,0.00251428434,224.062103,
242,14,242-14,Leaf,,,,,1.63834029e-05,9217.40625,
242,15,242-15,Leaf,,,,,-0.00458966149,7.24546862,
242,16,242-16,Leaf,,,,,-0.0217981786,5.12807178,
243,0,243-0,f0,-1.03643334,243-1,243-2,243-2,2.51431823,9747.33008,
243,1,243-1,f3,0.0900000036,243-3,243-4,243-4,2.3924222,424.896301,
243,2,243-2,f0,2.32634783,243-5,243-6,243-6,1.54268479,9322.43359,
243,3,243-3,f1,10.25,243-7,243-8,243-8,1.71376038,418.986877,
243,4,243-4,Leaf,,,,,0.0151563026,5.90943289,
243,5,243-5,f1,5.98333311,243-9,243-10,243-10,1.37059617,9311.2373,
243,6,243-6,f1,1.45000005,243-11,243-12,243-12,0.13599956,11.1960964,
243,7,243-7,f1,9.9333334,243-13,243-14,243-14,4.00825167,370.288391,
243,8,243-8,f1,11.5166664,243-15,243-16,243-16,1.82239211,48.6984673,
243,9,243-9,f1,5.9333334,243-17,243-18,243-18,5.79365206,2193.60156,
243,10,243-10,f1,6.83333349,243-19,243-20,243-20,8.51620007,7117.63623,
243,11,243-11,Leaf,,,,,0.00529034715,5.00090694,
243,12,243-12,Leaf,,,,,0.0136194052,6.19518948,
243,13,243-13,Leaf,,,,,-0.00282820989,361.09726,
243,14,243-14,Leaf,,,,,-0.0219351444,9.19115353,
243,15,243-15,Leaf,,,,,0.00839778408,23.6291351,
243,16,243-16,Leaf,,,,,-0.00300512859,25.0693302,
243,17,243-17,Leaf,,,,,-0.000501846429,2161.04663,
243,18,243-18,Leaf,,,,,-0.0130645614,32.5549393,
243,19,243-19,Leaf,,,,,0.00411634753,457.883972,
243,20,243-20,Leaf,,,,,-0.000108983411,6659.75195,
244,0,244-0,f0,1.88079357,244-1,244-2,244-2,2.13506508,9761.85547,
244,1,244-1,f0,-2.05374885,244-3,244-4,244-4,1.53379536,9721.4707,
244,2,244-2,f3,0.0199999996,244-5,244-6,244-6,2.02992201,40.3842583,
244,3,244-3,Leaf,,,,,-0.0127263032,7.59900951,
244,4,244-4,f2,-0.270000011,244-7,244-8,244-8,1.39357841,9713.87207,
244,5,244-5,f1,3.41666675,244-9,244-10,244-10,0.875407219,33.6902695,
244,6,244-6,Leaf,,,,,-0.00750314957,6.69398785,
244,7,244-7,Leaf,,,,,0.0133338366,5.99624014,
244,8,244-8,f2,-0.129999995,244-11,244-12,244-12,2.05739546,9707.87598,
244,9,244-9,f1,1.16666663,244-13,244-14,244-14,1.63136244,20.6304436,
244,10,244-10,f1,5.2833333,244-15,244-16,244-16,1.09923649,13.0598259,
244,11,244-11,Leaf,,,,,-0.0107050566,15.313633,
244,12,244-12,Leaf,,,,,-4.22785779e-05,9692.56152,
244,13,244-13,Leaf,,,,,0.0174153876,5.96527052,
244,14,244-14,Leaf,,,,,-0.000203603166,14.6651735,
244,15,244-15,Leaf,,,,,0.0229886081,7.03767157,
244,16,244-16,Leaf,,,,,0.00496725645,6.02215385,
245,0,245-0,f1,12.1499996,245-1,245-2,245-2,1.92147982,9766.84668,
245,1,245-1,f1,12.0333338,245-3,245-4,245-4,2.85323572,6856.63916,
245,2,245-2,f1,13.1333332,245-5,245-6,245-6,2.93960428,2910.20728,
245,3,245-3,f3,0.0900000036,245-7,245-8,245-8,2.35421681,6760.8208,
245,4,245-4,f5,0.150000006,245-9,245-10,245-10,4.35144043,95.8180771,
245,5,245-5,f3,0.0199999996,245-11,245-12,245-12,3.59751987,988.437988,
245,6,245-6,f5,0.129999995,245-13,245-14,245-14,2.47304773,1921.76929,
245,7,245-7,f5,0.140000001,245-15,245-16,245-16,2.34502268,6692.00439,
245,8,245-8,f3,0.140000001,245-17,245-18,245-18,1.93836737,68.8166046,
245,9,245-9,f5,0.119999997,245-19,245-20,245-20,3.00143957,54.5625801,
245,10,245-10,f1,12.1000004,245-21,245-22,245-22,3.97779059,41.2555008,
245,11,245-11,f5,0.330000013,245-23,245-24,245-24,4.09444332,784.175598,
245,12,245-12,f5,0.319999993,245-25,245-26,245-26,3.17866611,204.262405,
245,13,245-13,f2,-0.0700000003,245-27,245-28,245-28,1.56501126,1426.61365,
245,14,245-14,f2,-0.0199999996,245-29,245-30,245-30,4.40848303,495.155579,
245,15,245-15,Leaf,,,,,-0.000555309874,2579.85571,
245,16,245-16,Leaf,,,,,0.000598332379,4112.14893,
245,17,245-17,Leaf,,,,,0.0101255877,38.0702057,
245,18,245-18,Leaf,,,,,5.45199473e-05,30.7463989,
245,19,245-19,Leaf,,,,,0.00701525481,43.5080261,
245,20,245-20,Leaf,,,,,0.0242501628,11.0545521,
245,21,245-21,Leaf,,,,,0.00653736666,22.2775707,
245,22,245-22,Leaf,,,,,-0.0117201479,18.9779301,
245,23,245-23,Leaf,,,,,-0.00146318332,755.741394,
245,24,245-24,Leaf,,,,,0.00994304661,28.4341679,
245,25,245-25,Leaf,,,,,-0.00475133397,197.850952,
245,26,245-26,Leaf,,,,,-0.0248659514,6.41145515,
245,27,245-27,Leaf,,,,,-0.010063218,11.1003828,
245,28,245-28,Leaf,,,,,0.000773535983,1415.51331,
245,29,245-29,Leaf,,,,,-0.012778895,29.7527561,
245,30,245-30,Leaf,,,,,-0.00104717514,465.402832,
246,0,246-0,f3,0.419999987,246-1,246-2,246-2,2.36291003,9745.29883,
246,1,246-1,f0,-0.305480778,246-3,246-4,246-4,2.34968281,9739.93066,
246,2,246-2,Leaf,,,,,0.0182642099,5.36781836,
246,3,246-3,f1,1.31666672,246-5,246-6,246-6,3.24309516,2649.51343,
246,4,246-4,f1,0.949999988,246-7,246-8,246-8,2.9310813,7090.41748,
246,5,246-5,f0,-0.643345416,246-9,246-10,246-10,1.67976356,69.6572952,
246,6,246-6,f1,7.51666689,246-11,246-12,246-12,3.07313585,2579.8562,
246,7,246-7,f3,0.0299999993,246-13,246-14,246-14,3.02324843,65.1087112,
246,8,246-8,f1,7.13333321,246-15,246-16,246-16,2.01764393,7025.30859,
246,9,246-9,Leaf,,,,,-0.00360962912,45.7188225,
246,10,246-10,Leaf,,,,,-0.013410355,23.9384727,
246,11,246-11,Leaf,,,,,0.000649979338,1044.90112,
246,12,246-12,Leaf,,,,,-0.00145851413,1534.95508,
246,13,246-13,Leaf,,,,,0.0122449091,36.0102615,
246,14,246-14,Leaf,,,,,-0.000657398719,29.0984535,
246,15,246-15,Leaf,,,,,-0.000599981169,1987.61157,
246,16,246-16,Leaf,,,,,0.000528538483,5037.69727,
247,0,247-0,f0,1.47579098,247-1,247-2,247-2,3.00938821,9719.67383,
247,1,247-1,f0,1.40507162,247-3,247-4,247-4,2.76169515,9570.36719,
247,2,247-2,f2,0.0199999996,247-5,247-6,247-6,1.91637015,149.306259,
247,3,247-3,f0,1.34075499,247-7,247-8,247-8,2.12546444,9529.22754,
247,4,247-4,f1,4.7833333,247-9,247-10,247-10,3.21188498,41.1399193,
247,5,247-5,f1,8.83333302,247-11,247-12,247-12,1.92279863,131.206726,
247,6,247-6,f1,6.3499999,247-13,247-14,247-14,5.65015841,18.0995255,
247,7,247-7,f2,-0.0299999993,247-15,247-16,247-16,2.15956044,9490.96484,
247,8,247-8,f1,2.91666675,247-17,247-18,247-18,4.81090641,38.2627411,
247,9,247-9,f1,3.0666666,247-19,247-20,247-20,2.58281612,19.0832767,
247,10,247-10,f1,8.89999962,247-21,247-22,247-22,0.930665493,22.0566406,
247,11,247-11,f1,7.3166666,247-23,247-24,247-24,2.42312717,120.099319,
247,12,247-12,Leaf,,,,,0.0169765688,11.1074104,
247,13,247-13,f0,1.75068605,247-25,247-26,247-26,1.13700163,12.9606285,
247,14,247-14,Leaf,,,,,-0.0285013076,5.13889599,
247,15,247-15,Leaf,,,,,0.00276546367,243.896606,
247,16,247-16,Leaf,,,,,-8.87600472e-05,9247.06836,
247,17,247-17,Leaf,,,,,0.0244401339,9.43008041,
247,18,247-18,Leaf,,,,,0.000640744809,28.8326607,
247,19,247-19,Leaf,,,,,-0.00805310626,10.7724056,
247,20,247-20,Leaf,,,,,0.0130998967,8.31087208,
247,21,247-21,Leaf,,,,,-0.0189361591,15.832139,
247,22,247-22,Leaf,,,,,-0.00445766095,6.22450161,
247,23,247-23,Leaf,,,,,0.00563334674,110.030373,
247,24,247-24,Leaf,,,,,-0.00914869737,10.0689497,
247,25,247-25,Leaf,,,,,-0.0023290622,6.83040571,
247,26,247-26,Leaf,,,,,0.0145088434,6.13022327,
248,0,248-0,f0,-1.03643334,248-1,248-2,248-2,1.42382514,9724.91797,
248,1,248-1,f1,10.25,248-3,248-4,248-4,4.11405611,425.177826,
248,2,248-2,f1,1.60000002,248-5,248-6,248-6,1.74075377,9299.74023,
248,3,248-3,f1,9.88333321,248-7,248-8,248-8,4.30137205,377.173645,
248,4,248-4,f1,12.3666668,248-9,248-10,248-10,1.11981249,48.0041924,
248,5,248-5,f0,-0.412463129,248-11,248-12,248-12,4.36747456,246.092926,
248,6,248-6,f1,1.79999995,248-13,248-14,248-14,3.51229668,9053.64746,
248,7,248-7,f1,8.83333302,248-15,248-16,248-16,2.00886869,366.606567,
248,8,248-8,Leaf,,,,,-0.020700559,10.5670719,
248,9,248-9,f0,-1.40507162,248-17,248-18,248-18,1.88623667,33.1886787,
248,10,248-10,f1,13.333333,248-19,248-20,248-20,2.34433007,14.8155136,
248,11,248-11,f1,0.800000012,248-21,248-22,248-22,2.23690939,45.9408073,
248,12,248-12,f1,0.949999988,248-23,248-24,248-24,3.65012932,200.152115,
248,13,248-13,f5,0.0500000007,248-25,248-26,248-26,3.81365466,53.8099747,
248,14,248-14,f1,9.66666698,248-27,248-28,248-28,1.76668024,8999.83789,
248,15,248-15,Leaf,,,,,-0.00282098469,332.178864,
248,16,248-16,Leaf,,,,,0.00470213173,34.4276924,
248,17,248-17,Leaf,,,,,-0.00374465901,7.10638428,
248,18,248-18,Leaf,,,,,0.0131757641,26.0822945,
248,19,248-19,Leaf,,,,,-0.00872748904,9.72577477,
248,20,248-20,Leaf,,,,,0.0145792244,5.08973885,
248,21,248-21,Leaf,,,,,-0.0232816897,9.033638,
248,22,248-22,Leaf,,,,,-0.00692499615,36.9071655,
248,23,248-23,Leaf,,,,,0.00512454426,69.2869873,
248,24,248-24,Leaf,,,,,-0.00334036956,130.865128,
248,25,248-25,Leaf,,,,,-0.0137298927,5.71883869,
248,26,248-26,Leaf,,,,,0.0105774757,48.0911331,
248,27,248-27,Leaf,,,,,0.00063336239,4094.03784,
248,28,248-28,Leaf,,,,,-0.000210636281,4905.7998,
249,0,249-0,f2,-0.0299999993,249-1,249-2,249-2,2.32810903,9731.65039,
249,1,249-1,f5,0.0299999993,249-3,249-4,249-4,2.09900928,238.624435,
249,2,249-2,f1,14.7333336,249-5,249-6,249-6,1.93839133,9493.02637,
249,3,249-3,f1,10.7333336,249-7,249-8,249-8,2.24033403,26.522728,
249,4,249-4,f5,0.0599999987,249-9,249-10,249-10,2.59854174,212.1017,
249,5,249-5,f2,0.0799999982,249-11,249-12,249-12,1.45642495,9334.27539,
249,6,249-6,f2,-0.00999999978,249-13,249-14,249-14,6.44054031,158.750641,
249,7,249-7,f1,6.0333333,249-15,249-16,249-16,4.72741318,12.9054537,
249,8,249-8,f1,14.0166664,249-17,249-18,249-18,2.42449951,13.6172733,
249,9,249-9,f1,9.0,249-19,249-20,249-20,2.86105394,29.6494083,
249,10,249-10,f5,0.25,249-21,249-22,249-22,1.39573812,182.452301,
249,11,249-11,f2,0.00999999978,249-23,249-24,249-24,1.6598376,9279.12305,
249,12,249-12,f1,9.44999981,249-25,249-26,249-26,2.38069201,55.1522217,
249,13,249-13,f5,0.0399999991,249-27,249-28,249-28,0.194282055,13.0469589,
249,14,249-14,f5,0.100000001,249-29,249-30,249-30,1.85850763,145.703674,
249,15,249-15,Leaf,,,,,0.00240814919,7.66497183,
249,16,249-16,Leaf,,,,,-0.0324738622,5.24048233,
249,17,249-17,Leaf,,,,,0.0176394507,5.49468708,
249,18,249-18,Leaf,,,,,-0.00641857693,8.12258625,
249,19,249-19,Leaf,,,,,0.0253218748,9.29659939,
249,20,249-20,Leaf,,,,,0.0055241771,20.352808,
249,21,249-21,Leaf,,,,,0.00109394069,125.473282,
249,22,249-22,Leaf,,,,,0.00673361542,56.9790115,
249,23,249-23,Leaf,,,,,-2.67931114e-06,6781.13867,
249,24,249-24,Leaf,,,,,0.000901797903,2497.98462,
249,25,249-25,Leaf,,,,,0.000225578086,34.8072395,
249,26,249-26,Leaf,,,,,-0.012493562,20.3449841,
249,27,249-27,Leaf,,,,,-0.00884982478,5.49438429,
249,28,249-28,Leaf,,,,,-0.0194015391,7.55257511,
249,29,249-29,Leaf,,,,,0.00397313247,125.92865,
249,30,249-30,Leaf,,,,,0.0137354415,19.7750263,
250,0,250-0,f0,2.32634783,250-1,250-2,250-2,2.10788321,9735.86035,
250,1,250-1,f1,6.0333333,250-3,250-4,250-4,2.19402504,9724.85547,
250,2,250-2,f1,1.73333335,250-5,250-6,250-6,0.198920488,11.005003,
250,3,250-3,f5,0.0199999996,250-7,250-8,250-8,6.07441616,2447.27368,
250,4,250-4,f1,6.23333311,250-9,250-10,250-10,8.19810581,7277.58203,
250,5,250-5,Leaf,,,,,0.0167608634,5.65211678,
250,6,250-6,Leaf,,,,,0.00667270506,5.35288668,
250,7,250-7,f1,5.75,250-11,250-12,250-12,6.20689392,89.2142258,
250,8,250-8,f5,0.0700000003,250-13,250-14,250-14,6.70855951,2358.05933,
250,9,250-9,f0,0.439913154,250-15,250-16,250-16,3.34076977,105.513718,
250,10,250-10,f2,-0.150000006,250-17,250-18,250-18,3.04461908,7172.06836,
250,11,250-11,Leaf,,,,,-0.00590737071,83.7169113,
250,12,250-12,Leaf,,,,,-0.0365124345,5.4973135,
250,13,250-13,Leaf,,,,,0.00401894329,290.159668,
250,14,250-14,Leaf,,,,,-0.000844727736,2067.89966,
250,15,250-15,Leaf,,,,,0.0122001423,74.0887375,
250,16,250-16,Leaf,,,,,0.000532719365,31.4249802,
250,17,250-17,Leaf,,,,,-0.0194321517,5.97575188,
250,18,250-18,Leaf,,,,,0.000397487194,7166.09229,
251,0,251-0,f2,-0.270000011,251-1,251-2,251-2,2.26054668,9724.37305,
251,1,251-1,Leaf,,,,,0.0170803033,5.9429369,
251,2,251-2,f1,1.31666672,251-3,251-4,251-4,1.71546841,9718.43066,
251,3,251-3,f0,2.05374885,251-5,251-6,251-6,2.87987185,200.062531,
251,4,251-4,f0,1.22652817,251-7,251-8,251-8,1.39112461,9518.36816,
251,5,251-5,f0,1.40507162,251-9,251-10,251-10,2.57031751,193.227371,
251,6,251-6,Leaf,,,,,0.0150859822,6.83515739,
251,7,251-7,f2,0.129999995,251-11,251-12,251-12,1.29547,9235.04004,
251,8,251-8,f1,4.7833333,251-13,251-14,251-14,2.83328485,283.327881,
251,9,251-9,Leaf,,,,,-0.00239655515,176.862747,
251,10,251-10,Leaf,,,,,-0.0145205632,16.3646259,
251,11,251-11,Leaf,,,,,-6.32249648e-05,9222.56543,
251,12,251-12,Leaf,,,,,0.00924560614,12.474555,
251,13,251-13,Leaf,,,,,0.00550531456,122.221382,
251,14,251-14,Leaf,,,,,-0.00053503894,161.106491,
252,0,252-0,f2,-0.0299999993,252-1,252-2,252-2,1.63294387,9723.77148,
252,1,252-1,f1,9.98333359,252-3,252-4,252-4,2.52102137,241.460663,
252,2,252-2,f5,0.00999999978,252-5,252-6,252-6,1.96069276,9482.31055,
252,3,252-3,f5,0.0500000007,252-7,252-8,252-8,1.23679328,132.601883,
252,4,252-4,f5,0.0299999993,252-9,252-10,252-10,1.82076359,108.858788,
252,5,252-5,f1,6.0333333,252-11,252-12,252-12,4.74434662,216.544327,
252,6,252-6,f2,0.280000001,252-13,252-14,252-14,1.61070645,9265.7666,
252,7,252-7,f2,-0.0500000007,252-15,252-16,252-16,6.07126999,19.0791206,
252,8,252-8,f5,0.0700000003,252-17,252-18,252-18,10.0467215,113.522758,
252,9,252-9,f1,14.0166664,252-19,252-20,252-20,1.09286976,14.5876207,
252,10,252-10,f1,14.7333336,252-21,252-22,252-22,1.6664362,94.2711639,
252,11,252-11,f1,5.1833334,252-23,252-24,252-24,1.33300352,29.967205,
252,12,252-12,f1,9.0666666,252-25,252-26,252-26,2.37086487,186.577118,
252,13,252-13,f1,9.66666698,252-27,252-28,252-28,1.49139774,9258.77051,
252,14,252-14,Leaf,,,,,-0.013497402,6.99593306,
252,15,252-15,Leaf,,,,,0.0152847571,6.36189222,
252,16,252-16,Leaf,,,,,-0.0186366681,12.7172289,
252,17,252-17,Leaf,,,,,0.032196179,7.56775904,
252,18,252-18,Leaf,,,,,-0.00156785443,105.955002,
252,19,252-19,Leaf,,,,,0.00474009709,6.74100447,
252,20,252-20,Leaf,,,,,-0.0107997684,7.84661579,
252,21,252-21,Leaf,,,,,0.00885176193,83.0964966,
252,22,252-22,Leaf,,,,,-0.00323621836,11.1746664,
252,23,252-23,Leaf,,,,,-0.00455588335,24.2181416,
252,24,252-24,Leaf,,,,,-0.0199555308,5.74906492,
252,25,252-25,Leaf,,,,,0.012267123,29.7127514,
252,26,252-26,Leaf,,,,,0.00311178272,156.864365,
252,27,252-27,Leaf,,,,,0.00036026779,4551.08691,
252,28,252-28,Leaf,,,,,-0.000401261554,4707.68359,
253,0,253-0,f3,0.419999987,253-1,253-2,253-2,2.29232287,9705.63281,
253,1,253-1,f2,-0.219999999,253-3,253-4,253-4,1.80141938,9700.36914,
253,2,253-2,Leaf,,,,,0.0180302244,5.26345301,
253,3,253-3,Leaf,,,,,-0.0158217661,5.57548332,
253,4,253-4,f2,-0.0299999993,253-5,253-6,253-6,1.24694622,9694.79297,
253,5,253-5,f0,0.95416528,253-7,253-8,253-8,1.32120812,237.528687,
253,6,253-6,f1,11.5666666,253-9,253-10,253-10,1.40001702,9457.26465,
253,7,253-7,Leaf,,,,,0.00242207013,230.991516,
253,8,253-8,Leaf,,,,,-0.0103626801,6.53717041,
253,9,253-9,Leaf,,,,,0.000100603196,6134.80664,
253,10,253-10,Leaf,,,,,-0.000663919724,3322.45801,
254,0,254-0,f2,0.0399999991,254-1,254-2,254-2,2.169204,9701.24805,
254,1,254-1,f2,-0.270000011,254-3,254-4,254-4,0.987784028,9474.6543,
254,2,254-2,f1,0.5,254-5,254-6,254-6,2.16867065,226.594345,
254,3,254-3,Leaf,,,,,0.0115061784,5.68746138,
254,4,254-4,f2,-0.129999995,254-7,254-8,254-8,1.66758394,9468.9668,
254,5,254-5,Leaf,,,,,0.0142082628,5.45636702,
254,6,254-6,f1,14.3166666,254-9,254-10,254-10,1.85596514,221.137985,
254,7,254-7,f5,0.180000007,254-11,254-12,254-12,3.24629259,15.571311,
254,8,254-8,f2,-0.109999999,254-13,254-14,254-14,2.09984732,9453.39551,
254,9,254-9,f1,9.98333359,254-15,254-16,254-16,2.20211649,191.978333,
254,10,254-10,f5,0.119999997,254-17,254-18,254-18,0.404129684,29.1596489,
254,11,254-11,Leaf,,,,,-0.0237209816,6.7499299,
254,12,254-12,Leaf,,,,,0.00262802606,8.82138062,
254,13,254-13,Leaf,,,,,0.014276241,8.24926567,
254,14,254-14,Leaf,,,,,-2.5008987e-05,9445.14551,
254,15,254-15,Leaf,,,,,-0.0020568429,121.315193,
254,16,254-16,Leaf,,,,,-0.00871362817,70.6631393,
254,17,254-17,Leaf,,,,,0.00143277424,22.7047539,
254,18,254-18,Leaf,,,,,0.00956992805,6.45489454,
255,0,255-0,f0,-2.05374885,255-1,255-2,255-2,1.52242279,9719.64746,
255,1,255-1,Leaf,,,,,-0.0126035996,7.53356123,
255,2,255-2,f2,0.0399999991,255-3,255-4,255-4,1.37525284,9712.11426,
255,3,255-3,f1,12.3666668,255-5,255-6,255-6,1.10505319,9480.38477,
255,4,255-4,f0,-0.9153651,255-7,255-8,255-8,2.36556816,231.729355,
255,5,255-5,f2,0.00999999978,255-9,255-10,255-10,2.38560605,6847.21484,
255,6,255-6,f5,0.119999997,255-11,255-12,255-12,3.50522184,2633.16968,
255,7,255-7,Leaf,,,,,-0.0195251852,5.89574146,
255,8,255-8,f1,0.5,255-13,255-14,255-14,2.86124301,225.833618,
255,9,255-9,Leaf,,,,,6.27109648e-06,5131.6084,
255,10,255-10,Leaf,,,,,0.00129822665,1715.60632,
255,11,255-11,Leaf,,,,,0.000411243265,1710.19397,
255,12,255-12,Leaf,,,,,-0.00188180944,922.975586,
255,13,255-13,Leaf,,,,,0.0165391471,6.52502203,
255,14,255-14,Leaf,,,,,-0.0022831026,219.308594,
256,0,256-0,f0,-0.176374167,256-1,256-2,256-2,2.42789173,9715.70605,
256,1,256-1,f2,0.0199999996,256-3,256-4,256-4,2.12171936,3470.84521,
256,2,256-2,f2,0.0,256-5,256-6,256-6,3.3386786,6244.86133,
256,3,256-3,f1,4.9000001,256-7,256-8,256-8,2.17640662,3128.27979,
256,4,256-4,f0,-0.227544978,256-9,256-10,256-10,3.05460668,342.565369,
256,5,256-5,f0,-0.075269863,256-11,256-12,256-12,5.88928652,1642.85388,
256,6,256-6,f1,4.08333349,256-13,256-14,256-14,2.74497557,4602.00732,
256,7,256-7,f1,4.1500001,256-15,256-16,256-16,7.96943998,609.914917,
256,8,256-8,f1,7.5666666,256-17,256-18,256-18,5.82070589,2518.36499,
256,9,256-9,f1,14.0666666,256-19,256-20,256-20,6.75058508,308.276733,
256,10,256-10,f1,13.6833334,256-21,256-22,256-22,2.9699192,34.2886162,
256,11,256-11,f1,14.7833338,256-23,256-24,256-24,2.53416204,190.382812,
256,12,256-12,f1,2.1500001,256-25,256-26,256-26,2.68947816,1452.47119,
256,13,256-13,f1,3.41666675,256-27,256-28,256-28,5.50128984,612.282166,
256,14,256-14,f1,4.6833334,256-29,256-30,256-30,9.40600395,3989.7251,
256,15,256-15,Leaf,,,,,-0.000122359139,465.333313,
256,16,256-16,Leaf,,,,,-0.00816511456,144.581619,
256,17,256-17,Leaf,,,,,0.00259600929,578.274109,
256,18,256-18,Leaf,,,,,-0.000830689038,1940.09082,
256,19,256-19,Leaf,,,,,-0.00288949255,295.802216,
256,20,256-20,Leaf,,,,,0.0188281015,12.4745464,
256,21,256-21,Leaf,,,,,-0.00692164013,28.9187336,
256,22,256-22,Leaf,,,,,-0.0299983174,5.36988354,
256,23,256-23,Leaf,,,,,-0.00641340716,184.914459,
256,24,256-24,Leaf,,,,,0.0128275901,5.46834898,
256,25,256-25,Leaf,,,,,0.00515298545,78.901741,
256,26,256-26,Leaf,,,,,-0.000508753234,1373.56934,
256,27,256-27,Leaf,,,,,0.000498469803,459.571136,
256,28,256-28,Leaf,,,,,-0.00605685031,152.710999,
256,29,256-29,Leaf,,,,,0.00895742979,128.752762,
256,30,256-30,Leaf,,,,,0.000745078723,3860.97241,
257,0,257-0,f2,0.0599999987,257-1,257-2,257-2,1.66768456,9718.61426,
257,1,257-1,f2,-0.0299999993,257-3,257-4,257-4,1.37061882,9620.83203,
257,2,257-2,f2,0.129999995,257-5,257-6,257-6,2.50788927,97.7823181,
257,3,257-3,f5,0.430000007,257-7,257-8,257-8,2.35317421,239.185272,
257,4,257-4,f0,-1.75068605,257-9,257-10,257-10,1.55330145,9381.64648,
257,5,257-5,f5,0.209999993,257-11,257-12,257-12,1.96504092,71.3380585,
257,6,257-6,f5,0.100000001,257-13,257-14,257-14,2.93973494,26.4442635,
257,7,257-7,f5,0.400000006,257-15,257-16,257-16,3.25772357,233.443405,
257,8,257-8,Leaf,,,,,0.0197126884,5.74185848,
257,9,257-9,f3,0.00999999978,257-17,257-18,257-18,1.06692624,32.3962784,
257,10,257-10,f0,2.32634783,257-19,257-20,257-20,1.15881371,9349.25,
257,11,257-11,f5,0.0599999987,257-21,257-22,257-22,0.611965179,49.3582191,
257,12,257-12,f5,0.349999994,257-23,257-24,257-24,2.58302379,21.9798355,
257,13,257-13,Leaf,,,,,0.017290825,8.5822134,
257,14,257-14,f2,0.230000004,257-25,257-26,257-26,2.5134635,17.862051,
257,15,257-15,Leaf,,,,,0.00235395879,226.80722,
257,16,257-16,Leaf,,,,,-0.0175764579,6.63618565,
257,17,257-17,Leaf,,,,,-0.00265097432,22.4548683,
257,18,257-18,Leaf,,,,,-0.0142373396,9.94140911,
257,19,257-19,Leaf,,,,,-5.65591836e-05,9338.71582,
257,20,257-20,Leaf,,,,,0.00945819356,10.5344772,
257,21,257-21,Leaf,,,,,-0.0149621917,15.9871283,
257,22,257-22,Leaf,,,,,-0.00739664258,33.3710938,
257,23,257-23,Leaf,,,,,0.00778418081,14.6522217,
257,24,257-24,Leaf,,,,,-0.0128979636,7.32761431,
257,25,257-25,Leaf,,,,,0.00564810308,10.9977837,
257,26,257-26,Leaf,,,,,-0.0162196439,6.86426735,
258,0,258-0,f1,9.19999981,258-1,258-2,258-2,1.56626022,9712.00098,
258,1,258-1,f5,0.0199999996,258-3,258-4,258-4,3.69884014,4419.68018,
258,2,258-2,f1,13.9333334,258-5,258-6,258-6,2.12583232,5292.32129,
258,3,258-3,f1,8.39999962,258-7,258-8,258-8,3.52176166,173.421066,
258,4,258-4,f5,0.0700000003,258-9,258-10,258-10,4.55346537,4246.25879,
258,5,258-5,f2,0.0199999996,258-11,258-12,258-12,2.68114209,4213.0415,
258,6,258-6,f5,0.129999995,258-13,258-14,258-14,2.34946394,1079.27979,
258,7,258-7,f2,0.00999999978,258-15,258-16,258-16,2.78085327,149.196854,
258,8,258-8,f1,9.0,258-17,258-18,258-18,2.73500347,24.2242012,
258,9,258-9,f5,0.0500000007,258-19,258-20,258-20,4.33445311,564.795654,
258,10,258-10,f1,8.83333302,258-21,258-22,258-22,4.14239311,3681.46338,
258,11,258-11,f5,0.460000008,258-23,258-24,258-24,3.59680796,3788.97314,
258,12,258-12,f1,9.9333334,258-25,258-26,258-26,6.16873646,424.068207,
258,13,258-13,f5,0.109999999,258-27,258-28,258-28,2.38916349,884.273743,
258,14,258-14,f2,0.0299999993,258-29,258-30,258-30,3.46899009,195.005997,
258,15,258-15,Leaf,,,,,-0.00803010445,110.335365,
258,16,258-16,Leaf,,,,,0.00126151473,38.861496,
258,17,258-17,Leaf,,,,,0.0124556208,17.7304192,
258,18,258-18,Leaf,,,,,-0.00916711334,6.49378347,
258,19,258-19,Leaf,,,,,0.000874044374,333.346588,
258,20,258-20,Leaf,,,,,0.0062143025,231.449036,
258,21,258-21,Leaf,,,,,-7.00263117e-05,3470.2478,
258,22,258-22,Leaf,,,,,0.00424760533,211.2155,
258,23,258-23,Leaf,,,,,-0.000471784413,3781.25903,
258,24,258-24,Leaf,,,,,0.0188249256,7.71399069,
258,25,258-25,Leaf,,,,,0.00661782688,52.3229675,
258,26,258-26,Leaf,,,,,-0.00429991633,371.74527,
258,27,258-27,Leaf,,,,,0.000990954111,809.830261,
258,28,258-28,Leaf,,,,,0.00657526404,74.4434967,
258,29,258-29,Leaf,,,,,-0.00336524588,179.274765,
258,30,258-30,Leaf,,,,,0.0109254848,15.7312317,
259,0,259-0,f1,0.716666639,259-1,259-2,259-2,1.80590522,9729.16797,
259,1,259-1,f0,1.64485359,259-3,259-4,259-4,5.52959728,55.9693642,
259,2,259-2,f1,7.5666666,259-5,259-6,259-6,1.97424221,9673.19824,
259,3,259-3,f0,1.22652817,259-7,259-8,259-8,1.65039253,50.6691742,
259,4,259-4,Leaf,,,,,0.0213303883,5.30019188,
259,5,259-5,f1,5.98333311,259-9,259-10,259-10,3.58696508,3302.32275,
259,6,259-6,f0,-0.279319048,259-11,259-12,259-12,2.59248137,6370.87598,
259,7,259-7,f0,0.643345416,259-13,259-14,259-14,4.12890291,44.886879,
259,8,259-8,Leaf,,,,,-0.0225028843,5.7822957,
259,9,259-9,f1,5.11666679,259-15,259-16,259-16,4.79535627,2370.86963,
259,10,259-10,f0,-0.075269863,259-17,259-18,259-18,5.77352047,931.453064,
259,11,259-11,f1,8.14999962,259-19,259-20,259-20,6.27088261,1636.82983,
259,12,259-12,f0,-0.253347099,259-21,259-22,259-22,2.08621383,4734.0459,
259,13,259-13,Leaf,,,,,-0.0105746323,36.6367683,
259,14,259-14,Leaf,,,,,0.0119119193,8.25010872,
259,15,259-15,Leaf,,,,,0.000653196068,1876.19495,
259,16,259-16,Leaf,,,,,-0.00266434019,494.674652,
259,17,259-17,Leaf,,,,,0.0046843742,433.356171,
259,18,259-18,Leaf,,,,,-4.78623915e-05,498.096924,
259,19,259-19,Leaf,,,,,-0.00732781179,143.167221,
259,20,259-20,Leaf,,,,,-0.000775146531,1493.66272,
259,21,259-21,Leaf,,,,,0.0040702899,111.418564,
259,22,259-22,Leaf,,,,,-6.58795616e-05,4622.62744,
260,0,260-0,f2,0.00999999978,260-1,260-2,260-2,2.62954569,9734.08691,
260,1,260-1,f1,6.0333333,260-3,260-4,260-4,3.69425488,7134.58057,
260,2,260-2,f5,0.159999996,260-5,260-6,260-6,5.55115032,2599.5061,
260,3,260-3,f5,0.0199999996,260-7,260-8,260-8,6.86183882,1798.20203,
260,4,260-4,f1,6.7833333,260-9,260-10,260-10,5.92516899,5336.37891,
260,5,260-5,f1,6.48333311,260-11,260-12,260-12,3.30879211,1431.06665,
260,6,260-6,f1,11.5666666,260-13,260-14,260-14,10.1606159,1168.43933,
260,7,260-7,f2,-0.00999999978,260-15,260-16,260-16,2.80471134,67.784668,
260,8,260-8,f5,0.0700000003,260-17,260-18,260-18,4.41235256,1730.41736,
260,9,260-9,f5,0.300000012,260-19,260-20,260-20,4.25459576,311.187683,
260,10,260-10,f1,7.19999981,260-21,260-22,260-22,2.54362035,5025.19092,
260,11,260-11,f1,5.98333311,260-23,260-24,260-24,4.45863724,268.973907,
260,12,260-12,f1,14.0666666,260-25,260-26,260-26,3.0511632,1162.09277,
260,13,260-13,f1,3.36666656,260-27,260-28,260-28,5.2450614,938.074951,
260,14,260-14,f1,13.2833338,260-29,260-30,260-30,1.85451031,230.364426,
260,15,260-15,Leaf,,,,,0.00133485545,14.1366825,
260,16,260-16,Leaf,,,,,-0.013568067,53.6479912,
260,17,260-17,Leaf,,,,,0.00320446864,213.588608,
260,18,260-18,Leaf,,,,,-0.00139179465,1516.82874,
260,19,260-19,Leaf,,,,,0.00220938399,225.65126,
260,20,260-20,Leaf,,,,,0.0100483829,85.5364151,
260,21,260-21,Leaf,,,,,-0.00330792926,185.514206,
260,22,260-22,Leaf,,,,,0.000262354064,4839.67676,
260,23,260-23,Leaf,,,,,0.00399317313,241.263077,
260,24,260-24,Leaf,,,,,0.0165405478,27.7108288,
260,25,260-25,Leaf,,,,,0.000860011671,919.283386,
260,26,260-26,Leaf,,,,,0.00463640643,242.809326,
260,27,260-27,Leaf,,,,,-0.00353105646,187.103836,
260,28,260-28,Leaf,,,,,0.00207064417,750.97113,
260,29,260-29,Leaf,,,,,-0.00415889593,155.684357,
260,30,260-30,Leaf,,,,,-0.00994032808,74.6800842,
261,0,261-0,f0,-1.55477357,261-1,261-2,261-2,1.91461992,9721.36914,
261,1,261-1,f1,9.26666641,261-3,261-4,261-4,0.730392456,59.893322,
261,2,261-2,f0,0.738846838,261-5,261-6,261-6,1.78717625,9661.47559,
261,3,261-3,f1,6.30000019,261-7,261-8,261-8,0.708125114,51.7816086,
261,4,261-4,Leaf,,,,,0.00271891127,8.11171532,
261,5,261-5,f1,2.3499999,261-9,261-10,261-10,2.69614387,8546.81738,
261,6,261-6,f1,13.583333,261-11,261-12,261-12,5.51171303,1114.65881,
261,7,261-7,f1,2.0999999,261-13,261-14,261-14,0.592050433,46.4475746,
261,8,261-8,Leaf,,,,,-0.016291339,5.3340354,
261,9,261-9,f0,-1.03643334,261-15,261-16,261-16,3.09483814,402.07843,
261,10,261-10,f1,2.6833334,261-17,261-18,261-18,2.71303439,8144.73877,
261,11,261-11,f2,-0.0399999991,261-19,261-20,261-20,3.61634898,1099.94751,
261,12,261-12,f1,14.0166664,261-21,261-22,261-22,3.65182161,14.7113256,
261,13,261-13,Leaf,,,,,-0.0097014131,16.3150749,
261,14,261-14,Leaf,,,,,-0.00260801078,30.1324978,
261,15,261-15,Leaf,,,,,0.00453512138,47.5346527,
261,16,261-16,Leaf,,,,,-0.00355062098,354.543762,
261,17,261-17,Leaf,,,,,0.00452291453,113.01812,
261,18,261-18,Leaf,,,,,-0.000137483206,8031.72021,
261,19,261-19,Leaf,,,,,0.0194957964,8.7865696,
261,20,261-20,Leaf,,,,,0.00117276353,1091.16089,
261,21,261-21,Leaf,,,,,-0.026844399,9.44885063,
261,22,261-22,Leaf,,,,,0.0032422985,5.26247549,
262,0,262-0,f1,14.7333336,262-1,262-2,262-2,1.41301775,9737.44531,
262,1,262-1,f1,9.88333321,262-3,262-4,262-4,1.30064988,9563.37988,
262,2,262-2,f5,0.100000001,262-5,262-6,262-6,2.46024656,174.065506,
262,3,262-3,f1,6.0333333,262-7,262-8,262-8,2.79125237,4936.0249,
262,4,262-4,f1,9.98333359,262-9,262-10,262-10,8.04871655,4627.35449,
262,5,262-5,f5,0.0500000007,262-11,262-12,262-12,3.47267413,147.716843,
262,6,262-6,f3,0.0500000007,262-13,262-14,262-14,2.22475481,26.3486729,
262,7,262-7,f5,0.0199999996,262-15,262-16,262-16,4.20848465,2457.48462,
262,8,262-8,f1,6.23333311,262-17,262-18,262-18,6.87786293,2478.54028,
262,9,262-9,f2,0.00999999978,262-19,262-20,262-20,3.37976837,92.3295746,
262,10,262-10,f2,0.0199999996,262-21,262-22,262-22,3.21960616,4535.0249,
262,11,262-11,f2,0.0399999991,262-23,262-24,262-24,1.1789906,104.987473,
262,12,262-12,f2,-0.0299999993,262-25,262-26,262-26,3.12736034,42.7293701,
262,13,262-13,f5,0.109999999,262-27,262-28,262-28,2.6540916,21.218504,
262,14,262-14,Leaf,,,,,0.0269933511,5.13016844,
262,15,262-15,Leaf,,,,,-0.00672041764,91.4135208,
262,16,262-16,Leaf,,,,,-0.000194466003,2366.07104,
262,17,262-17,Leaf,,,,,0.0085051991,103.880058,
262,18,262-18,Leaf,,,,,0.000654348754,2374.66016,
262,19,262-19,Leaf,,,,,-0.01241438,69.2760468,
262,20,262-20,Leaf,,,,,0.000790142105,23.0535316,
262,21,262-21,Leaf,,,,,2.80699678e-05,4065.04785,
262,22,262-22,Leaf,,,,,-0.00259208167,469.977356,
262,23,262-23,Leaf,,,,,0.00315746339,98.7948151,
262,24,262-24,Leaf,,,,,0.0158293061,6.19265842,
262,25,262-25,Leaf,,,,,-0.0257942416,5.18525362,
262,26,262-26,Leaf,,,,,-0.00267095119,37.544117,
262,27,262-27,Leaf,,,,,0.0208693929,6.27217245,
262,28,262-28,Leaf,,,,,-0.00115699891,14.946332,
