tte_bucket,momentum_bucket,momentum_bucket_start_cents,momentum_bucket_end_cents_exclusive,sample_size,best_model,best_log_loss,Standard Gaussian,Student-T df=5,Student-T df=3,Momentum-Adjusted Gaussian,Machine Learning (Logistic Regression),XGBoost,LightGBM,CatBoost,PySR (Symbolic Regression)
14,-92c,-92,-91,1,PySR (Symbolic Regression),0.01005033585350145,0.040821993588932556,0.07278479440540088,0.09337813725187137,0.020202706861361452,0.22756248215453348,0.8448539790901861,0.7154164322060278,0.21074776043909166,0.01005033585350145
14,-67c,-67,-66,1,XGBoost,0.5655153598165946,1.2729656715554127,1.2287857639776116,1.202444223745933,1.347073641662272,0.5682072019147397,0.5655153598165946,0.7487251893906088,0.674597502290888,1.0832538341860913
14,-59c,-59,-58,1,XGBoost,0.3781398047527488,0.916290716972994,0.9037606283403709,0.8960354490140446,0.9675840093998654,0.39535837984284994,0.3781398047527488,0.5509614559475456,0.5381101347903932,0.8401367917143997
14,-58c,-58,-57,1,Momentum-Adjusted Gaussian,0.4942963166848722,0.5276327360208827,0.5352991532829979,0.5401048360533897,0.4942963166848722,1.137859620686377,0.8305896002670821,0.5909839784113351,0.6474056151366009,0.5779391461334148
14,-56c,-56,-55,1,XGBoost,0.2558882892068225,4.605170185988091,3.3885142866919247,2.97115100425698,4.605170185988091,3.1321002909933098,0.2558882892068225,0.3005169353619025,0.3044607433154714,4.605170185988091
14,-55c,-55,-54,1,CatBoost,0.5166056501568034,1.4696759519183977,1.399984086451336,1.359543488478926,1.5606477262677163,0.8284000487376062,0.6336514485146589,0.6561898549339903,0.5166056501568034,1.2228688150017863
14,-53c,-53,-52,1,CatBoost,0.47226091410398097,0.6161861548768731,0.6198064317568466,0.6220697638866525,0.5798185109523799,1.2353188278958351,0.6103264488500127,0.6078547924189518,0.47226091410398097,0.644138365046362
14,-52c,-52,-51,2,LightGBM,0.4990986802452875,1.0613833550940186,1.0226225634308073,1.0006104916163165,1.0941819969699127,1.0296800070214047,0.5562685209066316,0.4990986802452875,0.5047726745654794,0.947017393620055
14,-50c,-50,-49,2,XGBoost,0.30873336827283027,3.453877632040488,2.7217075023466792,2.4509596547602164,3.56544940304098,2.4094989758222303,0.30873336827283027,0.40887092626693067,0.3651155791975243,3.282282768316274
14,-47c,-47,-46,2,Momentum-Adjusted Gaussian,0.22345614794879726,0.2487901968414078,0.271417789505916,0.28551856963913513,0.22345614794879726,0.48560692237271663,0.6250292599236957,0.7081130503538022,0.7540690161034612,0.33506998693052326
14,-46c,-46,-45,1,XGBoost,0.4153121820766553,0.5276327360208827,0.5352991532829979,0.5401048360533897,0.4942963166848722,0.9848094448666378,0.4153121820766553,0.4738275167388407,0.4644364586985791,0.5779391461334148
14,-45c,-45,-44,2,Machine Learning (Logistic Regression),0.5497298306310876,0.9731551217593375,0.951540756879077,0.9386667031781738,1.030211774045081,0.5497298306310876,0.6776797192906197,0.7320376333269827,0.6825972330775085,0.8779375570678681
14,-44c,-44,-43,3,Standard Gaussian,0.37850668365186285,0.37850668365186285,0.390646371555661,0.39926590805504986,0.3797416338795209,0.4271253791623321,0.693227277247544,0.6789204111030956,0.6187033888587513,0.40212735379423203
14,-43c,-43,-42,1,CatBoost,0.527576618454127,0.6161861548768731,0.6198064317568466,0.6220697638866525,0.5798185109523799,1.1010561488421622,0.6272051767949006,0.6391526183857427,0.527576618454127,0.644138365046362
14,-41c,-41,-40,2,Machine Learning (Logistic Regression),0.19537078705625577,0.35159875820672337,0.36374448122577596,0.3728755582967768,0.37200975500118966,0.19537078705625577,0.7738500533389754,0.8966933819404954,0.6580230756720132,0.3483283013629273
14,-40c,-40,-39,5,Machine Learning (Logistic Regression),0.61984893091979,0.8111209450782445,0.8037461448741086,0.7992473853209114,0.8418677035728106,0.61984893091979,0.7192624475334265,0.6899371821334231,0.721671867608516,0.7700817407736642
14,-39c,-39,-38,3,CatBoost,0.7112529827798283,1.5534200546986607,1.4400988160756816,1.3801455699546947,1.6479082001219307,1.3626702970379068,0.8267487756264654,0.9021350015409711,0.7112529827798283,1.3267664054887065
14,-38c,-38,-37,6,XGBoost,0.7171928061194474,0.9105570545029296,0.8701748844070331,0.8501670013044434,0.9604866461431142,0.7584501501695385,0.7171928061194474,0.7929373522086758,0.7314893607898033,0.8404403865836144
14,-37c,-37,-36,4,XGBoost,0.7158618300581729,1.042005114798521,0.9685016072171073,0.9339011342430268,1.1115805159908172,0.943677284351047,0.7158618300581729,0.7669600965156759,0.7195908531026924,0.9946000275813822
14,-36c,-36,-35,1,Momentum-Adjusted Gaussian,0.3566749343594145,0.385662470293518,0.40023582288802784,0.4093819224282713,0.3566749343594145,0.6335077871786601,0.518842620347997,0.3678964759152912,0.5429027851970143,0.463698825971026
14,-35c,-35,-34,1,Momentum-Adjusted Gaussian,0.31471073402104904,0.34249029719374746,0.3594161938731334,0.37002727953827075,0.31471073402104904,0.5536723008719858,0.47449927901617395,0.4947896118935859,0.4907823179069285,0.4259037182906942
14,-34c,-34,-33,7,CatBoost,0.666100730932322,1.1683355256215424,1.1178621229261385,1.0900206804300139,1.1923479648225133,1.2498238805134068,0.7721838135042448,0.7949525468755111,0.666100730932322,1.0330245048834414
14,-33c,-33,-32,8,PySR (Symbolic Regression),0.460920197636259,0.4799004330660734,0.488194361644789,0.4940356512184858,0.47297449320674767,0.5430860820308568,0.5952152501512815,0.589394778457385,0.6188961221589429,0.460920197636259
14,-32c,-32,-31,4,CatBoost,0.6955079092005574,0.8152762722526671,0.7776118820274267,0.7593375368317907,0.8386882137769717,0.8683953245228248,0.7155421557325031,0.7110714974520614,0.6955079092005574,0.7700024530624572
14,-31c,-31,-30,7,Momentum-Adjusted Gaussian,0.47746596862794394,0.4900509226818763,0.5000012808480647,0.5062267087683405,0.47746596862794394,0.5930020442752688,0.533624950352746,0.5793865642687247,0.5671768396263295,0.5200549979662317
14,-30c,-30,-29,5,CatBoost,0.6528264975303794,1.278292926575624,1.1571116475997953,1.1043093785666844,1.4272787829776947,1.1442003765109905,0.7597876116607954,0.6863081256736834,0.6528264975303794,1.502304209645848
14,-29c,-29,-28,1,CatBoost,1.3347135525335592,2.99573225865283,2.5199966441344492,2.3098654433524217,3.5065578575835525,2.4901786734050604,1.6886558743163183,1.7858106808228875,1.3347135525335592,3.2642407057464218
14,-28c,-28,-27,8,LightGBM,0.7348833084662096,1.4672283970732996,1.290896360212279,1.218566462117969,1.6301509894904913,1.2930233208923374,0.8085379943339349,0.7348833084662096,0.7559486486775859,1.5561484793062668
14,-27c,-27,-26,10,XGBoost,0.6208464276598804,0.6671650999125484,0.6615970712518313,0.6588947280563556,0.6751768702447118,0.6677068998975731,0.6208464276598804,0.6504898736873983,0.6210135941677237,0.6345174936848685
14,-26c,-26,-25,9,Momentum-Adjusted Gaussian,0.5685371109954078,0.5716037535635318,0.5749010509034456,0.5772143836804188,0.5685371109954078,0.619200559627871,0.6532003633705524,0.642747074644175,0.6413721849924042,0.5771548766639824
14,-25c,-25,-24,15,Momentum-Adjusted Gaussian,0.6190021116958915,0.6222404293699363,0.6228096029392564,0.6234096541403774,0.6190021116958915,0.6857863036471362,0.6514200361700228,0.67653731854332,0.6797616276001498,0.6244793743405805
14,-24c,-24,-23,10,Machine Learning (Logistic Regression),0.45677017923182034,0.5171990825981768,0.5235959233578483,0.5278683487030269,0.5288341373884214,0.45677017923182034,0.5873229342615754,0.6638357543563383,0.5991043997161047,0.5221719283029886
14,-23c,-23,-22,13,Machine Learning (Logistic Regression),0.6434818985604058,0.7589962041230487,0.7524670232399434,0.7486607337816413,0.7873127889137147,0.6434818985604058,0.6980678969181474,0.7032935165445806,0.6945416762917408,0.71906442121945
14,-22c,-22,-21,16,LightGBM,0.517717069097974,0.8348492779348546,0.7678809170957676,0.7413062398604584,0.9324313135821422,0.8009007984845825,0.5917856495647779,0.517717069097974,0.5726449398078051,0.9387468612916121
14,-21c,-21,-20,12,Momentum-Adjusted Gaussian,0.5485193809982367,0.5572030741508026,0.5616451394409825,0.5646365969713244,0.5485193809982367,0.6116263719642628,0.5796302929506741,0.573699603462965,0.5970069956886112,0.5799400451380636
14,-20c,-20,-19,23,LightGBM,0.6586806973990847,0.6666633264060927,0.6656954170168055,0.665276421372339,0.6706908666755631,0.6748265487487349,0.6589561136334604,0.6586806973990847,0.6640046432608773,0.6589488097423212
14,-19c,-19,-18,23,LightGBM,0.701308796798688,0.729166091849512,0.7247870500593412,0.7222471633896262,0.730382315504074,0.7579239951002243,0.7220508764267741,0.701308796798688,0.7018462212506876,0.7107118810612943
14,-18c,-18,-17,25,Machine Learning (Logistic Regression),0.5848608485698863,0.5951884563364768,0.5990265824542624,0.6015545450645439,0.5992216783887546,0.5848608485698863,0.6354403423294418,0.6214846210836307,0.6170007198170266,0.5971734606939039
14,-17c,-17,-16,33,LightGBM,0.6735622280549658,0.7095342653202688,0.7048586874206988,0.7022548785399754,0.7124059810879599,0.7168783787981763,0.7015796267273517,0.6735622280549658,0.6810632607885965,0.6890606058323904
14,-16c,-16,-15,38,Momentum-Adjusted Gaussian,0.5940128036680385,0.5961657831389947,0.5986298282630743,0.6003925096598951,0.5940128036680385,0.6122393336337236,0.611457927726117,0.611921820358328,0.6078948115476213,0.6092220904415693
14,-15c,-15,-14,47,LightGBM,0.69179058338845,0.7320709752940766,0.7236323845358099,0.7192215816509606,0.741843035053179,0.7326283596166626,0.7060987862064411,0.69179058338845,0.6931981686530472,0.712236366946356
14,-14c,-14,-13,51,LightGBM,0.67044511649208,0.6941045963411909,0.6918064904585766,0.6905458281490062,0.6912415743197153,0.717522720208074,0.6939245363164818,0.67044511649208,0.6809395572133219,0.6844806726838343
14,-13c,-13,-12,69,Student-T df=3,0.6592616613075727,0.6631987016140959,0.6604174191025336,0.6592616613075727,0.6700827336760383,0.6608046022158166,0.6624837337603318,0.667790544091762,0.6598023872561672,0.6605530495998979
14,-12c,-12,-11,64,Momentum-Adjusted Gaussian,0.633551406005938,0.6338481053060046,0.6347782215052726,0.6355355299347474,0.633551406005938,0.6419561810247576,0.63798217994447,0.6335619403583684,0.6380808457449451,0.6403156102305576
14,-11c,-11,-10,95,LightGBM,0.6581368751924105,0.6721610959758468,0.6712235469290829,0.6708047857218238,0.6721700741645296,0.681194223872131,0.6678514287355873,0.6581368751924105,0.6667302181887121,0.6682598944156359
14,-10c,-10,-9,136,Standard Gaussian,0.6389219920574815,0.6389219920574815,0.6402674955497443,0.6412126871205821,0.640172196048313,0.6407060769440031,0.646043031482012,0.6495211176776791,0.6442962581124436,0.6408320050674812
14,-9c,-9,-8,172,LightGBM,0.6810083022842919,0.7020425083486613,0.6987779830494781,0.6970232665912445,0.7076488900299001,0.6978108837691277,0.6860247679904289,0.6810083022842919,0.6842508486026058,0.6904623271869192
14,-8c,-8,-7,205,LightGBM,0.6486032314886843,0.6623845044501173,0.6617868663771014,0.6616201043514643,0.6630199755562075,0.6653899644583902,0.6597243698303462,0.6486032314886843,0.6587073685729987,0.6626345308491141
14,-7c,-7,-6,350,LightGBM,0.6602256229035214,0.6709002680794067,0.6703358957908693,0.670120068476774,0.6707803977582728,0.6756913195369139,0.6666648868778312,0.6602256229035214,0.6661156574469769,0.669045467344417
14,-6c,-6,-5,495,LightGBM,0.6753499838355705,0.6920785775773587,0.6896366650079412,0.6883783735075211,0.6964653003977793,0.6913238892408664,0.6802467595823118,0.6753499838355705,0.6802872865211894,0.6843655239981593
14,-5c,-5,-4,871,LightGBM,0.6523862647421307,0.6553250298278872,0.6557244194928254,0.6561029561920193,0.6577357785017703,0.6536837642666066,0.655523669426663,0.6523862647421307,0.6547338371352505,0.6582445961927678
14,-4c,-4,-3,1956,LightGBM,0.6658353682037561,0.6703017579224829,0.6698774013797136,0.6697551446072495,0.6727750805966844,0.6700851702705987,0.6679384810708351,0.6658353682037561,0.6673826644507352,0.6701626951398532
14,-3c,-3,-2,4872,LightGBM,0.6560882086034717,0.6597104439821636,0.6599186447667413,0.6601853285631466,0.6613446593685727,0.6590545656891807,0.6585599095849703,0.6560882086034717,0.6579407544359321,0.6627845617097093
14,-2c,-2,-1,11578,LightGBM,0.661343538949435,0.6646678846112978,0.6646190279240236,0.6647264531910532,0.6675068756051042,0.6638922402103792,0.6626893777606513,0.661343538949435,0.6623010447868951,0.6661154099769308
14,-1c,-1,0,32322,LightGBM,0.6557182934543175,0.6581824754892217,0.6584284368519283,0.658717333554636,0.6599083451176367,0.6580378610024286,0.6570223076282278,0.6557182934543175,0.6568586295538853,0.6607254941348587
14,+0c,0,1,93381,LightGBM,0.654231634067122,0.6583190524286622,0.6583179200591536,0.6585016445303047,0.6583190524286622,0.6584061862382924,0.6563989215922467,0.654231634067122,0.6561718494321147,0.6606660791627065
14,+1c,1,2,31891,LightGBM,0.6572035944693787,0.6598976698074516,0.6600505420095475,0.6602855154300433,0.6602631420070513,0.6599532984597751,0.6585629042374662,0.6572035944693787,0.6583939559857855,0.6621888715914553
14,+2c,2,3,11573,LightGBM,0.6631524469014144,0.6652801723645746,0.6652167613180052,0.6653061733933036,0.6661313271068783,0.6654703342395782,0.6642177087433074,0.6631524469014144,0.6639873318851156,0.6667442572325561
14,+3c,3,4,4885,LightGBM,0.6571832550631633,0.6621746807848157,0.6622985954218987,0.6625047506432579,0.664435266610164,0.6616908445500937,0.6597633942058303,0.6571832550631633,0.6596576113671816,0.6650225735247334
14,+4c,4,5,1973,LightGBM,0.6518376856998166,0.6556280601887684,0.6561811062304671,0.6566309349344979,0.655883994921261,0.6554947566990115,0.6552886130145088,0.6518376856998166,0.6549093035333494,0.6595017084292386
14,+5c,5,6,898,LightGBM,0.6667887427522345,0.6766056841518493,0.6754589574994885,0.6749654413519064,0.6786915036134101,0.6771778812343332,0.672882299254514,0.6667887427522345,0.6726156557911535,0.6750030637044032
14,+6c,6,7,472,LightGBM,0.6641958338198569,0.6800281377066111,0.6784105457578492,0.6776084003091298,0.6834332415833554,0.6794402596941788,0.6708387802603218,0.6641958338198569,0.6688975704858111,0.6768893441765482
14,+7c,7,8,308,LightGBM,0.6557223618339596,0.6825346857258188,0.6798016717044814,0.6785239607378595,0.6910842543499034,0.675288756495258,0.6657376746062027,0.6557223618339596,0.6658496950539079,0.6795177225016132
14,+8c,8,9,220,Machine Learning (Logistic Regression),0.6095682263974735,0.613115585894126,0.6160098200932619,0.6178946235746503,0.61558804559451,0.6095682263974735,0.6165040243110923,0.6167202893488775,0.6204305279964099,0.6261401568988563
14,+9c,9,10,151,LightGBM,0.6598277765884701,0.7209147172494798,0.7077552505997953,0.7025486058809546,0.7240608796276232,0.7212459697300655,0.6723955398069035,0.6598277765884701,0.6700716054304743,0.7144198357280535
14,+10c,10,11,131,LightGBM,0.6458587928809991,0.6902825096680696,0.6856969638124545,0.6834274028574446,0.699940606651149,0.678593431801858,0.660793926344887,0.6458587928809991,0.6550078421233271,0.6850583931812
14,+11c,11,12,106,LightGBM,0.6406940233522265,0.6435813588103553,0.6442823385459285,0.6448593765844886,0.6445064091405669,0.6487353184560507,0.652829318237235,0.6406940233522265,0.6489914672319154,0.6476131407047018
14,+12c,12,13,65,Momentum-Adjusted Gaussian,0.6386441611926317,0.6431697056677635,0.6442202180850587,0.6449786825900103,0.6386441611926317,0.6669442406961967,0.6643336928993259,0.6535431521276136,0.6618065605492136,0.6465696275378428
14,+13c,13,14,55,CatBoost,0.6432929031801711,0.6918052888105167,0.6785397352809442,0.6729984450842831,0.7108436607612276,0.6777362529429264,0.6520920243632846,0.6509354538639737,0.6432929031801711,0.7175796096719275
14,+14c,14,15,52,LightGBM,0.6134123427866746,0.6295229050546294,0.6250754752770249,0.6238039427316295,0.6346749370183734,0.6408660722037288,0.6359148773873754,0.6134123427866746,0.6237111915179493,0.6480619221487174
14,+15c,15,16,45,XGBoost,0.6587204044420015,0.7106392640488602,0.7051323715746771,0.7022257553136819,0.7269591206875957,0.6717250019670442,0.6587204044420015,0.6616703061847962,0.661080879680649,0.6993040483914054
14,+16c,16,17,26,PySR (Symbolic Regression),0.6558304585210979,0.6653192182754851,0.6626648778254267,0.6614391219976714,0.668048432467717,0.6794509027485944,0.6768911713721777,0.6777307821235219,0.6854456705903875,0.6558304585210979
14,+17c,17,18,29,LightGBM,0.6119310437599665,0.7209798445922512,0.7059956606831426,0.6989449130486354,0.7364699792877841,0.7100317862595978,0.6446041005198211,0.6119310437599665,0.6260608838784414,0.7087611327337021
14,+18c,18,19,23,Machine Learning (Logistic Regression),0.6083425829265788,0.7103085201905214,0.7059750351378945,0.7036061388998468,0.7355733069776591,0.6083425829265788,0.6510389494573693,0.6532706385788452,0.6567549773274683,0.685329098312848
14,+19c,19,20,22,CatBoost,0.6473209328560264,0.7514701320894068,0.7376938726995479,0.7307758064234536,0.7763030428268287,0.6830040356795268,0.6896464013269404,0.6761334032578576,0.6473209328560264,0.7358218478131459
14,+20c,20,21,24,Machine Learning (Logistic Regression),0.6136216473967274,0.6243462618033145,0.6261694174752406,0.6274253496466949,0.6305814368735791,0.6136216473967274,0.624280361013034,0.6343280263338802,0.6261284915608559,0.6275260322047109
14,+21c,21,22,7,LightGBM,0.6322362822414364,0.7315506520952895,0.7270550099791361,0.7244569829276608,0.7489217721256846,0.6651503979057464,0.6918013931141599,0.6322362822414364,0.6678180095701342,0.7098938976528748
14,+22c,22,23,15,LightGBM,0.6074515281136175,0.8106534847852515,0.7997236421291096,0.7932960377741864,0.8465444986834175,0.6339219356197128,0.6352915401041801,0.6074515281136175,0.6665458916261559,0.7618219204606125
14,+23c,23,24,12,LightGBM,0.7054548121126495,0.8180022045139871,0.799629881235722,0.7900352245999466,0.826702549315525,0.8649634336422486,0.7187894960890894,0.7054548121126495,0.707198405176601,0.7842257212732506
14,+24c,24,25,6,Machine Learning (Logistic Regression),0.5265670376107322,0.5613794237572042,0.5643166458441563,0.5664620190261512,0.5722264435229577,0.5265670376107322,0.5862734636075903,0.5939330179227109,0.5898898519086141,0.5807258616239228
14,+25c,25,26,13,Machine Learning (Logistic Regression),0.5947978209599348,0.6666009431168637,0.6647696513294424,0.6639053825281841,0.6825899026438704,0.5947978209599348,0.6889655137552224,0.6843913185047401,0.7011802480217005,0.6523825739454321
14,+26c,26,27,14,XGBoost,0.672639621671259,0.964259345061121,0.897062362679659,0.8705154013720796,1.0260547251416454,0.8543948605082089,0.672639621671259,0.6952236038853178,0.6959321525456031,0.9862817002252467
14,+27c,27,28,10,Machine Learning (Logistic Regression),0.477879856317733,0.6365507859170337,0.6368154523000835,0.6371858258571125,0.6623805091132233,0.477879856317733,0.5572990736759948,0.5372583080384412,0.568532716135198,0.6387035518974836
14,+28c,28,29,7,Machine Learning (Logistic Regression),0.4335660881893089,0.5504508496622393,0.5546129018463516,0.5574849520502647,0.5687978551992903,0.4335660881893089,0.5031300214659915,0.5096285489168655,0.5940959318525246,0.5573933998968196
14,+29c,29,30,6,Momentum-Adjusted Gaussian,0.4957399751872939,0.5007470668542505,0.5098582225630927,0.5155638289226279,0.4957399751872939,0.5843779254741946,0.534648299535582,0.4967834604503225,0.5626365472821516,0.5304692205404395
14,+30c,30,31,7,CatBoost,0.7437510351498565,0.9355294243172425,0.9024802073202256,0.8845723740229953,0.959030569702498,0.9208725579290447,0.8348626114034824,0.8655604200671311,0.7437510351498565,0.8537080251583481
14,+31c,31,32,4,Machine Learning (Logistic Regression),0.56087188636723,0.5624048363467083,0.5687771636102524,0.5727642674963654,0.5683536956135622,0.56087188636723,0.5824698577334821,0.5760534554714419,0.5617143353093609,0.59044568495712
14,+32c,32,33,2,CatBoost,0.6777205088023254,1.4306006436148389,1.3206836552958487,1.264717618158199,1.5120658101560216,1.3104502470546882,0.715761955055868,0.9066734949475634,0.6777205088023254,1.27817627635215
14,+33c,33,34,3,XGBoost,0.528350735669765,1.910727298731998,1.706034124880082,1.6082130122002074,2.1218102973018915,1.248490343646444,0.528350735669765,0.547996864932498,0.5410273240550856,1.8137036484854006
14,+34c,34,35,5,Momentum-Adjusted Gaussian,0.5284416464527524,0.5346184151477275,0.5385435369507194,0.5413322647978707,0.5284416464527524,0.677007534325089,0.676821172132095,0.7231091168017504,0.7488827872575153,0.5431106536838577
14,+35c,35,36,8,LightGBM,0.5362381830222263,1.19117886021479,1.1030941306565285,1.0609070867498884,1.2706550533643974,1.0427694261385931,0.5663946623971067,0.5362381830222263,0.5564093903574329,1.121711420125049
14,+36c,36,37,1,Momentum-Adjusted Gaussian,0.18632957585757665,0.21072102837221335,0.23583429295195407,0.25143409112378806,0.18632957585757665,0.4654753430920742,0.5497897440307841,0.6233626089249416,0.5802042450369732,0.2856948426232783
14,+37c,37,38,4,PySR (Symbolic Regression),0.5873274262846451,0.642564363090338,0.6303639637961179,0.6247195889138049,0.6517389999614951,0.6912383462418077,0.8231158809730683,0.8115523220997709,0.8972363034934413,0.5873274262846451
14,+38c,38,39,4,CatBoost,0.5572780662834748,0.8250517809280593,0.7812400886334963,0.760503693855604,0.8739073955953116,0.6268823164674518,0.6270874853628594,0.5753127979530993,0.5572780662834748,0.7599096393718523
14,+39c,39,40,4,LightGBM,0.44116629818961994,1.0068584579884223,0.9156534568279675,0.8758720002974159,1.1022758680997993,0.8616617912512674,0.4609050473528301,0.44116629818961994,0.5389060222646989,1.0475276028156393
14,+40c,40,41,1,XGBoost,0.4139316722084336,2.99573203513544,2.5199964904730434,2.3098653213299243,3.506557485054607,1.8868559327897276,0.4139316722084336,0.6101924597045371,0.5248065198646346,3.4525857468401204
14,+42c,42,43,1,LightGBM,0.6964963120249986,0.7985077227087252,0.7930820343259468,0.789715030458791,0.7550226105928497,1.5795410395760479,0.7144207098400863,0.6964963120249986,0.7388700492534328,0.7598159980379804
14,+43c,43,44,3,CatBoost,0.5347011703997486,1.329994765197272,1.1778610984431657,1.1118499533615742,1.5049878309817009,0.9401938989103135,0.6173182071629428,0.5662119746086502,0.5347011703997486,1.5101319094054315
14,+45c,45,46,1,XGBoost,0.5880910406150011,0.634878326417536,0.6376356875638365,0.6393584176923338,0.5978370535870116,1.3693899828503695,0.5880910406150011,0.6485074233309145,0.6253777236768828,0.645190738953955
14,+47c,47,48,1,XGBoost,0.5634653331405189,0.6931471805599453,0.6931471805599453,0.6931471805599453,0.6539264682663464,1.5083125605791825,0.5634653331405189,0.7008564669543949,0.6591935282451965,0.6866062668723532
14,+49c,49,50,1,Machine Learning (Logistic Regression),0.6008394912243252,1.3862943611198906,1.3281724032065132,1.2940341328604608,1.469675968115312,0.6008394912243252,0.7028534244216249,0.6495274622116968,0.7993213111353363,1.1841113719592127
14,+55c,55,56,2,Machine Learning (Logistic Regression),0.5421623033836334,0.5700297256480535,0.5758766532185968,0.5795533178785752,0.5823760295508645,0.5421623033836334,0.7219393668662556,0.6389705534365533,0.6741128862880122,0.5823582928065704
14,+56c,56,57,1,Standard Gaussian,0.01005033585350145,0.01005033585350145,0.03434176114538449,0.05260391253782276,0.01005033585350145,0.08273789937199937,0.6293291516397107,0.5768896786335318,0.30134453159750324,0.01005033585350145
14,+57c,57,58,1,Momentum-Adjusted Gaussian,0.23572235823059065,0.2613647889051693,0.2831601846627415,0.296760474032687,0.23572235823059065,0.8643353554384767,0.3223808847305571,0.41280075816425327,0.3464430801175517,0.3394274939282298
14,+59c,59,60,2,Momentum-Adjusted Gaussian,0.2440430495314582,0.2604379599415315,0.2768044168646988,0.28858230289199627,0.2440430495314582,0.7707040941949169,0.5080863880416392,0.4628091723804243,0.3948486645274204,0.2817952894296905
14,+94c,94,95,1,CatBoost,0.20741345560097507,4.605170185988091,3.3885148804886085,2.9711514392666944,4.605170185988091,1.58341979770021,0.4422782372667197,0.6851269325967719,0.20741345560097507,4.605170185988091
13,-53c,-53,-52,1,CatBoost,0.37410889486836824,1.0498221415285764,1.027435477872473,1.0137700496810722,1.1086626412289737,0.5301344618410483,0.4038854326569697,0.5205038190012699,0.37410889486836824,0.9305464617689814
13,-50c,-50,-49,1,Machine Learning (Logistic Regression),0.376425560550367,0.7985077227087252,0.7930820343259468,0.789715030458791,0.843970096978004,0.376425560550367,0.5869867806178279,0.770529037907388,0.7075054562843194,0.7598159980379804
13,-49c,-49,-48,1,CatBoost,0.44494736832949616,0.5978369790812044,0.6022981794923786,0.6050889520781516,0.5621188980239026,1.1466073005281607,0.49560650421242447,0.5514109498109276,0.44494736832949616,0.630646646834982
13,-46c,-46,-45,1,CatBoost,0.38743952394752573,1.5141277380483795,1.4378044095879414,1.393815444155506,1.6094379161593906,0.9699309953979224,0.3955814162878962,0.5683600219660887,0.38743952394752573,1.2554195265644161
13,-45c,-45,-44,2,XGBoost,0.5152225568668407,1.7532789598358618,1.5485543935197077,1.4551443587378599,1.9764225106844102,1.2016853948715613,0.5152225568668407,0.64227975553073,0.5847436025277641,1.72013090873885
13,-44c,-44,-43,1,XGBoost,0.5303090774074773,0.6539264467742872,0.655795379062519,0.656962238093291,0.6161861203834446,1.1764298266410143,0.5303090774074773,0.6755771766428961,0.5351864831809864,0.6715835206483385
13,-43c,-43,-42,1,Machine Learning (Logistic Regression),0.2794375547284632,0.5798184909954676,0.5851018664703826,0.5884088676943032,0.6161861341808158,0.2794375547284632,0.7448863668920701,0.5282273930244369,0.7593944527426952,0.6051999420628842
13,-40c,-40,-39,2,Machine Learning (Logistic Regression),0.28300430073333077,0.4245497322568715,0.4388346604570752,0.4477494354481055,0.436136913630275,0.28300430073333077,0.5320072671476569,0.5778972852342898,0.5573392836276844,0.4173174711974625
13,-35c,-35,-34,1,Machine Learning (Logistic Regression),0.36858931774948933,0.653926504086446,0.6557954334723047,0.6569622908280209,0.6931472178128489,0.36858931774948933,0.3930270292107817,0.49265840026639574,0.4899740621051172,0.6588206546348624
13,-34c,-34,-33,2,Momentum-Adjusted Gaussian,0.24796850452893196,0.2740907034018021,0.2955470049054429,0.30888305276400463,0.24796850452893196,0.4375706804190504,0.5348512326657443,0.4755463402779455,0.5580555568552883,0.3498667698171361
13,-33c,-33,-32,3,CatBoost,0.4846179277715848,0.5325525218014125,0.5401568988899926,0.5449268737978127,0.5259409879568627,0.6051552470882283,0.5154952771289409,0.5738678000264343,0.4846179277715848,0.5724192894089225
13,-32c,-32,-31,4,CatBoost,0.6154392870612381,1.1073173231157185,1.0108725133758492,0.9678593388157228,1.1820175964997812,1.192204852383318,0.6460509910884231,0.7718686298066203,0.6154392870612381,1.0913306577456878
13,-31c,-31,-30,1,XGBoost,0.5661590739464212,0.8209805574884342,0.8142963825658405,0.8101530067416653,0.7765287956538238,1.2398014491090976,0.5661590739464212,0.6821305347849954,0.6020551281544881,0.7895815515053494
13,-30c,-30,-29,4,Momentum-Adjusted Gaussian,0.35915022761363524,0.3892718477503589,0.40536963164392725,0.41535210788519816,0.35915022761363524,0.5920320570708948,0.49563519332170947,0.5092002258588159,0.5164546418576728,0.423214219623383
13,-29c,-29,-28,2,Momentum-Adjusted Gaussian,0.25658083846224067,0.2828169261166238,0.3034223214797313,0.3162794371130193,0.25658083846224067,0.4153514372457634,0.6902182199491782,0.7020694104396283,0.616081140199028,0.3671165288751551
13,-28c,-28,-27,2,Machine Learning (Logistic Regression),0.2731665062669611,0.3873955955104375,0.4023666244976173,0.41203446371811253,0.39836575935604995,0.2731665062669611,0.39837899889990736,0.5112798661364193,0.5229383389060671,0.3626182174446257
13,-27c,-27,-26,2,LightGBM,0.5230220617171771,0.6947497435708245,0.6882382072609051,0.6846881879211413,0.7206921604848822,0.575833933839326,0.6871543806069262,0.5230220617171771,0.6934569735930559,0.6267249481677676
13,-26c,-26,-25,3,Machine Learning (Logistic Regression),0.3036743170170691,0.48148866616248515,0.491598789604375,0.49793587034469783,0.5147061497133811,0.3036743170170691,0.40699684063843405,0.4748179940696515,0.49892881883792267,0.5259471706805663
13,-25c,-25,-24,6,LightGBM,0.7089047069235823,0.7590397225666395,0.7534409467000253,0.7501055045842127,0.7512292688527645,0.8419139151352472,0.7538136306531599,0.7089047069235823,0.7182812762916262,0.7315436715232954
13,-24c,-24,-23,5,XGBoost,0.7627272134639116,0.943512679780523,0.9266611304224405,0.9164678299123168,0.9793613509772344,0.8168449216553402,0.7627272134639116,0.786736114256177,0.7911090783936757,0.8608193589172881
13,-23c,-23,-22,4,LightGBM,0.8401383277313814,0.991558587041165,0.9693582645138933,0.9561827227587775,1.0047195205371215,1.0247089309595463,0.8585915059719493,0.8401383277313814,0.8510757674968774,0.8993912695130042
13,-22c,-22,-21,6,CatBoost,0.7845097521563119,0.9687001924414154,0.9404126097519895,0.9242514113490067,0.9918609861854075,0.9473779345721504,0.8223352671472229,0.805966191721971,0.7845097521563119,0.8718750828779872
13,-21c,-21,-20,6,Machine Learning (Logistic Regression),0.5613052716409382,0.563976329481255,0.568709805266868,0.5717857449302742,0.5645791389250422,0.5613052716409382,0.5916858736410507,0.6000230928187092,0.6019646268954876,0.5814847118411074
13,-20c,-20,-19,8,LightGBM,0.6908159292573748,0.9792847993729038,0.9123587374259059,0.8823608425229532,1.0549017018912663,0.9175082722204326,0.7243584057209883,0.6908159292573748,0.7197456374370295,0.9995002662066871
13,-19c,-19,-18,10,Momentum-Adjusted Gaussian,0.5412958173996538,0.55743809459283,0.5631328876028336,0.5669109431567477,0.5412958173996538,0.6396358078338096,0.6690415834868576,0.6987113538822872,0.6431138576806978,0.5672391646199765
13,-18c,-18,-17,8,Momentum-Adjusted Gaussian,0.3929274994731576,0.4236606253371885,0.4365616490122644,0.44465484718816034,0.3929274994731576,0.5333008051182505,0.572577005257966,0.5674805173807855,0.5553090222157346,0.48566947486058243
13,-17c,-17,-16,16,Machine Learning (Logistic Regression),0.48384579901408464,0.515551557711461,0.5242558846977562,0.5296981847267898,0.519365928959778,0.48384579901408464,0.5364485812638777,0.5293560276137562,0.5433652250727329,0.5431696917511785
13,-16c,-16,-15,18,LightGBM,0.6643310965484237,0.7841169328865788,0.7679008020647307,0.7592285368313093,0.8031257869290288,0.7727330160501181,0.6732915460850996,0.6643310965484237,0.699246975019816,0.7446066917475034
13,-15c,-15,-14,22,CatBoost,0.6634046419448123,0.6996780325075705,0.6946899558462006,0.6919846632831766,0.705264554178591,0.6916651584314718,0.6644053876152249,0.6855411812157862,0.6634046419448123,0.6838599920102383
13,-14c,-14,-13,26,Momentum-Adjusted Gaussian,0.6184122372300258,0.627929702562333,0.6282412871362308,0.6287371705559573,0.6184122372300258,0.6716935325094935,0.6664486431526451,0.6482045771290004,0.6499135597995547,0.6369071831825873
13,-13c,-13,-12,35,PySR (Symbolic Regression),0.6784352423888055,0.6943255787729431,0.6899894769825148,0.6876945054928849,0.6951241218402382,0.7061592303876018,0.6879544525726817,0.6892675621664022,0.6848627901466912,0.6784352423888055
13,-12c,-12,-11,50,Machine Learning (Logistic Regression),0.5636930285754724,0.5718167550879101,0.5760755217240788,0.5788923314771468,0.5760879618302746,0.5636930285754724,0.5749623770468542,0.5742535445205478,0.5835002248803987,0.5923345036534441
13,-11c,-11,-10,43,LightGBM,0.6113386909312474,0.6152008867154637,0.6149057131722813,0.615211453561884,0.617541194091224,0.6216942251957739,0.6261634669934131,0.6113386909312474,0.6211264954428931,0.6134956990888404
13,-10c,-10,-9,59,LightGBM,0.6109810161354775,0.6561001069949642,0.6547475869726483,0.6542416813283256,0.669623824689939,0.6328144892246991,0.6222457559104142,0.6109810161354775,0.6296400462937198,0.6471820840235654
13,-9c,-9,-8,103,CatBoost,0.6808154037755558,0.6984799140010387,0.690465124628592,0.6871560906071082,0.7060025220116223,0.711190278833446,0.6839510726550133,0.6812259297225488,0.6808154037755558,0.7057202874948881
13,-8c,-8,-7,138,LightGBM,0.6302680311914746,0.6559450527097506,0.6489211624718699,0.6466505583026134,0.6644413653475453,0.6549232735750623,0.6338243170744696,0.6302680311914746,0.6337740005389284,0.6658819991868716
13,-7c,-7,-6,215,LightGBM,0.6383555753870258,0.6398198371124366,0.6409789871776218,0.6418202144509255,0.6384552327525909,0.6448260416142148,0.6439558990353741,0.6383555753870258,0.6434357774225061,0.6436833747162554
13,-6c,-6,-5,302,Momentum-Adjusted Gaussian,0.6285414739362624,0.6296313123813918,0.6309138771003082,0.6318710753706445,0.6285414739362624,0.6309941830072152,0.6299149350722536,0.6287410237159836,0.629565425117175,0.6362120180295886
13,-5c,-5,-4,604,LightGBM,0.6215585692228044,0.6258658852101597,0.6257958325640717,0.6262775223862667,0.6295219668105617,0.6225881772555687,0.6228218187497242,0.6215585692228044,0.6220804104498079,0.6363814470524052
13,-4c,-4,-3,1512,LightGBM,0.6487666422734408,0.6546437911724754,0.6532828440675705,0.6528252278767447,0.6575083467092412,0.6551686466381165,0.6514784426533419,0.6487666422734408,0.6525792064516067,0.6552864474872586
13,-3c,-3,-2,4319,LightGBM,0.6406743105381696,0.6462877349707621,0.6460424745923792,0.6462079143856803,0.6488741555967678,0.6455995952681954,0.6429032950089782,0.6406743105381696,0.6426869410671194,0.6492828908792451
13,-2c,-2,-1,10770,LightGBM,0.6369289707326108,0.6390414174420201,0.6394315108690388,0.6398967637506667,0.6417411792059149,0.6385999738780309,0.6381397376987014,0.6369289707326108,0.6381108538542077,0.6419152137888705
13,-1c,-1,0,30000,LightGBM,0.6321642974697185,0.6359549478381482,0.6360156188293407,0.6363903271210523,0.6376260567697206,0.6357209011860588,0.63388446436693,0.6321642974697185,0.6338258023993109,0.6390215874864851
13,+0c,0,1,89299,LightGBM,0.6245096783838743,0.6289899740237258,0.6293426744394008,0.6299236841909593,0.6289899740237258,0.6285379896615422,0.6266693362276222,0.6245096783838743,0.6266824021700673,0.6338521813378478
13,+1c,1,2,30067,LightGBM,0.6276951417048037,0.6306333375554483,0.6311776100146599,0.6318010971289391,0.6313874969572296,0.6302273928072117,0.6292056239462936,0.6276951417048037,0.6292018755459242,0.6353757848848285
13,+2c,2,3,11127,LightGBM,0.6343174353513952,0.6388801650611495,0.6389727808344497,0.6393325487786959,0.640063505798987,0.6383310248251518,0.636091012006091,0.6343174353513952,0.6360110956274087,0.6429680324693331
13,+3c,3,4,4336,LightGBM,0.6222893562417776,0.6267539434062614,0.6278869386066516,0.6288164109500982,0.6287999553392496,0.6251493327997154,0.6246898555302548,0.6222893562417776,0.624534974126458,0.6346636450228589
13,+4c,4,5,1522,LightGBM,0.6423979778056066,0.644534723909584,0.6445617535799882,0.6448210655175035,0.646719911523942,0.6445691744770087,0.6441755938551023,0.6423979778056066,0.6443471440190184,0.6474185375737747
13,+5c,5,6,591,LightGBM,0.6296868724636341,0.6413155849975423,0.6404190635849577,0.6403068346271947,0.6433037006866097,0.6408896915001986,0.6356298987834157,0.6296868724636341,0.6358661520036395,0.646141847013221
13,+6c,6,7,361,Momentum-Adjusted Gaussian,0.6414779067333615,0.6431490991203684,0.6428306031793577,0.6429274096428048,0.6414779067333615,0.6474549959709646,0.6445676193543595,0.6415422605202639,0.6422159561766322,0.6456367010195293
13,+7c,7,8,199,LightGBM,0.6547367096982745,0.6643703807651117,0.6635242385224674,0.663182103188206,0.665907620032472,0.667252197911454,0.6650568872864908,0.6547367096982745,0.6620438822632569,0.6603623674910032
13,+8c,8,9,119,Machine Learning (Logistic Regression),0.6226124838212479,0.6377103368210509,0.6370802224398758,0.6370040049015625,0.6489826170037191,0.6226124838212479,0.6309751209849574,0.6237173372138504,0.6281359376574547,0.6371980532807162
13,+9c,9,10,93,LightGBM,0.6417802411225068,0.6828559188031907,0.6747195780629917,0.6710895428980042,0.6803181337258788,0.6992056343330469,0.6653948801816888,0.6417802411225068,0.6584954996876236,0.6779629065535355
13,+10c,10,11,79,PySR (Symbolic Regression),0.6744725066668898,0.6852145165621766,0.6819323074335147,0.6802901790977516,0.6912219158433424,0.6810857278238045,0.6804745806567762,0.6788681919387131,0.6780519639320077,0.6744725066668898
13,+11c,11,12,52,LightGBM,0.7317231450690893,0.8035645327800842,0.7846640467384745,0.7747582659826546,0.812378893499424,0.813148592255249,0.7590372902575263,0.7317231450690893,0.7415410534954933,0.7682233541620419
13,+12c,12,13,34,Machine Learning (Logistic Regression),0.5875570361324327,0.605926802092428,0.6077085280633134,0.6090966594247719,0.6144930869145182,0.5875570361324327,0.6217147113483792,0.6251398659282353,0.6195755215799075,0.606814710941559
13,+13c,13,14,33,XGBoost,0.7855227723453405,0.8705069986326565,0.8465198851545384,0.8339382548013617,0.8892552555899884,0.8638783472894519,0.7855227723453405,0.789693704947747,0.7862035689220108,0.8236422896064483
13,+14c,14,15,23,CatBoost,0.6916227202894888,0.7291054099433407,0.723590533708609,0.7204403824260012,0.741657804645764,0.7049197682542747,0.7012073590450817,0.7029650118815521,0.6916227202894888,0.7042534296467894
13,+15c,15,16,24,XGBoost,0.5682171166481571,0.5792050916613712,0.5799195668808751,0.5809749867420346,0.5840776458866025,0.575490826597727,0.5682171166481571,0.5695278654270148,0.5762248485007088,0.5892752517892594
13,+16c,16,17,24,PySR (Symbolic Regression),0.7124874450025812,0.7420987970835231,0.7344831745415501,0.7302023976207952,0.7371318281240699,0.793817493537933,0.7665805759310507,0.7630443514370299,0.7520520563741151,0.7124874450025812
13,+17c,17,18,17,LightGBM,0.6579681292279624,0.7051690330376731,0.7028485181428682,0.7015197727574126,0.7105717910261443,0.7118626755202045,0.671574295943091,0.6579681292279624,0.6710254697802018,0.6946837068922609
13,+18c,18,19,8,LightGBM,0.5431323722974049,0.5484164042200381,0.5541066129251062,0.5577615978186461,0.5490368509183121,0.5724295906025316,0.57908407395626,0.5431323722974049,0.5679435289865704,0.5476878369239382
13,+19c,19,20,6,Momentum-Adjusted Gaussian,0.5498209535435129,0.558677341791876,0.5655697208969717,0.5698536536668893,0.5498209535435129,0.6202372597147379,0.5833779598689204,0.5599164114014704,0.5873264291346785,0.5719050348211387
13,+20c,20,21,11,Momentum-Adjusted Gaussian,0.5120736805373333,0.537851226950831,0.5451094973335944,0.5496689507894332,0.5120736805373333,0.7060619975168281,0.5676141929639518,0.576614201649721,0.576525727997063,0.5587606622260991
13,+21c,21,22,5,XGBoost,0.5828075984999443,0.637527867013241,0.6377477442720725,0.6380740348230243,0.6522239183836568,0.585696090857318,0.5828075984999443,0.5834313475687909,0.5835057504023975,0.6449167738327563
13,+22c,22,23,12,Machine Learning (Logistic Regression),0.46551451216199813,0.5242227357491455,0.5318406025957534,0.5366477833061122,0.5362560768426733,0.46551451216199813,0.5031508035748343,0.47758439158766947,0.518027022216849,0.5505938587103246
13,+23c,23,24,11,Machine Learning (Logistic Regression),0.4112027153023078,0.43845187022652715,0.45149608879504816,0.45960538125371414,0.44244766222860704,0.4112027153023078,0.5266500946895232,0.5110639282900735,0.5242579844506274,0.47501819409680335
13,+24c,24,25,6,Machine Learning (Logistic Regression),0.4696016379899928,0.6237986306688005,0.6233527637262799,0.6236385416491637,0.6508541470839518,0.4696016379899928,0.7316835834787455,0.6477916171681514,0.7389659118318602,0.6073407700926651
13,+25c,25,26,1,Momentum-Adjusted Gaussian,0.4004776028492047,0.4307829527722363,0.4430481644182509,0.4507477723922751,0.4004776028492047,0.6871335092279132,0.5656383398538997,0.589743814366977,0.5977982684800122,0.49065678636803334
13,+26c,26,27,2,Momentum-Adjusted Gaussian,0.3783630557754688,0.37900285070949213,0.39398128221368434,0.40337696050395194,0.3783630557754688,0.42472266735999853,0.4796446020918601,0.5309601210495744,0.46899102339858345,0.4520517669510493
13,+27c,27,28,5,Momentum-Adjusted Gaussian,0.5290635762208631,0.5484407073661243,0.5544304541456488,0.5582572235298777,0.5290635762208631,0.7420802729934619,0.6492198747907791,0.6694872913296464,0.6281368300445236,0.5668829551504851
13,+28c,28,29,3,Momentum-Adjusted Gaussian,0.27154568549918695,0.29817640536443896,0.31782505616512746,0.3300995284421644,0.27154568549918695,0.5252717531039981,0.4318931560649684,0.42532986772814096,0.42687983189671624,0.372866842797628
13,+29c,29,30,5,XGBoost,0.5677718956064584,0.7230598333954601,0.7165334924804906,0.712904994285471,0.7367119984264944,0.7111213242360483,0.5677718956064584,0.655288672804503,0.5765939701206788,0.7092633149280889
13,+31c,31,32,1,XGBoost,0.7108431707434061,0.7985077227087252,0.7930820343259468,0.789715030458791,0.7550226105928497,1.3386621437669193,0.7108431707434061,0.734935907300984,0.7220170652310832,0.7598159980379804
13,+32c,32,33,2,Machine Learning (Logistic Regression),0.31810917162598407,0.6272823146990943,0.6301536535215361,0.6319686617391562,0.6659031074474632,0.31810917162598407,0.47423242044027025,0.4724474234592443,0.5348029897313347,0.6490068865719835
13,+33c,33,34,1,Momentum-Adjusted Gaussian,0.3424903129344106,0.3710636848461737,0.3864153995463595,0.3960474374922193,0.3424903129344106,0.7102621318293526,0.4729184873336175,0.5667407870682258,0.5109074656429577,0.44087257196262714
13,+34c,34,35,1,CatBoost,0.42941076225422625,0.5621189307018876,0.5682087504190577,0.5720225680143206,0.5276327549630367,1.0334997254600327,0.49825601326590535,0.5026783077276576,0.42941076225422625,0.5921296256963042
13,+35c,35,36,2,Machine Learning (Logistic Regression),0.35056495141124233,0.7185833561826537,0.7170514071613435,0.716111385314159,0.7607135274556867,0.35056495141124233,0.7177367447731309,0.6775145311600858,0.699640837657475,0.7168599582758557
13,+36c,36,37,2,PySR (Symbolic Regression),0.4250935637839506,0.46317052641324774,0.46905119474287765,0.47431968077593367,0.4387754452155056,0.8401948472015474,0.8210010739219624,0.6361120610180077,0.55624912479686,0.4250935637839506
13,+37c,37,38,3,CatBoost,0.6250922719767554,0.7771594880635527,0.7728467720321325,0.770169849759235,0.7623422337812468,1.093613616590149,0.6881402458773107,0.6386589732849527,0.6250922719767554,0.7495359186495976
13,+41c,41,42,1,Momentum-Adjusted Gaussian,0.3856624429016782,0.41551540422523675,0.42854637055423533,0.43672664146963314,0.3856624429016782,0.9152152071120544,0.501936729799519,0.45411556565436,0.48695011566204655,0.47819981561140446
13,+42c,42,43,1,CatBoost,0.3754204213869262,2.2072747831432316,1.9855718771193929,1.8724729454883768,2.4079454447391124,1.2705072517967912,0.6708957182152212,0.5737986732111517,0.3754204213869262,1.8975318980694376
13,+44c,44,45,2,CatBoost,0.4137053453347425,1.4706220269760482,1.2811574512718646,1.197169390742418,1.662118137770205,1.0161610455607386,0.4172751402348608,0.4293949688329814,0.4137053453347425,1.521062198107259
13,+45c,45,46,1,CatBoost,0.49332679032839605,0.6733445719632621,0.6742957497805424,0.6748891826104146,0.6348782912732867,1.434302383894085,0.559437392245906,0.6219028256163489,0.49332679032839605,0.6726212799496449
13,+49c,49,50,1,Machine Learning (Logistic Regression),0.40959130644289893,1.0498220563790859,1.0274353910184886,1.0137699674552052,1.1086625509189085,0.40959130644289893,0.7191332484121802,0.7089165528856615,0.9183775098046204,0.9473278424593691
13,+53c,53,54,1,Machine Learning (Logistic Regression),0.4332170472980483,1.1711829738120232,1.1378362106421218,1.117717957986751,1.2378743462387876,0.4332170472980483,0.9291215935219154,0.8066042996407505,0.8020506557718275,1.0313500684813575
13,+56c,56,57,1,Momentum-Adjusted Gaussian,0.07257066511547144,0.0943106506514135,0.12651987659912345,0.1464619570687262,0.07257066511547144,0.3926663796227837,0.37701217703990547,0.2966512316442802,0.4876282128714467,0.12515786597004522
12,-64c,-64,-63,1,LightGBM,0.39325147904368446,1.0788096508534633,1.0539889681499817,1.0388765824680974,1.13943427061551,0.46626371111560605,0.44230481325962506,0.39325147904368446,0.45440514416072253,0.9501990949451989
12,-63c,-63,-62,1,Momentum-Adjusted Gaussian,0.0943106793074923,0.11653381558623642,0.14769065054419855,0.16693215209634962,0.0943106793074923,0.3149014456989859,0.8071432027444915,0.7415575468771733,1.1532771823863566,0.1701960621494439
12,-56c,-56,-55,1,CatBoost,0.21417250624280476,1.5606477794861495,1.477036376442557,1.4291984152183126,1.6607312389767888,0.8919559941940003,0.21587093581373967,0.253268990794956,0.21417250624280476,1.2899706358861422
12,-53c,-53,-52,1,Momentum-Adjusted Gaussian,0.1625189321273916,0.1863295803458782,0.213081302372377,0.22965991805886765,0.1625189321273916,0.4055526687873817,1.083534206554836,0.8963359739561193,1.1116006595077916,0.26592933392088636
12,-52c,-52,-51,1,LightGBM,0.26285042203296805,2.813410739111778,2.40396160647947,2.2171415369157743,3.218875847219943,1.9514564503161567,0.4828243601286868,0.26285042203296805,0.3328683369336152,2.753655550605347
12,-49c,-49,-48,1,Momentum-Adjusted Gaussian,0.150822886095928,0.17435338288730315,0.20190763413733231,0.21896492814015991,0.150822886095928,0.35744423357442356,0.843746907684027,0.6612861056579659,0.73590083001544,0.25117609546880704
12,-47c,-47,-46,1,CatBoost,0.5298211292033265,1.7147983883554976,1.6044770316358885,1.5429506974837206,1.83258141625086,1.1292140442750158,0.5970236523514874,0.6622422137394719,0.5298211292033265,1.4086347598403732
12,-42c,-42,-41,1,CatBoost,0.41217359124241826,1.2039727645895069,1.167305342252385,1.1452634796610937,1.2729656316415892,0.7534173803462608,0.4278311066694905,0.5281939129942897,0.41217359124241826,1.035593614734662
12,-41c,-41,-40,1,LightGBM,0.3020660349473798,1.5606477794861495,1.477036376442557,1.4291984152183126,1.6607312389767888,1.0745730908712208,0.3645862476053226,0.3020660349473798,0.42433711311633243,1.2899706358861422
12,-40c,-40,-39,1,Machine Learning (Logistic Regression),0.5336758557282061,0.916290716972994,0.9037606283403709,0.8960354490140446,0.9675840093998654,0.5336758557282061,0.5912542814118591,0.6801725551802741,0.7138057345633333,0.8401367917143997
12,-39c,-39,-38,1,LightGBM,0.4083254225059667,1.3862943611198906,1.3281724032065128,1.2940341328604608,1.469675968115312,0.9441401475677881,0.6330107347380669,0.4083254225059667,0.519581679283804,1.1628937322572426
12,-38c,-38,-37,2,Machine Learning (Logistic Regression),0.5374608289680235,0.707346898780422,0.6989932018939893,0.6944256509477325,0.734837963730529,0.5374608289680235,0.588495925124145,0.6171807893703749,0.5837577714174826,0.6302637477457279
12,-37c,-37,-36,1,Momentum-Adjusted Gaussian,0.19845094290343226,0.22314355503950006,0.24742844908632922,0.2625315946877678,0.19845094290343226,0.3716022906035329,0.5564521846908548,0.6327769158206865,0.5913097730270822,0.308329339459616
12,-36c,-36,-35,3,LightGBM,0.5545444377143189,1.046888494729689,1.0043557253171913,0.980679129803646,1.1043954706582535,0.7961743445216953,0.5903420456119345,0.5545444377143189,0.5860073386131711,0.8958125322375672
12,-34c,-34,-33,1,CatBoost,0.4912803734715787,0.9942522604563763,0.9762280965612959,0.9651759668792861,1.0498221095975167,0.6518149199715219,0.6714098780588871,0.5114973511748051,0.4912803734715787,0.8929279773885712
12,-33c,-33,-32,1,Momentum-Adjusted Gaussian,0.2876820873529422,0.31471075953673605,0.333236073311206,0.3448360151631972,0.2876820873529422,0.4912284010850578,0.5934202894609346,0.6197586615822791,0.6213461752841162,0.4005050758534976
12,-32c,-32,-31,3,LightGBM,0.7909841459742534,1.219126921817886,1.1367073574475652,1.0954401310866715,1.298454177373246,1.0660412835335522,0.8491190691202547,0.7909841459742534,0.8292774090304172,1.1051216055831825
12,-30c,-30,-29,5,CatBoost,0.6770882175427058,1.4799125953534615,1.3473204866338724,1.2829568328642362,1.617071781407794,1.1922538246032524,0.8323828651490264,0.7290008146460273,0.6770882175427058,1.3181509917267014
12,-29c,-29,-28,1,Momentum-Adjusted Gaussian,0.06187540229138055,0.08338160699542134,0.11596133316245656,0.13619055399996255,0.06187540229138055,0.12959373134108848,0.2956752859021,0.40446019917009923,0.39694405141337924,0.11207227944278866
12,-28c,-28,-27,5,Machine Learning (Logistic Regression),0.4810654556094896,0.5111861059094316,0.5198739273742202,0.5253169293234459,0.5148001437484512,0.4810654556094896,0.5498064580935543,0.495511231963052,0.538982917370648,0.5295620078924552
12,-27c,-27,-26,1,Momentum-Adjusted Gaussian,0.13926207469844942,0.1625189365100861,0.19085818692285797,0.20838418309973797,0.13926207469844942,0.23078655035726173,0.39717294852412593,0.3972320234509142,0.46274740143320725,0.23603471366324622
12,-26c,-26,-25,2,Machine Learning (Logistic Regression),0.3444333962563396,0.3748587698085917,0.39030316122491693,0.3999718773157581,0.3778305468069555,0.3444333962563396,0.6097395139441251,0.7026962071671543,0.6235499310654684,0.4452344444968014
12,-25c,-25,-24,7,Machine Learning (Logistic Regression),0.29115064991911577,0.3364731377685578,0.3546722063146001,0.3659928690139324,0.3398295469975571,0.29115064991911577,0.39827957159639343,0.3299526936339326,0.3892565345600659,0.3743407945372551
12,-24c,-24,-23,7,LightGBM,0.7253681550841401,0.868325976257119,0.8535447450597784,0.8448305349866599,0.8776187673968364,0.8989758812436845,0.7556716889978118,0.7253681550841401,0.7530053329687575,0.8081186416066072
12,-23c,-23,-22,3,Momentum-Adjusted Gaussian,0.2009169590863891,0.207714541341571,0.23307414035203244,0.2488118075991261,0.2009169590863891,0.21120933173924236,0.33501811821355426,0.2796007619997382,0.31813950870067187,0.2849279622409438
12,-22c,-22,-21,8,LightGBM,0.7082192618387133,0.9399609618116331,0.8981834372377833,0.8768247045697698,0.9867734205386607,0.8638915778991691,0.7830085677089842,0.7082192618387133,0.708641197239212,0.8631095795983714
12,-21c,-21,-20,7,PySR (Symbolic Regression),0.6316878841313402,0.6447565456746878,0.6439284011991787,0.6436565656295935,0.6439242113796497,0.66379826318645,0.6460735309252248,0.6723787932135715,0.6524117761294422,0.6316878841313402
12,-20c,-20,-19,7,XGBoost,0.7059170733590298,0.8073056715431691,0.7877789323817466,0.7773066286727381,0.8325470752755898,0.7790005904528767,0.7059170733590298,0.7252025757576054,0.720728926443372,0.7660807503857371
12,-19c,-19,-18,12,Standard Gaussian,0.5232113126113938,0.5232113126113938,0.5234224838803024,0.5248355194016524,0.5265764921007493,0.5276683004494344,0.5600357407808149,0.5549357258643063,0.5609545263931898,0.5300453649336815
12,-18c,-18,-17,8,LightGBM,0.7757443134961675,0.9140133446018677,0.8989935563282697,0.8899104199382147,0.9433788363549485,0.8370943054951689,0.8102918553601854,0.7757443134961675,0.8073746918268982,0.8409317459733625
12,-17c,-17,-16,14,XGBoost,0.6933529879188367,0.7436765716948609,0.7346965058767153,0.7297110777606903,0.7532989690970915,0.745088890648946,0.6933529879188367,0.7637102462006655,0.6969940544760386,0.7080523576676178
12,-16c,-16,-15,16,LightGBM,0.6446678859611893,0.6825702414971768,0.6748981516837065,0.6712847757324961,0.6891096348542955,0.6912797202534733,0.6747474456610423,0.6446678859611893,0.6659698737638919,0.6645891590821156
12,-15c,-15,-14,16,Machine Learning (Logistic Regression),0.6309619318082889,0.6529487622584587,0.6514358214175497,0.6507839686887001,0.663852769890908,0.6309619318082889,0.6359557067023609,0.6440708711003547,0.6342434989726069,0.652373201543553
12,-14c,-14,-13,28,Machine Learning (Logistic Regression),0.6036250713446404,0.6513398134044962,0.6477603598003687,0.6462437968920999,0.6720350161592616,0.6036250713446404,0.6184639865753158,0.608137923138335,0.620610559220003,0.6263744932379437
12,-13c,-13,-12,29,XGBoost,0.6194188882217996,0.6506272957458618,0.6448884731818826,0.6422842720442626,0.6660524341183304,0.6304754029030475,0.6194188882217996,0.626185064548931,0.6215072747379345,0.6435432620885024
12,-12c,-12,-11,37,Machine Learning (Logistic Regression),0.5873948998041985,0.6151098805862937,0.6155478064793487,0.6161848256070747,0.6284890334146062,0.5873948998041985,0.601660436778327,0.5995743161878526,0.5933538557722309,0.6113302278204283
12,-11c,-11,-10,53,Momentum-Adjusted Gaussian,0.5193031944219705,0.524857594238834,0.532176388498622,0.5368368595901604,0.5193031944219705,0.5365849813333275,0.533246018711853,0.5351771113917521,0.5419577532309341,0.5424611404418409
12,-10c,-10,-9,73,XGBoost,0.6700166935224107,0.6889751656083799,0.678445332033599,0.6738994682224099,0.7038420012406925,0.68629714370397,0.6700166935224107,0.6846275969503967,0.6729322077084481,0.7009138079343041
12,-9c,-9,-8,93,PySR (Symbolic Regression),0.6495625072482307,0.661564710388634,0.6576271990534885,0.6558402102564225,0.6638630407024743,0.6698269873162909,0.6609657387932475,0.6594206291508496,0.6624701232238641,0.6495625072482307
12,-8c,-8,-7,144,LightGBM,0.6821024921574586,0.7050558140998452,0.696946275378003,0.6928311244271698,0.7035615125910559,0.7146943185776515,0.6895851035292733,0.6821024921574586,0.6832681603193611,0.6876437509259412
12,-7c,-7,-6,196,LightGBM,0.596958426130512,0.610373027282983,0.6105941826721195,0.6112546660940092,0.6108701997458221,0.6094177368023157,0.6053502267811889,0.596958426130512,0.6039644145251027,0.6129428038617909
12,-6c,-6,-5,347,LightGBM,0.6068858127183498,0.6191932664586197,0.6184114649414947,0.6185399837398411,0.619112860837457,0.619646979904612,0.6161931305281072,0.6068858127183498,0.6138367939385792,0.6248270439550822
12,-5c,-5,-4,578,LightGBM,0.6389252121558102,0.6439232568915932,0.641719342605388,0.6409473377301669,0.6479810428409007,0.6460368808640055,0.6413366483847663,0.6389252121558102,0.639560233928656,0.643085212952993
12,-4c,-4,-3,1531,LightGBM,0.6082968867255006,0.6126668137129003,0.6143814177580947,0.61567181066023,0.6151923176435378,0.6107763703435851,0.6117485726780005,0.6082968867255006,0.6117436039072255,0.6202976481982314
12,-3c,-3,-2,4548,LightGBM,0.6240072768118725,0.6255272083534196,0.6258104919662885,0.6263318427052949,0.6270697397021817,0.6257950816050089,0.6249955153742422,0.6240072768118725,0.624981704139258,0.6308376580065834
12,-2c,-2,-1,10993,LightGBM,0.6136010945686355,0.6160806165787338,0.6166771446625069,0.6174168437016937,0.6173381024675886,0.616010537082933,0.615010195056196,0.6136010945686355,0.6148195270914895,0.6213045808805895
12,-1c,-1,0,29155,LightGBM,0.6103679145854648,0.6136975546437897,0.6141235561795158,0.6148147921289755,0.6153737518178934,0.6137914869881665,0.612160765027693,0.6103679145854648,0.6117936884255455,0.6175068506534389
12,+0c,0,1,84964,LightGBM,0.6044789730210101,0.6092287394182248,0.6095122901336626,0.6101969352732987,0.6092287394182248,0.6096229078849688,0.6077621389758127,0.6044789730210101,0.6072803839837715,0.6133860399940564
12,+1c,1,2,29282,LightGBM,0.6069151937787506,0.6102223934237156,0.6109322969083216,0.6117864599952852,0.6104858799682101,0.6099553948917945,0.6087381015950721,0.6069151937787506,0.6084499909874669,0.6153163404557991
12,+2c,2,3,10675,LightGBM,0.6204157508290021,0.6234610680634295,0.6234047172403451,0.62380487997616,0.6241803429777046,0.6234921000589516,0.6217400433654909,0.6204157508290021,0.6216829996159383,0.6272364494402694
12,+3c,3,4,4507,LightGBM,0.6242719508922354,0.6269522109716137,0.6272592090375679,0.6277737063901379,0.6281117980227847,0.627167522564664,0.6256489501475142,0.6242719508922354,0.625414520876564,0.630873234683405
12,+4c,4,5,1548,LightGBM,0.6194441762260822,0.621291165289888,0.6219513435723166,0.6226756910283076,0.6227382035606988,0.62112108467702,0.6209420036904538,0.6194441762260822,0.620749089688721,0.626695280770555
12,+5c,5,6,607,LightGBM,0.6182948085366922,0.6289191315983896,0.6280125725474349,0.6280043231289476,0.6342305309637036,0.6260629838656405,0.6244759500142911,0.6182948085366922,0.6243952530895192,0.6357490112071092
12,+6c,6,7,337,LightGBM,0.5956518079228328,0.6116086819933955,0.6110464060352453,0.6114688868219718,0.6172408579163964,0.6072330360815853,0.601020406747685,0.5956518079228328,0.6022393928614,0.6234200444438635
12,+7c,7,8,182,LightGBM,0.6385334427548548,0.7081129064504939,0.6959847585025639,0.6906140623734885,0.7296272741666286,0.6938116013457067,0.665890212898877,0.6385334427548548,0.6656387145834122,0.7096920296541098
12,+8c,8,9,106,LightGBM,0.6446939558162239,0.6778587856084191,0.670681549992152,0.6674789165669898,0.6796333281109694,0.6904054551244693,0.664601874152276,0.6446939558162239,0.6611338161959399,0.6692387882263312
12,+9c,9,10,76,LightGBM,0.6563385085001667,0.7613594224810287,0.7350852356727223,0.7250820909335233,0.775788420062168,0.746161731707194,0.676620706405363,0.6563385085001667,0.6848274199546531,0.7733021368346104
12,+10c,10,11,59,PySR (Symbolic Regression),0.634650255378912,0.6403462040559491,0.6394749216893753,0.6392454392180382,0.6399663167442912,0.6506793650709848,0.6433684602700397,0.6453544307631771,0.639218072803044,0.634650255378912
12,+11c,11,12,51,LightGBM,0.6530269598517634,0.7006531408770994,0.6880372314065488,0.6832194235925939,0.7250538205489698,0.6935505930851249,0.6638764932816694,0.6530269598517634,0.6652159182734106,0.7245223222014036
12,+12c,12,13,36,LightGBM,0.6878476618093902,0.7547572689678528,0.7289249059430786,0.7189557285142683,0.7667409420588691,0.7747115227983064,0.7031566670319136,0.6878476618093902,0.7044901742021525,0.7643687009299875
12,+13c,13,14,23,PySR (Symbolic Regression),0.6289619987012707,0.6362652333994604,0.6361823316024475,0.6364418219735815,0.6289896663341213,0.6781874385957728,0.6715853331788042,0.648788187417141,0.6706901044296373,0.6289619987012707
12,+14c,14,15,26,CatBoost,0.6752988267570197,0.701674490704148,0.6906225334265591,0.6856164035538392,0.7069948314741266,0.7239522368079913,0.6844222082147097,0.6933152900541404,0.6752988267570197,0.6980811685553415
12,+15c,15,16,20,CatBoost,0.6948717853407056,0.7475565495467126,0.7325195152018117,0.7249510069959928,0.7595610053391301,0.7493125754960344,0.712011632784037,0.7198171271787592,0.6948717853407056,0.7164670265024532
12,+16c,16,17,12,Machine Learning (Logistic Regression),0.558711597792478,0.6187729521086542,0.6205357402872539,0.6217752741942094,0.6365311509609176,0.558711597792478,0.5990423013014304,0.6056336258213552,0.5949295236923692,0.6269109970139682
12,+17c,17,18,15,LightGBM,0.56683996331177,0.6475788081757388,0.6403386544898216,0.6371715420568765,0.6465559544901924,0.6894008784591836,0.6111297330891297,0.56683996331177,0.5991908204782521,0.6441914730235926
12,+18c,18,19,10,Machine Learning (Logistic Regression),0.428796489872931,0.45977583255460247,0.47108895495184616,0.478263702255817,0.46514536942085566,0.428796489872931,0.483080327582669,0.4546900325504507,0.5125289510327791,0.4828191914884353
12,+19c,19,20,10,LightGBM,0.5506102182217836,0.7297166506751264,0.7193567116660096,0.7139831036890548,0.7532277823399811,0.6616817317339607,0.6419143429539238,0.5506102182217836,0.619226444076231,0.7163634012840616
12,+20c,20,21,10,PySR (Symbolic Regression),0.7194044118714119,0.7689826688473265,0.75778783323286,0.7514540425974591,0.7801295808426016,0.7590234526456351,0.7549320811987892,0.8272072820070828,0.7745258568317743,0.7194044118714119
12,+21c,21,22,5,CatBoost,0.9390627562278736,1.2029200165344922,1.1393569892046398,1.1055505728766417,1.2597980273222,1.0719465890799835,0.9485005702992322,1.0680572233048164,0.9390627562278736,1.0399422021822835
12,+22c,22,23,6,PySR (Symbolic Regression),0.7357815357614217,0.7622241619507188,0.7560802750291072,0.7524314276376204,0.7655115085964432,0.7889702004302367,0.7954625549013133,0.8225763506385771,0.7826151249940004,0.7357815357614217
12,+23c,23,24,5,XGBoost,0.9165091810201396,1.7292670709090516,1.522794819046883,1.4376295507792272,1.9248078918810827,1.2686122329335974,0.9165091810201396,0.9232140206919419,0.9269031917080189,1.755808351069294
12,+24c,24,25,1,Machine Learning (Logistic Regression),0.9550222989605174,1.3470736846463913,1.294006469193877,1.2626684416717748,1.4271163935139313,0.9550222989605174,1.1233335312693178,1.0453649285813624,1.09886293725981,1.1557430884080222
12,+25c,25,26,4,Momentum-Adjusted Gaussian,0.405967173895211,0.4179879437066642,0.43151107014880086,0.4399591151362875,0.405967173895211,0.522658061851946,0.4560362348195208,0.42631452049673085,0.4309751226221054,0.4748344301923706
12,+26c,26,27,4,LightGBM,0.4003130754110137,0.47563527097060165,0.4861754366873967,0.49277366092424546,0.4744240456698569,0.5229625834449285,0.4831544092255088,0.4003130754110137,0.49726659643698656,0.5216275594018558
12,+27c,27,28,6,Machine Learning (Logistic Regression),0.33038945293974664,0.34554860524875686,0.36419488227007896,0.375726837965064,0.34461890764389586,0.33038945293974664,0.537724326957756,0.4793816876251755,0.5757504929500593,0.3791211451927394
12,+28c,28,29,2,CatBoost,0.8381119627706257,1.1389462445631526,1.1044202506699423,1.0839766307983314,1.156823023883192,1.1678102975060283,0.909557840480181,0.9000196659209382,0.8381119627706257,1.003744471239158
12,+29c,29,30,5,LightGBM,0.5778370277789076,0.9776568017787757,0.9012644608540222,0.8676133879821318,1.0574308331692932,0.8511258980437064,0.6080006596650425,0.5778370277789076,0.6520361115393014,0.9828546992291356
12,+30c,30,31,3,LightGBM,0.685600971429658,1.0111862194440357,0.9695985132305239,0.9471077270894326,1.0579196459399636,0.8363292102475025,0.7227111331893029,0.685600971429658,0.6877584399561675,0.9288082908560641
12,+31c,31,32,2,Machine Learning (Logistic Regression),0.5460394123118106,0.9321650771859843,0.9080920558689827,0.894152794243986,0.9902507915944794,0.5460394123118106,0.6989539009228928,0.7409738886062804,0.6367833883149387,0.8617638483570909
12,+32c,32,33,1,Machine Learning (Logistic Regression),0.2843682955610735,0.5798184909954676,0.5851018664703824,0.5884088676943035,0.6161861341808158,0.2843682955610735,0.4306775498016593,0.3964602639970019,0.47038569434183225,0.6172925432554799
12,+33c,33,34,2,Momentum-Adjusted Gaussian,0.12577150142301893,0.14879885630695766,0.17694110670059307,0.19455065560375995,0.12577150142301893,0.3190571155345946,0.6733731606313844,0.4900075309460478,0.6271387601364666,0.18589166632731963
12,+34c,34,35,1,Machine Learning (Logistic Regression),0.9123735760224982,1.5141276025832864,1.4378043416275865,1.3938153827141337,1.6094377671477893,0.9123735760224982,0.9647382057094274,1.0505310356739233,0.9239948374353346,1.2787179605220969
12,+36c,36,37,1,CatBoost,0.36588665571231427,0.4307829527722363,0.4430481644182509,0.4507477723922751,0.4004776028492047,0.8588136155844981,0.3989335505999587,0.37933126729135763,0.36588665571231427,0.49065678636803334
12,+37c,37,38,2,Machine Learning (Logistic Regression),0.5536582224941593,0.6636355672428187,0.6625371572790375,0.6620321105157219,0.6812889756917808,0.5536582224941593,0.6105831268074804,0.6588482078458819,0.637882221640941,0.6467962270692496
12,+38c,38,39,1,Machine Learning (Logistic Regression),0.49194894372180736,0.9942522604563763,0.9762280965612959,0.9651759668792864,1.0498221095975167,0.49194894372180736,0.8665061926186444,0.9250822111021345,0.8347825101806732,0.9090848358587359
12,+39c,39,40,1,CatBoost,0.5432849721244215,0.7339691974319424,0.7319484545898337,0.7306907901843537,0.6931472029116873,1.40777324856503,0.612311916887157,0.6267144106026116,0.5432849721244215,0.7151860990357499
12,+40c,40,41,1,Machine Learning (Logistic Regression),0.21301362995523565,0.5447271528330139,0.5516104761665126,0.5559233510490315,0.5798184710385554,0.21301362995523565,0.4561747579021324,0.47444789279051247,0.5068446233431562,0.5909500775839078
12,+41c,41,42,3,CatBoost,0.4250982373867447,0.5189484813685138,0.5271315706598084,0.5322668528719093,0.512310401461541,0.7267246991758926,0.46207666260626756,0.4946760780243009,0.4250982373867447,0.560424995733273
12,+42c,42,43,1,LightGBM,0.38939679599599136,0.5447272042163286,0.5516105240854382,0.5559233975243111,0.5108256523265501,1.1601171178430307,0.4489418416567681,0.38939679599599136,0.5180841120224945,0.5791700750059261
12,+43c,43,44,2,CatBoost,0.5125074897741868,2.171402859890916,1.95778227100493,1.8484780257934377,2.3665016465858715,1.222301007495247,0.5638184480824302,0.582909635366658,0.5125074897741868,1.8658202525424354
12,+44c,44,45,2,Momentum-Adjusted Gaussian,0.32275024579646727,0.35079131079207637,0.3673585939444667,0.37773860485032706,0.32275024579646727,0.8451930483705675,0.34156982908319267,0.38481724344096935,0.35867852256431154,0.4219182346177409
12,+45c,45,46,2,CatBoost,0.5625924901290662,0.6377343995583057,0.6402847887085369,0.6418836551886306,0.6413276589994945,0.7609333463778292,0.566959649413942,0.6417194491584011,0.5625924901290662,0.6531164321244096
12,+46c,46,47,1,CatBoost,0.327482349359725,0.5276327865332945,0.5352992094860988,0.5401048905528777,0.4942963655411393,1.2118147789466842,0.3842285170881391,0.4359440473231,0.327482349359725,0.5663105901561892
12,+47c,47,48,1,CatBoost,0.2716760068398617,0.44628712498016154,0.45778878886430446,0.4650085465867416,0.41551546631340786,1.08317709988806,0.2992639452171017,0.3001458924688964,0.2716760068398617,0.5031394763599897
12,+57c,57,58,1,XGBoost,0.15223795938312318,0.3011050798964309,0.3204396242965081,0.33253735819485314,0.2744368337416178,0.9635468322289003,0.15223795938312318,0.2739806283424561,0.24368380274140178,0.37807882173519536
12,+58c,58,59,1,Machine Learning (Logistic Regression),0.4695373113177746,1.3470736846463913,1.294006469193877,1.2626684416717748,1.4271163935139313,0.4695373113177746,1.8384134510176706,1.422632403392678,1.475978164702549,1.1557430884080222
12,+62c,62,63,1,Machine Learning (Logistic Regression),0.428000274716082,1.3470736846463913,1.294006469193877,1.2626684416717748,1.4271163935139313,0.428000274716082,1.47951772010197,1.1178304066865419,1.2157111812653512,1.1557430884080222
12,+63c,63,64,1,XGBoost,0.1553821942717282,0.328504027235607,0.3462264159075317,0.35733074058167397,0.30110505472555116,1.1419731447008836,0.1553821942717282,0.2966679935489137,0.1851190965651634,0.4033622931368864
11,-55c,-55,-54,3,CatBoost,0.3894266854067612,1.2615765987192613,1.1827688859961205,1.142115985880235,1.3369681894071341,1.0120834577387787,0.4577803187552387,0.5369610871584661,0.3894266854067612,1.1210603946963966
11,-48c,-48,-47,1,Machine Learning (Logistic Regression),0.531159673268318,0.9942522604563763,0.9762280965612959,0.9651759668792861,1.0498221095975167,0.531159673268318,0.7780036480575749,0.8718999793903767,0.6541532881939303,0.8929279773885712
11,-41c,-41,-40,1,CatBoost,0.5797621022552015,0.7550225234052059,0.7519222527576221,0.7499944679166575,0.713349830401559,1.2865415671370837,0.7477533995431165,0.744453748648054,0.5797621022552015,0.743519800089197
11,-39c,-39,-38,2,CatBoost,0.5606312307834098,0.7240848519825756,0.7225347166587837,0.7215708242383014,0.6836381493339527,1.2147839930744235,0.5612601728232378,0.8152773321618256,0.5606312307834098,0.721625479865088
11,-38c,-38,-37,1,CatBoost,0.492708165094721,1.4696759519183977,1.399984086451336,1.359543488478926,1.5606477262677163,1.032037275246244,0.5481069431630706,0.5559117799731366,0.492708165094721,1.2228688150017863
11,-37c,-37,-36,2,Momentum-Adjusted Gaussian,0.25959693324340305,0.28599602531969814,0.3066585626302024,0.3195209202435695,0.25959693324340305,0.4752316740950771,0.47852775626657373,0.4391410858863942,0.5607595953252179,0.36481407994595616
11,-36c,-36,-35,1,Machine Learning (Logistic Regression),0.36350991722122233,0.653926504086446,0.6557954334723047,0.6569622908280209,0.6931472178128489,0.36350991722122233,0.3886769561696113,0.37098477061691354,0.45969830156646413,0.6588206546348624
11,-35c,-35,-34,3,XGBoost,0.5001202661291346,0.8120388342161556,0.8045766129974545,0.8000214702669876,0.832186094548066,0.7350455551487878,0.5001202661291346,0.6076228031031309,0.561933035932228,0.7722946294274378
11,-34c,-34,-33,3,Machine Learning (Logistic Regression),0.29670157494072064,0.41249148334219016,0.4265017018756619,0.43522935704408866,0.42726821250920954,0.29670157494072064,0.5075959594207103,0.5058737293948251,0.5858576843020783,0.4667877694826688
11,-33c,-33,-32,2,Machine Learning (Logistic Regression),0.41925800667293345,0.6848169606292462,0.6843399033324117,0.6840952921818566,0.726217081477897,0.41925800667293345,0.578903976235013,0.5545144486954243,0.5913899405850523,0.6758011678343597
11,-32c,-32,-31,2,XGBoost,0.6101312937868191,0.7803238542641197,0.7756096993181942,0.7726947661997176,0.7374534917109685,1.1952241056663353,0.6101312937868191,0.8382410096299708,0.6625002428852895,0.7607687911984421
11,-31c,-31,-30,3,CatBoost,0.7828460236305895,1.3233939521530973,1.2601178122931407,1.2249359440033436,1.3737545262105681,1.245382439786519,0.8093650112718541,0.8165017016735518,0.7828460236305895,1.1395858026590802
11,-30c,-30,-29,2,LightGBM,0.6021178862026806,1.072790670563867,1.047337749130594,1.0319348865868054,1.1336089712198634,0.7635925919845422,0.6754677626552381,0.6021178862026806,0.6615823376771632,0.9464442900128853
11,-29c,-29,-28,1,Momentum-Adjusted Gaussian,0.08338161104464993,0.10536051731351088,0.13708691001649212,0.15669676206459673,0.08338161104464993,0.1590075690736932,0.41584807151950914,0.3081405426280614,0.4492317092451263,0.1519207207685715
11,-28c,-28,-27,3,XGBoost,0.6359278973514859,0.9532911739708677,0.9379023963921455,0.9284591888422806,0.9025667332959267,1.3623057655722166,0.6359278973514859,0.7389303234912473,0.656111454295721,0.8808482038008165
11,-27c,-27,-26,5,LightGBM,0.5283809032218724,0.7287806262277264,0.719595622610234,0.7146907169754053,0.719608381096581,0.8559018049171648,0.5438162059757801,0.5283809032218724,0.5456882447953796,0.6744295933479636
11,-26c,-26,-25,3,XGBoost,0.5680496530308201,0.7559163619267489,0.7519171332736163,0.7494754048413953,0.7362465764124533,0.9316479213769281,0.5680496530308201,0.6838928065540241,0.6311950248959164,0.7377124064245026
11,-25c,-25,-24,7,XGBoost,0.4468511911526343,0.6862866919704257,0.6783033314709259,0.6743123829298346,0.6973418564021087,0.695663929218366,0.4468511911526343,0.5083259054379913,0.4985997546451049,0.6480342608861577
11,-24c,-24,-23,2,Machine Learning (Logistic Regression),0.22209952544401562,0.35159873833850885,0.36818908678539025,0.37857790823837545,0.38049890258952945,0.22209952544401562,0.2786697162568358,0.28532049219181527,0.2779075643273275,0.4217545318228908
11,-23c,-23,-22,4,Momentum-Adjusted Gaussian,0.46478502898413754,0.49957640003213993,0.5085524982419181,0.514187313098042,0.46478502898413754,0.6733834766487538,0.590541023178119,0.5572530738003252,0.6088099843664038,0.5157836064959525
11,-22c,-22,-21,7,Machine Learning (Logistic Regression),0.5134868484520292,0.6103023494639866,0.6130736738268929,0.6151123091349234,0.6335288278632998,0.5134868484520292,0.6470879366864913,0.6119756518046913,0.5697389925360722,0.5962577374771064
11,-21c,-21,-20,2,Machine Learning (Logistic Regression),0.3657094057737271,0.396373276394407,0.4106238909213291,0.4195537353953542,0.39925385121329443,0.3657094057737271,0.47915746841763296,0.4304962890352153,0.4611029512864786,0.46436492050155675
11,-20c,-20,-19,5,XGBoost,0.769400754404131,1.0449390510733458,1.0061532929871375,0.9844582043621447,1.0954707433794997,0.9517795250897203,0.769400754404131,0.8452355791760588,0.8133705147973433,0.934257744733429
11,-19c,-19,-18,9,LightGBM,0.7476382876012199,0.8110296367311169,0.7967569604780289,0.788706158409717,0.8219657438608735,0.7984466967840317,0.7851121174563436,0.7476382876012199,0.7607783285290157,0.7506696424261405
11,-18c,-18,-17,10,Machine Learning (Logistic Regression),0.37961279406849113,0.4113943348900325,0.42526995596508027,0.4339428091409827,0.4183509591398503,0.37961279406849113,0.44064390429197964,0.4589072800774524,0.43542271195770466,0.46948580757064756
11,-17c,-17,-16,10,LightGBM,0.5078879107671179,0.5973573715420528,0.595250815292433,0.5948191622678058,0.6198297444472146,0.5358030319614023,0.5425262779431195,0.5078879107671179,0.5380449786167445,0.5832624148626788
11,-16c,-16,-15,13,Machine Learning (Logistic Regression),0.4979154662854834,0.5033862163746107,0.5096362174571201,0.5138709573263797,0.504623392129946,0.4979154662854834,0.5295305591208086,0.5295987821671162,0.5286745720570107,0.5198698320137664
11,-15c,-15,-14,14,Momentum-Adjusted Gaussian,0.6027860506813422,0.6065774109588188,0.6056079910334817,0.6056539709349597,0.6027860506813422,0.6308784875894815,0.6199916369176257,0.6121499590494793,0.6218164391398396,0.6125334628005978
11,-14c,-14,-13,18,Machine Learning (Logistic Regression),0.5157906820014532,0.5407022941358645,0.5448372258937365,0.5477699824367034,0.5525886059529094,0.5157906820014532,0.5341174351587612,0.5243939127348061,0.5281768430154048,0.5566719572261816
11,-13c,-13,-12,24,Momentum-Adjusted Gaussian,0.5431780163968001,0.5494326655940357,0.5520483439322937,0.5543252083091913,0.5431780163968001,0.5776833939537703,0.5568809870626988,0.5554203416866912,0.5703356936946152,0.5770244553669849
11,-12c,-12,-11,33,XGBoost,0.7301313120448413,0.7680782510188298,0.7541970986674867,0.7468782152612761,0.7826172669889259,0.7698978398476715,0.7301313120448413,0.731478073031131,0.7329024254313788,0.7337650231852829
11,-11c,-11,-10,50,CatBoost,0.6206734630511697,0.6302400889373715,0.629589436479906,0.6295876351852712,0.6380299488026303,0.6245645149888867,0.6235719214810601,0.6207978422893268,0.6206734630511697,0.6289717342757656
11,-10c,-10,-9,57,LightGBM,0.6203663176878728,0.6332899339843473,0.6317567659773177,0.631295914837054,0.6367901585683051,0.6353213149737338,0.6290629766635675,0.6203663176878728,0.6297511592235973,0.6247012403692104
11,-9c,-9,-8,86,LightGBM,0.6137152554213593,0.6210357513244975,0.6204477932411772,0.620608171152981,0.6272723178074507,0.6178295061988646,0.6175168902071141,0.6137152554213593,0.6187850132201502,0.6186316672253451
11,-8c,-8,-7,123,CatBoost,0.6166443080787124,0.6319415843764775,0.6281559584359382,0.6266598510983824,0.6388358318506971,0.6281129179834097,0.6216567680082995,0.616808408781926,0.6166443080787124,0.6295224233244515
11,-7c,-7,-6,148,CatBoost,0.5798681357158554,0.5872297267180682,0.588176007802585,0.589236801896432,0.5927348285428775,0.5828843898865079,0.5814542828180215,0.5822096637774868,0.5798681357158554,0.5921721807702299
11,-6c,-6,-5,349,CatBoost,0.5863152395260556,0.5942122445423883,0.594639940314061,0.5954660758767136,0.5996420956847744,0.5909996632591196,0.586618197694017,0.5867816694374229,0.5863152395260556,0.6008545392736074
11,-5c,-5,-4,540,LightGBM,0.6061629229862163,0.6091455735572799,0.6094108490285146,0.6100227309946001,0.6114526918729949,0.6092579391555544,0.607697889336944,0.6061629229862163,0.6072224413898114,0.6110565326836227
11,-4c,-4,-3,1369,LightGBM,0.6097739667998169,0.6168573851090657,0.6166844332424126,0.6170613070996386,0.6193937708106245,0.6162340527056321,0.6146207024323449,0.6097739667998169,0.6147739627955667,0.6196414633189089
11,-3c,-3,-2,3998,LightGBM,0.6096240987775045,0.6109593879812654,0.611390846641009,0.6121047370587427,0.6122368432350892,0.6116462387635334,0.6103411313356424,0.6096240987775045,0.6103495490890737,0.6163717610602203
11,-2c,-2,-1,9594,LightGBM,0.5984651954231744,0.6001455900920111,0.6006949724599643,0.6015605482236583,0.6021281214824896,0.6000991012596578,0.5996733104397184,0.5984651954231744,0.5993713466880575,0.6049113835623252
11,-1c,-1,0,26402,LightGBM,0.5936541618296804,0.5961859003112905,0.5963696295862112,0.5971057049607738,0.5985379386934009,0.5967045540709157,0.5951751507034049,0.5936541618296804,0.5950335086421775,0.59952030010366
11,+0c,0,1,77590,LightGBM,0.5810865079334361,0.5846103233995139,0.585291661507642,0.5863587008877821,0.5846103233995139,0.5849691183718625,0.5835674017404918,0.5810865079334361,0.5833724695007,0.5890009329971172
11,+1c,1,2,26530,LightGBM,0.5887433085992546,0.5912866047738853,0.5917771259919288,0.592689446032591,0.5921369082267683,0.5917098758112606,0.5903090280907666,0.5887433085992546,0.5900061966088369,0.5957054224517256
11,+2c,2,3,9817,LightGBM,0.6013461767611938,0.602580442252912,0.6028989806027165,0.6036303650346182,0.6041191598709136,0.6025055391082657,0.6022810518420408,0.6013461767611938,0.602175138031451,0.6073315442948837
11,+3c,3,4,3960,LightGBM,0.6128418036803355,0.6159829363729629,0.6161350419557183,0.6166603948601653,0.6168751113055649,0.6164727929545627,0.6150577044566806,0.6128418036803355,0.6147364782310442,0.6203364125401842
11,+4c,4,5,1306,LightGBM,0.6073321345442537,0.6136778977075248,0.6138496561849643,0.6144529703389866,0.616544742648292,0.6128624634552188,0.6100758513755044,0.6073321345442537,0.6099213155561679,0.621359939940108
11,+5c,5,6,558,LightGBM,0.6100999945758682,0.6143490801832986,0.6144562817484951,0.6150116586181835,0.6172177525531954,0.6140076068192393,0.6137084311217406,0.6100999945758682,0.6130751343083767,0.6201927770154219
11,+6c,6,7,282,LightGBM,0.6250487277442474,0.6293285074061222,0.6267643697930296,0.6260613708059727,0.6301440234073528,0.6358617686413032,0.6282790508721141,0.6250487277442474,0.6295169369575528,0.6331776823444486
11,+7c,7,8,172,Machine Learning (Logistic Regression),0.591531564295089,0.5947290344909553,0.5969284061369783,0.5985519673652931,0.5988944585657653,0.591531564295089,0.5980449541345423,0.5931378150658175,0.5975595012795604,0.6003958567055384
11,+8c,8,9,124,LightGBM,0.6211376672623399,0.647237853920855,0.6417886868091359,0.6395858214529073,0.6556701861491926,0.6441543754481639,0.6230961666577255,0.6211376672623399,0.6226654706223155,0.6450783894068557
11,+9c,9,10,70,Momentum-Adjusted Gaussian,0.5576437834886209,0.5644720964641657,0.5690922997710306,0.5721301685979886,0.5576437834886209,0.5835141471517374,0.5851695524805212,0.5673892588041264,0.5806244106948116,0.5759783215137371
11,+10c,10,11,67,Momentum-Adjusted Gaussian,0.5753211000823922,0.5763427765913393,0.5790870016237228,0.581101914013974,0.5753211000823922,0.5835050956718485,0.5859888877612467,0.5815600420269951,0.5863820912210509,0.5844125895525598
11,+11c,11,12,37,PySR (Symbolic Regression),0.6352781606057754,0.6551512816673434,0.6524298314253366,0.651182099863097,0.6550531763713832,0.6692409667113087,0.6726447519596657,0.6502166872280966,0.6644306650144702,0.6352781606057754
11,+12c,12,13,34,PySR (Symbolic Regression),0.6980961360267046,0.7321214620685899,0.7184928414760207,0.7115278350624665,0.740851894036417,0.7302087631545635,0.7072526843656192,0.7078237242197072,0.7126581523852624,0.6980961360267046
11,+13c,13,14,22,LightGBM,0.5925512643574727,0.6027067737439511,0.6036041848992819,0.6045490689179209,0.6067950175570838,0.6011976350431545,0.6226327043176262,0.5925512643574727,0.6082269033529867,0.5980132243981333
11,+14c,14,15,21,Machine Learning (Logistic Regression),0.5099748280389174,0.5593473924962419,0.5621587098791352,0.564291206854441,0.5751454430633589,0.5099748280389174,0.5376532559881076,0.5649586375047742,0.5512296364675026,0.5696448650991445
11,+15c,15,16,14,Momentum-Adjusted Gaussian,0.434631669452636,0.4403211251908049,0.4527062510160311,0.4604580017202769,0.434631669452636,0.4631621793550535,0.48575305461604235,0.46708914084020636,0.47783419633609936,0.47241536821074787
11,+16c,16,17,14,LightGBM,0.44906210244330563,0.5065821569121943,0.5003568770174581,0.4996621745341471,0.5140142127685998,0.5244260741106382,0.49515381174318623,0.44906210244330563,0.4681844084379184,0.5339247033712569
11,+17c,17,18,11,Momentum-Adjusted Gaussian,0.44069205137892875,0.4574470222970534,0.4655556981152546,0.4710517623447018,0.44069205137892875,0.5452642047098285,0.5241689777024658,0.46489632014319765,0.490377889452426,0.4700933764411382
11,+18c,18,19,10,Momentum-Adjusted Gaussian,0.48436840618430155,0.49536421533865554,0.5051172556505089,0.5112089518347442,0.48436840618430155,0.5580327615558713,0.5239569916769786,0.5264178381680007,0.5223754323827403,0.5294942061315938
11,+19c,19,20,6,Machine Learning (Logistic Regression),0.5404871013793983,0.6034129676039917,0.600356923479657,0.5992708411472698,0.621935112321898,0.5404871013793983,0.6089064016548063,0.6383064590262285,0.6163871591634348,0.5825689389542502
11,+20c,20,21,5,LightGBM,0.4570361995944977,0.5023681202980429,0.5114006756751437,0.5170575839152887,0.5034521332722874,0.5026276371955098,0.5294357349522045,0.4570361995944977,0.5253330528964748,0.525198440726169
11,+21c,21,22,7,LightGBM,0.4580766288891049,0.5150501873449018,0.5136090137205275,0.5141956684741749,0.5233639018950919,0.49863274378314726,0.5447747806047413,0.4580766288891049,0.5132334639298624,0.5043671135928982
11,+22c,22,23,6,LightGBM,0.8358487165247771,1.0003191936066145,0.9716017854138048,0.9549771329015652,1.025216247463672,0.9561978906790886,0.8499164867397284,0.8358487165247771,0.862930858556778,0.9054280914233387
11,+23c,23,24,4,CatBoost,0.7683713874871156,1.1731987587474055,1.0403441957009485,0.9854176688032644,1.3422576560960746,1.0270505592350447,0.788419697431928,0.8269609393823268,0.7683713874871156,1.5457748750821951
11,+24c,24,25,4,LightGBM,0.6021696512657562,0.7914095609301915,0.749945084537203,0.7304341597563636,0.8208695349443463,0.7968741359890563,0.6440432135589618,0.6021696512657562,0.6057539856431072,0.7408051118309925
11,+25c,25,26,4,LightGBM,0.7170349984750348,0.9261272720529852,0.8922076149528367,0.874161324153577,0.9587863613034118,0.8542903303816705,0.7473557448635993,0.7170349984750348,0.7587627940865942,0.8624167862975008
11,+26c,26,27,5,Machine Learning (Logistic Regression),0.48819923571006213,0.5583925111272781,0.5478445898066484,0.5438389942768092,0.5791817932301824,0.48819923571006213,0.5063965481836583,0.499067979180474,0.529483868542666,0.5335367720289056
11,+27c,27,28,2,Machine Learning (Logistic Regression),0.38850065203708345,0.6636355234158725,0.6638029894484154,0.6639941079703942,0.704883871622635,0.38850065203708345,0.45577435029976887,0.4321036490986147,0.5176903241638711,0.668290318746997
11,+28c,28,29,4,Momentum-Adjusted Gaussian,0.1411895380438818,0.16461339605018058,0.1920961835973705,0.20924710084367126,0.1411895380438818,0.30890933246693764,0.5381837916558275,0.4582957014587214,0.5527257256048048,0.20689345507177737
11,+29c,29,30,1,CatBoost,0.6103935291048355,2.813410677023607,2.40396160647947,2.217141536915774,3.2188757540876876,2.0193670813681526,0.6605339107429611,0.6396190511028441,0.6103935291048355,2.862386626252183
11,+30c,30,31,3,Momentum-Adjusted Gaussian,0.034128314175923255,0.05162586186306084,0.08286883607444669,0.10305928393527881,0.034128314175923255,0.1254937509430524,0.39814416827411087,0.3429913516369166,0.4573101572072196,0.048994858982246786
11,+31c,31,32,1,CatBoost,0.4938529311765624,1.966112958552229,1.8038372409467056,1.7172867257675197,2.120263651684097,1.3167955007165053,0.6304209631014738,0.7474756303150282,0.4938529311765624,1.6540362373103548
11,+32c,32,33,3,XGBoost,0.47046142222750315,0.9509424996740732,0.901350777768556,0.8761974489919874,1.012386223434336,0.6664333977118448,0.47046142222750315,0.5700843635276357,0.4762572250241353,0.8688162087058573
11,+33c,33,34,2,LightGBM,0.4364446452437112,0.6189371923881369,0.6223788523226917,0.6245352890421282,0.6223974132377139,0.6714267626906745,0.44198158876079485,0.4364446452437112,0.48087264459176315,0.6394506173234524
11,+34c,34,35,3,XGBoost,0.45008199279189326,0.8788401430852587,0.8212521199239825,0.7937456778533414,0.9292476054059939,0.7753233370421796,0.45008199279189326,0.5288440856500931,0.49196287019519264,0.8029121110982196
11,+35c,35,36,3,XGBoost,0.5955627534008664,2.2863220568889577,1.885117428370075,1.7238049353036817,2.620755786122505,1.6661208206429556,0.5955627534008664,0.7345203940418547,0.6172131502869725,2.5009800481220634
11,+36c,36,37,3,Machine Learning (Logistic Regression),0.5336787626524985,0.658721031434807,0.6584162902530629,0.6583524458848246,0.6796840595893906,0.5336787626524985,0.6032114219358115,0.5619120007848138,0.6341682049005017,0.6635160342387313
11,+39c,39,40,2,XGBoost,0.36453725118987046,1.4603124640086718,1.2928130150526391,1.215908312539955,1.6157273829475207,1.1312590507523685,0.36453725118987046,0.42840563393355297,0.36614889244208615,1.4359441021359762
11,+40c,40,41,1,CatBoost,0.24314636468083578,2.525728852924534,2.211918914654511,2.0610228101891956,2.8134109874645015,1.5420023534246599,0.3010737879479253,0.33149618822932614,0.24314636468083578,2.3080200435947877
11,+42c,42,43,4,CatBoost,0.4570891080634466,2.2377647307729185,1.8942007452551581,1.7455617372507484,2.6802096407200757,1.4228051300503703,0.5840715602959038,0.5816191110430237,0.4570891080634466,2.479971904201059
11,+45c,45,46,1,Momentum-Adjusted Gaussian,0.19845092473128456,0.22314353641304868,0.24742842961236328,0.26253157604535,0.19845092473128456,0.5997320856425352,0.30216039710628523,0.2294055019832605,0.297616497525684,0.29943657602949303
11,+48c,48,49,1,LightGBM,0.5111522883562062,2.120263496463662,1.9210587338348295,1.8177824692260576,2.302585040839983,1.0862041228481436,0.5756796489408312,0.5111522883562062,0.5877361145869102,1.8047795016096684
11,+52c,52,53,1,Standard Gaussian,0.01005033585350145,0.01005033585350145,0.03434176114538449,0.05260391253782276,0.01005033585350145,0.07460964077570864,1.3281268400130881,1.0121968822792091,0.8573261997609956,0.01005033585350145
11,+55c,55,56,1,Momentum-Adjusted Gaussian,0.07257066511547144,0.0943106506514135,0.12651987659912345,0.1464619570687262,0.07257066511547144,0.3845440590383143,0.6418173849541119,0.5722158029559699,0.585330196820537,0.12515786597004522
11,+56c,56,57,1,CatBoost,0.46353122000477137,3.912023959102917,3.0450546366511433,2.7159294798567037,4.605170185988091,2.0962440942648515,0.554821050747469,0.64838047291967,0.46353122000477137,4.605170185988091
10,-62c,-62,-61,1,Machine Learning (Logistic Regression),0.4284277641497361,0.9942522604563763,0.9762280965612959,0.9651759668792861,1.0498221095975167,0.4284277641497361,0.6384639499705144,0.5906189580446515,0.9372858316835323,0.8929279773885712
10,-42c,-42,-41,1,Momentum-Adjusted Gaussian,0.3285040841497637,0.35667496096863105,0.37281071638896374,0.382931042977108,0.3285040841497637,0.6346955681022173,0.4631042384900103,0.4450706828259523,0.4417075283581024,0.43852911113806087
10,-40c,-40,-39,1,CatBoost,0.8651774484894312,2.3025850780928847,2.054900718001434,1.930768305263453,2.5257286200938687,1.7392534493631342,1.1145655703707273,1.071313336880134,0.8651774484894312,1.9593953506444575
10,-39c,-39,-38,1,CatBoost,0.40171706218418957,0.6931471805599453,0.6931471805599453,0.6931471805599453,0.6539264682663464,1.1686440338667063,0.6066179027873392,0.5571801186360662,0.40171706218418957,0.6997311596409789
10,-38c,-38,-37,1,Momentum-Adjusted Gaussian,0.0943106793074923,0.11653381558623642,0.14769065054419855,0.16693215209634962,0.0943106793074923,0.20429274576866316,0.385511541687896,0.31511434405440425,0.5043876919621976,0.1701960621494439
10,-36c,-36,-35,4,CatBoost,0.6509781111500139,1.2420664290511283,1.1048426083726897,1.0472553218276062,1.4132200685575802,1.119140083099106,0.799569479377354,0.7777913219910595,0.6509781111500139,1.6057849647387838
10,-34c,-34,-33,2,CatBoost,0.5154662569190829,0.5937217394618589,0.5983270678307215,0.6012160350022429,0.5907795926725377,0.6872112788455413,0.6136554854306602,0.5801680210532574,0.5154662569190829,0.6202897851971988
10,-33c,-33,-32,1,CatBoost,0.6205714923145004,0.7765288361461108,0.7722955985116199,0.7696658678508014,0.7339692207150076,1.2031724134612587,0.7625386907224511,0.7499717222645789,0.6205714923145004,0.758597448388998
10,-32c,-32,-31,1,CatBoost,0.5380108532465514,0.6931471805599453,0.6931471805599453,0.6931471805599453,0.6539264682663464,1.0770616928006216,0.7176771482823506,0.7675647592956032,0.5380108532465514,0.6997311596409789
10,-31c,-31,-30,1,XGBoost,0.5500173138520826,0.6539264467742872,0.655795379062519,0.656962238093291,0.6161861203834446,1.0039179033980201,0.5500173138520826,0.6037392118867139,0.5666029325059943,0.6715835206483385
10,-30c,-30,-29,1,Momentum-Adjusted Gaussian,0.23572233936836098,0.2613647695530116,0.28316016265456606,0.29676045293320036,0.23572233936836098,0.38703518788975505,0.571567155751009,0.49851650946278664,0.51519996948629,0.3486846939183348
10,-28c,-28,-27,2,CatBoost,0.7181946225009592,1.3368243814695293,1.2206580587738967,1.1634078713778362,1.463103094791132,1.0770565940759649,0.7820243084357947,0.9229149362216458,0.7181946225009592,1.2001339613035422
10,-27c,-27,-26,3,Momentum-Adjusted Gaussian,0.37776045340874026,0.38275668794654316,0.3982369736548807,0.4079017400145109,0.37776045340874026,0.38575181888736026,0.554657250318224,0.5652906132813653,0.5104854850774292,0.4469553321769862
10,-26c,-26,-25,1,Momentum-Adjusted Gaussian,0.5447271721017566,0.5798184909954676,0.5851018664703824,0.5884088676943035,0.5447271721017566,0.8330150364596842,0.5537772751652854,0.564533585655316,0.5730755913407375,0.6172925432554799
10,-25c,-25,-24,6,Machine Learning (Logistic Regression),0.676103987931072,0.7868982237388066,0.7746977544776881,0.7678055465834346,0.8172242381931771,0.676103987931072,0.7258304822193976,0.7654169902376987,0.7294813484822585,0.7433098935078908
10,-24c,-24,-23,4,LightGBM,0.5709192124260434,0.8596765432163358,0.8480897126208916,0.8410803363467538,0.8258144971230472,1.1028804009843935,0.7437618349216853,0.5709192124260434,0.6534519623004582,0.8053245467979318
10,-23c,-23,-22,4,Momentum-Adjusted Gaussian,0.527796227125484,0.5422518719364897,0.5500826661174278,0.5549415112789701,0.527796227125484,0.6286215665247533,0.5909324051646236,0.5707707184935699,0.5847368507903816,0.5705591700101049
10,-22c,-22,-21,7,Machine Learning (Logistic Regression),0.43018371494396274,0.5105732067435877,0.5133568038757345,0.5158680404795397,0.531219763801401,0.43018371494396274,0.5174559211233658,0.5246494048866014,0.4990017096755829,0.49737752707378247
10,-21c,-21,-20,6,LightGBM,0.5089406930824427,0.5457675686694579,0.5528606241925825,0.5573754919073922,0.50974534388317,0.73108579187351,0.5210820142831045,0.5089406930824427,0.5509603520908096,0.5320805115136243
10,-20c,-20,-19,10,CatBoost,0.7332636449731161,0.8971548458699692,0.8420757548254235,0.8170944618477385,0.9423100686500121,0.9251578523993669,0.7397759637601965,0.75798513482562,0.7332636449731161,0.8711773194354709
10,-19c,-19,-18,10,CatBoost,0.5081650522093175,0.5745321244201917,0.571435031058698,0.570757843686493,0.5947575508400343,0.5481567855686711,0.509942656834361,0.5175764165237111,0.5081650522093175,0.5881493094087588
10,-18c,-18,-17,10,LightGBM,0.5310988058259489,0.6256182275608373,0.623499177437017,0.622754488000032,0.6510155265970259,0.5558543101802604,0.559789994577874,0.5310988058259489,0.5581919016980506,0.6273027426176464
10,-17c,-17,-16,13,LightGBM,0.5995653843282198,0.6232989576943548,0.6126835022916557,0.6084819214963054,0.6314613771802134,0.6470114933230229,0.6159285256576135,0.5995653843282198,0.6047245404671691,0.6319874846666144
10,-16c,-16,-15,16,LightGBM,0.4826847804872872,0.5190727102511083,0.5253653797527911,0.5294939280670619,0.5272644277069065,0.49476472789587306,0.4980370334070663,0.4826847804872872,0.5083478934497085,0.5337643529125291
10,-15c,-15,-14,18,LightGBM,0.4922069782892411,0.5058553121935109,0.4954643244565171,0.49377899077176896,0.5233235272396127,0.5032444841133152,0.4966636665373731,0.4922069782892411,0.5123980630379852,0.5729052442986133
10,-14c,-14,-13,21,Machine Learning (Logistic Regression),0.5223100306858699,0.5664603739849959,0.5674520444632895,0.5687936380974927,0.5851335801095603,0.5223100306858699,0.5448971553317723,0.5461123818802536,0.5399138899845356,0.5711183461073629
10,-13c,-13,-12,23,LightGBM,0.5539531690309311,0.6079579306716328,0.6053277263210136,0.604814647626514,0.6278021769174146,0.5706053384753804,0.5918732255472818,0.5539531690309311,0.5980338008098001,0.6144911134819183
10,-12c,-12,-11,38,Momentum-Adjusted Gaussian,0.4276811372715159,0.43792300819530333,0.45043140691000605,0.45827862932007085,0.4276811372715159,0.4532220708885582,0.46534416368590514,0.44856148026785425,0.4645095731492753,0.4647652335772992
10,-11c,-11,-10,45,LightGBM,0.6995951597907618,0.7543024320819723,0.7292878855669956,0.7179821492972167,0.7798533705351169,0.7452666807306195,0.7153278658987282,0.6995951597907618,0.7107554516967028,0.7637168979068643
10,-10c,-10,-9,63,LightGBM,0.6359612108328002,0.6668661374547079,0.6591767085657008,0.6556239968055896,0.6859929041622349,0.6428887439849913,0.6430834830253244,0.6359612108328002,0.6417468179103609,0.6493547915633913
10,-9c,-9,-8,84,Machine Learning (Logistic Regression),0.5858732820992997,0.5971086012594374,0.5981372733848366,0.5992822859006223,0.6072722606521828,0.5858732820992997,0.5903331207907596,0.5907733818509497,0.595152091941987,0.5987652085707784
10,-8c,-8,-7,136,LightGBM,0.5351142533782874,0.5441608972424425,0.5493707486124618,0.5528427130966674,0.5479206209961783,0.5359750996523394,0.5447384832719325,0.5351142533782874,0.5417681311958404,0.5569035213766851
10,-7c,-7,-6,176,LightGBM,0.6102867665621989,0.6154284945247633,0.6138300444520444,0.613529899139884,0.6160599020251615,0.6171462276003711,0.6140275797928452,0.6102867665621989,0.6113690552309741,0.614227675758308
10,-6c,-6,-5,296,LightGBM,0.5719462821606316,0.5731391479709377,0.5752083987632366,0.5770375459173999,0.5732543190220356,0.573279358609691,0.5765958666172264,0.5719462821606316,0.5744868580274001,0.5832959464232023
10,-5c,-5,-4,557,LightGBM,0.6111179870166842,0.6140832900956295,0.6133015735445809,0.6134270010955789,0.6161575359031102,0.6171402857537956,0.6138299152516153,0.6111179870166842,0.6137418454759446,0.6146680386968035
10,-4c,-4,-3,1339,LightGBM,0.590822406366169,0.5931696427221919,0.594707133858792,0.59609442750591,0.5929067510424254,0.5937118193140537,0.5929565387604545,0.590822406366169,0.5927487892306874,0.6007308882500297
10,-3c,-3,-2,4011,LightGBM,0.5970972487581293,0.599136347259108,0.6000931902490483,0.6011338601810284,0.5992712482963025,0.6008239791189675,0.5988572568317602,0.5970972487581293,0.5985897490879803,0.6040235751128826
10,-2c,-2,-1,10144,LightGBM,0.5800292320024762,0.5815350716431789,0.5830465506425803,0.5845024275673832,0.5826275475927003,0.5819126888084657,0.5810505353617583,0.5800292320024762,0.5808687510306667,0.5867378997161037
10,-1c,-1,0,27429,LightGBM,0.5704361419377121,0.5736530797211701,0.5745994607366031,0.5759361332256936,0.5750399756613274,0.5740306379162345,0.5718374432693324,0.5704361419377121,0.5714986293322035,0.5783250688451611
10,+0c,0,1,81884,LightGBM,0.5620267198816898,0.5668879609677295,0.5677997643740719,0.5692151245088435,0.5668879609677295,0.5672566810705029,0.5639969781561687,0.5620267198816898,0.5637990927070009,0.5722809442896334
10,+1c,1,2,27595,LightGBM,0.5658151240057646,0.5682303765453283,0.5698646675887502,0.5715272142929846,0.5691754289368854,0.5682065404948824,0.5670200406046879,0.5658151240057646,0.566874642388729,0.5744084966129979
10,+2c,2,3,10295,LightGBM,0.5867339003497127,0.58897874967927,0.5895631587942817,0.590528191100611,0.5904057150684898,0.589625023542195,0.5881870945872164,0.5867339003497127,0.5880071716746434,0.5928029964334851
10,+3c,3,4,4065,LightGBM,0.6016282043620658,0.60395668252775,0.6044823190246584,0.6052743121785287,0.6070551414120705,0.6042490558713529,0.602097433239986,0.6016282043620658,0.6022461157687843,0.6074355557498923
10,+4c,4,5,1327,LightGBM,0.607882304123625,0.610261975609919,0.6100263794231658,0.6104626208769496,0.6128105260240236,0.6100855715306124,0.6096480749318525,0.607882304123625,0.6097188105727577,0.6145390524563075
10,+5c,5,6,537,LightGBM,0.6100416935661725,0.6151678104641474,0.6135721396361505,0.6134262481360833,0.621199505061988,0.6132135767047238,0.6109369039137321,0.6100416935661725,0.6101843668362439,0.6217217365522315
10,+6c,6,7,317,LightGBM,0.580295840554019,0.5894671198951466,0.5905073292312055,0.591687117164341,0.592880219121516,0.588401576863019,0.5880845787715319,0.580295840554019,0.5890189515928907,0.5945164388399279
10,+7c,7,8,200,LightGBM,0.5646775474608902,0.574654769456767,0.5760821521350775,0.5775760107067939,0.5788324797545211,0.5727179541929366,0.569437514779006,0.5646775474608902,0.5704999761895297,0.5844038300594137
10,+8c,8,9,132,Machine Learning (Logistic Regression),0.5819972535907422,0.5953082688817696,0.5970648243913986,0.5984912887798741,0.6049595742918283,0.5819972535907422,0.5869575051544169,0.5892665982367088,0.5890475785270152,0.5977259111196906
10,+9c,9,10,89,Machine Learning (Logistic Regression),0.5479025532126052,0.5492573501414522,0.5521656124079575,0.5545115141096019,0.5520112741268361,0.5479025532126052,0.5549244438563291,0.5634637908780661,0.5535664462838069,0.5550784631681974
10,+10c,10,11,56,Momentum-Adjusted Gaussian,0.44816586964170074,0.45115586094187743,0.46225881954591413,0.4692733531517589,0.44816586964170074,0.45524699109039435,0.46150312946149674,0.45990058437596026,0.4624669677968728,0.4881760799870373
10,+11c,11,12,48,XGBoost,0.6326054354879825,0.6564901261165746,0.652653079783255,0.6511581290664238,0.6686318284017214,0.639423936138039,0.6326054354879825,0.6372760129676002,0.6351922499366368,0.6533496490873829
10,+12c,12,13,33,Momentum-Adjusted Gaussian,0.598437125676078,0.5989754903408266,0.6000878725665285,0.6011372186872477,0.598437125676078,0.6095308764355278,0.6046471846577388,0.6063488827345959,0.6067532598440042,0.6030911726828035
10,+13c,13,14,20,Momentum-Adjusted Gaussian,0.5454496975557519,0.5501685673862103,0.5551959562977109,0.5585088002667737,0.5454496975557519,0.575436501655128,0.5731889749063857,0.5653619705868665,0.5776417857803995,0.5639819984849753
10,+14c,14,15,22,Standard Gaussian,0.4973515575749294,0.4973515575749294,0.5054910137900248,0.5107713880880081,0.4977792688595658,0.49996517030716914,0.5253924353290604,0.5134436077304071,0.5149953058887529,0.5054236900807502
10,+15c,15,16,13,LightGBM,0.6823097217666197,0.7289865326829552,0.718692523411593,0.713345769484354,0.7433467390949353,0.7083802702859459,0.6924536195979194,0.6823097217666197,0.6868630726273098,0.7027472108164029
10,+16c,16,17,16,Momentum-Adjusted Gaussian,0.5325764107333019,0.5389503528524948,0.5441635117320529,0.5477048708829679,0.5325764107333019,0.5857262492544169,0.5771538198631476,0.55331792342726,0.5663041164526996,0.555695523329989
10,+17c,17,18,14,Machine Learning (Logistic Regression),0.5053396620408745,0.5055741062436621,0.5136007762476696,0.5188656994008851,0.5081362374621329,0.5053396620408745,0.5442948550217896,0.539582552003565,0.5313828604740173,0.5312849555112548
10,+18c,18,19,15,PySR (Symbolic Regression),0.7497516471711041,0.7876587524510417,0.7730430967638074,0.7652742035794152,0.7837191560163859,0.8714545128740874,0.7744791813930518,0.77740119118379,0.7715290323825853,0.7497516471711041
10,+19c,19,20,12,Machine Learning (Logistic Regression),0.571755530374536,0.620575463057519,0.6198248940692968,0.619821862947526,0.6336016892358337,0.571755530374536,0.6325043923971757,0.6581596422898975,0.6387776244419116,0.5941435275210363
10,+20c,20,21,10,Momentum-Adjusted Gaussian,0.5862851416195238,0.593537925752341,0.5982106617597,0.6011419261234119,0.5862851416195238,0.6636643702394196,0.6149533575729497,0.6144132914896675,0.6123706368889315,0.6126816229618206
10,+21c,21,22,5,Machine Learning (Logistic Regression),0.44740246815390494,0.47330853731793654,0.4843243419510593,0.4911879862642768,0.480090638204658,0.44740246815390494,0.5151489676887756,0.5220058924812854,0.5212431460944713,0.516297527612134
10,+22c,22,23,3,XGBoost,0.7201101823494453,1.113455193005698,1.0493177228294142,1.0163440874823952,1.181766189010491,0.918214503332683,0.7201101823494453,0.7276431354603421,0.7278373237186392,1.0155274691134888
10,+23c,23,24,7,Momentum-Adjusted Gaussian,0.44747541087269926,0.4541849036290239,0.4658747949223966,0.4731927987840517,0.44747541087269926,0.5048567595835554,0.5759948652403007,0.6080453029623932,0.5629060615209627,0.47712852601013367
10,+24c,24,25,4,LightGBM,0.7049846022632483,1.235561042327003,1.1661843227965942,1.1296890568148525,1.3112074038411472,0.9849912012433746,0.8064090870456893,0.7049846022632483,0.8167321766643927,1.1073240685901042
10,+25c,25,26,4,Standard Gaussian,0.521332259528278,0.521332259528278,0.5301073322214344,0.5355653781992881,0.5239334147653367,0.530985280018234,0.5882624276580797,0.5960867775068027,0.5887667037754512,0.5482067433617966
10,+26c,26,27,2,Machine Learning (Logistic Regression),0.4888667657907695,0.5477087078692704,0.5548517676736366,0.559329286629362,0.5579809722076012,0.4888667657907695,0.533473655260196,0.5085389169363437,0.526103355053441,0.5710066236452833
10,+27c,27,28,4,CatBoost,0.7914097751412208,0.9195857415485208,0.870827453773344,0.8467681959997038,0.9431880672952645,0.9916860977500921,0.8289607541981558,0.8806403129331344,0.7914097751412208,0.8409407401110607
10,+28c,28,29,2,Momentum-Adjusted Gaussian,0.05179218250464164,0.07309127951038852,0.10493587487704446,0.12503747212903552,0.05179218250464164,0.15738176541980037,0.4056170020457357,0.40505106463964985,0.44324526841327433,0.07718054841133781
10,+29c,29,30,2,Machine Learning (Logistic Regression),0.3733173556832614,0.5644326814750145,0.5649902752280874,0.5664927445207595,0.5906166848754266,0.3733173556832614,0.6159270377695882,0.6948446376415053,0.6376474751142692,0.49899826775966655
10,+30c,30,31,3,CatBoost,0.6820884393945916,0.9789030355081282,0.9476242912458828,0.9299479288839301,1.0257921477397822,0.7243964106626478,0.7783096838560594,0.7345777802429154,0.6820884393945916,0.881810084007133
10,+32c,32,33,4,CatBoost,0.6499165245281826,0.9285446760738598,0.8983556944134685,0.8818027823969392,0.9602857019853752,0.8276964427817165,0.742914594212939,0.6963013324518317,0.6499165245281826,0.8505858533506152
10,+33c,33,34,1,Momentum-Adjusted Gaussian,0.2484613720982151,0.27443685825010666,0.2954071527814327,0.3085055665170585,0.2484613720982151,0.5491482026912384,0.558868758896076,0.6150808554734736,0.5075143279042071,0.3524316957852174
10,+34c,34,35,4,CatBoost,0.6621416315374382,1.0952438778707083,1.024312171944958,0.989460018262113,1.160025666806701,0.951079470501176,0.6860587867956975,0.6696580096366562,0.6621416315374382,1.0257462921439073
10,+35c,35,36,1,CatBoost,0.632341224002479,1.2378742820096473,1.1976055641966465,1.1734936165242467,1.3093332388552212,0.6921151558336837,0.6537889643601718,0.6355824341137944,0.632341224002479,1.0780498926760331
10,+36c,36,37,1,Momentum-Adjusted Gaussian,0.31471077484614857,0.3424903391688498,0.3594162209910989,0.370027305652402,0.31471077484614857,0.7086567781895116,0.7126152373948307,0.7529486591664794,0.6736302169206856,0.41590706535304445
10,+39c,39,40,2,CatBoost,0.5111218593426703,1.301844967235963,1.187670095815853,1.1316527686503004,1.4000825872193798,1.037457528745084,0.5578364775635543,0.5652888650956176,0.5111218593426703,1.1925764309992706
10,+43c,43,44,1,CatBoost,0.32470247926821444,2.4079459000524,2.129948913173099,1.9933269051772067,2.659260405204401,1.3878522155595434,0.4588963960884656,0.35498054351035335,0.32470247926821444,2.140105741763611
10,+45c,45,46,1,Momentum-Adjusted Gaussian,0.12783335576206695,0.15082287310072942,0.17992340901333997,0.19790555479313546,0.12783335576206695,0.4379916286419498,0.8291625713696018,0.9343320349154076,0.6736685838866339,0.21229796769860537
10,+59c,59,60,1,Standard Gaussian,0.01005033585350145,0.01005033585350145,0.03434176114538449,0.05260391253782276,0.01005033585350145,0.0907926466004143,0.6884959773000443,1.0913941891572494,1.6949721961572954,0.01005033585350145
9,-68c,-68,-67,1,Momentum-Adjusted Gaussian,0.17435339619191137,0.19845094744646924,0.22438762644004973,0.2404797841634145,0.17435339619191137,0.5389657346433703,0.30260413205524916,0.6633116591116357,0.43149780336934623,0.2803448226886618
9,-67c,-67,-66,1,Momentum-Adjusted Gaussian,0.19845094290343226,0.22314355503950006,0.24742844908632922,0.2625315946877678,0.19845094290343226,0.588776616221645,0.34476305934955376,0.7554400700447945,0.3965679627641608,0.308329339459616
9,-61c,-61,-60,1,CatBoost,0.33461937879331866,2.207274918608325,1.9855720268328911,1.872473071906243,2.4079456103075567,1.3412367012139785,0.5320662750226824,0.5245896234294625,0.33461937879331866,1.854695576186794
9,-58c,-58,-57,1,CatBoost,0.29970850469904864,0.4155154493802699,0.4285464019691555,0.4367266718334998,0.38566248672862224,0.9111988975405373,0.3311512837647729,0.6279332692205981,0.29970850469904864,0.48884242293050506
9,-54c,-54,-53,3,XGBoost,0.24268365818384793,0.4010044267066178,0.4148133370995639,0.4234793021690774,0.37156023786907766,0.836855929153889,0.24268365818384793,0.5532488500776627,0.2681639428339184,0.4762914597795554
9,-52c,-52,-51,1,CatBoost,0.15640711827320922,0.5447271528330139,0.5516104761665126,0.5559233510490315,0.5108256026560125,1.0844707497711328,0.18762684040383285,0.35706258136463226,0.15640711827320922,0.5909500775839078
9,-51c,-51,-50,1,CatBoost,0.23897008727642047,0.5621189307018876,0.5682087504190577,0.5720225680143206,0.5276327549630367,1.103553086978537,0.384866057495299,0.3627925718254101,0.23897008727642047,0.6040641513539676
9,-49c,-49,-48,2,CatBoost,0.21077957520292262,0.5361799444269483,0.5434548147247553,0.5480140935512106,0.5025609596704423,1.030787582430867,0.2712841395462134,0.3937189988911073,0.21077957520292262,0.5844446118586613
9,-48c,-48,-47,1,CatBoost,0.3018040579948582,0.6931471805599453,0.6931471805599453,0.6931471805599453,0.6539264682663464,1.2912734711114944,0.5458227826059066,0.5163355372293943,0.3018040579948582,0.6997311596409789
9,-47c,-47,-46,1,XGBoost,0.7431167605603294,1.3093332802473332,1.2608994937714864,1.2321545398308682,1.386294316416408,0.7916194876542424,0.7431167605603294,0.8327736893466731,0.7431400195415746,1.1086067747228843
9,-46c,-46,-45,2,CatBoost,0.3739486342444993,0.44166981397845656,0.4543604503816808,0.4622729644138541,0.41049027489192835,0.8192221323501886,0.3878838199133307,0.4603467101392986,0.3739486342444993,0.4965956899973061
9,-45c,-45,-44,1,CatBoost,0.7492289791697931,1.3093332802473332,1.2608994937714864,1.2321545398308682,1.386294316416408,0.81312128754214,0.7559397774715129,0.852785609093749,0.7492289791697931,1.1086067747228843
9,-42c,-42,-41,1,Momentum-Adjusted Gaussian,0.3566749343594145,0.385662470293518,0.40023582288802784,0.4093819224282713,0.3566749343594145,0.6846938016272288,0.5051854364076113,0.37036620105841206,0.37077575904856924,0.463698825971026
9,-41c,-41,-40,3,CatBoost,0.33064235420171356,0.5213225237642901,0.5295769807898879,0.5347475054922842,0.4878720470784275,0.9051743709769134,0.3665088977334254,0.4655760597593452,0.33064235420171356,0.567620190689324
9,-40c,-40,-39,2,CatBoost,0.6129055258945635,0.9535851296642688,0.9315988366319325,0.9186217459545098,0.9742066072201554,0.9468078306136218,0.6582018382106607,0.6422835502849586,0.6129055258945635,0.869626710778933
9,-38c,-38,-37,2,CatBoost,0.40336755695947,0.7032485244873345,0.7027540037789807,0.7024459614614429,0.6636355018535773,1.1685747582271406,0.5087896820135309,0.5445733292810712,0.40336755695947,0.7069171990967469
9,-36c,-36,-35,1,CatBoost,0.5573183847957854,0.7339691353437714,0.7319483958747273,0.7306907334146528,0.693147143307043,1.1851528266495315,0.745384380248518,0.6693590537801585,0.5573183847957854,0.7286940304275838
9,-35c,-35,-34,2,Momentum-Adjusted Gaussian,0.24796850452893196,0.2740907034018021,0.2955470049054429,0.30888305276400463,0.24796850452893196,0.4409105449486588,0.3267199738395138,0.3830378989221376,0.38742027774358545,0.3498667698171361
9,-34c,-34,-33,1,XGBoost,0.3230638680128226,0.385662470293518,0.40023582288802784,0.4093819224282713,0.3566749343594145,0.6102292071103776,0.3230638680128226,0.35639107317044183,0.3867548003499646,0.463698825971026
9,-33c,-33,-32,1,CatBoost,0.5925839179086149,0.7765288361461108,0.7722955985116199,0.7696658678508014,0.7339692207150076,1.2020392053053228,0.6551661891529427,0.7152944200228813,0.5925839179086149,0.758597448388998
9,-32c,-32,-31,1,Momentum-Adjusted Gaussian,0.17435339619191137,0.19845094744646924,0.22438762644004973,0.2404797841634145,0.17435339619191137,0.3034600385539198,0.3921903665147442,0.3264405484867017,0.40898260871442704,0.2803448226886618
9,-31c,-31,-30,3,Machine Learning (Logistic Regression),0.22823528592335837,0.3577407933562964,0.37422925484885133,0.38464820999312144,0.37340362972409086,0.22823528592335837,0.45932231021888176,0.4547764368613196,0.5223718612355402,0.38204491027891035
9,-30c,-30,-29,2,LightGBM,0.7055655908172853,1.135543224489747,1.0504911602032823,1.0078440891238103,1.215209244020496,0.9837940286470288,0.8050158485157235,0.7055655908172853,0.731091369529777,0.9930551117039028
9,-28c,-28,-27,2,Machine Learning (Logistic Regression),0.4366692638421209,0.5394048267415401,0.5473094076316144,0.5522098160568913,0.5534230420491575,0.4366692638421209,0.5515444220861837,0.5320239438014147,0.6088413804198307,0.538085752688823
9,-27c,-27,-26,3,LightGBM,0.5946050883501859,0.6287926434935235,0.6308458928050795,0.6322003484523632,0.6142106140033049,0.7416034477744994,0.6277977435570078,0.5946050883501859,0.6434552703731634,0.6404685116981363
9,-26c,-26,-25,6,LightGBM,0.6764179763292244,0.8305961953259905,0.8045933133950299,0.7913107203906077,0.8384679191097266,0.9172347366554766,0.7124725592226863,0.6764179763292244,0.6956375644686231,0.7807769198418831
9,-25c,-25,-24,3,Machine Learning (Logistic Regression),0.5019912913495005,0.6961580511319473,0.6926940714822102,0.6907750097992401,0.7401016082088979,0.5019912913495005,0.687348814203309,0.6956498529554517,0.6418086871968187,0.6743028634471259
9,-24c,-24,-23,6,CatBoost,0.636625006785666,0.7416370773501143,0.7175778637932035,0.7060837107687677,0.771608817680408,0.6998776670687458,0.6730190796828276,0.6536404672521382,0.636625006785666,0.7083393460894495
9,-22c,-22,-21,5,PySR (Symbolic Regression),0.5894106962998997,0.5895446344606389,0.5917819760936922,0.5934159753729753,0.5912747856720677,0.6037056482391919,0.5954927297688908,0.6076108904942394,0.6010664375054166,0.5894106962998997
9,-21c,-21,-20,6,LightGBM,0.6740692616601841,0.8020032103101521,0.7874032570370564,0.7792495147364127,0.7866447613643855,0.9327799141916279,0.6937383778444888,0.6740692616601841,0.7461422950068646,0.7550074104213859
9,-20c,-20,-19,5,Momentum-Adjusted Gaussian,0.504142943350103,0.5313577919150159,0.5328580451013835,0.5344775990518494,0.504142943350103,0.6264577069374754,0.5932825772029406,0.5561536385127688,0.5891049468228176,0.5354314214060898
9,-19c,-19,-18,5,PySR (Symbolic Regression),0.7010331388933654,0.7249112846161865,0.7189082156306865,0.7155355824324487,0.7262178044681802,0.7369792650203867,0.7683305058694734,0.7332028549940731,0.7348665326865146,0.7010331388933654
9,-18c,-18,-17,12,XGBoost,0.7001230520782046,0.7692561626109883,0.7547382638413466,0.7469080272582258,0.8007573758183808,0.70136379315548,0.7001230520782046,0.735097331486024,0.7113483086649645,0.7201554867266831
9,-17c,-17,-16,4,Machine Learning (Logistic Regression),0.4641102812503388,0.5191616917537364,0.5257809888363055,0.530423938901513,0.5326784971364271,0.4641102812503388,0.5637973500910161,0.6065488653683142,0.5633984133985526,0.5115988296006749
9,-16c,-16,-15,12,LightGBM,0.6179449254509738,0.6303756478679348,0.6275310942344906,0.6264380892662945,0.6402148447982339,0.6195220094376956,0.6184114731651793,0.6179449254509738,0.6247829121824521,0.6190856209149672
9,-15c,-15,-14,23,LightGBM,0.6469516696077678,0.7502420128754845,0.7094517607522927,0.6932534406629234,0.8123018962190934,0.7311571342506997,0.661658355543816,0.6469516696077678,0.6582412458100692,0.8035225841892237
9,-14c,-14,-13,22,LightGBM,0.5777979811575,0.6428294799955846,0.6292912496127007,0.6238257756876096,0.6595315938629306,0.6457185400990021,0.6054207029150068,0.5777979811575,0.6100203789063371,0.645416113876731
9,-13c,-13,-12,22,Momentum-Adjusted Gaussian,0.6454035651923422,0.666606834661075,0.6620739945961879,0.6598357365744908,0.6454035651923422,0.7237254047218599,0.6891685727392682,0.6726390357547699,0.6896816126291739,0.6564330143595043
9,-12c,-12,-11,24,LightGBM,0.5363709013389432,0.5540776157626452,0.5502730750795094,0.5500301545673539,0.5612228198793906,0.5543715426068986,0.5397943001260682,0.5363709013389432,0.5483423563652267,0.5558947807383388
9,-11c,-11,-10,39,Machine Learning (Logistic Regression),0.49279277669161287,0.49430903119563296,0.5023597124787157,0.5075689700752267,0.49298748556180555,0.49279277669161287,0.5035043440856243,0.5004697869042474,0.5001421855959802,0.5166191961764588
9,-10c,-10,-9,72,PySR (Symbolic Regression),0.6272211500941395,0.6421042794737013,0.6368663541681677,0.6345553585164468,0.6477900465433221,0.6391029390211033,0.6314933709628391,0.6278858424819922,0.6376583948689803,0.6272211500941395
9,-9c,-9,-8,85,LightGBM,0.5865111131613457,0.5918951266529521,0.59104463812131,0.5913495765669892,0.5893107231450675,0.6000674272387877,0.5906757874070444,0.5865111131613457,0.5934841285392003,0.5873116422256379
9,-8c,-8,-7,110,LightGBM,0.5286231826703542,0.5338793368050514,0.5366513676267064,0.5390751733856475,0.5348934355868566,0.5349086332411621,0.534207603681355,0.5286231826703542,0.5296786797474631,0.5422932209930312
9,-7c,-7,-6,194,Momentum-Adjusted Gaussian,0.5442258840824832,0.5458111190513761,0.5482440284429047,0.5504694414142574,0.5442258840824832,0.5497390572319886,0.5500809059201981,0.5463528555562581,0.5477946192575889,0.5602971955313512
9,-6c,-6,-5,231,LightGBM,0.581318994175089,0.5866462424520773,0.5863985295333728,0.587031759652635,0.585546104520683,0.5920506672608721,0.5870655636933448,0.581318994175089,0.5877890373958202,0.5858766954501623
9,-5c,-5,-4,528,LightGBM,0.5954384412846625,0.5990003007015167,0.5977904318275802,0.5978543842360932,0.6043045167903754,0.5984898536677068,0.5994147944012606,0.5954384412846625,0.5976324169572464,0.5999928010923864
9,-4c,-4,-3,1289,Momentum-Adjusted Gaussian,0.5729640861099355,0.5738513638605824,0.5751161894444409,0.5765860411298309,0.5729640861099355,0.5760118855886841,0.5738647485395637,0.5730693184544264,0.5739136148624415,0.5835904972842136
9,-3c,-3,-2,3710,LightGBM,0.5893925202191179,0.5912077046780302,0.5919104492996119,0.5928957178968126,0.592900359175868,0.5932062085033522,0.5897599925110873,0.5893925202191179,0.5897999210106855,0.5925185533502803
9,-2c,-2,-1,9173,LightGBM,0.5590309482432124,0.5610362946652114,0.5624369823955447,0.5640421409576661,0.5624736047306279,0.5617563040495649,0.5600897621249087,0.5590309482432124,0.5599524051520933,0.5661698526036213
9,-1c,-1,0,25011,LightGBM,0.5397250452484765,0.5418161597665083,0.5440638049738624,0.5462559282445932,0.5429853601677362,0.5422825952375165,0.5409004539321954,0.5397250452484765,0.5407477176375688,0.5474109931696151
9,+0c,0,1,74596,LightGBM,0.5270277604889521,0.5300433611865158,0.5325740795508741,0.5350329617515237,0.5300433611865158,0.53043406349179,0.5288553465479287,0.5270277604889521,0.528758130573324,0.5361682183770518
9,+1c,1,2,24887,LightGBM,0.5409644116612508,0.543108404430026,0.5451255434797734,0.5472062714333231,0.5447383950829481,0.5433463156244206,0.5422325654201585,0.5409644116612508,0.542138811734461,0.5484851937336236
9,+2c,2,3,9465,LightGBM,0.5586265404645664,0.5609327328006805,0.5624919440339293,0.5641732345369656,0.5631562173864914,0.5610594648846594,0.5596466064316895,0.5586265404645664,0.5594309106293518,0.5661825173555866
9,+3c,3,4,3696,LightGBM,0.5757440540886286,0.5780486449379296,0.5793923639395334,0.5808053138781778,0.5815022840357742,0.5772765514000431,0.5762115692003602,0.5757440540886286,0.5760995987768842,0.5840331468474976
9,+4c,4,5,1184,LightGBM,0.5664480947610362,0.5683239674462077,0.5705286519716832,0.572417753034637,0.5699758383341333,0.5677456862024036,0.5681651690411798,0.5664480947610362,0.5686149272265268,0.5770728422823648
9,+5c,5,6,488,LightGBM,0.580052812329104,0.5836054946229624,0.5844329166901672,0.5855594721715311,0.5852824269614906,0.5849055608868912,0.5822320283230367,0.580052812329104,0.5826412814789624,0.5884432920241571
9,+6c,6,7,255,LightGBM,0.5727691079477937,0.5864565519346688,0.5856208909106209,0.5859634359138732,0.5934290223252117,0.583364644982507,0.5770959566638357,0.5727691079477937,0.5785814762888525,0.5856987531735087
9,+7c,7,8,148,Momentum-Adjusted Gaussian,0.5594307191338718,0.5632311605051614,0.5659288214336052,0.5680815494650926,0.5594307191338718,0.5740602030243319,0.570466523543078,0.5706004393821208,0.5704173908912286,0.568024994808741
9,+8c,8,9,124,Machine Learning (Logistic Regression),0.5236317880161402,0.5347386460643998,0.537848253237862,0.5403768962155199,0.5420294340402225,0.5236317880161402,0.5302496166243974,0.5272619029586183,0.5272183968327165,0.546632871655288
9,+9c,9,10,78,LightGBM,0.6467173223491434,0.6975304063178609,0.6820642128934253,0.6747041758760897,0.7108379843916527,0.6947871870128176,0.6674727052865642,0.6467173223491434,0.6670465273747072,0.6701647379123368
9,+10c,10,11,58,LightGBM,0.5990742763640194,0.6132158201014921,0.6125496378905398,0.612797761025927,0.611402132885414,0.6293150171755572,0.6132468568476852,0.5990742763640194,0.6141332941404039,0.6175315051139536
9,+11c,11,12,41,LightGBM,0.5564261507454026,0.5743993330913642,0.5690417718092249,0.5674317128297311,0.5766573864933924,0.5844404327339766,0.5711190718610984,0.5564261507454026,0.5631064814743637,0.5632426566578693
9,+12c,12,13,36,Momentum-Adjusted Gaussian,0.5655796438195725,0.5684043982260025,0.5706589874355825,0.572571117697609,0.5655796438195725,0.5916832252097602,0.5922862544341466,0.598315894798807,0.589906118984208,0.5744563576281513
9,+13c,13,14,25,Machine Learning (Logistic Regression),0.44074378325853203,0.4739344540641159,0.481534316344117,0.48671729933315205,0.48510350681117986,0.44074378325853203,0.4712030784647249,0.4605085778919262,0.46331330539236176,0.5057844093010845
9,+14c,14,15,16,Machine Learning (Logistic Regression),0.5551363478489364,0.6050074783181953,0.605462474275981,0.6061255041604243,0.6218056201282185,0.5551363478489364,0.5585421087064057,0.5766918810098515,0.5687993002554965,0.598013251170534
9,+15c,15,16,16,LightGBM,0.6248172582157276,0.6856436979688416,0.6813129604300228,0.6790465516372723,0.6896366242361569,0.6872327736620352,0.6559817128250292,0.6248172582157276,0.6509659049330905,0.6748383302814278
9,+16c,16,17,12,PySR (Symbolic Regression),0.69915518812897,0.7425272509736498,0.725480935339033,0.7168723429835206,0.7585349910355389,0.7296413688502086,0.7145423178384904,0.7231115476830636,0.7103409720464842,0.69915518812897
9,+17c,17,18,10,CatBoost,0.7472383529239184,0.9441489576760139,0.8594279950584134,0.8279258620867159,1.00187202452523,0.9389264354928152,0.7618948727856465,0.7831251024769843,0.7472383529239184,0.9987408933493613
9,+18c,18,19,7,Momentum-Adjusted Gaussian,0.48121344180511605,0.5049114907185454,0.5120246681620865,0.516838641445325,0.48121344180511605,0.6400219289915344,0.5857186278591611,0.5771098273162594,0.5854159395831607,0.506534688000835
9,+19c,19,20,7,Machine Learning (Logistic Regression),0.5183858288273309,0.56307252795987,0.5696539829278954,0.5737535496485735,0.5727731064403869,0.5183858288273309,0.5643623676040982,0.5229936325103278,0.5563766809903429,0.5738668793758285
9,+20c,20,21,8,Machine Learning (Logistic Regression),0.7962842619098363,0.8734532533510766,0.8492550365430005,0.8358887366777826,0.9022240078442683,0.7962842619098363,0.8017616045564242,0.8142628131010833,0.8093317502197656,0.8067495319013713
9,+21c,21,22,4,Momentum-Adjusted Gaussian,0.47448508336179124,0.48757309748036526,0.497502174107887,0.5037143961519419,0.47448508336179124,0.584949163661096,0.5702638420118319,0.5893467771628697,0.5528997752637038,0.532793554335791
9,+22c,22,23,4,LightGBM,0.5669814759329675,0.7451617023019607,0.7213381367323393,0.7095807733312753,0.7808660069163701,0.6153843913120607,0.6181167008693768,0.5669814759329675,0.6490607724524105,0.680848630772703
9,+23c,23,24,7,LightGBM,0.7153047409813335,0.7711971267376694,0.7484463722953706,0.7372839229059979,0.7869176508646846,0.7882008509814685,0.7202541828240089,0.7153047409813335,0.7373145971782696,0.7351684712334042
9,+24c,24,25,3,CatBoost,0.5834788720340002,0.7240862228592378,0.6981065614696784,0.6852642864045192,0.7529580954215137,0.6457896474065007,0.60644036543404,0.6295315166582705,0.5834788720340002,0.6654781335954789
9,+25c,25,26,2,Machine Learning (Logistic Regression),0.26772418034541384,0.4861660458079253,0.495759331816475,0.5017781725360259,0.5192291660761877,0.26772418034541384,0.3323664260251926,0.3343670057579056,0.3693344390359343,0.5457996647111372
9,+26c,26,27,2,Momentum-Adjusted Gaussian,0.2961986462950026,0.32351362959934366,0.3416980037753846,0.35307119823047917,0.2961986462950026,0.544140387843601,0.5653727977479781,0.5501907453435133,0.5105305206671193,0.3963732781687269
9,+27c,27,28,4,LightGBM,0.5961287615995696,1.486726299115134,1.2677845946781863,1.1843252039748093,1.6762117651375854,1.1496387374840453,0.6674879673349241,0.5961287615995696,0.6235052503241658,1.6571109613975226
9,+28c,28,29,5,Momentum-Adjusted Gaussian,0.3900276002900823,0.4052340317531983,0.4197399409976999,0.4288998112076845,0.3900276002900823,0.5356809040730779,0.5981006422864243,0.6445501162048346,0.6141789220230957,0.41369488021926487
9,+30c,30,31,2,CatBoost,0.6853343604849145,1.0727907036775581,0.998875453414109,0.9614423279736153,1.1453282939073113,0.8093684128581232,0.72191702422471,0.7073271803253529,0.6853343604849145,0.9344386128953497
9,+31c,31,32,2,Machine Learning (Logistic Regression),0.41679225980179746,0.7545701306320252,0.7477472991109029,0.7437464752192972,0.8009829847379701,0.41679225980179746,0.5141223524515245,0.4726553914893752,0.4751053893933169,0.7321071058624895
9,+34c,34,35,4,XGBoost,0.5423645771903539,1.007364030436512,0.9568208879324933,0.9304022817246779,1.074147261226585,0.6295860333145991,0.5423645771903539,0.5808776397583253,0.6688524358997648,0.8839267504888875
9,+35c,35,36,3,Momentum-Adjusted Gaussian,0.4515365554057067,0.4565446404194975,0.46851550517714907,0.47596614011695704,0.4515365554057067,0.5645545204638931,0.6076601405162573,0.5795275649720039,0.5974079135901275,0.4998841249608215
9,+37c,37,38,1,Machine Learning (Logistic Regression),0.3184550586002995,0.6931471805599453,0.6931471805599453,0.6931471805599453,0.7339691741488779,0.3184550586002995,0.399721649136089,0.49109856324065865,0.380713162242233,0.6997311596409789
9,+38c,38,39,1,PySR (Symbolic Regression),0.8572949652911087,0.941608576538227,0.9273701560088031,0.9186062935125171,0.8915981552646368,1.7261328837141814,1.3482854244588438,1.5398224411125632,1.263927505670997,0.8572949652911087
9,+39c,39,40,3,XGBoost,0.4820246999599635,1.334987085722215,1.2680393913423522,1.2308750326359255,1.4234951803634839,0.7149820703938791,0.4820246999599635,0.49986159870996544,0.5446029292569237,1.1646069128320822
9,+41c,41,42,3,LightGBM,0.3995882467879725,1.990815594103598,1.800103185194373,1.7050037728288394,2.181037484287493,1.1344715220438777,0.46862481778781073,0.3995882467879725,0.44103416556842173,1.7807466786873667
9,+46c,46,47,1,CatBoost,0.2274017072372456,2.525728852924534,2.211918914654511,2.0610228101891956,2.8134109874645015,1.4053910062419843,0.39411302445951624,0.24818251169414762,0.2274017072372456,2.3080200435947877
9,+48c,48,49,1,CatBoost,0.35399105025274896,1.2039727645895069,1.167305342252385,1.1452634796610934,1.2729656316415892,0.5017364694022212,0.36176809811045774,0.38991020995357223,0.35399105025274896,1.0542512795826726
9,+50c,50,51,1,CatBoost,0.4075104448477281,1.2729657779922836,1.2287858274561987,1.2024442825816417,1.3470737562865946,0.5176899324774744,0.4516088210243729,0.570335425628575,0.4075104448477281,1.1028312307761512
9,+52c,52,53,1,Momentum-Adjusted Gaussian,0.18632957585757665,0.21072102837221335,0.23583429295195407,0.25143409112378806,0.18632957585757665,0.6679809743747944,0.9134438086419701,0.6825522795092941,0.7766542272492715,0.2856948426232783
9,+53c,53,54,1,CatBoost,0.4249589958870375,1.2729657779922836,1.2287858274561987,1.2024442825816417,1.3470737562865946,0.483598604666718,0.5814550189374524,0.79195771446676,0.4249589958870375,1.1028312307761512
9,+54c,54,55,1,CatBoost,0.3325297918674374,1.966112958552229,1.8038372409467056,1.7172867257675197,2.120263651684097,0.8753736704826739,0.37078772750457695,0.5222178610944179,0.3325297918674374,1.6540362373103548
9,+55c,55,56,1,Momentum-Adjusted Gaussian,0.30110505472555116,0.328504027235607,0.3462264159075317,0.35733074058167397,0.30110505472555116,0.9937841681354819,0.4619099268487502,0.4971690390369761,0.4208530383718533,0.4033622931368864
9,+56c,56,57,1,CatBoost,0.4460009870563779,1.5606478504440646,1.477036445113764,1.4291984770020736,1.6607313174039584,0.6043877146694048,0.6825649545297949,1.1752383059729967,0.4460009870563779,1.3140983059616842
9,+61c,61,62,1,CatBoost,0.10531215660191226,2.6592601391121744,2.3024658454425366,2.1350561510472232,2.995732407664451,1.1796634816611387,0.1837250743183996,0.1973471818851065,0.10531215660191226,2.532460710343723
9,+90c,90,91,1,CatBoost,0.11293255775611068,2.99573203513544,2.5199964904730434,2.3098653213299243,3.506557485054607,0.836023523202223,0.2440655244220226,0.15809568527098455,0.11293255775611068,3.4525857468401204
8,-89c,-89,-88,1,CatBoost,0.055152807056400036,4.605170185988091,3.3885142866919247,2.97115100425698,4.605170185988091,2.5410121871191595,0.14269659037674282,0.18331018186662787,0.055152807056400036,4.605170185988091
8,-80c,-80,-79,1,CatBoost,0.10805297841652035,2.99573225865283,2.5199966441344492,2.3098654433524217,3.5065578575835525,1.6394415311025123,0.4045701575244377,0.28020112467131847,0.10805297841652035,3.2642407057464218
8,-66c,-66,-65,1,Momentum-Adjusted Gaussian,0.31471073402104904,0.34249029719374746,0.3594161938731334,0.37002727953827075,0.31471073402104904,0.848613237557108,0.36491042130697887,0.6790304486526311,0.3203998193713137,0.4259037182906942
8,-62c,-62,-61,1,XGBoost,0.15875903529120758,1.8325814861000522,1.699200724455991,1.6263292341313929,1.9661128787245747,1.0373352608280433,0.15875903529120758,0.41124855939126076,0.25956648980887426,1.5045617123699728
8,-59c,-59,-58,1,XGBoost,0.11546607302664472,1.5606477794861495,1.477036376442557,1.4291984152183126,1.6607312389767888,0.8623981462538838,0.11546607302664472,0.23940294181551133,0.29337001044523703,1.2899706358861422
8,-47c,-47,-46,1,XGBoost,0.2286914753565743,2.5257286666599974,2.211918914654511,2.061022810189196,2.813410739111778,1.8140853535094164,0.2286914753565743,0.3161697362601481,0.34100600360970446,2.2441241166647083
8,-44c,-44,-43,1,XGBoost,0.48266826997046286,1.108662584785182,1.0812168995111564,1.0645529705806687,1.1711829377608278,0.6584709927217431,0.48266826997046286,0.6377289535787258,0.6427599105290979,0.9704750392500837
8,-41c,-41,-40,2,LightGBM,0.7168691044909257,1.0012402304036392,0.9561544173262169,0.9316899362454192,1.0469730904829162,0.8600337119779842,0.7395748773152868,0.7168691044909257,0.7181090761655219,0.891722542282013
8,-38c,-38,-37,1,Momentum-Adjusted Gaussian,0.41551546631340786,0.44628712498016154,0.45778878886430446,0.46500854658674146,0.41551546631340786,0.7466817312385036,0.6521677658747422,0.7384040606918245,0.661089459804238,0.514052315915082
8,-34c,-34,-33,1,XGBoost,0.4643316028673352,0.5276327360208827,0.5352991532829979,0.5401048360533897,0.4942963166848722,0.8379030012147362,0.4643316028673352,0.5195730082905327,0.47216324295152307,0.5779391461334148
8,-33c,-33,-32,2,XGBoost,0.539053931245282,0.9859217654124508,0.9575406985679111,0.9411145369895788,1.0124766788187651,0.9575386623011544,0.539053931245282,0.6540735080552307,0.6499229778399496,0.8915205952252342
8,-32c,-32,-31,1,Momentum-Adjusted Gaussian,0.3566749343594145,0.385662470293518,0.40023582288802784,0.4093819224282713,0.3566749343594145,0.5912327052076793,0.5580750480281212,0.4619352839757694,0.47801524775484544,0.463698825971026
8,-31c,-31,-30,1,XGBoost,0.8707366850887506,1.4696759519183977,1.399984086451336,1.359543488478926,1.5606477262677163,1.1271251622464296,0.8707366850887506,0.9725027194522325,0.9187619685908521,1.2228688150017863
8,-29c,-29,-28,2,Machine Learning (Logistic Regression),0.3447765109215061,0.5627348828072494,0.5687986944892387,0.5725969213155147,0.5984986062400313,0.3447765109215061,0.4503585352055802,0.5420223464643042,0.5045648724229551,0.5923515847759846
8,-28c,-28,-27,2,CatBoost,0.7904242018442951,1.2313769278727904,1.1402375381979761,1.09390493765671,1.3086479246834184,1.1339940923691556,0.8949834798692722,0.8206097962953269,0.7904242018442951,1.0957841715301613
8,-27c,-27,-26,1,Momentum-Adjusted Gaussian,0.6348782912732867,0.6733445719632621,0.6742957497805424,0.6748891826104149,0.6348782912732867,0.9810544384981862,0.7566288263050872,0.8504225980578639,0.7911589337669975,0.6855627142008179
8,-26c,-26,-25,3,LightGBM,0.8721429961012767,1.3391278566428895,1.2327160431801343,1.181295007069311,1.4371024347853762,1.2393806901843636,0.9180283417605609,0.8721429961012767,0.9362101883071746,1.2345570914478892
8,-25c,-25,-24,4,XGBoost,0.5695003671982862,0.5819757493156911,0.5869469575248412,0.59008990710496,0.5812175152826178,0.6001875939762964,0.5695003671982862,0.625975913918998,0.5787222006756904,0.6018824534630733
8,-24c,-24,-23,6,XGBoost,0.5229743612142891,0.718530637785132,0.6782585482445826,0.6611555130953906,0.7588958695368273,0.6968826269308898,0.5229743612142891,0.5545944322062994,0.5571001886307411,0.711172391178471
8,-23c,-23,-22,2,Momentum-Adjusted Gaussian,0.7177423300941297,0.7620890622377602,0.7548816953843989,0.7506398632499793,0.7177423300941297,1.0155093109633015,0.8569316205122275,0.822738456966279,0.8156323402359528,0.7383943112981683
8,-22c,-22,-21,12,XGBoost,0.5571047641806469,0.723068920582476,0.7008118113546495,0.6908591253313973,0.7560981019071972,0.6579628857682407,0.5571047641806469,0.5792624578498522,0.6192700717184483,0.7083815538029589
8,-21c,-21,-20,6,LightGBM,0.46680479410421377,0.5403332149112338,0.5466198359852651,0.5506391978820743,0.5361909777474213,0.5737423070378336,0.4684109473727136,0.46680479410421377,0.5239824798756432,0.5678470742083994
8,-20c,-20,-19,5,Machine Learning (Logistic Regression),0.5291249209643032,0.614821324536056,0.617810185037176,0.6198558403531543,0.6335689028422946,0.5291249209643032,0.5561760634771031,0.5572598153660028,0.5597160268343295,0.5869962695228776
8,-19c,-19,-18,6,LightGBM,0.5296696665390472,0.641593834472549,0.6376928858926513,0.6358943726535764,0.6626820689649967,0.593105985829755,0.5635663299629152,0.5296696665390472,0.5740770636243436,0.6450926215502318
8,-18c,-18,-17,8,Momentum-Adjusted Gaussian,0.5225846475364204,0.5238162355468826,0.525013020486496,0.5266553184492919,0.5225846475364204,0.5418649449732078,0.549884260336752,0.5327011571207905,0.5436966940444147,0.5404108790734464
8,-17c,-17,-16,12,Momentum-Adjusted Gaussian,0.34796858237648415,0.35758822329110185,0.3746793355523614,0.38532172538897463,0.34796858237648415,0.3830782601042761,0.4396095535772886,0.43500581378627334,0.3945465384084899,0.4082536492328277
8,-16c,-16,-15,9,LightGBM,0.40864754133149656,0.5846279641280601,0.5477375818667913,0.5350424136283403,0.6495730214754457,0.5208044293699119,0.48972468046315637,0.40864754133149656,0.4716642474101645,0.6551889905996168
8,-15c,-15,-14,8,Machine Learning (Logistic Regression),0.5083792727957712,0.5364003427482363,0.5405822276686686,0.5435157192350688,0.5491557609948484,0.5083792727957712,0.5335563853918295,0.5854862782568231,0.5403938926077014,0.5309498668023953
8,-14c,-14,-13,18,PySR (Symbolic Regression),0.5217462246723417,0.526160851537017,0.5318308703689427,0.5358094611063015,0.5251249441331152,0.5404974665982675,0.5583956875245484,0.5854276419192854,0.5640454200790794,0.5217462246723417
8,-13c,-13,-12,17,Momentum-Adjusted Gaussian,0.5546413551113676,0.555674372485207,0.5611154081827585,0.5646169959003977,0.5546413551113676,0.5668902507577924,0.5613699886578722,0.5583821920522544,0.5628640062556659,0.5710335163489377
8,-12c,-12,-11,28,Momentum-Adjusted Gaussian,0.44017549964457015,0.457457613886886,0.4669082091568465,0.4731911817175008,0.44017549964457015,0.4964290002962022,0.5026170088915152,0.49329333825147825,0.49017389037795933,0.47913274201236894
8,-11c,-11,-10,42,LightGBM,0.4644672239744268,0.4767074582135235,0.4773287706980267,0.47989680903993415,0.4767536971602793,0.4788489806947628,0.48053424072420503,0.4644672239744268,0.47367786343129314,0.49935667741183065
8,-10c,-10,-9,53,LightGBM,0.48948993161355214,0.4968376736380352,0.5026260335548542,0.506755021812881,0.5002315502641745,0.4901868418763793,0.503144485285985,0.48948993161355214,0.4895532496995759,0.517583681613599
8,-9c,-9,-8,91,LightGBM,0.5957922456223831,0.6375480726621805,0.621585405851338,0.6164269646136792,0.6417901321681226,0.6318150571958805,0.613168684699084,0.5957922456223831,0.6164860350750383,0.6266228367803881
8,-8c,-8,-7,127,LightGBM,0.5785253346001181,0.5977574432309852,0.5917850508435584,0.5903582795323362,0.6024928903957045,0.597940272179162,0.593337142840142,0.5785253346001181,0.5914347510837016,0.6059542517377026
8,-7c,-7,-6,174,Student-T df=3,0.6529336897881589,0.6655828084764975,0.6567487061237431,0.6529336897881589,0.676310949111743,0.6650231166751341,0.6589107588300045,0.6580198968872054,0.6607935084688445,0.658086506482377
8,-6c,-6,-5,266,LightGBM,0.5700568332103033,0.577191222833424,0.5746768695283548,0.5746782100045777,0.5844903230966669,0.5754957230183387,0.5755847884525782,0.5700568332103033,0.5739220628893931,0.5813517848588714
8,-5c,-5,-4,490,LightGBM,0.583380626337829,0.5856493194960818,0.5838910456781967,0.5839429202538589,0.5922409004955588,0.5835398466667473,0.5858365736411644,0.583380626337829,0.5859827926838175,0.5918318409450539
8,-4c,-4,-3,1186,LightGBM,0.5422199282975955,0.5453975008522803,0.5486718217220407,0.5513131917738388,0.5454512750236935,0.5453976898991264,0.5439787917454435,0.5422199282975955,0.5432523226067252,0.5564577782815113
8,-3c,-3,-2,3515,LightGBM,0.5616376852147338,0.5639059653151394,0.5652523838350713,0.5668265479947535,0.5655983042007247,0.5647575563550506,0.563120214783087,0.5616376852147338,0.5625424242084056,0.5696954831876289
8,-2c,-2,-1,9306,LightGBM,0.5305200281898668,0.5335276345383059,0.5360548871799107,0.5384452795282576,0.5360507808129885,0.5340341855717338,0.5320423941099718,0.5305200281898668,0.5313536762802231,0.5392067153224508
8,-1c,-1,0,25702,LightGBM,0.50914454597758,0.5124365641171164,0.5151836742531564,0.517950783591025,0.5144087791707085,0.5123815593519907,0.5108297158926988,0.50914454597758,0.5105058295184277,0.5194889994777557
8,+0c,0,1,76509,LightGBM,0.49992457885255,0.5038373304282371,0.5065577005325529,0.5094091022160775,0.5038373304282371,0.5041668585344291,0.5023004111227011,0.49992457885255,0.5019287319350569,0.5102000644641107
8,+1c,1,2,25485,LightGBM,0.5077071304028503,0.5112108761083588,0.5139331872429791,0.5167043934769273,0.5121211626431027,0.511213600587617,0.5096310100109754,0.5077071304028503,0.5091474483969438,0.5184520661890938
8,+2c,2,3,9292,LightGBM,0.5295426776768782,0.5334800443782716,0.535800029397668,0.5381451497871768,0.534893965206785,0.5338282564659089,0.5312586650438145,0.5295426776768782,0.531037665082289,0.540068385111891
8,+3c,3,4,3547,LightGBM,0.5650518190629075,0.5672575873921288,0.5684720875646463,0.569996808233968,0.5686469181077644,0.5678662226484864,0.5665262310891286,0.5650518190629075,0.5664369126970268,0.5732128166992556
8,+4c,4,5,1142,LightGBM,0.5583673053399406,0.5610925690122172,0.563289634974559,0.5653058480189117,0.5619857985184247,0.5612033996590743,0.559986177820672,0.5583673053399406,0.5596628271584769,0.569712246994564
8,+5c,5,6,474,XGBoost,0.5780076823914541,0.5854014900744235,0.5839375021742559,0.5842971251511959,0.5903460429629627,0.5844584073449757,0.5780076823914541,0.579438659632229,0.5797872293093782,0.5930079885036812
8,+6c,6,7,290,LightGBM,0.5433067432290576,0.5474143155458665,0.5493759864539947,0.5514061734966754,0.5509554814358366,0.5443573458826645,0.5503829622992525,0.5433067432290576,0.5479677691485757,0.5593531465842027
8,+7c,7,8,154,LightGBM,0.5197576707573561,0.5264446085078099,0.5304722482198359,0.5335472263559126,0.522970993506446,0.53319565563869,0.5303826067851773,0.5197576707573561,0.5285849680354661,0.5408215543101238
8,+8c,8,9,107,Machine Learning (Logistic Regression),0.4792139469724325,0.48536600325325174,0.4906743661929698,0.494850626786541,0.4900976113156948,0.4792139469724325,0.4833466320667138,0.4842545569372959,0.4798237651391192,0.5040941348883963
8,+9c,9,10,96,LightGBM,0.6016748048469885,0.6046473393026813,0.6023790934996219,0.6018367577925209,0.6067862142144623,0.6088589667816243,0.6106735327391843,0.6016748048469885,0.6077076929918074,0.6058691774298706
8,+10c,10,11,63,LightGBM,0.5671535805900229,0.5832639274781881,0.58365839379969,0.58450193740879,0.5826658982870166,0.5949108335743534,0.5843276703773133,0.5671535805900229,0.5831983708575607,0.5873234061442787
8,+11c,11,12,43,LightGBM,0.5572945165199823,0.593767722554068,0.5819850060285937,0.5786589886712132,0.6162180295123215,0.5957633105993022,0.5769534460795196,0.5572945165199823,0.5698243442560637,0.6243234700981383
8,+12c,12,13,32,PySR (Symbolic Regression),0.6662632145776418,0.6877632936871801,0.6820794550709737,0.6791393032232369,0.6961683977052295,0.6815491830573758,0.6776550118105567,0.6690691864809997,0.6786338091236007,0.6662632145776418
8,+13c,13,14,35,Momentum-Adjusted Gaussian,0.5116647022554726,0.516031837764477,0.5231528192697635,0.5277344441325177,0.5116647022554726,0.5362158093450435,0.5337406161085858,0.537655620084413,0.5377712590062349,0.5314452339320378
8,+14c,14,15,23,LightGBM,0.6326943806909491,0.657147651091637,0.647862264174395,0.6435417581009978,0.6691444533226719,0.6443709797157037,0.6346912407962056,0.6326943806909491,0.6371235816436989,0.6358844801219273
8,+15c,15,16,19,CatBoost,0.6352559161564585,0.6798004272349207,0.6539156946875838,0.6439779223917407,0.7058590706111199,0.7088146199446633,0.6456204357415484,0.649551779222047,0.6352559161564585,0.7577838011588625
8,+16c,16,17,14,LightGBM,0.7603615112129295,0.952265554572637,0.9022415302986461,0.878731306129574,1.0147046568723066,0.8538476318735443,0.8050560127782074,0.7603615112129295,0.7968752530132089,0.9527721909658907
8,+17c,17,18,13,CatBoost,0.5976217177961763,0.6136200873363227,0.614176962106281,0.6148094367750545,0.6125541681314464,0.6446608010322655,0.6137346747485662,0.6074153365359813,0.5976217177961763,0.6192298794935933
8,+18c,18,19,16,Machine Learning (Logistic Regression),0.537267681911832,0.6064418357858907,0.604084014651181,0.6035432872321994,0.6281138152682317,0.537267681911832,0.5704059411969292,0.5813888128358295,0.6007287632138585,0.6032284559450017
8,+19c,19,20,10,PySR (Symbolic Regression),0.764615297609979,0.8398906550445251,0.8185160771536047,0.806861619060264,0.8414243165876641,0.8893200350197693,0.7919221521993599,0.7682223016226407,0.8223499226728255,0.764615297609979
8,+20c,20,21,2,CatBoost,0.9192183327289678,1.232551878012013,1.122879361855245,1.0695761664722567,1.3324951905700244,1.0436632645206754,1.0018365948370378,1.0738064364372553,0.9192183327289678,1.1174168208228588
8,+21c,21,22,3,Machine Learning (Logistic Regression),0.36113556654297,0.40867131164151865,0.4222602486966988,0.4307788651328779,0.41942705540902936,0.36113556654297,0.4646352080839839,0.45971246894635764,0.43981363938340756,0.4770943893330681
8,+22c,22,23,6,XGBoost,0.8787872488121949,1.0262531625766143,0.9972258415706633,0.9802795087530948,1.0509767381034874,0.9659145599875866,0.8787872488121949,0.975948715292685,0.9346190955486073,0.9271778733359525
8,+23c,23,24,2,XGBoost,0.7246663630621669,0.7570638690241898,0.7537217815628929,0.7516500936508052,0.7552489849013508,0.8292966917742113,0.7246663630621669,0.7663094689839769,0.7710091311997938,0.7374813436522928
8,+24c,24,25,1,PySR (Symbolic Regression),0.7752315276636067,0.8209805574884342,0.8142963825658407,0.810153006741665,0.7765287956538238,1.2347747763614962,0.9035000524612077,0.9836917280723658,1.0145908736714218,0.7752315276636067
8,+25c,25,26,7,Machine Learning (Logistic Regression),0.5005869646379806,0.6487790491731021,0.644575002848107,0.6426189596045527,0.6778110807126919,0.5005869646379806,0.5658192934480644,0.5935514352702145,0.5518803984218682,0.6459012684377186
8,+26c,26,27,3,Momentum-Adjusted Gaussian,0.5117156832765701,0.5469005042913019,0.5548599245557285,0.5597720354258209,0.5117156832765701,0.8658193767054811,0.6726482161556196,0.6363361267313032,0.6607137904439818,0.5525899255038332
8,+27c,27,28,5,PySR (Symbolic Regression),0.950775606559867,1.0658774019059156,1.0315059841030911,1.0118033395754336,1.0495645073208335,1.3665014591448172,1.0636420110480167,1.1883604360550242,1.0867690025720944,0.950775606559867
8,+28c,28,29,1,Momentum-Adjusted Gaussian,0.10536052145272234,0.12783337692848898,0.15835329606425919,0.17719724456906188,0.10536052145272234,0.25308410269899956,0.35003817252301883,0.384915053734018,0.35926396803627875,0.1797377699623352
8,+29c,29,30,2,Machine Learning (Logistic Regression),0.475056973776544,0.5462157248194782,0.5535197664230551,0.5580894711923112,0.5573708441919919,0.475056973776544,0.5609706695310012,0.5372559146163693,0.5434462928964132,0.5659019391543189
8,+30c,30,31,1,Machine Learning (Logistic Regression),0.3087874976454502,0.5978369790812044,0.6022981794923786,0.6050889520781516,0.6348782491001891,0.3087874976454502,0.4743128751649866,0.4913509144556596,0.43691998664460485,0.630646646834982
8,+31c,31,32,1,Momentum-Adjusted Gaussian,0.31471077484614857,0.3424903391688498,0.3594162209910989,0.370027305652402,0.31471077484614857,0.6404436903996225,0.4559741059637044,0.3732250721133786,0.43870976585077553,0.41590706535304445
8,+33c,33,34,1,Momentum-Adjusted Gaussian,0.7133498912226234,0.7550225868144006,0.7519223125442692,0.7499945256716177,0.7133498912226234,1.3197762936209778,0.8976879480084575,0.8329096143437879,0.7713553275895585,0.7298114261037902
8,+34c,34,35,1,CatBoost,1.026870074812047,2.4079459000524,2.129948913173099,1.9933269051772067,2.659260405204401,1.5849420256941424,1.0436775123661983,1.0909097966818007,1.026870074812047,2.140105741763611
8,+35c,35,36,1,Momentum-Adjusted Gaussian,0.07257066511547144,0.0943106506514135,0.12651987659912345,0.1464619570687262,0.07257066511547144,0.23500659281589625,0.6468984245207545,0.5147177998668181,0.5943897274000022,0.12515786597004522
8,+36c,36,37,2,XGBoost,0.49871972415792676,0.8303656394873219,0.8008400862919622,0.7851672145255801,0.8726288560354859,0.546354185904604,0.49871972415792676,0.6453079829026156,0.5863375874723351,0.6920067936860912
8,+37c,37,38,1,Momentum-Adjusted Gaussian,0.09431069568239485,0.1165338323291143,0.14769067437174122,0.16693217506320193,0.09431069568239485,0.2939898645133879,0.46628331288183383,0.616736461064438,0.39855224009326323,0.16244625654575878
8,+40c,40,41,2,CatBoost,0.6248932657686703,2.171402859890916,1.9070014798334602,1.7862668815008496,2.4668369392842693,1.284194353362702,0.6708707458079508,0.6947663320867958,0.6248932657686703,2.3041644176240714
8,+41c,41,42,1,XGBoost,0.3988837654809159,1.2039727645895069,1.167305342252385,1.1452634796610934,1.2729656316415892,0.5860102907058556,0.3988837654809159,0.5418491381216617,0.5315332232460698,1.0542512795826726
8,+42c,42,43,2,CatBoost,0.7714833222274042,1.1036374755599756,1.060048369335976,1.0354342588492491,1.1384586949298439,1.0476329029087592,0.7946966010264458,0.8882978690753391,0.7714833222274042,0.9851151886393399
8,+43c,43,44,1,Machine Learning (Logistic Regression),0.8584794704197861,1.6607312193699972,1.560226679786957,1.5036586895538853,1.771956853326881,0.8584794704197861,1.1593363397002407,1.2001109100623155,0.970988854019549,1.3922798555404172
8,+44c,44,45,1,CatBoost,0.5487585153466062,0.7550225868144006,0.7519223125442692,0.7499945256716177,0.7133498912226234,1.5619336687568177,0.7139310609074853,0.7197457517900733,0.5487585153466062,0.7298114261037902
8,+49c,49,50,1,CatBoost,0.2857427162206503,2.302584854575495,2.054900567335198,1.9307681791057476,2.525728340697142,1.187027617374392,0.31193174083839587,0.5271235876304949,0.2857427162206503,2.007074040263346
8,+53c,53,54,1,CatBoost,0.3555643419475652,0.5978369790812044,0.6022981794923786,0.6050889520781516,0.5621188980239026,1.4923730003559277,0.36413421943012714,0.5662995427002785,0.3555643419475652,0.6183925793957799
8,+59c,59,60,1,CatBoost,0.2644830734205528,2.302584854575495,2.054900567335198,1.9307681791057476,2.525728340697142,0.9955768279051148,0.3530014702257665,0.7479369577160172,0.2644830734205528,2.007074040263346
8,+66c,66,67,1,XGBoost,0.11214578954678556,0.3011050798964309,0.3204396242965081,0.33253735819485314,0.2744368337416178,1.1372961451190144,0.11214578954678556,0.38910017073020825,0.14227414817641282,0.37807882173519536
8,+67c,67,68,1,CatBoost,0.15336980359735689,2.99573203513544,2.5199964904730434,2.3098653213299243,3.506557485054607,1.2626646087215034,0.32359268141640407,0.34615577026553007,0.15336980359735689,3.4525857468401204
8,+72c,72,73,1,XGBoost,0.07193805061333812,0.21072102837221335,0.23583429295195407,0.25143409112378806,0.18632957585757665,0.9922798786566593,0.07193805061333812,0.28047877049641656,0.1080312494209178,0.2856948426232783
8,+73c,73,74,1,Momentum-Adjusted Gaussian,0.051293287329105784,0.07257068514391356,0.10537376626359085,0.12583304509453938,0.051293287329105784,0.48815426061522943,0.12057117853419891,0.8000561368096799,0.30191877650410687,0.0827983480736328
7,-55c,-55,-54,1,XGBoost,0.3055483137682083,1.8971199451494523,1.7501363721681447,1.6707552826626473,2.0402207792380995,1.1814863771266142,0.3055483137682083,0.41121855795657447,0.3267843263924922,1.5594734771733056
7,-47c,-47,-46,1,LightGBM,0.5710752248192082,1.8971199451494523,1.7501363721681447,1.6707552826626473,2.0402207792380995,1.2919212319271622,0.680681169248818,0.5710752248192082,0.5936696181600477,1.5594734771733056
7,-45c,-45,-44,1,CatBoost,0.5414514591844313,1.6607312193699972,1.5602266797869568,1.5036586895538853,1.771956853326881,1.1167963273613062,0.5782261866391488,0.5473814074453028,0.5414514591844313,1.3662153887788524
7,-42c,-42,-41,1,XGBoost,0.41233270972685837,0.916290716972994,0.9037606283403709,0.8960354490140446,0.9675840093998654,0.5225305287550549,0.41233270972685837,0.5294480338122163,0.614077528130273,0.8401367917143997
7,-41c,-41,-40,1,XGBoost,0.4908409064452218,1.3862943611198906,1.3281724032065128,1.2940341328604608,1.469675968115312,0.9275645904719179,0.4908409064452218,0.5534555904472678,0.5939495729672359,1.1628937322572426
7,-39c,-39,-38,1,Machine Learning (Logistic Regression),0.6111624741282153,0.9942522604563763,0.9762280965612959,0.9651759668792861,1.0498221095975167,0.6111624741282153,0.6429743955770115,0.6598724160028295,0.7062361968901927,0.8929279773885712
7,-38c,-38,-37,1,XGBoost,0.8651889804546121,1.8971199451494523,1.7501363721681447,1.6707552826626473,2.0402207792380995,1.4222614397976467,0.8651889804546121,0.9484524454906798,0.8682878180501694,1.5594734771733056
7,-37c,-37,-36,1,CatBoost,0.7013255972835079,1.4271163779918878,1.3634709209693097,1.326305722930126,1.5141277549815175,1.0123409817784297,0.707682291816673,0.7797092938929558,0.7013255972835079,1.1920911128665606
7,-36c,-36,-35,2,CatBoost,0.5378503616207193,0.8859784157067043,0.8735680743549634,0.8660118815140214,0.936701722382194,0.5521314535763623,0.5917495691365673,0.6389034118057173,0.5378503616207193,0.8184026809087761
7,-31c,-31,-30,3,Momentum-Adjusted Gaussian,0.22171044466271653,0.2447897574711854,0.26528137872475,0.27889992888625414,0.22171044466271653,0.38225117767046285,0.38867825781734305,0.4026539668556827,0.5141592850458863,0.23522112863594027
7,-29c,-29,-28,5,Machine Learning (Logistic Regression),0.24707700614511144,0.3149680027212093,0.33083099019887696,0.3416045289416072,0.32395726475912695,0.24707700614511144,0.3650229926806216,0.372293510827794,0.38327222437043396,0.31333529314711833
7,-28c,-28,-27,1,Momentum-Adjusted Gaussian,0.3710637010430882,0.4004775861687999,0.4142776094221635,0.4229398957721356,0.3710637010430882,0.5785742099698069,0.5840273879084098,0.5139444770399961,0.5247915208501748,0.4762680120591474
7,-27c,-27,-26,4,Momentum-Adjusted Gaussian,0.4956890785253498,0.5032932552224132,0.5111083019858085,0.5164671673180175,0.4956890785253498,0.5690742013380582,0.6346555137139136,0.6331330463445858,0.5855999469685147,0.5064065250136126
7,-26c,-26,-25,2,XGBoost,0.6425370485069961,0.8726287975744575,0.8328453679624295,0.8122355467322703,0.9213158760521807,0.7428719609234905,0.6425370485069961,0.716939634090669,0.6910148291301831,0.7093425478469373
7,-25c,-25,-24,4,Momentum-Adjusted Gaussian,0.41774084010552825,0.4325057629006389,0.445666269863114,0.4539021125870941,0.41774084010552825,0.49241804569734776,0.4922058723346156,0.43727219102402826,0.4854781758701478,0.4290774504754329
7,-24c,-24,-23,2,Machine Learning (Logistic Regression),0.5362047505890238,0.5888277592285327,0.5935535494774022,0.5965420248593865,0.5980023282333755,0.5362047505890238,0.6294481558268612,0.6131215359400625,0.6234867695456141,0.6068803194008338
7,-23c,-23,-22,3,Momentum-Adjusted Gaussian,0.19243340699990383,0.21702939004042168,0.24178884203297532,0.2571622470676868,0.19243340699990383,0.2855577152477375,0.35126436814645084,0.29758341442513275,0.3177828524070793,0.2955018632585347
7,-22c,-22,-21,1,Momentum-Adjusted Gaussian,0.06187540229138055,0.08338160699542134,0.11596133316245656,0.13619055399996255,0.06187540229138055,0.11286986348226755,0.2167775216093038,0.22938915546073232,0.22253022981579976,0.11207227944278866
7,-21c,-21,-20,7,LightGBM,0.5984702366081619,0.6126291308169225,0.6105094327345785,0.6098860467053692,0.6101164013147182,0.6596616690735384,0.6012081794534835,0.5984702366081619,0.627972278359322,0.6046620808085661
7,-20c,-20,-19,7,Machine Learning (Logistic Regression),0.22575428139699727,0.2610320717196125,0.28313941473333426,0.29694439243911014,0.2615147327402318,0.22575428139699727,0.29270850704435525,0.25227261668264794,0.2910355552867503,0.309239397432433
7,-19c,-19,-18,7,PySR (Symbolic Regression),0.6456370474404437,0.6792790212918876,0.6770003350319954,0.6760151277308494,0.6946145341766842,0.6487143365943722,0.6460284480709684,0.6701044214707343,0.6647965475156644,0.6456370474404437
7,-18c,-18,-17,12,PySR (Symbolic Regression),0.675660315982801,0.7159329046354456,0.7070535797567971,0.7023528088151312,0.7052430554753256,0.7816956488769771,0.7387157814683287,0.7328870116999121,0.7507970174000809,0.675660315982801
7,-17c,-17,-16,12,Momentum-Adjusted Gaussian,0.47135043505871793,0.4745601263016534,0.4845466119538693,0.49084344965335786,0.47135043505871793,0.47943485263323726,0.5104055144713772,0.5396780427003682,0.5193478017269918,0.49393014112308326
7,-16c,-16,-15,13,Machine Learning (Logistic Regression),0.4609216475603304,0.5012418606321288,0.5072629027242918,0.5114692101453384,0.5164065204143377,0.4609216475603304,0.4785708302033292,0.4879382296195207,0.47117978610237726,0.5161758517948962
7,-15c,-15,-14,21,LightGBM,0.5561817990398681,0.5712070893351112,0.5695707093777007,0.5697218305021082,0.5788114560209229,0.5729280916655629,0.5618782452527574,0.5561817990398681,0.5621825202510676,0.5789379307427248
7,-14c,-14,-13,15,Standard Gaussian,0.4919198072646382,0.4919198072646382,0.49959978201802435,0.5046822523475597,0.49291167082202403,0.49443011484782884,0.504888549181461,0.5102712037131282,0.49901262283325476,0.5115874693597254
7,-13c,-13,-12,20,Momentum-Adjusted Gaussian,0.5874629661369961,0.6009850627181482,0.6003324106932243,0.6006265781298402,0.5874629661369961,0.6557562069016222,0.626103206317822,0.6510137502716846,0.6405428131351323,0.591233130630509
7,-12c,-12,-11,30,LightGBM,0.5044213215313511,0.547041482486256,0.549555318583744,0.5518176341390267,0.5627197899463142,0.5078362907201883,0.5277042768897947,0.5044213215313511,0.5206504103855304,0.5584982322573696
7,-11c,-11,-10,33,Machine Learning (Logistic Regression),0.5308689754337241,0.5357863993115528,0.5427281905301538,0.5471287515526786,0.5388334513968787,0.5308689754337241,0.5411966851922411,0.5435827706045704,0.5395000459151139,0.5486008608836044
7,-10c,-10,-9,54,PySR (Symbolic Regression),0.7230125064208621,0.7614470069414317,0.7400094999254362,0.7295424703613842,0.777645901883764,0.7607002872037801,0.7292214876052235,0.7490322565399669,0.7337407305466656,0.7230125064208621
7,-9c,-9,-8,72,Machine Learning (Logistic Regression),0.48440393271855914,0.4862085284777849,0.4933584638109125,0.4982228396102166,0.48444565650232135,0.48440393271855914,0.49886718918234446,0.49627993452758784,0.4965345268726453,0.5015983680995123
7,-8c,-8,-7,117,Momentum-Adjusted Gaussian,0.5739883009480938,0.5825028218194841,0.5815135745935007,0.5817618047670651,0.5739883009480938,0.5960885054572065,0.586394849266419,0.5860940720019971,0.5900171843525965,0.5803689570511862
7,-7c,-7,-6,180,PySR (Symbolic Regression),0.5705189825447887,0.5743454333156701,0.5753502196095196,0.5765356201920128,0.5705305647970204,0.5853308333293262,0.5765497265883464,0.5757400992040439,0.5794133776436355,0.5705189825447887
7,-6c,-6,-5,270,Machine Learning (Logistic Regression),0.5088963824226682,0.5119792858513904,0.5182004600107286,0.5224327055593669,0.5138314644958257,0.5088963824226682,0.5144174205372994,0.5125848160771755,0.5138907587364743,0.5278783402186339
7,-5c,-5,-4,413,XGBoost,0.5562805161514758,0.559963617074857,0.5608301494623134,0.5622416096720144,0.5656622103113689,0.5581565117373416,0.5562805161514758,0.5583988914016506,0.5566276026094372,0.5603212121692467
7,-4c,-4,-3,1093,LightGBM,0.5477943819425499,0.5524583435350955,0.5553549695641209,0.5577082806226217,0.5534347560573135,0.5538575708453763,0.5506294026881781,0.5477943819425499,0.550160422271303,0.5576339978490461
7,-3c,-3,-2,3230,LightGBM,0.5463727721130899,0.5506014249990233,0.5530126529230169,0.5552001450590963,0.5520883984865925,0.5517547668933351,0.5486473655088151,0.5463727721130899,0.5476659395009326,0.5549734414635157
7,-2c,-2,-1,8752,LightGBM,0.5103062124168011,0.5117539822855933,0.5143597602977554,0.5170727107593724,0.5136280331898713,0.5120127352975178,0.5111992640468727,0.5103062124168011,0.5109601907678556,0.5195955534409797
7,-1c,-1,0,23901,LightGBM,0.49092481234331503,0.4937744896594098,0.4966032238084348,0.49962987671748205,0.49560606871029594,0.4945140298529986,0.4923155895248108,0.49092481234331503,0.49209503315102654,0.49827312815919567
7,+0c,0,1,73727,LightGBM,0.4760326988770037,0.48105773408164954,0.48361418242491494,0.48674500244673347,0.48105773408164954,0.4815337177783134,0.4788523060123884,0.4760326988770037,0.4791695802120388,0.48719104729738766
7,+1c,1,2,24388,LightGBM,0.48658210406605323,0.4894437835356976,0.49240353946441073,0.4955718889702357,0.4915717273061137,0.48961235364220307,0.48813844406349194,0.48658210406605323,0.48792669777545256,0.4963288660733094
7,+2c,2,3,8799,LightGBM,0.516404940212469,0.5209219306573407,0.5234751745536487,0.5260322904502827,0.5231410038293709,0.5214258560203827,0.5182661138004677,0.516404940212469,0.5180058558040499,0.5259396540344666
7,+3c,3,4,3352,LightGBM,0.5590853731348554,0.563291108654221,0.5639590496859316,0.5652588013852535,0.5668821317963402,0.5635560444386203,0.5617377684746829,0.5590853731348554,0.5608723354883846,0.5664492558487257
7,+4c,4,5,1116,LightGBM,0.5721424433550523,0.5750871231931008,0.5760784084595565,0.5773268847209385,0.5762965669213709,0.5770447453256214,0.5760241519368031,0.5721424433550523,0.5760946322462084,0.5759279162083198
7,+5c,5,6,447,LightGBM,0.5446103046822793,0.5502355632156256,0.550919606828648,0.5523826691098882,0.5556149872788898,0.5479561729179467,0.5473971759464401,0.5446103046822793,0.5465651225307586,0.5599466233084833
7,+6c,6,7,251,Standard Gaussian,0.5456650683600719,0.5456650683600719,0.5482218189218163,0.5506965480733129,0.5475442921687472,0.5494600452996047,0.5478642193936578,0.5477868811043395,0.5488741556363941,0.5617896115039969
7,+7c,7,8,181,Machine Learning (Logistic Regression),0.5826137730694805,0.5880690002012595,0.5845092107058623,0.5838365236247424,0.5960504093331922,0.5826137730694805,0.5869973167374103,0.584398195547784,0.5847806554547136,0.5951782235095369
7,+8c,8,9,120,LightGBM,0.5251376475609612,0.5320869214365852,0.5313905140789948,0.5327807349691275,0.5431973073297585,0.5305152465330272,0.533103115546371,0.5251376475609612,0.5294668132479486,0.5443366292688075
7,+9c,9,10,67,LightGBM,0.5181468203709484,0.5325155640909349,0.5364749364568483,0.5394630731787498,0.5401146515451604,0.5218068422163256,0.5271720512103575,0.5181468203709484,0.5236748345380965,0.5434025071153834
7,+10c,10,11,61,CatBoost,0.6293382229048914,0.650375490853483,0.6404274680385323,0.6362346654760472,0.6693489939254113,0.6302380313980196,0.6299900080044795,0.6346610101427227,0.6293382229048914,0.6379184974463051
7,+11c,11,12,48,Machine Learning (Logistic Regression),0.5370324365690642,0.5819003179056736,0.5835848464844144,0.5850871389293598,0.6010538944871485,0.5370324365690642,0.5528231561272541,0.5524754865153941,0.5556140576619757,0.5863383488246492
7,+12c,12,13,36,LightGBM,0.5545331756909913,0.6116892140940233,0.6028982724787293,0.5994586695599405,0.6321439559276301,0.577187464137871,0.5774065616041667,0.5545331756909913,0.5775994000328437,0.6070272688232842
7,+13c,13,14,31,CatBoost,0.5270633285792168,0.5278042566264155,0.5308989638770999,0.5336807238943956,0.5319178592841061,0.5310640588717328,0.5337871041402332,0.5298302243662327,0.5270633285792168,0.5462828998647137
7,+14c,14,15,14,LightGBM,0.6878341205938581,0.8249963879980655,0.7966563190649948,0.7831969131340228,0.8658011488893991,0.7485342455772324,0.7032194921262965,0.6878341205938581,0.7235467885642208,0.8111178883540812
7,+15c,15,16,16,Momentum-Adjusted Gaussian,0.4701905739755066,0.4748076180218396,0.4836092240634937,0.4893214445893454,0.4701905739755066,0.5029989896512986,0.5152289464166404,0.5091940332451672,0.5043145154090016,0.4999794255867053
7,+16c,16,17,11,Momentum-Adjusted Gaussian,0.28653061835779403,0.29586215448903946,0.3162021495403993,0.3288940160039624,0.28653061835779403,0.3240094259363357,0.3697748166744441,0.3707524177300399,0.3528933269383867,0.34248060370064326
7,+17c,17,18,7,CatBoost,0.5140644245236049,0.584840581655719,0.5629593954745429,0.55455486453698,0.5982437137864208,0.618741183064427,0.5299249788252036,0.516425104192829,0.5140644245236049,0.6053781808377349
7,+18c,18,19,12,LightGBM,0.7281894051369425,0.8275039479618073,0.7899416760297947,0.7724073508230437,0.8484882188114673,0.8781140543265797,0.7577709734955292,0.7281894051369425,0.7381983652624039,0.8088096419719313
7,+19c,19,20,8,Machine Learning (Logistic Regression),0.5391464963987656,0.6087782883834513,0.6069582700070092,0.6064843213095414,0.6286776358715356,0.5391464963987656,0.59364267789586,0.6017525464777906,0.6068229010899646,0.5961036237293668
7,+20c,20,21,2,Momentum-Adjusted Gaussian,0.18336263510645798,0.20293257907414824,0.22449969227228006,0.2389071784016658,0.18336263510645798,0.30553433414335734,0.29475884349173986,0.22556398028805855,0.3248364327885769,0.23168469913136272
7,+21c,21,22,8,LightGBM,0.46745455858310525,0.4830666447104471,0.4795183284611346,0.479618349313333,0.4900268897391023,0.48873753750150617,0.4966099499391902,0.46745455858310525,0.4698549995781107,0.4901032055889644
7,+22c,22,23,4,LightGBM,0.677455033568672,1.2235172520592374,1.1163332186307415,1.0670150100657445,1.3590502636519128,0.8932880947991915,0.6826162722992686,0.677455033568672,0.747950589209291,1.229619078367148
7,+23c,23,24,4,Momentum-Adjusted Gaussian,0.6609549802035488,0.6875123796820264,0.6841540663133929,0.6823397848162457,0.6609549802035488,0.9226750216780149,0.7996930292234857,0.8084668649331224,0.7739738963486347,0.6733581664679955
7,+24c,24,25,9,CatBoost,0.5455969762649963,0.6822932599325684,0.6491658260432591,0.6361140211478651,0.726644243303997,0.6350522016167721,0.5468918488470603,0.5623434080899846,0.5455969762649963,0.7323587704373674
7,+25c,25,26,1,Machine Learning (Logistic Regression),0.2727798745143463,0.4942962983637726,0.5035069551014978,0.5092848894445405,0.5276327170787288,0.2727798745143463,0.32619122902739145,0.3028088251298284,0.3363070035808748,0.5521830046673054
7,+26c,26,27,1,Standard Gaussian,0.01005033585350145,0.01005033585350145,0.03434176114538449,0.05260391253782276,0.01005033585350145,0.0362235630660935,0.08679810180376839,0.19205583192179196,0.17835271896935367,0.01005033585350145
7,+27c,27,28,3,Machine Learning (Logistic Regression),0.28600881225742114,0.5334266464553753,0.54082935383983,0.5454691436092328,0.5681213756748987,0.28600881225742114,0.3666875555622768,0.3305265190383289,0.36465424208376795,0.5823068666044119
7,+28c,28,29,7,PySR (Symbolic Regression),0.6654072047021388,0.702927301179466,0.6950589626812869,0.6910884284227834,0.7104791009020401,0.7362957150369799,0.728182605432531,0.7985602491714475,0.7728935067483826,0.6654072047021388
7,+29c,29,30,3,Machine Learning (Logistic Regression),0.17725078228544952,0.3145847947680092,0.33224954726778627,0.3436690381397911,0.32922822646524336,0.17725078228544952,0.3278930101694362,0.30546760668602174,0.2923362085820265,0.35056276931931407
7,+30c,30,31,1,Momentum-Adjusted Gaussian,0.6931472029116873,0.7339691974319424,0.7319484545898337,0.7306907901843537,0.6931472029116873,1.2249909846881308,0.9338836207542455,1.0517108617039745,0.9765558285648045,0.7151860990357499
7,+31c,31,32,1,Machine Learning (Logistic Regression),0.23409540385627522,0.4942962983637726,0.5035069551014978,0.5092848894445405,0.5276327170787288,0.23409540385627522,0.3093001756727025,0.2829469775629196,0.28731573425473267,0.5521830046673054
7,+34c,34,35,1,Momentum-Adjusted Gaussian,0.30110505472555116,0.328504027235607,0.3462264159075317,0.35733074058167397,0.30110505472555116,0.659192653591264,0.5133021414867704,0.5476500356354909,0.3998892232858966,0.4033622931368864
7,+37c,37,38,1,Machine Learning (Logistic Regression),0.4498533703124885,0.9162907914788017,0.9037606821046232,0.896035500460502,0.9675840878270314,0.4498533703124885,0.6888448277777776,0.815136272554884,0.6812468164308305,0.8554564358882544
7,+39c,39,40,1,LightGBM,0.7250070840334566,2.120263496463662,1.9210587338348295,1.8177824692260576,2.302585040839983,1.26036658603484,0.8970831780277907,0.7250070840334566,0.9583060198357896,1.8047795016096684
7,+42c,42,43,1,Machine Learning (Logistic Regression),0.35921632428937106,0.8439700536606747,0.8359542451547971,0.8309913592669259,0.891598100748193,0.35921632428937106,0.8529459229312694,0.7617562327391503,0.7773904500337379,0.8055279052894082
7,+46c,46,47,1,CatBoost,0.4540410984516546,0.4942962983637726,0.5035069551014978,0.5092848894445405,0.4620354375996067,1.1590470888400775,0.535459115263485,0.5453615791883377,0.4540410984516546,0.5408484107534187
7,+47c,47,48,1,Machine Learning (Logistic Regression),0.34208742429078376,0.8915980553178253,0.8806680187458806,0.8739190526394539,0.9416084714659382,0.34208742429078376,0.7921673871439173,0.7586250140688958,0.7564559577330399,0.8384406125939112
7,+58c,58,59,1,CatBoost,0.1787547540195253,0.41551540422523675,0.42854637055423533,0.43672664146963314,0.3856624429016782,1.2466097165702994,0.18439962505116564,0.4023648428203457,0.1787547540195253,0.47819981561140446
7,+61c,61,62,1,XGBoost,0.14322105967992577,0.3424903391688498,0.3594162209910989,0.370027305652402,0.31471077484614857,1.143118925354055,0.14322105967992577,0.2934325471348829,0.16798116335705524,0.41590706535304445
7,+62c,62,63,1,XGBoost,0.16498578728746577,0.35667496096863105,0.37281071638896374,0.382931042977108,0.3285040841497637,1.1964043434646026,0.16498578728746577,0.43493305673923965,0.20545039685818994,0.4284060871515886
7,+64c,64,65,1,XGBoost,0.13093165271246154,0.31471071871163714,0.3332360224940554,0.3448359663040352,0.28768204761651256,1.134396912058517,0.13093165271246154,0.36835341060324567,0.1853488509636559,0.3907578652118022
6,-79c,-79,-78,1,CatBoost,0.408846429974611,2.207274918608325,1.9855720268328911,1.872473071906243,2.4079456103075567,1.0989251505997757,0.7592992846218413,0.4440321018493526,0.408846429974611,1.854695576186794
6,-56c,-56,-55,1,Momentum-Adjusted Gaussian,0.3011050949989591,0.32850406862772064,0.3462264421700634,0.35733076585211726,0.3011050949989591,0.7107110294785824,1.1631557689244225,0.9485246503584467,0.8945966867415105,0.4132337065131863
6,-53c,-53,-52,2,Momentum-Adjusted Gaussian,0.39372892923778546,0.42384896872946026,0.4365051711606582,0.444448251026335,0.39372892923778546,0.8657697837831211,0.9333210907262546,0.8781039162945449,0.7298720024390826,0.4952042348855562
6,-47c,-47,-46,1,CatBoost,0.3142615608566385,0.6733445719632621,0.6742957497805424,0.6748891826104146,0.7133499064278901,0.3172592450561853,0.3184583728410193,0.38049028047529593,0.3142615608566385,0.6726212799496449
6,-42c,-42,-41,3,Momentum-Adjusted Gaussian,0.2978113214951931,0.32557346196280207,0.3446257064501606,0.35645614534037745,0.2978113214951931,0.5757233483665712,0.7618075863970252,0.7461352159041418,0.6537654695468044,0.39266072954426784
6,-40c,-40,-39,1,XGBoost,0.30631478252328626,0.634878326417536,0.6376356875638365,0.6393584176923338,0.6733446084857174,0.33183317402915513,0.30631478252328626,0.3746188844628531,0.3563766753464328,0.645190738953955
6,-39c,-39,-38,1,Machine Learning (Logistic Regression),0.4371553118004416,0.7765287713584524,0.7722955376558297,0.7696658091213869,0.8209805320887279,0.4371553118004416,0.45215178370189946,0.5177714341894385,0.5402253508310452,0.7446821978576023
6,-38c,-38,-37,2,Machine Learning (Logistic Regression),0.3558464462167502,0.6546666401236666,0.6564767800339728,0.6576084468880308,0.6939477997155532,0.3558464462167502,0.47617703745770723,0.4653440645433691,0.42393566576739106,0.6591625164997603
6,-37c,-37,-36,1,Machine Learning (Logistic Regression),0.4687682201031515,0.7985077227087252,0.7930820343259468,0.789715030458791,0.843970096978004,0.4687682201031515,0.5490021717722943,0.6400037953339854,0.641783079146588,0.7598159980379804
6,-32c,-32,-31,2,Machine Learning (Logistic Regression),0.2848750814258356,0.49550716459824506,0.5046996564748714,0.5104659720555264,0.5289271737758652,0.2848750814258356,0.3704037250704576,0.3494781876490707,0.38540771699158516,0.5411547756829579
6,-31c,-31,-30,1,Momentum-Adjusted Gaussian,0.0943106793074923,0.11653381558623642,0.14769065054419855,0.16693215209634962,0.0943106793074923,0.1790875830086002,0.32814720810671333,0.4096186930169183,0.36989957248246275,0.1701960621494439
6,-30c,-30,-29,3,Machine Learning (Logistic Regression),0.2387593144599225,0.27701028828554514,0.2992461200204139,0.31299431139272527,0.2745401244397128,0.2387593144599225,0.39237196495373317,0.415932428987166,0.40310065286504937,0.3193121817574566
6,-29c,-29,-28,3,Momentum-Adjusted Gaussian,0.2816987573335157,0.3094544323285365,0.3290351427026019,0.3413495609210016,0.2816987573335157,0.4606356450987643,0.47029846206725384,0.5138713866831172,0.5372428473658485,0.3396295300116925
6,-28c,-28,-27,1,Standard Gaussian,0.01005033585350145,0.01005033585350145,0.03434178189160662,0.05260393603360832,0.01005033585350145,0.02564917819290366,0.20085289862394887,0.1959745821951173,0.23634762324678282,0.01005033585350145
6,-27c,-27,-26,4,Momentum-Adjusted Gaussian,0.23251197940091747,0.24184022007667114,0.2639576325169523,0.2780259247745707,0.23251197940091747,0.24813371303094772,0.435809862114436,0.4793756013556465,0.3900202745740735,0.2921431954361036
6,-26c,-26,-25,4,XGBoost,0.632219618601118,0.8189567979312402,0.7903445133928053,0.7757652738093656,0.854386875073754,0.7355254128695811,0.632219618601118,0.6536488583775132,0.691235800409332,0.7267384248652482
6,-25c,-25,-24,8,Momentum-Adjusted Gaussian,0.3912975824746192,0.41404460863662307,0.4284674599723735,0.4374289283467065,0.3912975824746192,0.5336450984087697,0.5394061079957119,0.5291460749003241,0.5314442974112145,0.4500919023937147
6,-24c,-24,-23,3,Machine Learning (Logistic Regression),0.12692270981337408,0.14675798096216983,0.17302884149961806,0.18998839838836937,0.14530740945041196,0.12692270981337408,0.19759935139692264,0.21708729370479052,0.2173713839094742,0.18424297394462505
6,-23c,-23,-22,7,Machine Learning (Logistic Regression),0.2878754854195583,0.3095411044750233,0.32865494747715157,0.3407085082548035,0.30910036817287356,0.2878754854195583,0.3573921239862492,0.3426563461743543,0.34070618210054804,0.3535774571504871
6,-22c,-22,-21,6,LightGBM,0.5845496865527251,0.6224572026629779,0.6250346360591373,0.626698023391295,0.6227710798080662,0.641630916647393,0.612478359723224,0.5845496865527251,0.6028694439127581,0.636679958835946
6,-21c,-21,-20,7,Momentum-Adjusted Gaussian,0.5177221666785651,0.5339741646962759,0.5408715490102378,0.5452472818234686,0.5177221666785651,0.611088448797801,0.5856442667246383,0.555331543545918,0.5845199725887694,0.5651835775271552
6,-20c,-20,-19,12,Momentum-Adjusted Gaussian,0.46437990419455616,0.47404826030359093,0.4820991261727421,0.4875526772141146,0.46437990419455616,0.5019807515524931,0.5143703909198639,0.5214835544838222,0.5253761017435393,0.4856903388113132
6,-19c,-19,-18,8,PySR (Symbolic Regression),0.5709684148927674,0.5756317807225156,0.5719492536849353,0.5709981127961932,0.5729672586143,0.6267378553774923,0.6103862158448679,0.607855797946329,0.606091730527555,0.5709684148927674
6,-18c,-18,-17,7,LightGBM,0.9534007289272057,1.4548766191144105,1.272293988175464,1.1964063871659494,1.610059393376812,1.330893746374699,1.0331537345542106,0.9534007289272057,1.0053611703597565,1.4773548790926085
6,-17c,-17,-16,12,LightGBM,0.520339315080588,0.6981872879559385,0.6723132177758974,0.6609445067360832,0.743431172574744,0.6159133994745472,0.5378998763223777,0.520339315080588,0.5448777139229691,0.6832308058861339
6,-16c,-16,-15,13,XGBoost,0.6105300007996168,0.7359257418394637,0.7241271001441049,0.7177907470600579,0.769428087174379,0.6603945168208958,0.6105300007996168,0.6255551268033185,0.6389463898986988,0.6973577347724025
6,-15c,-15,-14,28,Momentum-Adjusted Gaussian,0.4689501554250648,0.4742133192327282,0.48469748203888824,0.4913025348683707,0.4689501554250648,0.48199168317101393,0.4893635266664731,0.49407119871967736,0.5000105434305729,0.4962184628863295
6,-14c,-14,-13,23,Machine Learning (Logistic Regression),0.4255852238654092,0.4630832409878862,0.47356954116483957,0.480202598001129,0.4726991140244186,0.4255852238654092,0.45580829048293603,0.442158209276823,0.4456467023578387,0.5027998166030546
6,-13c,-13,-12,22,LightGBM,0.6750167724380728,0.7681738378712953,0.7484959068609357,0.7383602750752936,0.8057612724168707,0.725021009749867,0.6776240345340315,0.6750167724380728,0.6947565795800908,0.7149285239488133
6,-12c,-12,-11,30,LightGBM,0.579873699683369,0.6374485837573268,0.6246323699090439,0.6191650631927494,0.6647304209404434,0.6022451615982626,0.5955027440880069,0.579873699683369,0.5971003392651787,0.6161071816052642
6,-11c,-11,-10,34,PySR (Symbolic Regression),0.5745572420340525,0.5872545398417298,0.5893880819128936,0.5910958337196343,0.5820099948679219,0.6082876343266065,0.5970330165825513,0.6037546786807031,0.603798971703991,0.5745572420340525
6,-10c,-10,-9,43,Machine Learning (Logistic Regression),0.5203420316104169,0.5305895612061162,0.5314811610099969,0.533475844518611,0.5420174343972857,0.5203420316104169,0.5261225599830347,0.5205981366487541,0.520649479342002,0.5496423942835397
6,-9c,-9,-8,73,LightGBM,0.5041146170858538,0.515807933681426,0.5191393514089286,0.5220853151322038,0.5162003505380671,0.5090628785966009,0.5187296493772825,0.5041146170858538,0.5158745396390733,0.5310145271998675
6,-8c,-8,-7,111,Machine Learning (Logistic Regression),0.4788771443422065,0.4827232378720349,0.4890651066805074,0.49364236651798593,0.484790561869657,0.4788771443422065,0.48827763550472914,0.4856508333129403,0.4887629676147199,0.49823327101750536
6,-7c,-7,-6,153,LightGBM,0.5518360129465576,0.5624830637421553,0.5632473063603113,0.56455357654464,0.5588127460002877,0.5701028371463366,0.5633943992733835,0.5518360129465576,0.5632861259105598,0.5685667852132898
6,-6c,-6,-5,256,LightGBM,0.5836857652687781,0.589743790862729,0.5881551414782208,0.5881444377259599,0.597941722214455,0.5906208403429425,0.5858182338211719,0.5836857652687781,0.5865263118500044,0.5853579579000249
6,-5c,-5,-4,422,LightGBM,0.5424496405564817,0.5465200270941243,0.548634950856865,0.5506575266647138,0.5491910632255322,0.5482084917135263,0.5446788107291618,0.5424496405564817,0.54416211688817,0.5474898284214603
6,-4c,-4,-3,1067,LightGBM,0.528920398784119,0.5345817417832582,0.537462112860958,0.5399989870446181,0.5380275791593568,0.5332606089345299,0.5325014782416636,0.528920398784119,0.5322815845748401,0.540864749905085
6,-3c,-3,-2,3274,LightGBM,0.550662795008227,0.5532137756691313,0.5540310343113224,0.5555073263617043,0.5545169204686945,0.5551730783786423,0.5521237327534632,0.550662795008227,0.5522883910262335,0.5574766142696854
6,-2c,-2,-1,8691,LightGBM,0.5112994419701226,0.5143847202532449,0.5159335916081316,0.5181185208962592,0.5163200221224813,0.5161495473561671,0.5128192622701736,0.5112994419701226,0.5127116693205622,0.5157348171782842
6,-1c,-1,0,24564,LightGBM,0.46113985723184603,0.4639059909154508,0.4674854732152755,0.47122450071332606,0.464977230370526,0.4646683784388266,0.46255184573049796,0.46113985723184603,0.4624860706599055,0.4685355420383168
6,+0c,0,1,78387,LightGBM,0.4377295523771223,0.44140865507065014,0.44546977975926183,0.4497201350136434,0.44140865507065014,0.44192077518130124,0.4396514685875468,0.4377295523771223,0.43988779448787874,0.4463819754803082
6,+1c,1,2,24658,LightGBM,0.46312089304661624,0.46613205392549273,0.46937473280282416,0.4729431442694885,0.46800609200414606,0.466476657731631,0.4648901742928842,0.46312089304661624,0.46469671607047625,0.47110117149680164
6,+2c,2,3,8823,LightGBM,0.4985432929119315,0.5007239047989036,0.5034767613177357,0.5063768301080096,0.5022853866176625,0.5012185747827815,0.4995417940862037,0.4985432929119315,0.49986757380601216,0.5062539809275709
6,+3c,3,4,3310,LightGBM,0.5395885384341456,0.5425971662703103,0.5440469796914552,0.545915822483694,0.5434983451487955,0.5432439753680868,0.5416764357593594,0.5395885384341456,0.5411241508816186,0.549098610626502
6,+4c,4,5,1067,LightGBM,0.5606305160323442,0.5647212282944984,0.5658388617744606,0.5673149221774244,0.5680558694545939,0.5644799387238749,0.5617146484868574,0.5606305160323442,0.5613882428195955,0.5684078177983505
6,+5c,5,6,456,LightGBM,0.5552025743744042,0.5697022803498135,0.5667899351548594,0.5667358799560892,0.5777722599570361,0.5669852163627354,0.5597306636549113,0.5552025743744042,0.5609607931281091,0.5783750402454612
6,+6c,6,7,273,LightGBM,0.5481131630962756,0.5579070172748303,0.558161780086797,0.5594026958458933,0.5619203203200753,0.5593549926649273,0.5546343418036597,0.5481131630962756,0.5517602178726435,0.5649888841377971
6,+7c,7,8,142,LightGBM,0.5577309970874799,0.5888408568104279,0.5754414670847038,0.5718676956464621,0.6011249068233547,0.5825437939922001,0.5626018310881558,0.5577309970874799,0.5676507304366597,0.5992115411174993
6,+8c,8,9,127,LightGBM,0.5130626742676715,0.5234009340281354,0.5241031716239516,0.5264636210473222,0.5298140730961802,0.5204261799485538,0.5181040819508561,0.5130626742676715,0.5173308008813383,0.5416702829673926
6,+9c,9,10,82,LightGBM,0.5119442373428729,0.5182008103525167,0.5252815343182007,0.5298817273564858,0.5199807481967951,0.5160277426893365,0.5198713300701824,0.5119442373428729,0.5161463742629242,0.5341105228959909
6,+10c,10,11,63,LightGBM,0.5130053024840352,0.5176869651254032,0.5231249271517788,0.5268548722524173,0.5172875471075236,0.5219689333091163,0.5268911850883524,0.5130053024840352,0.5206568803277764,0.5296199454148808
6,+11c,11,12,41,PySR (Symbolic Regression),0.5881510172095599,0.6021312471893226,0.6018404857445631,0.6021844451948568,0.5993014016045508,0.6261117461986561,0.6291513959996661,0.6206975828781354,0.6316772246164416,0.5881510172095599
6,+12c,12,13,26,Momentum-Adjusted Gaussian,0.5198286717362498,0.5228228905905801,0.5284320522578073,0.5322590162161055,0.5198286717362498,0.5377869381131346,0.5500974182411185,0.5685477888060338,0.5414885947867739,0.5347674433881322
6,+13c,13,14,18,Machine Learning (Logistic Regression),0.4225204467910667,0.4960045517367566,0.5014090461591658,0.5053920217238259,0.5182487479552425,0.4225204467910667,0.4720372037569614,0.45566770007795576,0.46033088748462586,0.5019987646501696
6,+14c,14,15,17,Machine Learning (Logistic Regression),0.4754594385047847,0.510578214568441,0.5156367985205305,0.5193352203076872,0.5189586391797792,0.4754594385047847,0.4874090907613301,0.48755479088536946,0.49026485606309106,0.5074838933728832
6,+15c,15,16,16,LightGBM,0.5944383565174415,0.76096815946937,0.693185952805593,0.6722920679470488,0.7600443186767276,0.7099695456891795,0.635723455121158,0.5944383565174415,0.6497523378079875,0.7856984611557376
6,+16c,16,17,7,LightGBM,0.7159256930725536,0.9602062395849851,0.9113816360329253,0.887618822772714,1.008505696660966,0.889798938440479,0.7701254752288884,0.7159256930725536,0.7639273248725695,0.920305517447991
6,+17c,17,18,7,XGBoost,0.617326422730787,0.6518743766700686,0.650318016325541,0.6496399293735384,0.6490595374683624,0.6844675044894638,0.617326422730787,0.6613927468467884,0.6310078202943716,0.6331880869202184
6,+18c,18,19,8,XGBoost,0.6730002974982672,0.7277563345185276,0.7222220047971932,0.7190743369175399,0.7378037104766493,0.7138817901495114,0.6730002974982672,0.6911628851670464,0.6824080731511132,0.7114328510763086
6,+19c,19,20,8,LightGBM,0.6169940938310938,0.6694425288112388,0.6649088081422334,0.662548093355056,0.6837345379585921,0.6318060094789191,0.6294957180656245,0.6169940938310938,0.6499137564982109,0.6453488284388812
6,+20c,20,21,10,Momentum-Adjusted Gaussian,0.4339493737197957,0.4402174516472985,0.4531780144856916,0.46128200836744987,0.4339493737197957,0.4703960784986726,0.4793728346972871,0.4581641500174073,0.48747937422618814,0.44680722438042214
6,+21c,21,22,9,Machine Learning (Logistic Regression),0.5217948774676012,0.53714229341732,0.5402573208264696,0.5427498116359027,0.5449237337739979,0.5217948774676012,0.530814353715118,0.5398279302205009,0.5417802986959794,0.5427176296744333
6,+22c,22,23,2,LightGBM,0.3359867104577189,0.42198502683033734,0.43653529478664266,0.44552636767654036,0.43090126495547243,0.35231094744181213,0.39747574460330326,0.3359867104577189,0.37951988386243085,0.4560145636697921
6,+23c,23,24,5,Machine Learning (Logistic Regression),0.36258335241076245,0.46163563030231314,0.47365428314004737,0.48111309760753035,0.47624072689807206,0.36258335241076245,0.4203145728690485,0.4028962955322397,0.41395741598901914,0.4950267804101074
6,+24c,24,25,2,PySR (Symbolic Regression),0.9039306593899117,0.9964484344120239,0.9747639383704578,0.9617440710979321,1.0113415650389224,0.9987885752938548,0.91045170189975,0.9969454920104596,0.9941444648743762,0.9039306593899117
6,+25c,25,26,4,Machine Learning (Logistic Regression),0.37157122985536806,0.4099227523187763,0.4242116420833674,0.4331195459289382,0.41633768886677747,0.37157122985536806,0.43532850829158076,0.4380655701277724,0.4141031905347287,0.4590488311602697
6,+26c,26,27,1,Machine Learning (Logistic Regression),1.1677279393173705,1.6607312193699972,1.560226679786957,1.5036586895538853,1.771956853326881,1.1677279393173705,1.2847877167135977,1.4448976225748698,1.277108915978266,1.3922798555404172
6,+27c,27,28,3,LightGBM,0.22884028884188004,0.32156798705199346,0.33989356647867824,0.3513502983230454,0.332726295319428,0.2584213214812247,0.27262552641240384,0.22884028884188004,0.26087545068037504,0.4008186024625147
6,+29c,29,30,4,Momentum-Adjusted Gaussian,0.4025243357833267,0.41832424917224187,0.43219472053130464,0.44084223532407324,0.4025243357833267,0.5889356604790539,0.49249095731710696,0.4597142796649485,0.48451785777210443,0.45128472047930035
6,+30c,30,31,2,Momentum-Adjusted Gaussian,0.6636355018535773,0.7032485244873345,0.7027540037789807,0.7024459614614428,0.6636355018535773,1.1776212639995127,0.8783565617649152,0.9675463098840392,0.9655226322585375,0.6936979389138225
6,+32c,32,33,1,CatBoost,0.1512912351698765,0.4004775861687999,0.4142776094221635,0.4229398957721356,0.4307829355785883,0.1737645489804985,0.2057120318355351,0.154646848499612,0.1512912351698765,0.4762680120591474
6,+33c,33,34,4,Machine Learning (Logistic Regression),0.6272329240106197,0.8709546417559766,0.8355089957420081,0.8169549578705965,0.9166376963459721,0.6272329240106197,0.7252074117611635,0.7891156105033248,0.7624033937502988,0.7594578439056798
6,+34c,34,35,1,Momentum-Adjusted Gaussian,0.13926204044290677,0.1625189014485307,0.19085815637529235,0.20838415383876574,0.13926204044290677,0.3611822587915894,0.448290076144557,0.3021452487315397,0.37326152077363667,0.22775960138237175
6,+35c,35,36,1,XGBoost,1.1025148785977745,2.0402208652063365,1.8606639746746618,1.766187872481128,2.207274952474601,1.2813024150129757,1.1025148785977745,1.1712074852398227,1.1299844209620895,1.724566464821525
6,+36c,36,37,3,Momentum-Adjusted Gaussian,0.29316695105630525,0.32123228344676064,0.341169067406698,0.3534901936727474,0.29316695105630525,0.6475314368619531,0.5993923555247154,0.5301580923243207,0.5425110338867338,0.36003955043145064
6,+38c,38,39,2,Machine Learning (Logistic Regression),0.49069753689962464,0.5760065489191308,0.5814686649742156,0.5849078669026926,0.589152546601813,0.49069753689962464,0.5613907229538677,0.6309862335384773,0.5786208257628,0.5842052623517324
6,+48c,48,49,1,Machine Learning (Logistic Regression),0.5603760900567277,1.3093333906263067,1.2608996222674407,1.2321546584906617,1.3862944356256994,0.5603760900567277,1.0691459346103842,0.9869002840884115,1.1551564166363477,1.128692035274357
5,-65c,-65,-64,1,Momentum-Adjusted Gaussian,0.24846135299416222,0.27443683864331553,0.2954071299255027,0.3085055445905024,0.24846135299416222,0.6837941025131438,0.9325774996537154,1.0880782695712978,0.9172914620223773,0.3618106344014305
5,-63c,-63,-62,1,Momentum-Adjusted Gaussian,0.2876820873529422,0.31471075953673605,0.333236073311206,0.3448360151631972,0.2876820873529422,0.7521643171599843,0.9848998614043883,0.9666349862485485,0.8399143658244902,0.4005050758534976
5,-49c,-49,-48,1,LightGBM,0.4706364601956001,1.3862943611198906,1.3281724032065128,1.2940341328604608,1.469675968115312,0.8386739287889043,0.5459292683326757,0.4706364601956001,0.5115024986078957,1.1628937322572426
5,-48c,-48,-47,1,Momentum-Adjusted Gaussian,0.08338161104464993,0.10536051731351088,0.13708691001649212,0.15669676206459673,0.08338161104464993,0.22026967060068134,0.8137979100716192,0.88182443842878,0.7925012154206127,0.1519207207685715
5,-46c,-46,-45,1,LightGBM,0.4922423223291085,1.3862943611198906,1.3281724032065128,1.2940341328604608,1.469675968115312,0.8722804068428979,0.6502285771723274,0.4922423223291085,0.5297343660168434,1.1628937322572426
5,-44c,-44,-43,1,LightGBM,0.5062286208634522,1.6094378975329393,1.5177984898099839,1.4657795035239805,1.7147984090515542,1.0876301020854846,0.5902344978797738,0.5062286208634522,0.5902370450057604,1.3267934621973874
5,-43c,-43,-42,1,Momentum-Adjusted Gaussian,0.2876820873529422,0.31471075953673605,0.333236073311206,0.3448360151631972,0.2876820873529422,0.5650776487113925,0.7333397594069406,0.7806255600375356,0.7511889169572415,0.4005050758534976
5,-40c,-40,-39,2,LightGBM,0.650837658011951,2.232704105285614,1.9599903652928927,1.834704465915674,2.5336027919256345,1.6644592588824147,0.7482438063725086,0.650837658011951,0.7836901089417931,2.243554760374104
5,-38c,-38,-37,2,CatBoost,0.6968907536721409,0.8749250316350342,0.8484905388744994,0.833797848478845,0.91007946996624,0.7373708515059063,0.738358632009549,0.831887312403687,0.6968907536721409,0.7886939339230485
5,-37c,-37,-36,1,LightGBM,0.7090013896905262,1.4696759519183977,1.399984086451336,1.359543488478926,1.5606477262677163,1.0536290967390052,0.8387466888721631,0.7090013896905262,0.7264358124221121,1.2228688150017863
5,-36c,-36,-35,2,Machine Learning (Logistic Regression),0.288585098517075,0.3382433703492736,0.35619966748575094,0.36737561989546286,0.342589505632779,0.288585098517075,0.43005350012879817,0.38644895697026593,0.42748120567848835,0.40428479391913885
5,-35c,-35,-34,2,LightGBM,0.5360356535465173,0.8097441276809452,0.7874456598022168,0.7752561031100513,0.8464097636020202,0.6475853308381702,0.6431141883284885,0.5360356535465173,0.5724077037616337,0.7036701236664938
5,-34c,-34,-33,1,LightGBM,0.6442369939718069,1.5606477794861495,1.477036376442557,1.4291984152183126,1.6607312389767888,1.176898015594718,0.8987214067258741,0.6442369939718069,0.8323627100339485,1.2899706358861422
5,-31c,-31,-30,1,Momentum-Adjusted Gaussian,0.10536051317429944,0.12783336846192012,0.15835327055237083,0.17719722003542748,0.10536051317429944,0.19439979028896628,0.4010996250801703,0.36722357341157247,0.3830627996071776,0.18762324510801856
5,-30c,-30,-29,2,LightGBM,0.6971372554421964,1.0441402577535162,1.0061677648627774,0.9846516256358511,1.0775137778308306,1.010653078880232,0.8020746464332036,0.6971372554421964,0.7551274864778218,0.9339548910097786
5,-29c,-29,-28,3,LightGBM,0.5403052276375224,0.7570481875249184,0.7411208911416115,0.7325767083909014,0.7957427871399987,0.5903996794965095,0.5427655338057743,0.5403052276375224,0.5546254650846835,0.6847708079425354
5,-28c,-28,-27,1,Momentum-Adjusted Gaussian,0.06187540229138055,0.08338160699542134,0.11596133316245656,0.13619055399996255,0.06187540229138055,0.12537885344224578,0.33842977975425453,0.369901311403274,0.3362942016865078,0.11207227944278866
5,-27c,-27,-26,4,CatBoost,0.6854486772892202,0.8799533379724509,0.823516203595756,0.7974246100379014,0.9438054838694467,0.7525445899690393,0.690454362772974,0.6929671718280674,0.6854486772892202,0.8126581562912174
5,-26c,-26,-25,2,Machine Learning (Logistic Regression),0.2508658863320116,0.40226290316712615,0.41609537021219367,0.4247709426384002,0.4326800203699851,0.2508658863320116,0.30257288978491226,0.3258161972267149,0.309103333065871,0.46578281481149725
5,-25c,-25,-24,4,PySR (Symbolic Regression),0.701400839012614,0.7542696234158401,0.7496689044731963,0.7469108640703326,0.7099797457135227,1.0347513729255975,0.8806600497557415,0.8083166506352661,0.8935096207818896,0.701400839012614
5,-24c,-24,-23,7,Momentum-Adjusted Gaussian,0.35811990371796537,0.3808933067453633,0.3954981546825545,0.4048185692208657,0.35811990371796537,0.488278815787095,0.5029301430153449,0.49130784631000424,0.4925468562218493,0.4022962997215376
5,-23c,-23,-22,5,Machine Learning (Logistic Regression),0.2519874707050138,0.33519458597544305,0.35123369378942876,0.3618486972914984,0.35142667770403724,0.2519874707050138,0.29478850152659153,0.29259028579143137,0.30428031985079834,0.36868595897904655
5,-22c,-22,-21,5,Machine Learning (Logistic Regression),0.3311987785663013,0.4199853774100711,0.4341182420831031,0.4428812059944473,0.4334841010101254,0.3311987785663013,0.4073459069301165,0.38927666122038485,0.3961997723424503,0.45635589353975226
5,-21c,-21,-20,6,LightGBM,0.7809882111281597,1.0213674472552954,0.9763984324147423,0.952080396364444,1.0786232602130859,0.9018747998257582,0.8299839688685738,0.7809882111281597,0.79566009330164,0.8992096364451213
5,-20c,-20,-19,6,PySR (Symbolic Regression),0.8799369978853676,0.9961298397458981,0.9601860495047413,0.940041591358982,1.0095754312030811,1.0185417732060473,0.925692744425501,0.8952519720790523,0.9232171780708064,0.8799369978853676
5,-19c,-19,-18,15,XGBoost,0.6702104780679999,0.7516734986871636,0.7312998097951059,0.7210618589808653,0.7743791675843131,0.7380500750167109,0.6702104780679999,0.6725192780090217,0.6981758994066098,0.7015456216605783
5,-18c,-18,-17,8,LightGBM,0.7870421045214384,1.1570299981371965,1.0437809075491031,0.9997281393265778,1.2535481375118258,1.0842067642730253,0.8941499296118363,0.7870421045214384,0.8868161235310306,1.220119367911235
5,-17c,-17,-16,18,LightGBM,0.6164053092359306,0.6690300016548074,0.6578055753575122,0.6523677278044998,0.6805911537665646,0.6773363702077551,0.6244108125834613,0.6164053092359306,0.6402475006495236,0.6510897827363403
5,-16c,-16,-15,17,XGBoost,0.639793669531409,0.6714142699391028,0.6635139875046017,0.6597429164659714,0.6860900584995329,0.6563182951033225,0.639793669531409,0.6549472009067339,0.6399379142124583,0.64587103764545
5,-15c,-15,-14,23,Standard Gaussian,0.5083870812816401,0.5083870812816401,0.510509510473429,0.5128954992017946,0.5107109841634049,0.5086672025612304,0.5261637201604202,0.5463743725996539,0.5375296956701653,0.5151693275933111
5,-14c,-14,-13,28,Machine Learning (Logistic Regression),0.5921440670809188,0.6113871195671733,0.6096332354678873,0.6092199281754337,0.6232793325944821,0.5921440670809188,0.5997208055266816,0.6126356990446903,0.6054818385367852,0.6041009147285876
5,-13c,-13,-12,18,LightGBM,0.5835403205487993,0.672481770987453,0.6593575290337994,0.6531518226448827,0.6990295487189426,0.6501591297909024,0.6026923960544597,0.5835403205487993,0.6107575860052052,0.646924018700682
5,-12c,-12,-11,42,LightGBM,0.5254681947204559,0.5362179845139048,0.5372043003135948,0.5387780949424057,0.5371834800472157,0.5405847483360195,0.5322144134924462,0.5254681947204559,0.5360038451125652,0.5348040619182298
5,-11c,-11,-10,46,PySR (Symbolic Regression),0.6229965711318071,0.6420413683083297,0.6372510404559333,0.6351569546613929,0.6485259879086187,0.6348861715286305,0.6288799205653215,0.6270191362705841,0.63095222212619,0.6229965711318071
5,-10c,-10,-9,58,PySR (Symbolic Regression),0.5674874339881806,0.5772976023722206,0.5752863634259524,0.5751619960461609,0.5860210185069625,0.5719965257137578,0.568921889239094,0.5680498915322673,0.5737931826465141,0.5674874339881806
5,-9c,-9,-8,104,Student-T df=3,0.5864674967720933,0.5918932425029341,0.5873703678286587,0.5864674967720933,0.5933498281676649,0.6068455700416012,0.5984970797431909,0.5967982620585818,0.5952560460753641,0.6065611985595398
5,-8c,-8,-7,133,Standard Gaussian,0.5118234118439677,0.5118234118439677,0.5152477034042071,0.5182420218998595,0.51481888803161,0.512320324402717,0.5156553066318726,0.5221617662782068,0.5148476733721211,0.5211028703865739
5,-7c,-7,-6,182,PySR (Symbolic Regression),0.552238556510367,0.5558585986232928,0.5569773950910707,0.5585837287982711,0.5540055856914435,0.5646521284369725,0.5595077344963516,0.5636403579370133,0.5626118766305693,0.552238556510367
5,-6c,-6,-5,287,LightGBM,0.5521943823684465,0.5586765991958277,0.5582917134120337,0.5592509625501115,0.5609892298759276,0.560535944973886,0.5562066608197567,0.5521943823684465,0.5560891991893272,0.5652368882559936
5,-5c,-5,-4,504,LightGBM,0.5078550253787922,0.5114716565565269,0.515846585979907,0.5192487367258231,0.5101635542633729,0.512433510746738,0.5101562989093036,0.5078550253787922,0.5093295971990683,0.5216677693523393
5,-4c,-4,-3,1121,LightGBM,0.5230245845180331,0.5272254576228025,0.5287115273776526,0.5309772610330956,0.5313340758398665,0.5258446470243174,0.5256870770368971,0.5230245845180331,0.5249771563328468,0.5400701756612217
5,-3c,-3,-2,3285,LightGBM,0.5261098107312125,0.5283692504304321,0.5303192761201154,0.5325301880964299,0.5300295329328026,0.5290096056207416,0.5271696147376794,0.5261098107312125,0.5267215975412564,0.5326154269955995
5,-2c,-2,-1,8908,LightGBM,0.47498284091858095,0.478002905920787,0.4816907514136783,0.48526612105083256,0.4800594149864432,0.47773505007032,0.4765472048250506,0.47498284091858095,0.47626042256148016,0.48517405280574655
5,-1c,-1,0,25925,LightGBM,0.4290096195256051,0.4327598496855741,0.4377559394864933,0.4424976994900737,0.434981315387064,0.4327937788732531,0.43084163970605804,0.4290096195256051,0.43058711430930463,0.4394279478223282
5,+0c,0,1,86211,LightGBM,0.3991201064293962,0.4029969614841437,0.4085731934532807,0.4139829496712181,0.4029969614841437,0.40319952367594103,0.40116938747723524,0.3991201064293962,0.4010105832602779,0.408928524496104
5,+1c,1,2,26484,LightGBM,0.4279627946518531,0.4318269487217524,0.43680208899057765,0.44154479122756357,0.43426657449904227,0.43150449127180696,0.4295328824965057,0.4279627946518531,0.42924480380495983,0.4389875360760153
5,+2c,2,3,8927,LightGBM,0.4719688312933183,0.47597576037381706,0.4795840759234477,0.4831540434035755,0.4785247722402691,0.4754219272162138,0.4737759834182718,0.4719688312933183,0.4730925457382739,0.4842947203619109
5,+3c,3,4,3235,LightGBM,0.5307440864505498,0.5362476735737784,0.5373700411785628,0.5392128917202995,0.5409767708695833,0.5351418115235562,0.5330815227686739,0.5307440864505498,0.5328296509719883,0.5405475512183947
5,+4c,4,5,1088,LightGBM,0.5221436515289627,0.5260311199053802,0.5290812454701331,0.5318234760870588,0.53090784496002,0.5227933818946103,0.5245781346531508,0.5221436515289627,0.5244489685467778,0.5378695022115876
5,+5c,5,6,479,LightGBM,0.5465702079815306,0.5577648923896424,0.5578362490801028,0.5588701469652566,0.5623403959269134,0.5564400664161557,0.5539058967002842,0.5465702079815306,0.5515585115411902,0.5605231096409619
5,+6c,6,7,323,LightGBM,0.49991390459529644,0.5140032576468762,0.5162975677216016,0.518858228000928,0.5197982977879637,0.5088396501684115,0.5074582249373036,0.49991390459529644,0.5048033855062469,0.5264697517817861
5,+7c,7,8,172,LightGBM,0.49955270806424523,0.5016952423585639,0.5062017669359905,0.5097752649580466,0.5024543715989204,0.5017139070465056,0.5071025612821096,0.49955270806424523,0.5034571661158505,0.5119172568266159
5,+8c,8,9,118,LightGBM,0.5363162460443021,0.5605438458531982,0.5594509715986574,0.5601370399814355,0.5740407284719522,0.5440769747050832,0.5450746138632908,0.5363162460443021,0.5451067398901777,0.5640592356611546
5,+9c,9,10,86,LightGBM,0.5331146452652349,0.5542316817159488,0.5479737913027851,0.5471845304311972,0.5669313966302145,0.54376811410044,0.5391043010503158,0.5331146452652349,0.54696828458617,0.5629608286775369
5,+10c,10,11,70,PySR (Symbolic Regression),0.6382166997322876,0.648607835019023,0.6462074065104255,0.6452759979009727,0.6562262238800795,0.6440736933126194,0.6469993294759248,0.6481843720795503,0.6504868653072227,0.6382166997322876
5,+11c,11,12,52,Standard Gaussian,0.5300119975831277,0.5300119975831277,0.5323224058783512,0.5346700964230234,0.531158406164503,0.5374787061050982,0.5422942362627439,0.5403462926484154,0.5370160438636493,0.5330592687185152
5,+12c,12,13,37,LightGBM,0.5627304663774257,0.5987068844892973,0.5877683924246696,0.5841562410816932,0.6171747956700714,0.5818862740513208,0.5743187600084452,0.5627304663774257,0.5758786833138076,0.6170595936880487
5,+13c,13,14,32,Machine Learning (Logistic Regression),0.5125032484557276,0.5304864425800091,0.5354601284821325,0.5388988889847985,0.5394296814351749,0.5125032484557276,0.5230693356345768,0.529299300547804,0.5267339595061912,0.5363359435987376
5,+14c,14,15,24,Momentum-Adjusted Gaussian,0.4810251660295181,0.4840626511547703,0.4926874703107027,0.49821569971347124,0.4810251660295181,0.5043980291060847,0.505880568695448,0.510846897323506,0.5130543380241441,0.49401209409956265
5,+15c,15,16,21,Standard Gaussian,0.47252643901367686,0.47252643901367686,0.48318956831923454,0.4898654427603575,0.4741049873676784,0.4726135110130685,0.4901895987170574,0.4823720314217973,0.4868662651353408,0.5068303046876724
5,+16c,16,17,9,CatBoost,0.4789192270502475,0.48795167882883167,0.4971139537619638,0.5029030827327391,0.48705385681217855,0.5053234649661422,0.4924696046342923,0.4951580077855337,0.4789192270502475,0.5242304996426289
5,+17c,17,18,14,LightGBM,0.3805743986548154,0.3901282539397786,0.40420883569124844,0.4131794393220386,0.3898812373010401,0.3993109919547379,0.4091658797607324,0.3805743986548154,0.3981190334118043,0.4364484002334118
5,+18c,18,19,9,Momentum-Adjusted Gaussian,0.4419374209752587,0.45443938657014216,0.46413207696714437,0.4703648605240255,0.4419374209752587,0.5230621869457553,0.4940451911489839,0.5460995891738275,0.4696180859395071,0.4884162054071809
5,+19c,19,20,7,Machine Learning (Logistic Regression),0.6087148380309836,0.6318802530036068,0.6318113759865831,0.6320001943520744,0.6425548855627986,0.6087148380309836,0.6326031222070068,0.64367733894945,0.658627526529271,0.6208207551903187
5,+20c,20,21,8,Momentum-Adjusted Gaussian,0.5585857753806613,0.5722397421018187,0.5757551352379836,0.5781346105892439,0.5585857753806613,0.6772096047383105,0.6097989835916152,0.6089662238813025,0.638553494509907,0.5676265138003291
5,+21c,21,22,6,PySR (Symbolic Regression),0.5053456257892824,0.5531920639193711,0.5512731920112545,0.5513099653516761,0.5475318460459472,0.6236402652873926,0.5753813152051922,0.5920005343630955,0.5987099437666182,0.5053456257892824
5,+22c,22,23,8,XGBoost,0.6810734248256378,0.9167318274943193,0.8667303938528899,0.8442169438934514,0.9858376887579614,0.7390268312853585,0.6810734248256378,0.7139336315371569,0.7422967140898424,0.9103117043196104
5,+23c,23,24,3,Momentum-Adjusted Gaussian,0.6268198769619763,0.6442076352449058,0.645589822986182,0.6465127458745232,0.6268198769619763,0.8232317182245074,0.7318846110248117,0.6907332287268501,0.7336937807896299,0.6501724520707056
5,+24c,24,25,6,Machine Learning (Logistic Regression),0.7457103901811756,0.8077044701256377,0.7962456667913163,0.7895647774709781,0.8270555538732242,0.7457103901811756,0.7535712991999471,0.8076230749759833,0.7686936106452564,0.7687950166175875
5,+25c,25,26,7,Machine Learning (Logistic Regression),0.23989214635463993,0.38712251654792296,0.4008772879864554,0.4099265636063568,0.40907378884984735,0.23989214635463993,0.36731282242126084,0.37711040519277306,0.30892872840939284,0.4203813209158553
5,+27c,27,28,3,Momentum-Adjusted Gaussian,0.5192649030635728,0.5294081822258389,0.5374858246138831,0.5425350747985719,0.5192649030635728,0.6567243564915534,0.5954449003459389,0.5631731328997482,0.5812180547436366,0.5616367793588157
5,+28c,28,29,1,Machine Learning (Logistic Regression),0.26265376436953436,0.5108256337000981,0.519267109186465,0.5245607287296356,0.5447271849475852,0.26265376436953436,0.31534362632568286,0.30897939616952513,0.30042044718475003,0.5650204446454201
5,+29c,29,30,1,PySR (Symbolic Regression),1.0131110024790146,1.1711829738120232,1.1378362106421218,1.117717957986751,1.1086626186514568,1.8536822114636167,1.5381481633980205,1.5144781532122158,1.619430769921094,1.0131110024790146
5,+30c,30,31,1,Momentum-Adjusted Gaussian,0.3285040841497637,0.35667496096863105,0.37281071638896374,0.382931042977108,0.3285040841497637,0.6522740774991156,0.4714477714929467,0.39295809839200374,0.43850690705712086,0.4284060871515886
5,+31c,31,32,2,Momentum-Adjusted Gaussian,0.418393339237775,0.4493482356897341,0.46085730451622914,0.4680761640225485,0.418393339237775,0.8133314504339073,0.5111267421653616,0.504410687951081,0.5783934935353002,0.5035915810594082
5,+32c,32,33,1,Machine Learning (Logistic Regression),0.8408863264894143,1.3862943611198906,1.3281724032065132,1.2940341328604608,1.469675968115312,0.8408863264894143,1.0100691433781182,1.049195243423138,1.076222359191333,1.1841113719592127
5,+33c,33,34,2,LightGBM,0.5954701537289405,0.6773978188451182,0.6776106588694051,0.6777760262565478,0.684816931978804,0.6949032688731746,0.6595996899955503,0.5954701537289405,0.6012370849643365,0.6795340741476439
5,+35c,35,36,2,Machine Learning (Logistic Regression),0.45188641081805414,0.5171150145340926,0.5261293410848774,0.531747631901837,0.5273455511772993,0.45188641081805414,0.5682373881122331,0.5077994719141585,0.4545118510688009,0.5434494532047808
5,+36c,36,37,4,Machine Learning (Logistic Regression),0.4741844592081078,0.5503172203556622,0.5571411557868085,0.561513040397266,0.5611095864619323,0.4741844592081078,0.5999357751281162,0.5698457676607322,0.5474250230514098,0.5397225410845121
5,+37c,37,38,1,Machine Learning (Logistic Regression),0.4327159488009535,0.8915980553178253,0.8806680187458806,0.8739190526394539,0.9416084714659382,0.4327159488009535,0.8332628436862237,0.8500794227278153,0.6801732393619809,0.8384406125939112
5,+38c,38,39,1,Momentum-Adjusted Gaussian,0.4942963655411393,0.5276327865332945,0.5352992094860988,0.5401048905528777,0.4942963655411393,1.064753589947103,0.5537121531215751,0.574816433234649,0.6537920416814185,0.5663105901561892
5,+39c,39,40,1,Momentum-Adjusted Gaussian,0.13926204044290677,0.1625189014485307,0.19085815637529235,0.20838415383876574,0.13926204044290677,0.4078188687357133,0.4781028026537528,0.3555646197595908,0.3675326095223324,0.22775960138237175
5,+43c,43,44,1,Momentum-Adjusted Gaussian,0.23572235823059065,0.2613647889051693,0.2831601846627415,0.296760474032687,0.23572235823059065,0.6598506597879095,0.3480199526012541,0.3302005356298595,0.32715010000068045,0.3394274939282298
5,+45c,45,46,1,Machine Learning (Logistic Regression),0.575156392474364,1.2729657779922836,1.2287858274561987,1.2024442825816417,1.3470737562865946,0.575156392474364,1.1102087136958914,1.1796333607239191,1.1853316598425663,1.1028312307761512
5,+47c,47,48,1,Momentum-Adjusted Gaussian,0.23572235823059065,0.2613647889051693,0.2831601846627415,0.296760474032687,0.23572235823059065,0.7172838596141001,0.3071130361116553,0.2890175529746219,0.3034952601612625,0.3394274939282298
5,+49c,49,50,2,Machine Learning (Logistic Regression),0.6480516720836663,1.478255828342569,1.4059025141867252,1.3642240036460607,1.570957442674858,0.6480516720836663,1.0489541686104307,1.1763306326226874,1.1439807455105198,1.2537904431454612
5,+58c,58,59,1,XGBoost,0.1659205322654975,0.19845094744646924,0.22438762644004973,0.2404797841634145,0.17435339619191137,0.7280787996229442,0.1659205322654975,0.23144769076584623,0.1855647937693755,0.27169645009186966
5,+59c,59,60,1,Machine Learning (Logistic Regression),0.789124721843185,1.966112958552229,1.8038372409467056,1.7172867257675197,2.120263651684097,0.789124721843185,1.5351299398663525,1.385941168151805,1.1869234864431624,1.6540362373103548
5,+78c,78,79,1,LightGBM,0.43764773460329265,2.6592601391121744,2.3024658454425366,2.1350561510472232,2.995732407664451,0.8620103008119364,1.1596183523679753,0.43764773460329265,0.9495553700555969,2.532460710343723
4,-84c,-84,-83,1,Momentum-Adjusted Gaussian,0.07257069716097901,0.09431068340121791,0.1265199174742769,0.14646199673827562,0.07257069716097901,0.36839640391801004,0.16595777207312523,0.599924965417394,0.2027059057339561,0.1326230218142961
4,-78c,-78,-77,1,Momentum-Adjusted Gaussian,0.19845094290343226,0.22314355503950006,0.24742844908632922,0.2625315946877678,0.19845094290343226,0.6842878882399498,0.9027940627814235,0.9568272705652509,1.1281521736663855,0.308329339459616
4,-73c,-73,-72,2,Momentum-Adjusted Gaussian,0.1450424803971887,0.16843615969869463,0.19638291053009516,0.21367455561994894,0.1450424803971887,0.500017267730405,0.40040928186073477,0.7165700762564571,0.4559140064715272,0.24360540456602664
4,-71c,-71,-70,1,Momentum-Adjusted Gaussian,0.10536051317429944,0.12783336846192012,0.15835327055237083,0.17719722003542748,0.10536051317429944,0.38295043928123246,0.3679227931130623,0.8085096103450308,0.3962069105032444,0.18762324510801856
4,-68c,-68,-67,1,Momentum-Adjusted Gaussian,0.12783337269520453,0.1508228904276609,0.1799234378837455,0.19790558247247123,0.12783337269520453,0.42047839424293326,0.5307274142657267,0.8626108351480604,0.630490616618898,0.22044559863817703
4,-67c,-67,-66,1,Momentum-Adjusted Gaussian,0.3011050949989591,0.32850406862772064,0.3462264421700634,0.35733076585211726,0.3011050949989591,0.8228891211957148,0.6622131792439099,0.7991912241387084,0.7824887488125699,0.4132337065131863
4,-64c,-64,-63,1,CatBoost,0.20344390989576017,2.3025850780928847,2.054900718001434,1.930768305263453,2.5257286200938687,1.379686679036705,0.27426794040376984,0.3965291645407663,0.20344390989576017,1.9593953506444575
4,-60c,-60,-59,1,XGBoost,0.23832672081350278,2.5257286666599974,2.211918914654511,2.061022810189196,2.813410739111778,1.6134487106568263,0.23832672081350278,0.33033363980639463,0.35921195384597987,2.2441241166647083
4,-55c,-55,-54,1,Momentum-Adjusted Gaussian,0.01005033585350145,0.020202706861361452,0.048763591988306695,0.0684324667964762,0.01005033585350145,0.06843920744867808,0.7299954507834042,0.7802955362869378,0.9132702975973137,0.01005033585350145
4,-53c,-53,-52,1,Momentum-Adjusted Gaussian,0.4004775583681259,0.4307829069225089,0.443048116001731,0.45074772556585035,0.4004775583681259,0.8763420045465163,0.8811480382894087,0.9232765703480939,0.9925652986660213,0.5014334697094777
4,-52c,-52,-51,2,CatBoost,0.38926853900180025,1.805959166752475,1.6773067019020167,1.6068529900731838,1.9364010977444797,1.1512513841521153,0.5316112085698552,0.49251556715172695,0.38926853900180025,1.4840541185068394
4,-51c,-51,-50,1,Machine Learning (Logistic Regression),0.39166454674287304,0.8209805574884342,0.8142963825658407,0.810153006741665,0.8675005723169873,0.39166454674287304,0.5711078544107602,0.7476113079708421,0.6813548280630929,0.7752315276636067
4,-46c,-46,-45,1,Machine Learning (Logistic Regression),0.3126199969695037,0.653926504086446,0.6557954334723047,0.6569622908280209,0.6931472178128489,0.3126199969695037,0.4073321176399205,0.5052005668792628,0.3352633933704221,0.6588206546348624
4,-44c,-44,-43,2,LightGBM,0.4510893208870671,0.811261590888765,0.7858709709999675,0.7722597465404747,0.8507766162828606,0.5889320086590338,0.5365167779675837,0.4510893208870671,0.5279161876269203,0.6778921027980319
4,-39c,-39,-38,1,CatBoost,0.6939138328969017,1.6094378975329393,1.5177984898099839,1.4657795035239805,1.7147984090515542,1.155419595108821,0.7010492322472577,0.7229069376535723,0.6939138328969017,1.3267934621973874
4,-38c,-38,-37,1,Momentum-Adjusted Gaussian,0.3424903129344106,0.3710636848461737,0.3864153995463595,0.3960474374922193,0.3424903129344106,0.6169019233871249,0.7128455456944146,0.5716509831968358,0.7317157970049039,0.4511232374525582
4,-34c,-34,-33,2,Machine Learning (Logistic Regression),0.2797028637456964,0.372009734074654,0.38907982503018557,0.3996334666257718,0.3796434692282639,0.2797028637456964,0.36785577569527717,0.357647685451733,0.42294951561822614,0.40967100561759306
4,-33c,-33,-32,1,CatBoost,1.0530932628634586,2.1202635585518332,1.921058882522819,1.8177825957751492,2.3025851153457877,1.7032248454297962,1.120741422296145,1.4034777450487472,1.0530932628634586,1.7656646247696286
4,-32c,-32,-31,1,Momentum-Adjusted Gaussian,0.07257069716097901,0.09431068340121791,0.1265199174742769,0.14646199673827562,0.07257069716097901,0.14987522799306133,0.3305675233888345,0.31964225631583426,0.35073046702236166,0.1326230218142961
4,-31c,-31,-30,1,LightGBM,0.5503694961255471,1.0498221415285764,1.027435477872473,1.0137700496810722,1.1086626412289737,0.7395608508701278,0.6690633835568396,0.5503694961255471,0.6681610302330993,0.9305464617689814
4,-29c,-29,-28,2,Momentum-Adjusted Gaussian,0.18077195493450876,0.20503785405449607,0.23054215114919485,0.24637259047117194,0.18077195493450876,0.29549711167700976,0.49215865587393026,0.5434060340685791,0.4879726389790077,0.28657221837524405
4,-28c,-28,-27,1,Momentum-Adjusted Gaussian,0.08338161104464993,0.10536051731351088,0.13708691001649212,0.15669676206459673,0.08338161104464993,0.1541644226529467,0.39019958870872445,0.35238193431655385,0.3576624634896496,0.1519207207685715
4,-27c,-27,-26,5,PySR (Symbolic Regression),0.7106205806552355,0.757389491305176,0.7426515726177737,0.734901365037587,0.7537439882858001,0.8829542348135482,0.7826236707529072,0.7894668694004283,0.7702827406497887,0.7106205806552355
4,-26c,-26,-25,2,Machine Learning (Logistic Regression),0.32775207347578145,0.40822272029826606,0.42332681019758134,0.43267323696387944,0.4162046462556492,0.32775207347578145,0.4558580362044191,0.4301928349956812,0.40636888371497526,0.4474276841490543
4,-25c,-25,-24,3,CatBoost,0.94070052372362,1.5303238172530345,1.39174143279829,1.3247046982523252,1.6835587712731617,1.2720887324791648,0.9457574635346472,0.9436400339355485,0.94070052372362,1.3972124786115894
4,-24c,-24,-23,5,CatBoost,0.6654337105390772,0.821130875783538,0.7701146351182525,0.7472772612755583,0.8695976293775797,0.7865519908290954,0.6827885937079465,0.7061791490528072,0.6654337105390772,0.8174128680590671
4,-23c,-23,-22,6,LightGBM,0.6989084925210204,0.7803488985741568,0.7677709116564952,0.7606496655860981,0.7948953553231847,0.7439746747232486,0.7254671253540591,0.6989084925210204,0.7239661708082185,0.7301361064945516
4,-22c,-22,-21,3,LightGBM,0.22619487345089176,0.30069734290070266,0.32037791669088517,0.3326478028698291,0.3123209844232273,0.23499811648960814,0.2671953409239369,0.22619487345089176,0.2646754438432499,0.37348491819434093
4,-21c,-21,-20,5,Momentum-Adjusted Gaussian,0.43610093536091166,0.4695169523345072,0.4786965060792898,0.4847478722049449,0.43610093536091166,0.6117152762105164,0.5923627636425712,0.5311851956096685,0.5957797089904427,0.4863251902167535
4,-20c,-20,-19,3,XGBoost,0.910574913810471,1.2032328768814338,1.125754998508442,1.0860721119102503,1.2850882127136858,1.0840970837245358,0.910574913810471,0.9329082539996273,0.9412715057595479,1.056878004536706
4,-19c,-19,-18,16,CatBoost,0.7025975278727931,0.8127285014941227,0.7852271420529925,0.7713696820253397,0.8395078461691661,0.7900709623878436,0.7124937440816712,0.7287117894597143,0.7025975278727931,0.7646667436406926
4,-18c,-18,-17,14,XGBoost,0.7724993734465384,0.89057055524179,0.8345780245170417,0.811207560131361,0.963350071525561,0.8858906828110934,0.7724993734465384,0.773680652914557,0.7744762853708366,0.9427442210081907
4,-17c,-17,-16,12,Machine Learning (Logistic Regression),0.4073822580512159,0.47312920081731674,0.48296524563390936,0.489222662019027,0.4924540390955325,0.4073822580512159,0.43284547417010755,0.4590115325364151,0.44597477456491336,0.48348013736752476
4,-16c,-16,-15,10,Machine Learning (Logistic Regression),0.40276649738088494,0.4698221928376552,0.4798960982561325,0.48628908369109486,0.48624372380552916,0.40276649738088494,0.45251149008330416,0.47513826332233355,0.44653659087825937,0.4831156647768976
4,-15c,-15,-14,17,Momentum-Adjusted Gaussian,0.5507056637669955,0.560542658112984,0.5623358908697406,0.5640108705371238,0.5507056637669955,0.5952923813083925,0.5929446138384136,0.5848598964309188,0.5901204219292284,0.5596195786216294
4,-14c,-14,-13,20,LightGBM,0.7740358591878705,1.017784105638168,0.9070181883462661,0.8669174786698868,1.0668111305639885,0.9435727653194805,0.8252163279275097,0.7740358591878705,0.8032675096036851,1.0371418302621063
4,-13c,-13,-12,24,LightGBM,0.5780355529219199,0.6821606587699853,0.6397922908258372,0.6276342939736046,0.6916724988437658,0.622028824612042,0.6029553568082834,0.5780355529219199,0.59885920091094,0.6958859596107078
4,-12c,-12,-11,47,LightGBM,0.5752606045795701,0.6637896947851805,0.6317783391348978,0.6204132853785234,0.7056640695622985,0.63685903609383,0.5935919500345779,0.5752606045795701,0.5990121429279844,0.7165432829395563
4,-11c,-11,-10,43,Momentum-Adjusted Gaussian,0.5424502267060572,0.5426032322292362,0.5469477286500254,0.5499998898748039,0.5424502267060572,0.5464261748302014,0.5470499222023428,0.5438306739524671,0.5513802044421685,0.5505481483944462
4,-10c,-10,-9,67,LightGBM,0.54584198618249,0.5797502751661319,0.5722983002501274,0.5701569278072985,0.59020254932029,0.5741783642800964,0.5622382775184172,0.54584198618249,0.5572890826528438,0.5843812749782523
4,-9c,-9,-8,65,PySR (Symbolic Regression),0.609801796378822,0.629167713235269,0.625807461182017,0.6244433037358159,0.623641954944929,0.6482627304699653,0.6373338346041995,0.6334931583755098,0.6353025807488186,0.609801796378822
4,-8c,-8,-7,107,PySR (Symbolic Regression),0.541175514816015,0.5444590552435372,0.5449445135372892,0.5464124348330541,0.5438196845110416,0.5536802052227671,0.5457206795449269,0.5519813269427883,0.5475133833280856,0.541175514816015
4,-7c,-7,-6,194,Machine Learning (Logistic Regression),0.48507172640876456,0.48957571790230775,0.4939043460717715,0.4975967001473711,0.49262367894091796,0.48507172640876456,0.4928022004457989,0.4937067365745355,0.4931209977731834,0.4985081044753532
4,-6c,-6,-5,277,LightGBM,0.4987566940025806,0.5058680446262982,0.5086434180345558,0.5115843361784139,0.5117268954440845,0.4990759918387581,0.5018638449766114,0.4987566940025806,0.5021779952583817,0.525341749459396
4,-5c,-5,-4,490,LightGBM,0.5377321382326801,0.5434187975799452,0.5406760501016217,0.5410636395857322,0.5478049915029712,0.5430721498831508,0.5419867726181392,0.5377321382326801,0.5405341630300543,0.5493309548450558
4,-4c,-4,-3,1134,LightGBM,0.5416732386565344,0.5431899633705046,0.5441266850717618,0.5458297188395617,0.5460283632475111,0.5430695446330236,0.5432311364668175,0.5416732386565344,0.5433858420837817,0.5470489385498571
4,-3c,-3,-2,3090,LightGBM,0.524032658620035,0.5266859438949314,0.5279463940407478,0.5299044780480237,0.5296364724963866,0.5275975263552388,0.5261968724875691,0.524032658620035,0.5259417149425016,0.5299154903112049
4,-2c,-2,-1,8528,LightGBM,0.47262552540444097,0.4760624268428664,0.47774547279456336,0.4804875538291052,0.47818524090611164,0.47705908674102476,0.4745556526226548,0.47262552540444097,0.4744397958456025,0.4778218736856604
4,-1c,-1,0,25585,LightGBM,0.4092998493695338,0.4120928619398988,0.4169434530104068,0.4219063498346833,0.4151105725592516,0.41266680812823037,0.41057278950453074,0.4092998493695338,0.41054566738544573,0.4175252333608469
4,+0c,0,1,86785,LightGBM,0.365049739830708,0.36762973874589633,0.3742375277354754,0.3805238645712996,0.36762973874589633,0.36865383207340924,0.3663946718298485,0.365049739830708,0.3663844455180157,0.37272954709334133
4,+1c,1,2,25698,LightGBM,0.4102948143484105,0.4129830984593375,0.41762235256390323,0.42248992417792397,0.4155639853894231,0.4135526458762403,0.4116825727192712,0.4102948143484105,0.4115196335600682,0.4185312940343424
4,+2c,2,3,8583,LightGBM,0.45718769761768135,0.4612443212632266,0.46402012398015763,0.4674198317845765,0.4651362006309951,0.46126267958909195,0.45904413572343955,0.45718769761768135,0.45874191916300205,0.4670098780654098
4,+3c,3,4,3130,LightGBM,0.5308657112710645,0.534523922671119,0.5353316255888059,0.5370062451655122,0.5389019419197366,0.5344828599793872,0.5327441949781224,0.5308657112710645,0.5324413898487297,0.5369961382049852
4,+4c,4,5,1085,LightGBM,0.5395801948139117,0.5426433705590469,0.5434754870753367,0.545086453394028,0.5435803090261407,0.5440508211786528,0.5415059211676279,0.5395801948139117,0.5416501999952117,0.5480800872416545
4,+5c,5,6,494,LightGBM,0.5619879328368071,0.5740970337977492,0.5692882739600759,0.5683744174574361,0.5836534309581733,0.5709809951302313,0.5680873080724093,0.5619879328368071,0.5682738579041056,0.5803538391196984
4,+6c,6,7,291,LightGBM,0.5329640192891656,0.5430208078957193,0.5371334058516546,0.536411645954092,0.5511630195141997,0.5428004784103345,0.5369914508107704,0.5329640192891656,0.5386971990794382,0.5637635736790538
4,+7c,7,8,177,LightGBM,0.5502605083161849,0.5508179809963353,0.5508915289491086,0.5520926848594299,0.5556014102203867,0.5522080833736809,0.5518159811758906,0.5502605083161849,0.5515143821735631,0.5575956240681104
4,+8c,8,9,139,Student-T df=3,0.563678708610476,0.5698172036006671,0.564498565435753,0.563678708610476,0.5742856238195729,0.569667416605935,0.5661202307991393,0.5640124004414385,0.565802141813561,0.578967866757415
4,+9c,9,10,87,XGBoost,0.5171079010736426,0.5522914020557925,0.5397278496922573,0.5371974116608605,0.5721052495547864,0.5331621844483482,0.5171079010736426,0.5213161182512517,0.5249144374734643,0.5833606637077199
4,+10c,10,11,62,LightGBM,0.5928548869787612,0.6273824074672975,0.6092507754959687,0.6041075466155568,0.6351648121542758,0.6011614559479532,0.5954691269015536,0.5928548869787612,0.5954933000027851,0.630608402788432
4,+11c,11,12,55,LightGBM,0.57837820411554,0.5852561407407003,0.5800542305823937,0.5785601963455862,0.5822917865162123,0.6101629104394966,0.5943916664196207,0.57837820411554,0.5894789220503112,0.5801774665484806
4,+12c,12,13,30,PySR (Symbolic Regression),0.6685964523892461,0.7076998600414962,0.6961002829191489,0.6902326330600336,0.7094862372871958,0.730237914262887,0.7043149961536519,0.6989636636052585,0.7038918984503012,0.6685964523892461
4,+13c,13,14,22,LightGBM,0.7197002115873093,0.8555873522709596,0.805005829459336,0.781986161052339,0.8968795687713551,0.8388670627300158,0.75605046474328,0.7197002115873093,0.75211638853677,0.8423868150218184
4,+14c,14,15,28,LightGBM,0.5626735909011528,0.6639661779025522,0.6288980120259985,0.6161244796544862,0.7267477616069342,0.6136589508732682,0.5873309814319901,0.5626735909011528,0.5868320066091118,0.7339655677430735
4,+15c,15,16,13,CatBoost,0.7191992358978992,0.8261701292872032,0.7870316756306818,0.7686102419299057,0.8719716557269345,0.7648609353337699,0.7210380152740972,0.7196483128923307,0.7191992358978992,0.7958242150993665
4,+16c,16,17,24,LightGBM,0.7701169372322717,0.9222422640440859,0.8476484782455715,0.8185599554487833,0.9401878519976915,0.8618631929769611,0.7784890503186522,0.7701169372322717,0.785565185197834,0.8697627618856177
4,+17c,17,18,17,PySR (Symbolic Regression),0.6247451906254976,0.6318907999002937,0.6317853864511667,0.6319605121949087,0.6256771867840437,0.6851020269277005,0.6490287663142854,0.6493115504259019,0.6520457620622124,0.6247451906254976
4,+18c,18,19,18,Standard Gaussian,0.5145619687080665,0.5145619687080665,0.5206859446598453,0.5248735999315675,0.5176217291443774,0.5148605592351835,0.5352848747451265,0.5374100165762301,0.5414376659039283,0.5161428677664168
4,+19c,19,20,6,Momentum-Adjusted Gaussian,0.24465092212243558,0.24605958031295747,0.2651236162566108,0.2780569965058098,0.24465092212243558,0.27391985867950197,0.3027838666121589,0.34396108018493016,0.28968294060686434,0.289747365228283
4,+20c,20,21,7,CatBoost,0.5481192209230483,0.6171682466712397,0.6049187655179548,0.599781470118302,0.6241676150016545,0.6597036875832746,0.5702844973181292,0.5596274208632929,0.5481192209230483,0.617859966333661
4,+21c,21,22,4,LightGBM,0.4808150026679334,0.4876360631620964,0.49779197080168747,0.504141530951608,0.48765526249154,0.5173185795585282,0.5071296554477587,0.4808150026679334,0.4953286485109325,0.5306939383554605
4,+22c,22,23,4,Machine Learning (Logistic Regression),0.33455420087703824,0.3899120634541566,0.40552358775206887,0.4152325850977485,0.3967473456106313,0.33455420087703824,0.40492388815282443,0.3900385834991242,0.36363039561716487,0.4323342410461685
4,+23c,23,24,7,LightGBM,0.5036531878111481,0.5215636865629858,0.5287279806355641,0.5332915161827608,0.5238916166281397,0.5351497366385085,0.5337370957962406,0.5036531878111481,0.5123044186065616,0.5481654718200896
4,+24c,24,25,1,Momentum-Adjusted Gaussian,0.2231435876357908,0.2484613959782817,0.2710852876913131,0.2851875831176965,0.2231435876357908,0.4132861387497789,0.40201269385533217,0.2899535507209946,0.36254556161964496,0.32627597301922945
4,+25c,25,26,7,PySR (Symbolic Regression),0.5247892449563303,0.5368482004760361,0.5434982544879833,0.5477254895769239,0.5299025667988664,0.6004297430564495,0.6577891492019852,0.6922932529145609,0.6505393228051123,0.5247892449563303
4,+26c,26,27,3,Machine Learning (Logistic Regression),0.32753950376353574,0.5817869078091279,0.5869830070307857,0.5902376731058543,0.6183012499076348,0.32753950376353574,0.45611837604739575,0.5093299482838624,0.424790518356605,0.6180337211383655
4,+27c,27,28,3,Momentum-Adjusted Gaussian,0.6627082740006655,0.6683835892224336,0.6688676008131337,0.6692171081801832,0.6627082740006655,0.7808185710413956,0.7418235149904474,0.7218279210093043,0.7214238047336895,0.668759177149768
4,+28c,28,29,2,Momentum-Adjusted Gaussian,0.5171150197736006,0.552667421282922,0.5595572149087693,0.5638759166498065,0.5171150197736006,0.9170564910481822,0.6832016594235499,0.6330895835576054,0.7035671794159273,0.5651882576939499
4,+29c,29,30,3,XGBoost,0.5499643083597433,0.9178569290478662,0.8687618024841964,0.8440166528117814,0.9928666492817726,0.576771334906516,0.5499643083597433,0.632970719217744,0.5549329977864813,0.867208229032549
4,+30c,30,31,1,Momentum-Adjusted Gaussian,0.4004776028492047,0.4307829527722363,0.4430481644182509,0.4507477723922751,0.4004776028492047,0.7709312283544152,0.48804012640973016,0.43974874922549867,0.48466920961803683,0.49065678636803334
4,+31c,31,32,4,PySR (Symbolic Regression),0.6781338455332458,0.7104043209102298,0.7039048872523125,0.7003545516506395,0.7064990141876688,0.8579610125082949,0.7239919465935711,0.7301139171716772,0.7635964312425035,0.6781338455332458
4,+32c,32,33,2,Momentum-Adjusted Gaussian,0.5761647670773445,0.6149872834079181,0.617702372202552,0.6194781001120846,0.5761647670773445,1.0749036626893294,0.858736090610618,0.8791897417605161,0.902848217517983,0.6029410331018908
4,+33c,33,34,1,Momentum-Adjusted Gaussian,0.19845092473128456,0.22314353641304868,0.24742842961236328,0.26253157604535,0.19845092473128456,0.46435816741554303,0.4651668650466864,0.42551099512577895,0.4317419578848469,0.29943657602949303
4,+34c,34,35,2,Machine Learning (Logistic Regression),0.34807825166020906,0.38913471922096843,0.4047447464552161,0.414444325928859,0.3952697651863636,0.34807825166020906,0.41115048332542403,0.38361142528315506,0.39155979489661574,0.4444944966736748
4,+35c,35,36,1,XGBoost,0.9387467617474814,1.8971201438316134,1.750136517433669,1.6707554089583239,2.0402210084867485,1.1698585835915525,0.9387467617474814,1.1154747553352409,1.0559905675389376,1.5911838856275389
4,+39c,39,40,2,Machine Learning (Logistic Regression),0.258787856521001,0.3220832841749985,0.3414949138273696,0.3535185055582958,0.32821480338874565,0.258787856521001,0.536597622884973,0.5668279057578917,0.4200543347729083,0.3701927013395868
4,+40c,40,41,2,Momentum-Adjusted Gaussian,0.26730305135753907,0.29430347450759303,0.3150134158503106,0.3278734232566334,0.26730305135753907,0.6586443697016124,0.5293978840871505,0.5140543165327579,0.4834712421182502,0.33300313836173195
4,+47c,47,48,2,Momentum-Adjusted Gaussian,0.18336263510645798,0.20293257907414824,0.22449969227228006,0.2389071784016658,0.18336263510645798,0.5407923619893711,0.41760184289710456,0.5065364012689343,0.5004692468543618,0.23168469913136272
4,+49c,49,50,2,Momentum-Adjusted Gaussian,0.2688415454082691,0.29116080927833304,0.3084861560377951,0.32022750119469046,0.2688415454082691,0.728370928788792,0.47600711308846994,0.5986668134408639,0.5571266085564612,0.30108998077490284
4,+55c,55,56,1,CatBoost,0.2408616966528559,0.35667496096863105,0.37281071638896374,0.382931042977108,0.3285040841497637,1.0633679803507026,0.2683423835304365,0.344397385114894,0.2408616966528559,0.4284060871515886
4,+57c,57,58,1,Momentum-Adjusted Gaussian,0.03045922023518676,0.05129330693589688,0.08388161340435107,0.10455486343081366,0.03045922023518676,0.26140086420902603,0.48627751102760525,0.8767432863263757,0.723491381177898,0.032175789489282375
4,+58c,58,59,2,Momentum-Adjusted Gaussian,0.17138603389030496,0.19548534528961048,0.22154891357658696,0.2377188707901302,0.17138603389030496,0.7085515935298311,0.2891751738353882,0.3496814368409983,0.35322393322469575,0.25743897616548805
4,+59c,59,60,1,XGBoost,0.19019318569318341,0.385662470293518,0.40023582288802767,0.4093819224282713,0.3566749343594145,1.2057669739575756,0.19019318569318341,0.3047558112967786,0.20689768027776873,0.453319062409224
4,+63c,63,64,1,XGBoost,0.14482533034998582,0.31471071871163714,0.3332360224940554,0.3448359663040352,0.28768204761651256,1.1185168497343128,0.14482533034998582,0.2865337413179397,0.1812126550712247,0.3907578652118022
4,+68c,68,69,2,XGBoost,0.17252592986843063,0.3097625404122277,0.3287503436188363,0.3406175103049579,0.28281695028510073,1.198882433165629,0.17252592986843063,0.37625877264814594,0.2756911694249241,0.3835742724909283
4,+69c,69,70,1,XGBoost,0.3502737729696092,1.5141276025832864,1.4378043416275865,1.3938153827141337,1.6094377671477893,0.4268722691122418,0.3502737729696092,1.2136504667072405,0.5218023387643229,1.2787179605220969
4,+71c,71,72,1,XGBoost,0.33935108470634434,1.5606478504440646,1.477036445113764,1.4291984770020736,1.6607313174039584,0.42684945768215826,0.33935108470634434,1.0773154608005209,0.4622388459577488,1.3140983059616842
4,+77c,77,78,1,XGBoost,0.23917760482285808,2.302584854575495,2.054900567335198,1.9307681791057476,2.525728340697142,0.6953572842773484,0.23917760482285808,0.6286526832029944,0.31741400061615077,2.007074040263346
4,+81c,81,82,1,CatBoost,0.2017891675674513,3.2188752884265415,2.65641957894667,2.4174235806723825,3.912021910193398,1.1028021340238305,0.25647012511975464,0.39680249238610354,0.2017891675674513,4.605170185988091
3,-70c,-70,-69,1,CatBoost,0.7641767265506186,4.605170185988091,3.3885142866919247,2.97115100425698,4.605170185988091,2.8969085383595305,1.2102764103087482,1.0021138599783053,0.7641767265506186,4.605170185988091
3,-69c,-69,-68,1,LightGBM,0.7796863634042476,2.3025850780928847,2.054900718001434,1.930768305263453,2.5257286200938687,1.3103622381897218,0.9267597479450375,0.7796863634042476,0.8656639422620893,1.9593953506444575
3,-67c,-67,-66,1,Momentum-Adjusted Gaussian,0.3424903129344106,0.3710636848461737,0.3864153995463595,0.3960474374922193,0.3424903129344106,0.9150325355954365,1.1390061750716567,0.7822203204149246,0.9597483004461717,0.4511232374525582
3,-56c,-56,-55,1,Momentum-Adjusted Gaussian,0.4942963166848722,0.5276327360208827,0.5352991532829979,0.5401048360533897,0.4942963166848722,1.0950195600254624,0.8174396800916361,0.7241653696941678,0.7393204219104603,0.5779391461334148
3,-52c,-52,-51,1,CatBoost,0.49673506485621344,1.0788096508534633,1.0539889681499817,1.0388765824680974,1.13943427061551,0.5681664377305295,0.5337493129065485,0.632095486989263,0.49673506485621344,0.9501990949451989
3,-51c,-51,-50,1,PySR (Symbolic Regression),0.01005033585350145,0.040821993588932556,0.07278479440540088,0.09337813725187137,0.020202706861361452,0.1061750725457221,0.3615683643530089,0.43206027216296405,0.3731264092818033,0.01005033585350145
3,-46c,-46,-45,2,Machine Learning (Logistic Regression),0.4321344545248155,0.5335568043500873,0.5416913471205631,0.5467614769773469,0.5450245218258126,0.4321344545248155,0.6610781275155727,0.7353709808768637,0.6278011155255971,0.549639180459643
3,-45c,-45,-44,1,Momentum-Adjusted Gaussian,0.3285040841497637,0.35667496096863105,0.37281071638896374,0.382931042977108,0.3285040841497637,0.6548459703107241,0.7174904904789445,0.6040421174335568,0.74720362354287,0.43852911113806087
3,-43c,-43,-42,1,Momentum-Adjusted Gaussian,0.4620354375996067,0.4942962983637726,0.5035069551014978,0.5092848894445405,0.4620354375996067,0.8774565156678273,0.9149470138861832,0.8170784691306106,0.8438863949868987,0.5521830046673054
3,-42c,-42,-41,1,Momentum-Adjusted Gaussian,0.7550226105928497,0.7985077227087252,0.7930820343259468,0.789715030458791,0.7550226105928497,1.3481800293194242,0.8923441184516264,0.8404439618765261,0.8218377131881305,0.773944817594351
3,-40c,-40,-39,1,Momentum-Adjusted Gaussian,0.13926207469844942,0.1625189365100861,0.19085818692285797,0.20838418309973797,0.13926207469844942,0.2836861044416547,0.6317623766355581,0.5521090755882141,0.49574922778333175,0.23603471366324622
3,-39c,-39,-38,1,Momentum-Adjusted Gaussian,0.12783337269520453,0.1508228904276609,0.1799234378837455,0.19790558247247123,0.12783337269520453,0.2600305398762367,0.5181726032036087,0.4589551981871472,0.5183923674075331,0.22044559863817703
3,-38c,-38,-37,2,Momentum-Adjusted Gaussian,0.404279008585056,0.4320863802610181,0.4423589185715519,0.44971191303170105,0.404279008585056,0.7011885997659411,0.5104314059423775,0.4792285788547692,0.500417852984625,0.40778912057145483
3,-35c,-35,-34,1,Momentum-Adjusted Gaussian,0.12783337269520453,0.1508228904276609,0.1799234378837455,0.19790558247247123,0.12783337269520453,0.24238629187471833,0.2949422618058716,0.21887738139997384,0.2886621051762207,0.22044559863817703
3,-34c,-34,-33,1,Momentum-Adjusted Gaussian,0.3710637010430882,0.4004775861687999,0.4142776094221635,0.4229398957721356,0.3710637010430882,0.6276919660859734,0.544743081787002,0.5144732367528742,0.6164514620609943,0.4762680120591474
3,-33c,-33,-32,2,PySR (Symbolic Regression),0.9190373203597064,1.0087030475945689,0.9894768013128529,0.977708700910433,0.9552714775136443,1.4933358326070325,1.1486373624993846,1.1740277647779256,1.0588897116065912,0.9190373203597064
3,-32c,-32,-31,4,Machine Learning (Logistic Regression),0.6187594043016235,0.7943682211214921,0.7802637576931641,0.772387400843386,0.8313092108031555,0.6187594043016235,0.6499356469739801,0.6897175613520026,0.6652538075623406,0.7509161503110693
3,-31c,-31,-30,2,CatBoost,0.7100268004712211,0.7697227458538455,0.7621325077564437,0.7576503480732595,0.7858302480644769,0.7213761660163123,0.7119087129923773,0.7400858531015525,0.7100268004712211,0.7359542544797807
3,-30c,-30,-29,4,Momentum-Adjusted Gaussian,0.4980731667065602,0.5336920790208857,0.5398112357848099,0.543756059729519,0.4980731667065602,0.7710029272511951,0.6898169031218225,0.6523751368688404,0.6156611846584595,0.5622142415446476
3,-29c,-29,-28,1,Momentum-Adjusted Gaussian,0.07257069716097901,0.09431068340121791,0.1265199174742769,0.14646199673827562,0.07257069716097901,0.14169773257318385,0.27749884793214596,0.2807589530798485,0.2513281303220124,0.1326230218142961
3,-27c,-27,-26,7,Momentum-Adjusted Gaussian,0.37081460412452744,0.38305089079124865,0.3963078812902979,0.40523873173078695,0.37081460412452744,0.44503972242658174,0.42968872803119523,0.4160299212547682,0.4153191466486711,0.3741531973589177
3,-26c,-26,-25,2,Machine Learning (Logistic Regression),0.329760127846373,0.40125784001663306,0.41644384094018866,0.4258648156374919,0.40822267870481,0.329760127846373,0.4349988631319483,0.4297923686188012,0.4145964920944547,0.448824050024027
3,-25c,-25,-24,4,Momentum-Adjusted Gaussian,0.2798735487655003,0.292320398257859,0.31300715533718765,0.3258478116727252,0.2798735487655003,0.3359388312464138,0.342688115055329,0.3667464030759623,0.3142571463053439,0.3584496446754343
3,-24c,-24,-23,1,LightGBM,0.7865419749437698,1.3862943611198906,1.3281724032065128,1.2940341328604608,1.469675968115312,1.1457031193881824,0.887058650017053,0.7865419749437698,0.892569818489233,1.1628937322572426
3,-23c,-23,-22,4,CatBoost,0.5281396966621936,0.696760363164328,0.6853944908151848,0.6795778192595266,0.7168294843422404,0.6644285142521291,0.5562745819537817,0.5312510383985677,0.5281396966621936,0.6528072179590385
3,-22c,-22,-21,9,CatBoost,0.7949592422043685,1.0559518546608273,0.9214841788667744,0.8757803307150938,1.0532216235440428,0.9784362477433528,0.8384198636668784,0.8628685524531394,0.7949592422043685,1.0465339688439943
3,-21c,-21,-20,11,LightGBM,0.7331705568615824,0.9546548829776976,0.8960181342225666,0.8679683652228719,1.006677408662979,0.9078483491248505,0.7416472551404124,0.7331705568615824,0.7370738359989286,0.8864999748080309
3,-20c,-20,-19,9,Machine Learning (Logistic Regression),0.5406211541088551,0.5527646502611201,0.5570583798663762,0.5599491782529866,0.5575808146495284,0.5406211541088551,0.550074730055876,0.5631685750889919,0.571691502695115,0.5527206621502384
3,-19c,-19,-18,12,LightGBM,0.7171742581501097,0.8564301165850686,0.8162182465032474,0.7970417673467546,0.8957734891740557,0.8092152725793973,0.7462178542797373,0.7171742581501097,0.753412850535479,0.810727787796226
3,-18c,-18,-17,13,Standard Gaussian,0.46846552793230567,0.46846552793230567,0.47184188178679504,0.47517582857534213,0.46850628283484547,0.4802507596063854,0.4927853185684468,0.49906116022072605,0.47764517654457905,0.4728042842807769
3,-17c,-17,-16,16,LightGBM,0.5099893987015385,0.5473269381645464,0.5440457039103523,0.5437249724611486,0.5606998592473721,0.5275531516696073,0.5182388080754285,0.5099893987015385,0.512904399058284,0.5555247821907702
3,-16c,-16,-15,19,LightGBM,0.5971184177120721,0.6306316278634574,0.6149534839612312,0.6091395573630823,0.6533007208456899,0.6068337495873382,0.602824235703055,0.5971184177120721,0.60246035636633,0.6133557698440751
3,-15c,-15,-14,17,XGBoost,0.5162848960884266,0.5406806296650063,0.5318375327332806,0.5288976930462407,0.5621612121894937,0.5223208879316306,0.5162848960884266,0.5247020298069549,0.5254287349405732,0.5250357989018345
3,-14c,-14,-13,30,Standard Gaussian,0.5126273156743278,0.5126273156743278,0.513959652643685,0.5160422066531539,0.5139534030029016,0.5222025075528313,0.5232748056020807,0.5365528429395741,0.5198890175313173,0.5163327034989885
3,-13c,-13,-12,32,LightGBM,0.4991745786243424,0.5396776543878216,0.5350262259175019,0.5344496229955411,0.548883470409506,0.5405711036914994,0.5174836573132144,0.4991745786243424,0.5183379676487441,0.5443065374287013
3,-12c,-12,-11,42,Machine Learning (Logistic Regression),0.5191216786306904,0.5400460895803257,0.5423747839736788,0.5446132997765666,0.5536562841569588,0.5191216786306904,0.5260767828380439,0.5196940083151288,0.5229620750891568,0.5359065352434622
3,-11c,-11,-10,68,LightGBM,0.5458334768918354,0.5574585546435591,0.5560071093008438,0.5565992830642902,0.5616927242151786,0.5638964657787948,0.5491730974842364,0.5458334768918354,0.5536261473416682,0.5644189647019845
3,-10c,-10,-9,76,LightGBM,0.5578691560506885,0.5872421993601744,0.5737983315265011,0.5699103443504001,0.6234742577780661,0.5690245381598031,0.558086288553417,0.5578691560506885,0.565117465539465,0.6257433985382035
3,-9c,-9,-8,124,Machine Learning (Logistic Regression),0.4313429890803018,0.433065375337569,0.44363285488630133,0.45059229303101955,0.43300913814597636,0.4313429890803018,0.43989969486036545,0.4472111411127958,0.4416502335321273,0.4569150280263485
3,-8c,-8,-7,136,Student-T df=5,0.550216893586934,0.5509503662780925,0.550216893586934,0.5512403946124859,0.5537258691831604,0.5596992198168474,0.55493761520495,0.5585396989360734,0.5543781816406159,0.5584259070548321
3,-7c,-7,-6,179,LightGBM,0.5178927341700236,0.5238406464048583,0.5250141353947045,0.5269017434965376,0.5306833024377553,0.5190564851059609,0.5239622251814775,0.5178927341700236,0.5233117174778379,0.5263884642563528
3,-6c,-6,-5,316,PySR (Symbolic Regression),0.5620583696951094,0.5697890244991979,0.5681978542493683,0.5683985882168386,0.568461265087597,0.5790715671675369,0.5702942333161185,0.5659237371165883,0.5675272153025941,0.5620583696951094
3,-5c,-5,-4,497,LightGBM,0.5264748036486505,0.5387178574914786,0.5386685607194107,0.5401205207215458,0.5384323151195184,0.54297104286179,0.5335163382039874,0.5264748036486505,0.5316867187576798,0.5478294627687472
3,-4c,-4,-3,995,LightGBM,0.5280386159327262,0.5345471412866164,0.5352601935392334,0.5369603874595467,0.5358840709338895,0.535974259605883,0.5331016261720165,0.5280386159327262,0.5316627872761781,0.5400685245476199
3,-3c,-3,-2,3033,LightGBM,0.5157466618521473,0.5161007799197607,0.5184244956902685,0.5209577430162637,0.5173518879883091,0.5166528318505239,0.5161181332482565,0.5157466618521473,0.5160956036203743,0.520391561349779
3,-2c,-2,-1,7553,LightGBM,0.4486110909847511,0.4526328139399125,0.45660695955361874,0.4606225303954015,0.4535703672963621,0.4531885640551745,0.45055711448107016,0.4486110909847511,0.45008633497915446,0.4573458192919714
3,-1c,-1,0,23417,LightGBM,0.37567366304116373,0.37971064428007273,0.38539095796519846,0.3912615048191383,0.38066577677287994,0.3798478913261409,0.3774436166049302,0.37567366304116373,0.3772337242892389,0.38548008735444866
3,+0c,0,1,85443,LightGBM,0.3248617323491984,0.3288240875900691,0.3354528157224614,0.34252207641402993,0.3288240875900691,0.32918965506590664,0.32727761077968837,0.3248617323491984,0.3270538739384751,0.33562470908595665
3,+1c,1,2,23356,LightGBM,0.37260830687029856,0.3774031021660935,0.3833437145343021,0.38932933352551685,0.38160410103592296,0.3773563844163484,0.3749369425678931,0.37260830687029856,0.37461805114743874,0.38471456382014596
3,+2c,2,3,7625,LightGBM,0.43985433125812273,0.44579324339849474,0.44927868833184964,0.4532714570012117,0.45278132058553555,0.44443958547287754,0.4423174200620556,0.43985433125812273,0.4417599287366587,0.4550471556687765
3,+3c,3,4,2932,LightGBM,0.5021885781840515,0.5060565789953818,0.5088551044773038,0.5117680148969064,0.5107630472721558,0.5046163318068113,0.5038315492106076,0.5021885781840515,0.5039409436871762,0.515666215513266
3,+4c,4,5,1104,LightGBM,0.5059468006006574,0.5117971447006202,0.5154049601663758,0.5185273503664204,0.5166661175433649,0.509005944539026,0.5084119948159921,0.5059468006006574,0.5078650443502262,0.521392621661365
3,+5c,5,6,452,LightGBM,0.5063121047850807,0.5199317197849107,0.521329508720959,0.5233485713091098,0.5273379259229488,0.5151022582241289,0.5107721077668947,0.5063121047850807,0.5102633169458839,0.5245683817001978
3,+6c,6,7,278,Machine Learning (Logistic Regression),0.5111470017421076,0.5148690000168784,0.5169555422362173,0.5194360380141975,0.5213736167930264,0.5111470017421076,0.5121430355996537,0.51333392741356,0.5115141879635208,0.5245584355021197
3,+7c,7,8,184,PySR (Symbolic Regression),0.5542751346874044,0.5552216894814078,0.5566409678245328,0.5582822107121402,0.5557447807977326,0.5597133005449341,0.5644450879505385,0.5574330351116509,0.5629903281646349,0.5542751346874044
3,+8c,8,9,132,LightGBM,0.5816298660198467,0.610584653390009,0.6033627536292641,0.6007346076023076,0.6241816559537477,0.5991884721048439,0.5939674559233201,0.5816298660198467,0.5945874305105545,0.6044334129602508
3,+9c,9,10,93,LightGBM,0.6028018639765318,0.616058495769423,0.6079998097401302,0.6055818765899138,0.6324695340606942,0.6128320345606726,0.6045710946391906,0.6028018639765318,0.6036144546611779,0.6257557445086949
3,+10c,10,11,73,Machine Learning (Logistic Regression),0.4404056026970547,0.45459828046004563,0.46544144018380756,0.47239469758410113,0.4603606752895635,0.4404056026970547,0.4520790408304442,0.44477011820814677,0.4504560511003075,0.4752152554662443
3,+11c,11,12,56,LightGBM,0.46780174647743183,0.4872767444051283,0.49166448566324217,0.4955911677405233,0.4968064769351513,0.47432105968377025,0.47456130161836807,0.46780174647743183,0.4741554526384873,0.5094742576094381
3,+12c,12,13,43,LightGBM,0.6354813696356767,0.6943721940565741,0.6772440552451632,0.6695580336748511,0.7072536059826844,0.6843047478974509,0.663490734898697,0.6354813696356767,0.6747993117402821,0.6784512020292203
3,+13c,13,14,43,LightGBM,0.5940844486101803,0.6170557617196807,0.608004245603425,0.6048918495183333,0.6194730237069156,0.6517395257975321,0.6187435165418628,0.5940844486101803,0.6124495899710619,0.624513038753287
3,+14c,14,15,22,Machine Learning (Logistic Regression),0.4284810972451046,0.44544364764638983,0.450278238500491,0.4547498806114381,0.45514599550867113,0.4284810972451046,0.4514230142216382,0.4732625402882128,0.44476461934156647,0.47147280390428076
3,+15c,15,16,17,Machine Learning (Logistic Regression),0.3906077954580671,0.4058464914712486,0.41828875246515984,0.42632897007391984,0.4089288638997932,0.3906077954580671,0.4220419547847812,0.42862065263350796,0.41656502677062673,0.42392447967161695
3,+16c,16,17,12,LightGBM,0.5279647263123545,0.5446479995682603,0.5485544740020084,0.5513391182806265,0.5511713898369655,0.5305811606631077,0.5485455599995649,0.5279647263123545,0.5540723956138349,0.5352870033884805
3,+17c,17,18,12,Machine Learning (Logistic Regression),0.412144846578417,0.4764170312469975,0.4866175322280646,0.4931112185290405,0.48967272947452817,0.412144846578417,0.4909321923961821,0.4986100562637121,0.4964641845501114,0.48432315138737875
3,+18c,18,19,14,LightGBM,0.5606881991704442,0.5796419755596551,0.5769489596216928,0.5763870958983522,0.5815411259606623,0.5995939633548841,0.5713105207923431,0.5606881991704442,0.5797259934228961,0.5674411903152082
3,+19c,19,20,9,Momentum-Adjusted Gaussian,0.48625582507071347,0.5193509216679784,0.5212955282111614,0.5232126260329838,0.48625582507071347,0.7022030018728399,0.5530388462637544,0.550106188717824,0.5567041642912895,0.509106494648883
3,+20c,20,21,8,LightGBM,0.6689630203686607,0.8535961653839975,0.7990536209274185,0.7759587164713448,0.902270964915581,0.8815503143015284,0.7370111925074502,0.6689630203686607,0.6896651687299975,0.9191375044681656
3,+21c,21,22,5,CatBoost,0.7446546814974125,0.8326298564862924,0.7928656552056882,0.7740834156537411,0.8671872085422099,0.7972502736150806,0.7671029713918405,0.7824883364761264,0.7446546814974125,0.7830506849961756
3,+22c,22,23,4,PySR (Symbolic Regression),0.8482966757789057,0.919144476347712,0.9049223271085964,0.896249802790528,0.9144518269986626,1.0210190490597433,0.9290874558801271,0.9152296747411334,0.8724817386197923,0.8482966757789057
3,+23c,23,24,7,Momentum-Adjusted Gaussian,0.4602711633259232,0.48383514111949977,0.4945784534248151,0.5012827565843285,0.4602711633259232,0.6618191745666083,0.6474292927011887,0.6212847394473634,0.6459901908675618,0.4889695425917209
3,+24c,24,25,2,CatBoost,0.3223487501331547,0.34958262908118926,0.36611345513104854,0.3764791612576894,0.3497838763995116,0.3752811999737011,0.3632154098435474,0.3989105727007367,0.3223487501331547,0.4271549027211414
3,+25c,25,26,1,Momentum-Adjusted Gaussian,0.17435339619191137,0.19845094744646924,0.22438762644004973,0.2404797841634145,0.17435339619191137,0.34696863962630975,0.38223914115280233,0.39024342043465815,0.360397655635976,0.27169645009186966
3,+26c,26,27,4,Momentum-Adjusted Gaussian,0.45937713741829334,0.49324839520522207,0.5036094382020958,0.5100400268719838,0.45937713741829334,0.7922648103490056,0.7629005304228479,0.6740767902795016,0.7357689858672674,0.5048587293410747
3,+27c,27,28,2,Machine Learning (Logistic Regression),0.5079779687047888,0.8442405427283641,0.8361843003211418,0.8311976792905775,0.8918956306751524,0.5079779687047888,0.5662504941526344,0.6143320061124575,0.5280998700846522,0.8056939871306273
3,+28c,28,29,5,PySR (Symbolic Regression),0.6855772320166806,0.7472501804757345,0.7412703687373455,0.737843512559927,0.7419172849801254,0.8563905428002687,0.7968050703718514,0.8190200248425773,0.8187194917240485,0.6855772320166806
3,+29c,29,30,3,Momentum-Adjusted Gaussian,0.5524596397194376,0.5578641625852596,0.5652499394714401,0.5698043469963415,0.5524596397194376,0.6425415608992783,0.6185078648941292,0.594697911566978,0.5887310955899632,0.5622302031852899
3,+30c,30,31,1,CatBoost,0.16636427468743803,0.4307829069225089,0.443048116001731,0.45074772556585035,0.4620354494259249,0.1994071031749389,0.2462255136850109,0.26265448640402783,0.16636427468743803,0.5014334697094777
3,+31c,31,32,2,Momentum-Adjusted Gaussian,0.48775504810895653,0.5209269790804351,0.5289381929518355,0.5339617236593508,0.48775504810895653,0.9282086924042439,0.7242846378091179,0.6785421974107568,0.8229118646466603,0.5604292531664171
3,+32c,32,33,1,Momentum-Adjusted Gaussian,0.15082292074979173,0.17435341836625884,0.2019076663621203,0.2189649589898617,0.15082292074979173,0.3672388878701516,0.6046561902186082,0.46638197103368545,0.4751254978425958,0.24277541396329133
3,+34c,34,35,3,LightGBM,0.5240055539119785,1.0878705658908865,1.0565911650798134,1.0380622650439897,1.1519971687282637,0.6019995695878664,0.6049689385285991,0.5240055539119785,0.6534413951374359,0.9746417885809011
3,+39c,39,40,1,Momentum-Adjusted Gaussian,0.16251894965816968,0.18632959829908466,0.21308131932381366,0.22965993428193043,0.16251894965816968,0.45833351093398583,0.5444837796955573,0.4347485607148504,0.5650085031457797,0.257404211454417
3,+40c,40,41,1,Momentum-Adjusted Gaussian,0.116533811400517,0.1392620618526208,0.16909260885046376,0.18751529188441923,0.116533811400517,0.36952453668470614,0.5504925573587348,0.6063539437590143,0.4273211782864652,0.19631944709522878
3,+42c,42,43,1,Machine Learning (Logistic Regression),0.3445881192560123,0.8209805574884342,0.8142963825658405,0.8101530067416653,0.8675005723169873,0.3445881192560123,0.5648622556277756,0.5567379262713225,0.5143904270209367,0.7895815515053494
3,+46c,46,47,1,Momentum-Adjusted Gaussian,0.09431069568239485,0.1165338323291143,0.14769067437174122,0.16693217506320193,0.09431069568239485,0.37025091874034444,0.5946547166363734,0.6644450069646923,0.47017462288871104,0.16244625654575878
3,+50c,50,51,2,LightGBM,0.5887594031933931,2.557998361846212,2.106179989451764,1.9305964797588986,2.93906790881484,1.355218316649288,0.7879980494259831,0.5887594031933931,0.8848789396964514,2.8297107327853817
3,+52c,52,53,1,Momentum-Adjusted Gaussian,0.16251894965816968,0.18632959829908466,0.21308131932381366,0.22965993428193043,0.16251894965816968,0.6136137444763514,0.5203088030728262,0.5058631258671524,0.4741835879629168,0.257404211454417
3,+58c,58,59,1,Machine Learning (Logistic Regression),0.5727881920294865,1.5606478504440646,1.477036445113764,1.4291984770020736,1.6607313174039584,0.5727881920294865,1.418402443876796,1.3627123557908827,1.1975400807204728,1.3140983059616842
3,+66c,66,67,1,Momentum-Adjusted Gaussian,0.07257066511547144,0.0943106506514135,0.12651987659912345,0.1464619570687262,0.07257066511547144,0.5038245848353199,0.8134804836155235,0.5096552664066616,0.6363850301700198,0.12515786597004522
3,+80c,80,81,1,CatBoost,0.27767851809736904,2.99573203513544,2.5199964904730434,2.3098653213299243,3.506557485054607,1.0005915606057043,0.2915303910496054,0.3388946272478322,0.27767851809736904,3.4525857468401204
2,-72c,-72,-71,1,CatBoost,0.4330695313291895,1.3470736846463913,1.2940064691938769,1.2626684416717748,1.4271163935139313,0.5866183962290237,0.47945712385619327,0.5410825283017716,0.4330695313291895,1.13511282028955
2,-69c,-69,-68,1,Standard Gaussian,0.01005033585350145,0.01005033585350145,0.03434178189160662,0.05260393603360832,0.01005033585350145,0.05557122709006347,0.21104200673984058,0.11349314683999658,0.31282701921633627,0.01005033585350145
2,-60c,-60,-59,1,Momentum-Adjusted Gaussian,0.19845094290343226,0.22314355503950006,0.24742844908632922,0.2625315946877678,0.19845094290343226,0.5244602757627873,1.0004616830002973,1.048990438343822,0.8705611735845785,0.308329339459616
2,-57c,-57,-56,2,Machine Learning (Logistic Regression),0.3150077017687249,0.5364722514836873,0.5427032237096504,0.5468825451812881,0.554634413348463,0.3150077017687249,0.39283507897610703,0.4557982217123533,0.3595105946710797,0.47522293081412015
2,-47c,-47,-46,2,Momentum-Adjusted Gaussian,0.5484568644364467,0.5838204351635173,0.58890135244102,0.5920870360274777,0.5484568644364467,1.0775911471477264,0.8297814569549635,0.7874480847424064,0.814684429112789,0.6188728594340617
2,-44c,-44,-43,2,CatBoost,0.5823503876589328,0.7875182346159543,0.7685354982339141,0.7581201252717613,0.8220146686561831,0.5875794353520861,0.6317847469411386,0.621635061855116,0.5823503876589328,0.687394767885179
2,-43c,-43,-42,1,CatBoost,0.6841039115872448,1.1394343055401068,1.1091536173542607,1.0908243860437872,1.2039728266776781,0.7001608668023502,0.7400997867277552,0.8016637274347244,0.6841039115872448,0.9914264056532074
2,-42c,-42,-41,5,LightGBM,0.7853472336733709,0.9947751129807958,0.9189627110471733,0.885391886252475,1.0648107367356479,1.0075773074301357,0.7958780021204939,0.7853472336733709,0.7978514617623923,1.0104780692172137
2,-40c,-40,-39,1,Momentum-Adjusted Gaussian,0.3566749343594145,0.385662470293518,0.40023582288802784,0.4093819224282713,0.3566749343594145,0.6574106041373524,0.6585286414355874,0.6373757545125464,0.6078018743484468,0.463698825971026
2,-39c,-39,-38,3,XGBoost,0.4780087444971703,0.6144842875804816,0.5999494862327072,0.5934917798166998,0.6404230879596106,0.5110779666915192,0.4780087444971703,0.49476025525654777,0.4942923894224329,0.5374334794318666
2,-38c,-38,-37,3,Machine Learning (Logistic Regression),0.36132018118422815,0.4120827073476347,0.4238469593075375,0.4318481016331652,0.4175879998819338,0.36132018118422815,0.46035789865446763,0.4878438294641187,0.49164249698712736,0.40971864518201356
2,-37c,-37,-36,1,Momentum-Adjusted Gaussian,0.0943106793074923,0.11653381558623642,0.14769065054419855,0.16693215209634962,0.0943106793074923,0.19751021914308087,0.3168066696639259,0.2021274544037072,0.29235519123741566,0.1701960621494439
2,-36c,-36,-35,4,XGBoost,0.7121299414143006,0.9104106075210763,0.851156859098605,0.823410862920257,0.9833601627444022,0.713239020773118,0.7121299414143006,0.7350233645009238,0.7153497097832122,0.8758953041240561
2,-35c,-35,-34,2,Momentum-Adjusted Gaussian,0.6165292169437958,0.6223974238444434,0.6254354115951256,0.6273617885227663,0.6165292169437958,0.7446370310804143,0.7009710210474833,0.7081399866245032,0.7321584537714194,0.6385421469771704
2,-34c,-34,-33,4,Momentum-Adjusted Gaussian,0.30139598770039294,0.3124361278075006,0.33223839578872966,0.344514418030798,0.30139598770039294,0.3678484599110604,0.3934791371156808,0.3696203822811388,0.4209128631711391,0.36553172735222317
2,-33c,-33,-32,4,Momentum-Adjusted Gaussian,0.1394437769390735,0.16021079995691617,0.18638203107457435,0.20311514607804293,0.1394437769390735,0.2491227519297926,0.3687129246160875,0.29071867488450287,0.3629168190663871,0.21947127756038515
2,-32c,-32,-31,4,XGBoost,0.7800447953122562,0.9809368732085236,0.9343016031149016,0.9104801808754566,1.0178367681821783,0.9638784951219547,0.7800447953122562,0.8744876741971588,0.8335413916850777,0.9050910942410415
2,-31c,-31,-30,6,Momentum-Adjusted Gaussian,0.4700051957228187,0.4790165057806435,0.4861049783726193,0.49118285942312756,0.4700051957228187,0.5706208584259461,0.5263878667313383,0.5855495392768603,0.5596322097759298,0.49857714598669595
2,-30c,-30,-29,3,CatBoost,1.2070876493434781,2.1741642729974404,1.756060151980775,1.609386408760338,2.211052793555211,1.6657044834138743,1.3277010895672952,1.22764787082122,1.2070876493434781,2.113851137226015
2,-29c,-29,-28,2,LightGBM,0.8672211567219469,0.955271525967589,0.9399943893329596,0.9306057336698941,0.9586613675664692,1.014015123199599,0.9351642770426417,0.8672211567219469,0.875081320616685,0.8741922066384128
2,-28c,-28,-27,3,LightGBM,0.762959496292864,0.8882584300100218,0.8763671278872729,0.8690885086013346,0.9045369009738335,0.8474096775866151,0.8348190097981224,0.762959496292864,0.7968477159624455,0.8253498510805314
2,-27c,-27,-26,10,LightGBM,0.6830951236344645,0.7524735132908721,0.7421784996669805,0.7366561643838864,0.7556925895564313,0.7876454674154433,0.7420570664052885,0.6830951236344645,0.7386483437302622,0.7101977393344896
2,-26c,-26,-25,9,LightGBM,0.4987914701013081,0.5881561105641842,0.5877274847293203,0.5880739114801132,0.6083482647467455,0.5074737685137453,0.53924663265442,0.4987914701013081,0.5234961753625407,0.5698409575115249
2,-25c,-25,-24,13,Machine Learning (Logistic Regression),0.3518167161870346,0.3663829713200724,0.38129334536839,0.39103849066105284,0.3672052295584725,0.3518167161870346,0.40866063149664156,0.4268439422996835,0.40136496911785113,0.3984620927667664
2,-24c,-24,-23,9,LightGBM,0.6958207203216411,1.1336090744107186,1.02307852141413,0.9787327570926109,1.2387910696239564,0.9895479974639549,0.7931186366206704,0.6958207203216411,0.8017264570901576,1.1577876449816242
2,-23c,-23,-22,12,Machine Learning (Logistic Regression),0.3890674414380035,0.4374029173214673,0.44948254247978353,0.45712359573658595,0.44755116411593,0.3890674414380035,0.41078814261517455,0.4239544275868326,0.4073464941398522,0.4629556400677603
2,-22c,-22,-21,15,CatBoost,0.6977951217282772,0.7926426003546206,0.7680121504873761,0.7561555528246775,0.8221830205703121,0.7698268355098802,0.7074806900947389,0.718079383230475,0.6977951217282772,0.7656622428324297
2,-21c,-21,-20,16,LightGBM,0.6323069963748702,0.7947873395479395,0.7533508498976771,0.7356382716016157,0.8621058554391996,0.7079175597035532,0.6710529618117778,0.6323069963748702,0.6566501276356834,0.8573437225582576
2,-20c,-20,-19,8,LightGBM,0.5081825480793635,0.5352631731423299,0.5417169638199146,0.5459791224111108,0.5350942244022967,0.5447222319857954,0.5463116170590414,0.5081825480793635,0.5521341879259005,0.5133464707374923
2,-19c,-19,-18,24,CatBoost,0.5485752389184458,0.5804571019934598,0.5759995418899656,0.5751923986426105,0.5975713489024038,0.552960506996829,0.561015157754933,0.5661180828192882,0.5485752389184458,0.5834056168254481
2,-18c,-18,-17,15,Machine Learning (Logistic Regression),0.39699586224387945,0.40802461240804017,0.42170265937109,0.43045601724369187,0.40931446332691895,0.39699586224387945,0.4210468554703093,0.43730843104302153,0.42783913298464965,0.43083977923709244
2,-17c,-17,-16,26,LightGBM,0.6614936113737943,0.7376947339120499,0.7024232795875325,0.6892236710303631,0.7694531407873928,0.7157853835950683,0.6802066931393776,0.6614936113737943,0.6721501244675936,0.7457285328748965
2,-16c,-16,-15,27,XGBoost,0.5159568002125001,0.5592411337656087,0.5538621116001757,0.5528231851489497,0.5776792597451067,0.5370105109761867,0.5159568002125001,0.5304741858289108,0.519864721658068,0.5646500056055731
2,-15c,-15,-14,46,LightGBM,0.4186003073369302,0.4286160945694879,0.437199809819861,0.4433157079646537,0.43300604437197426,0.4206668605125843,0.41985978935431556,0.4186003073369302,0.4285829863200444,0.4464682599617878
2,-14c,-14,-13,36,Momentum-Adjusted Gaussian,0.4545822170435194,0.4613537001844939,0.4710832846011725,0.47752227035134276,0.4545822170435194,0.4756378481178944,0.49720193070403756,0.5049285430619997,0.49783563749889,0.47513410113957527
2,-13c,-13,-12,50,LightGBM,0.6211864469621171,0.7203911406318078,0.691221866478596,0.6792985335413242,0.7529695039647442,0.6954339372351704,0.6498186445675121,0.6211864469621171,0.6612996430601514,0.6951686219132189
2,-12c,-12,-11,60,PySR (Symbolic Regression),0.6246052394902469,0.6561361630789148,0.6464550425235058,0.6419656313752398,0.6617512461340135,0.6673615427887635,0.6507446439081622,0.6446305051901575,0.6460675099938359,0.6246052394902469
2,-11c,-11,-10,98,LightGBM,0.49217488920650776,0.5053070723004589,0.5093532021286136,0.5127160810642734,0.5091192954875542,0.5039697824670968,0.4976502284136504,0.49217488920650776,0.49740589740915536,0.5149183544307468
2,-10c,-10,-9,86,LightGBM,0.4502191303225857,0.456517576693488,0.4657142929060238,0.4717921065962722,0.4578059104866324,0.4555235499399276,0.45790168674491605,0.4502191303225857,0.4547822204080648,0.4777163177365505
2,-9c,-9,-8,123,Machine Learning (Logistic Regression),0.45608186711695153,0.4703066700166505,0.47042368544243546,0.47297088227414297,0.48345267919195306,0.45608186711695153,0.4607308940773951,0.45762613105343186,0.46447465766446433,0.5017213150218225
2,-8c,-8,-7,197,LightGBM,0.49976846230901356,0.5035634105124935,0.5078690872204027,0.5113671654501369,0.5029943512668744,0.5062456718528192,0.5047448432432194,0.49976846230901356,0.5045528252349116,0.5088418890504585
2,-7c,-7,-6,234,Momentum-Adjusted Gaussian,0.5087067261787255,0.5112928596645295,0.5127312770486926,0.5149695439964062,0.5087067261787255,0.5144862184432444,0.514620982149289,0.5129801661860504,0.5131870287446579,0.5209837106939614
2,-6c,-6,-5,386,LightGBM,0.5106856762736841,0.5152744267157522,0.5174479031431721,0.519874972018374,0.5155854562864198,0.5166805954449156,0.5162811465350782,0.5106856762736841,0.5169020543792174,0.518339224857627
2,-5c,-5,-4,650,LightGBM,0.5479087641963007,0.5538753479698366,0.550011892354192,0.5497008986569344,0.5564364488317105,0.5566166776154289,0.5510958932849936,0.5479087641963007,0.5512825867803004,0.5537446185211949
2,-4c,-4,-3,1125,LightGBM,0.5048331943389612,0.5079457195423994,0.5104134793418096,0.5132638073324411,0.5080058661022285,0.5087196187481439,0.5062638054046805,0.5048331943389612,0.5061534473843894,0.516883391966995
2,-3c,-3,-2,2896,LightGBM,0.480633327186128,0.4844483420087359,0.48839623742240523,0.4920385520401667,0.48513253204813306,0.4843648683052353,0.48191395930097974,0.480633327186128,0.4822053282346409,0.49456622210230927
2,-2c,-2,-1,7065,LightGBM,0.4153556019047962,0.4199574075866487,0.42571088289612347,0.4309191852426787,0.420208205888389,0.4199974789343653,0.41745091241570365,0.4153556019047962,0.4173552954337721,0.42747367601231645
2,-1c,-1,0,21514,LightGBM,0.34002474252391196,0.34419703134136115,0.3518570620008001,0.35900696472539523,0.3457671290400363,0.3441425402100266,0.3417870291299388,0.34002474252391196,0.3418631619195613,0.3522335139082311
2,+0c,0,1,86489,LightGBM,0.2671379430900805,0.2711873692790423,0.28117466575935884,0.29035929124968135,0.2711873692790423,0.2722979669712925,0.2695120196499067,0.2671379430900805,0.2695622072680315,0.27726031915049215
2,+1c,1,2,21920,LightGBM,0.3423324061685252,0.346278323137203,0.3540509650391657,0.36117861158155934,0.35065055058383365,0.3464821367740187,0.34392946771300753,0.3423324061685252,0.3439518163536706,0.35371484537621767
2,+2c,2,3,6965,LightGBM,0.4258665661452172,0.43043281979876474,0.4340231191597071,0.43830667712784044,0.4362794774624045,0.4296653344071354,0.42776710783655336,0.4258665661452172,0.4282659074435325,0.4398828840647506
2,+3c,3,4,2795,LightGBM,0.48940673165952586,0.49445656873424765,0.4973543455307434,0.5004418423180292,0.4984130663313942,0.4936562170374334,0.49302274570654403,0.48940673165952586,0.4926047092201344,0.5037247867350804
2,+4c,4,5,1166,LightGBM,0.5027041939504268,0.5064781731371866,0.509357926992027,0.5123534956339997,0.5083773085064401,0.5074878549529601,0.505929978927883,0.5027041939504268,0.5059333303867445,0.5163907914549688
2,+5c,5,6,565,Machine Learning (Logistic Regression),0.4949386978008056,0.49806769668884393,0.5014268313037039,0.5046579461162741,0.5019767258664573,0.4949386978008056,0.4969872208516278,0.501042046268204,0.4965437380313893,0.5091980405518836
2,+6c,6,7,369,LightGBM,0.46892115466270295,0.47340863652723325,0.4785137680185021,0.48273100935453217,0.4755747872711551,0.472688611931538,0.4705472332728439,0.46892115466270295,0.46970657465233157,0.48546728384512233
2,+7c,7,8,252,LightGBM,0.4976766722741769,0.5038322594433562,0.5077822846025244,0.5110660167478532,0.5068100612321459,0.504781675029038,0.5033697580777768,0.4976766722741769,0.5010589925967461,0.5088812905378378
2,+8c,8,9,191,LightGBM,0.4825207423049531,0.49537199982884267,0.4950454880026943,0.49732263212669203,0.5047967998785827,0.49216522701183163,0.4843997729012754,0.4825207423049531,0.4855364803661084,0.5172848579923527
2,+9c,9,10,131,LightGBM,0.4605831220900721,0.4694026760444175,0.47355568465096504,0.4775462048603713,0.4730182608019653,0.47319280076092524,0.46762089723486766,0.4605831220900721,0.46755324288758937,0.4927099837756244
2,+10c,10,11,113,Machine Learning (Logistic Regression),0.45612755365384533,0.46432296679346696,0.4714754545224181,0.47675123087319554,0.47024822506546915,0.45612755365384533,0.46749169892650105,0.4636220816293518,0.4616673495630627,0.473032525812324
2,+11c,11,12,86,CatBoost,0.45525351544967374,0.4566221439351122,0.4610009484273568,0.4654380149389642,0.462028518688636,0.4584748512037237,0.45692123753571184,0.4575763624941219,0.45525351544967374,0.4860820240054469
2,+12c,12,13,48,LightGBM,0.6545082732888378,0.6982464298144628,0.6735663737419385,0.663892830112799,0.7169908977955525,0.6902733551013144,0.6580485021914692,0.6545082732888378,0.6650753509751014,0.6952153260262662
2,+13c,13,14,42,Machine Learning (Logistic Regression),0.4865585954609157,0.5147267124212732,0.5197752880632044,0.523570368974716,0.5254754772167872,0.4865585954609157,0.4974850329879667,0.4874313932699034,0.4872499273075782,0.5295282781362747
2,+14c,14,15,48,PySR (Symbolic Regression),0.5079137624443226,0.5206373190846133,0.5175657001700097,0.5176953730665975,0.527530704973266,0.5214005838108705,0.5232809944375764,0.5360957596267065,0.5265930402325928,0.5079137624443226
2,+15c,15,16,32,LightGBM,0.43895770073651574,0.4522879911105439,0.4610515298890788,0.4669139473040237,0.44855710784093467,0.46886632291929164,0.4518230747314356,0.43895770073651574,0.4537801041180132,0.4684330447404197
2,+16c,16,17,22,LightGBM,0.5984861273745351,0.6349966508928904,0.6312209129426919,0.6296545925280633,0.6271281549534008,0.6859220276054402,0.6396950754992866,0.5984861273745351,0.6323542688736388,0.61153765167918
2,+17c,17,18,29,LightGBM,0.6145906399832399,0.6629173693533791,0.65348504186855,0.6489546279301556,0.6569392373526853,0.7155178597095053,0.6413378349643103,0.6145906399832399,0.6574475681820837,0.6231304026840035
2,+18c,18,19,28,LightGBM,0.5031304807891172,0.5387572119073887,0.5407357217279228,0.5427078048817512,0.5306077184845123,0.5963581987485674,0.5256831421446874,0.5031304807891172,0.5314710343095944,0.5342812642372821
2,+19c,19,20,21,Momentum-Adjusted Gaussian,0.5406166230468292,0.5507617984825784,0.5542879047398837,0.5569007661058887,0.5406166230468292,0.6349694285674418,0.5707779536302006,0.5495178807789807,0.57789048549163,0.5614939978065869
2,+20c,20,21,11,CatBoost,0.6656545967508017,0.6898005627852196,0.6731236243292433,0.6656561209871028,0.7099455220662055,0.666450233500104,0.6723171264912252,0.692123949989637,0.6656545967508017,0.6666793721769143
2,+21c,21,22,18,LightGBM,0.5640825508014748,0.6033356924212767,0.6017604997760116,0.6016154672711777,0.6117286905744788,0.5989931890371375,0.5959620428395421,0.5640825508014748,0.5936804326893704,0.5883142299537023
2,+22c,22,23,6,LightGBM,0.4320168009285865,0.5088472912348577,0.516272332370388,0.5211277223138528,0.521570098823127,0.4336205122393486,0.4433414928091455,0.4320168009285865,0.4627559049941521,0.5063804189664928
2,+23c,23,24,10,LightGBM,0.6205257814949393,0.7604789559921602,0.7253622163841122,0.7104214954469048,0.801408952554494,0.7246432651104757,0.6440524817461836,0.6205257814949393,0.6587604794149294,0.7885961078604412
2,+24c,24,25,13,Momentum-Adjusted Gaussian,0.32853484046280684,0.34007348463311143,0.35482315808495596,0.36468025845683427,0.32853484046280684,0.41868006783561285,0.42477324673610883,0.3939109987990983,0.417627141556823,0.3522522980351403
2,+25c,25,26,12,LightGBM,0.6569101006189688,0.9090256728995154,0.8302422318628203,0.7983188262865138,1.0308832070085445,0.7715461013612903,0.6624877102180838,0.6569101006189688,0.7009800676543744,0.9891196392247634
2,+26c,26,27,8,Momentum-Adjusted Gaussian,0.3526551241700313,0.36509848045926596,0.3813524404639049,0.39159237047190454,0.3526551241700313,0.4670030264074276,0.461903971407302,0.46171512951251303,0.48023665804795224,0.3995502849497277
2,+27c,27,28,7,Machine Learning (Logistic Regression),0.4726832454812026,0.7102105673188481,0.6985558077271505,0.6929513532527282,0.7501681225621754,0.4726832454812026,0.5694483792090371,0.5243733143953072,0.5368888336200054,0.6664572614065707
2,+28c,28,29,9,XGBoost,0.737852478255369,1.0576829017936034,0.968663142350947,0.9277178428898556,1.142153487080562,0.9201728282282239,0.737852478255369,0.7998477916545413,0.7663141848584941,1.0266179760974818
2,+29c,29,30,4,Momentum-Adjusted Gaussian,0.6096795306044828,0.6227317880689143,0.6256742318526849,0.6275501229467638,0.6096795306044828,0.8121369190441924,0.6547060360647977,0.6995518359606225,0.7226038494935436,0.6318333785854546
2,+30c,30,31,5,LightGBM,0.5438973771540054,0.6372755329696989,0.6395875127137388,0.6410620530199151,0.6532174936446868,0.5477384508555063,0.61784942664173,0.5438973771540054,0.5530041818170799,0.6451071197520222
2,+31c,31,32,4,CatBoost,0.2195033023704249,0.278661038686568,0.3000028717038291,0.3132573449159364,0.2828656086640647,0.23819669035186758,0.24029229002340693,0.23975293809202067,0.2195033023704249,0.34059767258144386
2,+32c,32,33,4,LightGBM,0.8989581632788122,1.6721792844746113,1.4594525298242993,1.3685012816554183,1.9890660069016362,1.2647529546408445,0.9126758990130336,0.8989581632788122,0.9530534221350097,1.8847897049403501
2,+33c,33,34,3,PySR (Symbolic Regression),0.8860204017418273,0.9776234152320328,0.9554997048342869,0.94231821282769,0.9729237755972956,1.1974127627778985,1.1845811132737538,1.17306039354711,1.2334710795958166,0.8860204017418273
2,+34c,34,35,4,Momentum-Adjusted Gaussian,0.4987938596738941,0.5137155375977912,0.5224911390869647,0.5279678774480114,0.4987938596738941,0.705227427530457,0.8140594656597495,0.8862688548103785,0.8193903668041209,0.5115911681862719
2,+35c,35,36,4,PySR (Symbolic Regression),0.7255897065199691,0.7430034428757741,0.7399707542476188,0.7381158302974014,0.7473878478610221,0.8128556862240065,0.773684048141161,0.7509101966987355,0.7757991404317178,0.7255897065199691
2,+36c,36,37,4,CatBoost,0.7937107438394504,1.2719653474137318,1.1305607530784283,1.070588451672699,1.4495801513241495,1.032233353742616,0.8134241091985432,0.8226601029349694,0.7937107438394504,1.6160144654002326
2,+37c,37,38,4,Momentum-Adjusted Gaussian,0.3435088614729431,0.3508428782003673,0.3673948449959837,0.37800055933514326,0.3435088614729431,0.4406872692721771,0.4870211960947308,0.5190955682569853,0.5047831655981034,0.37691542231875047
2,+39c,39,40,1,Machine Learning (Logistic Regression),0.5839159576077599,1.1711829738120232,1.1378362106421218,1.117717957986751,1.2378743462387876,0.5839159576077599,0.6392695702284583,0.6327685692290898,0.7055550749337332,1.0313500684813575
2,+40c,40,41,1,Standard Gaussian,0.01005033585350145,0.01005033585350145,0.03434176114538449,0.05260391253782276,0.01005033585350145,0.05437794468876022,0.13994041460683754,0.1805763884797461,0.25289381099331054,0.01005033585350145
2,+41c,41,42,1,Momentum-Adjusted Gaussian,0.47803576320941493,0.5108255840295616,0.5192670725840132,0.5245606932461697,0.47803576320941493,1.0974774129254115,0.6785757409088551,0.613680446247415,0.6964289945510918,0.5535402430058796
2,+54c,54,55,1,Momentum-Adjusted Gaussian,0.3285040841497637,0.35667496096863105,0.37281071638896374,0.382931042977108,0.3285040841497637,1.0485840855536206,0.5744867257220334,0.5362575095059863,0.6331393227709128,0.4284060871515886
2,+62c,62,63,1,Momentum-Adjusted Gaussian,0.15082292074979173,0.17435341836625884,0.2019076663621203,0.2189649589898617,0.15082292074979173,0.7219767350933551,0.4821939672334131,0.5020694022496972,0.5721587367997275,0.24277541396329133
2,+65c,65,66,1,Machine Learning (Logistic Regression),0.3915642980121463,1.3470736846463913,1.294006469193877,1.2626684416717748,1.4271163935139313,0.3915642980121463,0.6221990437348799,0.7344150690181473,0.5775386938147763,1.1557430884080222
2,+75c,75,76,1,Momentum-Adjusted Gaussian,0.17435339619191137,0.19845094744646924,0.22438762644004973,0.2404797841634145,0.17435339619191137,1.0151980417160982,0.5264425135139517,0.4963775240254003,0.5556885933126078,0.27169645009186966
