tree
version=v4
num_class=1
num_tree_per_iteration=1
label_index=0
max_feature_idx=5
objective=binary sigmoid:1
feature_names=Column_0 Column_1 Column_2 Column_3 Column_4 Column_5
feature_infos=[-2.326347827911377:2.3263483047485352] [0.01666666753590107:15] [-0.54000002145767212:0.49000000953674316] [0:0.54000002145767212] [-1:1] [0:0.49000000953674316]
tree_sizes=2389 2405 2398 3497 2395 2390 2401 2505 3501 2411 3510 2499 2512 3513 2616 3613 2617 2619 3729 2617 2416 2619 2417 3625 2621 3621 2613 2740 2732 2834 2726 2728 2732 2729 2524 2841 2839 3836 2528 2529 3606 3607 2640 3611 2747 2640 2633 3045 3624 3157 2827 3396 2529 3400 3158 3051 3155 3151 3394 3266 3163 3396 3150 2753 3257 3165 2871 3271 3380 3616 3155 3270 3721 3261 3164 2654 3379 3157 3157 3163 3162 3156 3057 2650 3272 2647 3158 3502 3260 3613 3614 3267 3604 3275 3054 2765 3071 2872 3051 3953 2959 3065 3061 3273 3170 3286 3410 3389 3475 3506 3378 3590 2775 3376 3383 3385 2878 3715 3616 2881 3485 3479 3481 2995 3507 3488 3515 3097 3608 3498 3502 3501 3724 3381 3274 3436 3177 3722 3723 3544 3391 3167 3282 3289 3511 3326 3281 3334 3510 3615 3719 3615 3721 3398 3613 3621 3617 3503 3498 3625 3840 3514 3616 3211 3623 3736 3343 3634 3623 3227 3750 3408 3624 3512 3629 3454 3732 3519 3396 3625 3737 3627 4060 3510 3213 3220 3614 3601 3722 4057 3945 3558 3747 3610 3723 4170 3342 3129 4060 3735 3730 3621 3627 3730 3337 3747 3628 3625 3635 3634 3734 3852 3520 3859 3628 3628 3327 3340 3735 3528

Tree=0
num_leaves=21
num_cat=0
split_feature=0 0 0 0 0 0 0 0 0 0 3 0 0 3 0 3 0 0 0 0
split_gain=2968.82 562.188 474.989 77.5871 45.8586 37.0126 31.6258 6.16343 5.3754 5.01503 4.6064 4.33303 2.98203 2.34629 1.10913 0.679841 0.471521 0.202617 0.186213 1.17317
threshold=-1.0000000180025095e-35 -0.7555200159549712 0.69039613008499157 0.26633311808109289 -0.29239994287490839 1.0583764314651491 -1.0583763122558592 0.11304757371544839 0.34515604376792913 -0.45380596816539759 0.014999999664723875 1.5152823328971865 0.89663067460060131 1.0000000180025095e-35 -0.1891338303685188 1.0000000180025095e-35 0.16367168724536899 -0.37188962101936335 0.39889179170131689 0.48177458345890051
decision_type=2 2 2 2 2 2 2 2 2 2 2 2 2 2 2 2 2 2 2 2
left_child=1 6 3 7 9 12 -1 13 -5 -3 14 -7 -4 -2 -6 -16 -9 -11 -10 -20
right_child=2 4 5 8 10 11 -8 16 18 17 -12 -13 -14 -15 15 -17 -18 -19 19 -21
leaf_value=-0.030210950713130721 0.0098339337003994706 -0.0090406694322743945 0.027971886320709689 0.01720667953601572 -0.00081603227572874491 0.037867884404215263 -0.020204606236914946 0.013672777441592603 0.025134410685779929 -0.005593242218894132 0.0057458846405835252 0.043800615826857826 0.034239996754905355 0.0056911617765026852 0.0027968591055202007 0.00037999263800038083 0.01148030126617175 -0.003118455116964701 0.019344239776397369 0.023187489406991883
leaf_weight=444.74520184099674 97.998942732810974 259.74719770252705 134.49854895472527 104.74886991083622 115.24875663220882 217.4976535141468 220.99761575460434 76.749171987175941 78.749150410294533 110.24881057441235 99.748923853039742 248.74731637537479 106.24885372817516 119.24871347844601 129.99859750270844 90.499023646116257 156.49831160902977 98.498937338590622 92.499002069234848 196.74787737429142
leaf_count=1779 392 1039 538 419 461 870 884 307 315 441 399 995 425 477 520 362 626 394 370 787
internal_value=0.00656252 -0.0130566 0.0254545 0.015975 -0.00275176 0.0377719 -0.0269794 0.010012 0.0216189 -0.00708585 0.00195182 0.0411786 0.0309434 0.00757273 0.000836135 0.00175825 0.012256 -0.00452845 0.0228105 0.0220547
internal_weight=3199.97 1569.73 1630.23 923.24 903.99 706.992 665.743 450.495 472.745 468.495 435.495 466.245 240.747 217.248 335.746 220.498 233.247 208.748 367.996 289.247
internal_count=12800 6279 6521 3693 3616 2828 2663 1802 1891 1874 1742 1865 963 869 1343 882 933 835 1472 1157
is_linear=0
shrinkage=1


Tree=1
num_leaves=21
num_cat=0
split_feature=0 0 0 0 0 0 0 0 0 0 3 0 0 3 0 3 0 0 0 0
split_gain=2852.79 540.197 456.661 74.5781 44.0586 35.581 30.3943 5.92379 5.16665 4.81199 4.42709 4.17353 2.87365 2.25518 1.06579 0.653812 0.454128 0.194493 0.18336 1.12433
threshold=-1.0000000180025095e-35 -0.7555200159549712 0.69039613008499157 0.26633311808109289 -0.29239994287490839 1.0583764314651491 -1.0583763122558592 0.11304757371544839 0.34515604376792913 -0.45380596816539759 0.014999999664723875 1.5152823328971865 0.89663067460060131 1.0000000180025095e-35 -0.1891338303685188 1.0000000180025095e-35 0.16367168724536899 -0.37188962101936335 0.39889179170131689 0.48177458345890051
decision_type=2 2 2 2 2 2 2 2 2 2 2 2 2 2 2 2 2 2 2 2
left_child=1 6 3 7 9 12 -1 13 -5 -3 14 -7 -4 -2 -6 -16 -9 -11 -10 -20
right_child=2 4 5 8 10 11 -8 16 18 17 -12 -13 -14 -15 15 -17 -18 -19 19 -21
leaf_value=-0.036049136555539506 0.0032073333343140514 -0.015293659329780477 0.020991301355709573 0.010435913763315756 -0.0072334258901828909 0.030695613578557268 -0.026238970247852218 0.0069719057639543057 0.018212281957406217 -0.011916946140043913 -0.0008006260734917869 0.036516379560597015 0.027141728226745397 -0.00085421957120846521 -0.0036914610123849924 -0.0060614908505548801 0.0048207695029459721 -0.0094911338914948438 0.012532515623786315 0.016297823052893991
leaf_weight=444.64852291345596 97.997628450393677 259.74468956887722 134.47369679808617 104.74224546551704 115.24997939169407 217.42204740643501 220.97744846343994 76.746413469314575 78.737565949559212 110.24913914501667 99.749179512262344 248.63073438405991 106.21886700391769 119.24903333187103 129.99974429607391 90.499994605779648 156.49484154582024 98.499759286642075 92.491349428892136 196.7235551327467
leaf_count=1779 392 1039 538 419 461 870 884 307 315 441 399 995 425 477 520 362 626 394 370 787
internal_value=9.09901e-07 -0.0192312 0.0185223 0.00922799 -0.00913043 0.0306026 -0.0328807 0.00338182 0.0147618 -0.0133786 -0.00452011 0.0339437 0.0239068 0.000990448 -0.00561386 -0.00470994 0.00558184 -0.0108732 0.0159301 0.015188
internal_weight=3199.55 1569.62 1629.93 923.183 903.992 706.745 665.626 450.488 472.695 468.494 435.499 466.053 240.693 217.247 335.75 220.5 233.241 208.749 367.952 289.215
internal_count=12800 6279 6521 3693 3616 2828 2663 1802 1891 1874 1742 1865 963 869 1343 882 933 835 1472 1157
is_linear=0
shrinkage=0.02


Tree=2
num_leaves=21
num_cat=0
split_feature=0 0 0 0 0 0 0 0 0 0 3 0 0 1 1 1 1 1 0 2
split_gain=2742.02 519.667 439.489 71.7018 42.3383 34.2842 29.2918 5.69362 4.96854 4.61941 4.25491 4.04066 2.77547 2.25357 1.75047 1.39448 1.26517 1.19231 0.55827 0.340229
threshold=-1.0000000180025095e-35 -0.7555200159549712 0.69039613008499157 0.26633311808109289 -0.29239994287490839 1.0583764314651491 -1.0583763122558592 0.11304757371544839 0.34515604376792913 -0.45380596816539759 0.014999999664723875 1.5152823328971865 0.89663067460060131 11.691666603088381 9.7750000953674334 10.458333015441896 10.875000000000002 12.208333015441896 -0.16367168724536893 -1.0000000180025095e-35
decision_type=2 2 2 2 2 2 2 2 2 2 2 2 2 2 2 2 2 2 2 2
left_child=1 6 3 7 9 12 -1 13 -5 15 17 -7 -4 -2 -9 -3 -11 18 -6 -10
right_child=2 4 5 8 10 11 -8 14 19 16 -12 -13 -14 -15 -16 -17 -18 -19 -20 -21
leaf_value=-0.035362241169661142 -0.0012779393621632771 -0.016357360682041935 0.020585891140469794 0.010232292630718844 -0.0055437021823221376 0.030111875391970886 -0.025730141947150013 0.0030854264599352007 0.013436692815223628 -0.012277570326283141 -0.00078492688578238724 0.035832489892595729 0.026626029854012263 0.0027847807870496318 0.0067941032899125411 -0.012304453268912699 -0.0085587741171060817 -0.0068791272014853012 -0.003202727631265207 0.016332341014173048
leaf_weight=444.2622048407793 97.247773215174675 165.47550627589226 134.41942289471626 104.72998930513859 87.748782753944397 217.24458307027817 220.88086676597595 85.493319988250732 100.21298807859421 112.49329525232315 99.749387606978416 248.34926515817642 106.14998303353786 119.99736540019512 147.73811356723309 94.23605115711689 96.244337916374207 148.74893958866596 99.249657705426216 267.6498683989048
leaf_count=1779 389 662 538 419 351 870 884 342 401 450 399 995 425 480 591 377 385 595 397 1071
internal_value=1.78014e-06 -0.018856 0.0181643 0.00904765 -0.00895069 0.0300219 -0.0322503 0.00331552 0.0144745 -0.0131154 -0.00443135 0.0333035 0.0234486 0.000971074 0.00547244 -0.014992 -0.0106604 -0.00550363 -0.00434827 0.0156204
internal_weight=3198.32 1569.09 1629.23 923.069 903.946 706.163 665.143 450.477 472.593 468.449 435.497 465.594 240.569 217.245 233.231 259.712 208.738 335.747 186.998 367.863
internal_count=12800 6279 6521 3693 3616 2828 2663 1802 1891 1874 1742 1865 963 869 933 1039 835 1343 748 1472
is_linear=0
shrinkage=0.02


Tree=3
num_leaves=31
num_cat=0
split_feature=5 5 5 5 5 5 5 5 5 5 5 5 5 1 5 2 5 5 5 1 5 1 1 5 1 1 1 1 1 3
split_gain=47.6226 132.923 42.0189 16.9002 25.4993 16.1119 15.1806 25.9956 14.1871 8.34538 10.4898 23.4998 9.90952 6.74903 6.04523 5.53821 4.7956 4.08117 17.202 3.00814 2.53531 2.244 2.8805 2.43556 4.0835 2.94162 1.85005 2.62245 1.54827 1.53941
threshold=0.48000000417232519 0.45999999344348913 0.44499999284744268 0.39999999105930334 0.38499999046325689 0.42500001192092901 0.27999998629093176 0.35000000894069677 0.36500000953674322 0.10000000894069673 0.14999999105930331 0.17000000178813937 0.13499999046325686 1.8916666507720949 0.089999988675117507 1.0000000180025095e-35 0.11500000953674318 0.2099999934434891 0.23000000417232516 5.3583333492279062 0.19499999284744265 8.0916666984558123 11.041666984558107 0.014999985694885256 12.375000000000002 13.458333015441896 5.8416666984558114 9.6583333015441912 6.9583332538604745 1.0000000180025095e-35
decision_type=2 2 2 2 2 2 2 2 2 2 2 2 2 2 2 2 2 2 2 2 2 2 2 2 2 2 2 2 2 2
left_child=1 2 3 4 6 -5 9 15 -9 14 12 -12 16 -2 19 28 -11 20 -19 -1 -13 -21 -23 -24 -25 -26 -20 -28 -8 -27
right_child=13 -3 -4 5 -6 -7 7 8 -10 10 11 17 -14 -15 -16 -17 -18 18 26 21 -22 22 23 24 25 29 27 -29 -30 -31
leaf_value=-0.0035652870173532056 0.0057253795435492551 -0.019679573079024477 0.012729140397926185 -0.0093865442591143898 0.010883760550775832 0.00051388506340749643 -0.0056861824466041527 0.0097027751643184619 -0.0016345595252732494 0.0054405648677188761 -0.0066248794692651235 0.0026760665481275533 0.0095858394022443373 0.013834850929392919 -0.0060345743178096978 -0.0018200221599145312 -0.00016579688072652338 -0.0060946839547944944 0.0011212413417103903 0.0034298106396275074 0.0069749887312539303 -0.0025804211711271774 -0.0023077016923945749 0.0054780243056871489 -0.002629220809075284 0.0037963391282529214 0.007455897770047468 0.0024863244179669391 -0.0089683618139019781 7.0380659289370859e-05
leaf_weight=88.246130391955376 81.252133518457413 137.12079873681068 103.42489685118198 144.13584545254707 87.033877655863762 119.17101362347603 126.07051903009415 76.077354535460472 100.49775929749012 112.48070940375328 142.71003296971321 142.67476354539394 114.17692050337791 91.962020024657249 74.996973693370819 95.11409318447113 130.46730828285217 96.703242599964142 76.44284650683403 79.746480271220207 91.94161419570446 140.24340949952602 84.247611075639725 75.994685783982277 90.243680477142334 79.494641125202179 81.938197478652 92.186912178993225 142.05166494846344 97.494413450360298
leaf_count=353 326 550 415 578 349 478 505 305 403 450 571 571 457 369 300 381 522 387 306 319 368 561 337 304 361 318 328 369 569 390
internal_value=2.22147e-06 -0.000584932 0.000335298 -0.000134177 0.000371168 -0.00493558 -1.36415e-05 -0.00296572 0.00330409 0.000830674 0.00197896 0.00059196 0.00477419 0.0101396 -0.00070258 -0.00601498 0.00245308 0.00237855 0.000991786 -0.00014416 0.00440545 0.000331665 -0.000114039 0.000703365 0.00145154 0.000274316 0.00375332 0.00488297 -0.00747861 0.00176762
internal_weight=3196.34 3023.13 2886.01 2782.58 2519.28 263.307 2432.24 539.811 176.575 1892.43 1081.72 724.598 357.125 173.214 810.708 363.236 242.948 581.888 347.271 735.711 234.616 647.465 567.718 427.475 343.227 267.233 250.568 174.125 268.122 176.989
internal_count=12800 12105 11555 11140 10084 1056 9735 2163 708 7572 4329 2900 1429 695 3243 1455 972 2329 1390 2943 939 2590 2271 1710 1373 1069 1003 697 1074 708
is_linear=0
shrinkage=0.02


Tree=4
num_leaves=21
num_cat=0
split_feature=0 0 0 0 0 0 0 0 0 0 3 0 0 1 1 1 1 1 0 2
split_gain=2625 497.308 423.24 68.1898 40.7757 32.4531 28.7216 5.37718 4.70805 4.59258 4.1031 3.67754 2.67948 2.15587 1.66006 1.34571 1.2151 1.1495 0.528224 0.326964
threshold=-1.0000000180025095e-35 -0.7555200159549712 0.69039613008499157 0.26633311808109289 -0.29239994287490839 1.0583764314651491 -1.0583763122558592 0.11304757371544839 0.34515604376792913 -0.45380596816539759 0.014999999664723875 1.5152823328971865 0.89663067460060131 11.691666603088381 9.7750000953674334 10.458333015441896 10.875000000000002 12.208333015441896 -0.16367168724536893 -1.0000000180025095e-35
decision_type=2 2 2 2 2 2 2 2 2 2 2 2 2 2 2 2 2 2 2 2
left_child=1 6 3 7 9 12 -1 13 -5 15 17 -7 -4 -2 -9 -3 -11 18 -6 -10
right_child=2 4 5 8 10 11 -8 14 19 16 -12 -13 -14 -15 -16 -17 -18 -19 -20 -21
leaf_value=-0.034651192161646284 -0.0012324955699854593 -0.016064000111631928 0.020212398511729165 0.0099976414048326984 -0.0054154843739119577 0.029530958976722133 -0.025123795081944133 0.0030172133572433511 0.013112112125722133 -0.011998394752343338 -0.00075254725424068862 0.035078420253979579 0.026147604667819173 0.002741338917524685 0.0066296445948738503 -0.012082783577873844 -0.0083571675846422031 -0.0067360677707267846 -0.0031366184434104684 0.015941652305675048
leaf_weight=443.51299747824669 97.248404264450073 165.43473933637142 134.341258212924 104.70854209363461 87.74516062438488 216.95519295334816 220.66117867827415 85.490188971161842 100.17222967743874 112.47361189126968 99.749383226037025 247.81768752634525 106.04761876165867 119.99571081995964 147.72414250671864 94.219424709677696 96.232782244682312 148.74374905228615 99.248593792319298 267.51615551114082
leaf_count=1779 389 662 538 419 351 870 884 342 401 450 399 995 425 480 591 377 385 595 397 1071
internal_value=2.48561e-06 -0.0184545 0.0177801 0.00883572 -0.00876781 0.0294277 -0.0315708 0.00324605 0.0141296 -0.0128555 -0.00433289 0.0326265 0.0230249 0.000967453 0.00534234 -0.0147228 -0.0104147 -0.00538587 -0.00425195 0.0152459
internal_weight=3196.04 1568.02 1628.02 922.855 903.847 705.162 664.174 450.458 472.397 468.361 435.487 464.773 240.389 217.244 233.214 259.654 208.706 335.738 186.994 367.688
internal_count=12800 6279 6521 3693 3616 2828 2663 1802 1891 1874 1742 1865 963 869 933 1039 835 1343 748 1472
is_linear=0
shrinkage=0.02


Tree=5
num_leaves=21
num_cat=0
split_feature=0 0 0 0 0 0 0 0 0 1 0 0 0 1 0 1 1 1 1 1
split_gain=2524.31 479.46 408.147 65.5755 39.2106 31.4199 27.8154 5.16826 4.52872 4.50326 3.60951 2.64619 2.59852 2.07201 1.76332 1.59503 1.1014 2.30917 0.412966 0.288455
threshold=-1.0000000180025095e-35 -0.7555200159549712 0.69039613008499157 0.26633311808109289 -0.29239994287490839 1.0583764314651491 -1.0583763122558592 0.11304757371544839 0.34515604376792913 4.6749999523162851 1.4404313564300539 -0.45380596816539759 0.89663067460060131 11.691666603088381 -0.1891338303685188 9.7750000953674334 13.141666412353517 10.041666984558107 10.875000000000002 10.175000190734865
decision_type=2 2 2 2 2 2 2 2 2 2 2 2 2 2 2 2 2 2 2 2
left_child=1 6 3 7 9 12 -1 13 -5 -3 -7 -11 -4 -2 -6 -9 17 -16 -13 -10
right_child=2 4 5 8 14 10 -8 15 19 11 -12 18 -14 -15 16 -17 -18 -19 -20 -21
leaf_value=-0.03403356307417698 -0.0012083379070528446 -0.017333623375210012 0.019829741198676195 0.009803606432237778 -0.0060605270329054731 0.028588693821285906 -0.024653954929687104 0.0029583482696189422 0.015937736326114803 -0.013255853733517137 0.034155567907735544 -0.010931411162421006 0.025667572909128654 0.0026874552140525509 -0.0020269875217500703 0.0064994562212309119 -0.0016773181829150567 -0.0065824816032130119 -0.0081944325048915606 0.013457722845799056
leaf_weight=442.57587158679962 97.248748198151588 75.448614701628685 134.23462492227554 104.68515276908875 144.9853689968586 186.71264669299126 220.40963569283485 85.487278521060944 209.71801140904427 210.8567146807909 277.08851103484631 85.71169650554657 105.90904781222343 119.99373076856136 94.247521698474884 147.70969773828983 109.24474775791168 86.996739506721497 96.220856249332428 157.78819958865643
leaf_count=1779 389 302 538 419 580 750 884 342 840 844 1115 343 425 480 377 591 437 348 385 632
internal_value=2.90142e-06 -0.0181041 0.0174441 0.00866331 -0.00859661 0.0288957 -0.0309988 0.00318225 0.0138564 -0.0126058 0.0320469 -0.0116145 0.0225951 0.000948387 -0.00424782 0.00523752 -0.00330783 -0.00426159 -0.00958871 0.0149516
internal_weight=3193.27 1566.7 1626.58 922.631 903.712 703.945 662.986 450.439 472.191 468.238 463.801 392.789 240.144 217.242 435.474 233.197 290.489 181.244 181.933 367.506
internal_count=12800 6279 6521 3693 3616 2828 2663 1802 1891 1874 1865 1572 963 869 1742 933 1162 725 728 1472
is_linear=0
shrinkage=0.02


Tree=6
num_leaves=21
num_cat=0
split_feature=0 0 0 0 0 0 0 0 0 1 3 0 0 0 3 1 1 0 1 2
split_gain=2428.02 462.693 393.922 63.0737 37.7137 30.4769 26.9992 4.96758 4.35819 4.3413 3.94131 3.59518 2.5423 2.52466 2.15886 1.53263 1.12599 0.491185 0.397824 0.353791
threshold=-1.0000000180025095e-35 -0.7555200159549712 0.69039613008499157 0.26633311808109289 -0.29239994287490839 1.0583764314651491 -1.0583763122558592 0.11304757371544839 0.34515604376792913 4.6749999523162851 0.014999999664723875 1.6977696418762209 -0.45380596816539759 0.89663067460060131 1.0000000180025095e-35 9.7750000953674334 12.208333015441896 -0.16367168724536893 10.875000000000002 -1.0000000180025095e-35
decision_type=2 2 2 2 2 2 2 2 2 2 2 2 2 2 2 2 2 2 2 2
left_child=1 6 3 7 9 13 -1 14 -5 -3 16 -7 -11 -4 -2 -9 17 -6 -14 -10
right_child=2 4 5 8 10 11 -8 15 19 12 -12 -13 18 -15 -16 -17 -18 -19 -20 -21
leaf_value=-0.033445234498295416 0.0030989625541590431 -0.01700459914278107 0.019457877874939373 0.0096137591491613061 -0.005199420049278417 0.029220331249729368 -0.024199801312237215 0.0029006417626050761 0.012574548988882007 -0.012998257098728955 -0.00065734083262063473 0.034780074400022981 -0.010720484468754133 0.025204044440333261 -0.00087463089700747084 0.0063719475537838653 -0.0065298918036313085 -0.0030035398653463119 -0.008035115729806511 0.015347970279295227
leaf_weight=441.40062795579433 97.992874577641487 75.409388348460197 134.10352393984795 104.65714263916016 87.73571652173996 285.23926439881325 220.09572494029999 85.484045073390007 100.07533852756023 210.77514909207821 99.749475494027138 177.37227189540863 85.689695045351982 105.73814982175827 119.24749167263508 147.69238775968552 148.72987720370293 99.2453373670578 96.205902010202408 267.21172803640366
leaf_count=1779 392 302 538 419 351 1149 884 342 401 844 399 716 343 425 477 591 595 397 385 1071
internal_value=3.26604e-06 -0.0177643 0.017118 0.00849473 -0.00842921 0.0283845 -0.0304513 0.00311973 0.0135897 -0.0123621 -0.0041645 0.0314926 -0.0113889 0.0221787 0.000929698 0.00513483 -0.00519651 -0.00407802 -0.00940301 0.0146645
internal_weight=3189.85 1565.04 1624.81 922.361 903.541 702.453 661.496 450.417 471.944 468.08 435.46 462.612 392.671 239.842 217.24 233.176 335.711 186.981 181.896 367.287
internal_count=12800 6279 6521 3693 3616 2828 2663 1802 1891 1874 1742 1865 1572 963 869 933 1343 748 728 1472
is_linear=0
shrinkage=0.02


Tree=7
num_leaves=22
num_cat=0
split_feature=0 0 0 0 0 0 0 0 0 1 3 0 0 0 3 1 1 0 1 2 1
split_gain=2335.87 446.914 380.499 60.6761 36.2804 29.6155 26.2631 4.77448 4.19556 4.18755 3.78825 3.61077 2.4571 2.18422 2.07505 1.47275 1.08157 0.472362 0.457146 0.358244 0.545335
threshold=-1.0000000180025095e-35 -0.7555200159549712 0.69039613008499157 0.26633311808109289 -0.29239994287490839 1.0583764314651491 -1.0583763122558592 0.11304757371544839 0.34515604376792913 4.8250000476837167 0.014999999664723875 1.5152823328971865 0.89663067460060131 -0.45380596816539759 1.0000000180025095e-35 9.7750000953674334 12.208333015441896 -0.16367168724536893 10.875000000000002 1.0000000180025095e-35 10.175000190734865
decision_type=2 2 2 2 2 2 2 2 2 2 2 2 2 2 2 2 2 2 2 2 2
left_child=1 6 3 7 9 12 -1 14 -5 -3 16 -7 -4 -11 -2 -9 17 -6 -15 20 -10
right_child=2 4 5 8 10 11 -8 15 19 13 -12 -13 -14 18 -16 -17 -18 -19 -20 -21 -22
leaf_value=-0.032884074808020761 0.0030383019074130477 -0.01657179938569895 0.019096266392278394 0.0094279768401880435 -0.0050981066606313975 0.027964658742240744 -0.023760395772743054 0.002844071735848901 0.014715859655262732 -0.012662837031129137 -0.00064445281591361228 0.033345475683464874 0.024756013704263637 -0.010648937860709109 -0.0008574248438675368 0.0062470540378968212 -0.0064015550540272251 -0.0029447196146379744 -0.0078791282688552618 0.016269924060031558 0.011743741492134543
leaf_weight=440.00231802463531 97.990307509899139 78.605198964476585 133.94947998225689 104.62480695545673 87.729479640722275 215.58651381731033 219.7233501970768 85.480513706803322 152.09686866402626 208.43112035095692 99.749415785074234 245.63267411291599 105.5369366556406 84.664017602801323 119.24782072007656 147.6723926961422 148.71756148338318 99.243169412016869 96.188108772039413 101.72155940532684 113.2137585580349
leaf_count=1779 392 315 538 419 351 870 884 342 610 835 399 995 425 339 477 591 595 397 385 408 454
internal_value=3.64984e-06 -0.0174345 0.0168011 0.00832983 -0.00826543 0.0278929 -0.0299264 0.00305853 0.0133293 -0.012124 -0.00408281 0.0309619 0.0217748 -0.0111458 0.00091152 0.00503422 -0.00509464 -0.00399837 -0.00927808 0.0143842 0.0135449
internal_weight=3185.81 1563.05 1622.75 922.048 903.328 700.706 659.726 450.391 471.657 467.888 435.44 461.219 239.486 389.283 217.238 233.153 335.69 186.973 180.852 367.032 265.311
internal_count=12800 6279 6521 3693 3616 2828 2663 1802 1891 1874 1742 1865 963 1559 869 933 1343 748 724 1472 1064
is_linear=0
shrinkage=0.02


Tree=8
num_leaves=31
num_cat=0
split_feature=5 5 5 5 5 5 5 5 5 5 5 5 5 1 5 2 5 5 5 1 5 1 1 5 1 1 1 1 3 1
split_gain=39.2805 111.104 34.1017 13.9158 21.6217 13.2961 12.2566 21.6264 11.7062 6.95393 9.25509 19.799 8.45122 5.71992 5.05813 4.99144 4.20283 3.40322 13.8028 2.85793 2.28641 2.20189 2.7258 2.2902 3.86536 2.80662 1.80849 2.71605 1.52115 1.22995
threshold=0.48000000417232519 0.45999999344348913 0.44499999284744268 0.39999999105930334 0.38499999046325689 0.42500001192092901 0.27999998629093176 0.35000000894069677 0.36500000953674322 0.10000000894069673 0.14999999105930331 0.17000000178813937 0.13499999046325686 1.8916666507720949 0.089999988675117507 1.0000000180025095e-35 0.11500000953674318 0.2099999934434891 0.23000000417232516 5.3583333492279062 0.19499999284744265 8.0916666984558123 11.041666984558107 0.014999985694885256 12.375000000000002 13.458333015441896 6.1749999523162851 9.6583333015441912 1.0000000180025095e-35 6.9583332538604745
decision_type=2 2 2 2 2 2 2 2 2 2 2 2 2 2 2 2 2 2 2 2 2 2 2 2 2 2 2 2 2 2
left_child=1 2 3 4 6 -5 9 15 -9 14 12 -12 16 -2 19 29 -11 20 -19 -1 -13 -21 -23 -24 -25 -26 -20 -28 -27 -8
right_child=13 -3 -4 5 -6 -7 7 8 -10 10 11 17 -14 -15 -16 -17 -18 18 26 21 -22 22 23 24 25 28 27 -29 -30 -31
leaf_value=-0.0034723929101082552 0.0051853446876826952 -0.01810111981762173 0.011548423722483771 -0.0085571995491804404 0.01007670082678626 0.00048529334069392021 -0.0052393920894499915 0.0089160529858096655 -0.001432135210592665 0.0050811524999803013 -0.0061320931149996547 0.0023517574334417351 0.0088772489479055326 0.012693558291144651 -0.0055266246687875002 -0.0014694396828349558 -0.00016922031235018988 -0.0054831115457244827 0.0008674670097004295 0.0033952451163513486 0.0064321919524581127 -0.0025147256897358524 -0.0022399804702025743 0.0053235777638895856 -0.0025763094697467759 0.0037359267138508535 0.0072572259169039937 0.0021281689548454906 3.2485216298663616e-05 -0.0081858771468677309
leaf_weight=88.239637285470963 80.259903639554977 135.35121473670006 102.11487500369549 142.59341739118099 86.153575286269188 117.85643668472767 125.32675024867058 75.377263709902763 99.478467375040054 112.4083558768034 142.50698128342628 142.36539536714554 113.90474389493465 90.773553863167763 74.971501737833023 94.558319568634033 130.33429309725761 96.492418467998505 81.192561879754066 79.73894003033638 91.716064423322678 140.22539974749088 84.240300565958023 75.972865924239159 90.219463527202606 79.472247570753098 76.717282667756081 91.954152807593346 97.475077003240585 141.18979789316654
leaf_count=353 326 550 415 578 349 478 505 305 403 450 571 571 457 369 300 381 522 387 326 319 368 561 337 304 361 318 308 369 390 569
internal_value=4.19097e-06 -0.000528139 0.000311242 -0.000110637 0.000346891 -0.00449286 -6.64384e-06 -0.00267054 0.00307917 0.0007507 0.00180047 0.000495932 0.00442732 0.00927088 -0.000648493 -0.00545655 0.00228376 0.00213869 0.000870779 -0.000137671 0.00399147 0.000326181 -0.000115378 0.000679906 0.00140556 0.000260136 0.00334858 0.00451874 0.00171897 -0.00684967
internal_weight=3181.18 3010.15 2874.8 2772.68 2512.23 260.45 2426.08 535.931 174.856 1890.15 1079.59 722.945 356.647 171.033 810.555 361.075 242.743 580.438 346.356 735.584 234.081 647.344 567.605 427.38 343.14 267.167 249.864 168.671 176.947 266.517
internal_count=12800 12105 11555 11140 10084 1056 9735 2163 708 7572 4329 2900 1429 695 3243 1455 972 2329 1390 2943 939 2590 2271 1710 1373 1069 1003 677 708 1074
is_linear=0
shrinkage=0.02


Tree=9
num_leaves=21
num_cat=0
split_feature=0 0 0 0 0 0 0 0 0 0 3 0 0 3 0 3 0 2 0 0
split_gain=2238.61 429.637 367.758 57.7772 34.9638 28.3254 25.9566 4.50615 4.16618 3.98953 3.65438 3.48814 2.38657 1.9792 0.878618 0.628292 0.483729 0.36155 0.331766 0.0748133
threshold=-1.0000000180025095e-35 -0.7555200159549712 0.69039613008499157 0.26633311808109289 -0.29239994287490839 1.0583764314651491 -1.0583763122558592 0.11304757371544839 -0.45380596816539759 0.34515604376792913 0.014999999664723875 1.6977696418762209 0.89663067460060131 1.0000000180025095e-35 -0.1891338303685188 1.0000000180025095e-35 0.16367168724536899 1.0000000180025095e-35 -0.62807917594909657 -0.37188962101936335
decision_type=2 2 2 2 2 2 2 2 2 2 2 2 2 2 2 2 2 2 2 2
left_child=1 6 3 7 8 12 -1 13 18 -5 14 -7 -4 -2 -6 -16 -9 -11 -3 -10
right_child=2 4 5 9 10 11 -8 16 19 17 -12 -13 -14 -15 15 -17 -18 -19 -20 -21
leaf_value=-0.032302794572405584 0.0029857820741837279 -0.015267547000069395 0.018763213519776112 0.009213484204828341 -0.0064538221093506081 0.028183356425799048 -0.023236253083595015 0.0063043747045442387 -0.01042757943030881 0.013223566449696704 -0.00061592214142677337 0.033616714740353409 0.024338334600062243 -0.00081909797004199136 -0.0031868924308448357 -0.0054793133204379899 0.0041617559648676706 0.015906335246069669 -0.012439579004298831 -0.0084291818522862511
leaf_weight=438.19717448949814 97.986737921833992 102.04626595973969 133.78103324770927 104.58085753023624 115.19937533140182 283.51443725824356 219.186334207654 76.702961713075638 110.0595335662365 265.05892108380795 99.748247101902962 175.8924266397953 105.31194877624512 119.24795173108578 129.98066058754921 90.478349298238754 156.41528649628162 101.60649818181992 157.13559921085835 98.4129448980093
leaf_count=1779 392 409 538 419 461 1149 884 307 441 1064 399 716 425 477 520 362 626 408 630 394
internal_value=4.3968e-06 -0.0170813 0.0164617 0.00813788 -0.00809824 0.0273896 -0.0293595 0.00299475 -0.0118875 0.0130195 -0.00399258 0.0304003 0.0214004 0.000908728 -0.00498643 -0.00416853 0.00491437 0.0140492 -0.0136614 -0.00957326
internal_weight=3180.54 1560.44 1620.1 921.599 903.061 698.5 657.384 450.353 467.654 471.246 435.407 459.407 239.093 217.235 335.658 220.459 233.118 366.665 259.182 208.472
internal_count=12800 6279 6521 3693 3616 2828 2663 1802 1874 1891 1742 1865 963 869 1343 882 933 1472 1039 835
is_linear=0
shrinkage=0.02


Tree=10
num_leaves=31
num_cat=0
split_feature=5 5 5 5 5 5 5 5 5 5 5 5 5 1 2 5 5 1 5 5 1 1 1 1 2 1 5 1 1 1
split_gain=36.3064 103.391 31.5516 12.8316 20.1351 12.3874 11.2915 20.0355 10.8451 6.45908 8.66673 18.3889 7.87633 5.34207 4.72604 4.67771 3.97757 3.18909 4.21627 3.06332 2.75895 2.11369 2.6182 2.22138 2.2746 1.41258 2.56614 1.12704 1.05602 0.101369
threshold=0.48000000417232519 0.45999999344348913 0.44499999284744268 0.39999999105930334 0.38499999046325689 0.42500001192092901 0.27999998629093176 0.35000000894069677 0.36500000953674322 0.10000000894069673 0.14999999105930331 0.17000000178813937 0.13499999046325686 1.8916666507720949 1.0000000180025095e-35 0.089999988675117507 0.11500000953674318 4.8250000476837167 0.22000001370906833 0.18500000238418582 5.3583333492279062 8.0916666984558123 11.041666984558107 14.408333301544191 1.0000000180025095e-35 12.525000095367433 0.045000016689300544 6.9583332538604745 8.3416666984558123 10.458333015441896
decision_type=2 2 2 2 2 2 2 2 2 2 2 2 2 2 2 2 2 2 2 2 2 2 2 2 2 2 2 2 2 2
left_child=1 2 3 4 6 -5 9 14 -9 15 12 -12 16 -2 27 20 -11 -13 19 -19 -1 -22 -23 24 25 -24 -27 -8 -20 -21
right_child=13 -3 -4 5 -6 -7 7 8 -10 10 11 17 -14 -15 -16 -17 -18 18 28 29 21 22 23 -25 -26 26 -28 -29 -30 -31
leaf_value=-0.0034124021586022287 0.004980700456059528 -0.01750927156425865 0.01113777298798836 -0.008251581895095686 0.0097438506587450291 0.00049308520312998981 -0.0050613046517137238 0.0086068779149127955 -0.0013711936068060893 0.0049286954123642828 -0.0059188951897204099 -0.00097132109881122074 0.0085748545297986718 0.012252730745836318 -0.0013675021761751901 -0.0053187920613873927 -0.00017962199259845575 0.0041418342283530548 0.0064765459975777177 -0.0011872888952484967 0.0033269640088379186 -0.0024643075670539348 0.0045852650509947083 -0.0020757883081707201 -0.0014051191723679106 0.0035063250827991944 -0.0013140279986777845 -0.0078884071832284967 0.003569767959782158 -0.00017465890621767841
leaf_weight=88.235653594136238 79.898207604885101 134.56095141172409 101.61172395944595 142.00773528218269 85.80963259935379 117.41402015089989 125.05517195165157 75.107259899377823 99.116961479187012 112.37485489249229 142.41686928272247 111.50022579729557 113.78131677210331 90.292818769812584 94.361821129918098 74.953358948230743 130.29107138514519 74.741658836603165 84.107519447803497 83.924079373478889 79.733739003539085 140.21814467012882 77.216284081339836 90.974686980247498 84.221870988607407 95.980654910206795 78.953529477119446 140.85221309959888 150.87106503546238 74.740825980901718
leaf_count=353 326 550 415 578 349 478 505 305 403 450 571 448 457 369 381 300 522 300 338 337 319 561 309 364 337 384 316 569 606 300
internal_value=4.78345e-06 -0.000506645 0.000302005 -0.000103384 0.000335626 -0.00432026 -5.22135e-06 -0.00256613 0.00297917 0.000721247 0.00173357 0.00047051 0.00427612 0.00893629 -0.00524946 -0.000627094 0.00220691 0.00205466 0.00277608 0.000859921 -0.000135868 0.000319903 -0.00011274 0.000666726 0.00141635 0.0023624 0.00134048 -0.00660654 0.00465609 -0.000718391
internal_weight=3175.33 3005.13 2870.57 2768.96 2509.54 259.422 2423.73 534.493 174.224 1889.24 1078.75 722.302 356.447 170.191 360.269 810.488 242.666 579.885 468.385 233.407 735.535 647.299 567.565 427.347 336.372 252.15 174.934 265.907 234.979 158.665
internal_count=12800 12105 11555 11140 10084 1056 9735 2163 708 7572 4329 2900 1429 695 1455 3243 972 2329 1881 937 2943 2590 2271 1710 1346 1009 700 1074 944 637
is_linear=0
shrinkage=0.02


Tree=11
num_leaves=22
num_cat=0
split_feature=0 0 0 0 0 0 0 0 0 0 3 0 0 1 1 1 1 1 0 1 0
split_gain=2146.44 413.418 355.669 55.133 33.7807 27.1731 25.6908 4.32966 4.1667 3.81129 3.52793 3.38862 2.32308 1.9481 1.39908 1.34264 1.05888 1.02208 0.427501 0.393073 0.154539
threshold=-1.0000000180025095e-35 -0.7555200159549712 0.69039613008499157 0.26633311808109289 -0.29239994287490839 1.0583764314651491 -1.0583763122558592 0.11304757371544839 -0.45380596816539759 0.34515604376792913 0.014999999664723875 1.6977696418762209 0.89663067460060131 11.691666603088381 9.7750000953674334 10.458333015441896 12.208333015441896 10.875000000000002 -0.16367168724536893 12.208333015441896 0.45380601286888128
decision_type=2 2 2 2 2 2 2 2 2 2 2 2 2 2 2 2 2 2 2 2 2
left_child=1 6 3 7 8 12 -1 13 15 -5 16 -7 -4 -2 -9 -3 18 -10 -6 20 -11
right_child=2 4 5 9 10 11 -8 14 17 19 -12 -13 -14 -15 -16 -17 -18 -19 -20 -21 -22
leaf_value=-0.031751855472690466 -0.0012051910041835365 -0.014731027526474266 0.018437671277892718 0.0090047820830004479 -0.0048449836809482654 0.027681744012622307 -0.022733468204892224 0.0026812553403417435 -0.010802161490721215 0.015908412340447483 -0.0005851862291373802 0.033039991063810371 0.023933514170886135 0.00257212741258449 0.005993444571499547 -0.010899051920119911 -0.0061688109115705459 -0.0074809965635819773 -0.0027965954003281541 0.011394867250192646 0.013257794193560926
leaf_weight=436.14323535561562 97.245185524225235 165.00354155898094 133.59248577058315 104.53147575259209 87.704445764422417 282.44746093451977 218.573600679636 85.466171979904175 112.25213506817818 100.99604541063309 99.746687725186348 174.91811932623386 105.05980435013771 119.98338530957699 147.61994644999504 94.025315403938293 148.68241159617901 96.120522752404213 99.233614429831505 79.128672674298286 186.14086079597473
leaf_count=1779 389 662 538 419 351 1149 884 342 450 406 399 716 425 480 591 377 595 385 397 318 748
internal_value=4.94147e-06 -0.0167414 0.0161344 0.00795352 -0.00793764 0.0269072 -0.0288195 0.00293027 -0.0116636 0.0127255 -0.00390244 0.0298659 0.0210359 0.000885594 0.0048121 -0.0134342 -0.00487902 -0.00935582 -0.00379874 0.0137327 0.0142937
internal_weight=3174.62 1557.49 1617.13 921.112 902.769 696.018 654.717 450.315 467.402 470.797 435.367 457.366 238.652 217.229 233.086 259.029 335.62 208.373 186.938 366.266 287.137
internal_count=12800 6279 6521 3693 3616 2828 2663 1802 1874 1891 1742 1865 963 869 933 1039 1343 835 748 1472 1154
is_linear=0
shrinkage=0.02


Tree=12
num_leaves=22
num_cat=0
split_feature=0 0 0 0 0 0 0 0 0 0 0 3 0 3 1 1 1 1 0 4 0
split_gain=2066.2 400.358 344.284 53.078 32.5095 26.5536 25.1213 4.16193 4.01318 3.67607 3.41544 3.39117 2.27103 1.88333 1.34462 1.29244 1.01728 0.984031 0.411172 0.410964 0.136165
threshold=-1.0000000180025095e-35 -0.7555200159549712 0.69039613008499157 0.26633311808109289 -0.29239994287490839 1.0583764314651491 -1.0583763122558592 0.11304757371544839 -0.45380596816539759 0.34515604376792913 1.4404313564300539 0.014999999664723875 0.89663067460060131 1.0000000180025095e-35 9.7750000953674334 10.458333015441896 12.208333015441896 10.875000000000002 -0.16367168724536893 -1.0000000180025095e-35 -1.3729133009910581
decision_type=2 2 2 2 2 2 2 2 2 2 2 2 2 2 2 2 2 2 2 2 2
left_child=1 6 3 7 8 12 20 13 15 -5 -7 16 -4 -2 -9 -3 18 -10 -6 -11 -1
right_child=2 4 5 9 11 10 -8 14 17 19 -12 -13 -14 -15 -16 -17 -18 -19 -20 -21 -22
leaf_value=-0.032730024738196896 0.0028944520333794846 -0.014452257573184675 0.018103014288788834 0.0088318315235355136 -0.0047507602980628666 0.026130087347364633 -0.022338922825056434 0.0026289949697429734 -0.010595397806725309 0.011467535274786569 0.031411369161054727 -0.00057371310402995587 0.023525771928056636 -0.00081706396237135593 0.0058762599259353275 -0.010691528622991194 -0.0060478821700545591 -0.0073364445937413505 -0.0027418635839811301 0.014137002355610747 -0.028282236335823864
leaf_weight=277.75425061583519 97.979289352893829 164.86255869269371 133.37996885180473 104.48653249442577 87.694806918501854 184.00867500901222 218.02611866593361 85.46163210272789 112.1934332549572 99.742530599236488 271.39072644710541 99.746526136994362 104.78051213920116 119.24636541306973 147.59268815815449 93.972688153386116 148.66242937743664 96.093792080879211 99.230143055319786 266.16688266396523 156.37358322739601
leaf_count=1139 392 662 538 419 351 750 884 342 450 401 1115 399 425 477 591 377 595 385 397 1071 640
internal_value=5.46687e-06 -0.0164403 0.0158445 0.00780077 -0.00778419 0.0264692 -0.0283583 0.00287278 -0.011441 0.0124859 0.029401 -0.003826 0.0206648 0.000868143 0.00471798 -0.0131793 -0.00478355 -0.00917595 -0.00372464 0.0134756 -0.031265
internal_weight=3168.85 1554.61 1614.24 920.676 902.456 693.56 652.154 450.28 467.122 470.396 455.399 435.334 238.16 217.226 233.054 258.835 335.587 208.287 186.925 365.909 434.128
internal_count=12800 6279 6521 3693 3616 2828 2663 1802 1874 1891 1865 1742 963 869 933 1039 1343 835 748 1472 1779
is_linear=0
shrinkage=0.02


Tree=13
num_leaves=31
num_cat=0
split_feature=5 5 5 5 5 5 5 5 5 5 5 5 5 1 2 5 5 1 5 5 1 1 1 5 1 1 3 1 1 1
split_gain=32.4496 92.814 28.0386 11.4364 18.1509 11.1341 10.0062 17.8177 9.68831 5.77816 7.91973 16.6506 7.10535 4.84126 4.41151 4.2121 3.65294 3.01823 3.89425 2.66077 2.63755 2.05268 2.51194 2.17594 3.55165 2.73295 1.46683 1.02221 0.982159 0.0849925
threshold=0.48000000417232519 0.45999999344348913 0.44499999284744268 0.39999999105930334 0.38499999046325689 0.42500001192092901 0.27999998629093176 0.35000000894069677 0.36500000953674322 0.10000000894069673 0.14999999105930331 0.17000000178813937 0.13499999046325686 1.8916666507720949 1.0000000180025095e-35 0.089999988675117507 0.11500000953674318 4.8250000476837167 0.22000001370906833 0.18500000238418582 5.3583333492279062 8.0916666984558123 11.041666984558107 0.014999985694885256 12.375000000000002 13.458333015441896 1.0000000180025095e-35 8.3416666984558123 6.9583332538604745 10.458333015441896
decision_type=2 2 2 2 2 2 2 2 2 2 2 2 2 2 2 2 2 2 2 2 2 2 2 2 2 2 2 2 2 2
left_child=1 2 3 4 6 -5 9 14 -9 15 12 -12 16 -2 28 20 -11 -13 19 -19 -1 -22 -23 -24 -25 -26 -27 -20 -8 -21
right_child=13 -3 -4 5 -6 -7 7 8 -10 10 11 17 -14 -15 -16 -17 -18 18 27 29 21 22 23 24 25 26 -28 -29 -30 -31
leaf_value=-0.0033335146040206725 0.0047126147894689906 -0.016688206370127724 0.010557280542249057 -0.0078380418647475206 0.0092900135584019303 0.00048934337904403904 -0.0048210487126408123 0.0081677727696631841 -0.0012995936776233675 0.0047132268483392071 -0.0056542847974181123 -0.0010077682507176587 0.0081577854956230416 0.011671237836745908 -0.0012010883147609089 -0.0050489303358921267 -0.00018370603464115269 0.0038598204992046276 0.0062395024459633436 -0.0011036986495453112 0.0032793448787703269 -0.0024139615645988187 -0.0021930757758321425 0.0051169829100181979 -0.0025370449974507709 0.003683088987644426 4.5580376142308687e-05 0.0033838736832753091 -0.0074740289861366287 -0.00017513450306121513
leaf_weight=88.229215383529663 79.084964543581009 132.91334119439125 100.51798196136951 140.74112591147423 85.082209199666977 116.35269239544868 124.44443541765213 74.531236886978149 98.320956513285637 112.30888278782368 142.23240074515343 111.25899648666382 113.53012956678867 89.272122144699097 93.913805574178696 74.922290116548538 130.1860925257206 74.601949512958527 83.900834292173386 83.764088273048401 79.726905584335327 140.203190356493 84.230469971895218 75.944341063499451 90.192364364862442 79.446140766143799 97.453556776046753 150.56184962391853 140.11700357496738 74.627255827188492
leaf_count=353 326 550 415 578 349 478 505 305 403 450 571 448 457 369 381 300 522 300 338 337 319 561 337 304 361 318 390 606 569 300
internal_value=5.39827e-06 -0.000477362 0.000286785 -9.45217e-05 0.000319168 -0.00409464 -3.8196e-06 -0.00242303 0.00282932 0.000679092 0.00163776 0.000429009 0.00406941 0.00849616 -0.0049573 -0.000595899 0.00210426 0.00193844 0.00264097 0.000798287 -0.000129779 0.000315895 -0.000110511 0.000653068 0.00136058 0.000262402 0.00170211 0.00444987 -0.00627166 -0.000673838
internal_weight=3162.61 2994.26 2861.34 2760.82 2503.73 257.094 2418.65 531.327 172.852 1887.32 1076.97 720.947 356.025 168.357 358.475 810.348 242.495 578.715 467.456 232.993 735.426 647.197 567.47 427.267 343.036 267.092 176.9 234.463 264.561 158.391
internal_count=12800 12105 11555 11140 10084 1056 9735 2163 708 7572 4329 2900 1429 695 1455 3243 972 2329 1881 937 2943 2590 2271 1710 1373 1069 708 944 1074 637
is_linear=0
shrinkage=0.02


Tree=14
num_leaves=23
num_cat=0
split_feature=0 0 0 0 0 0 0 0 0 0 0 1 2 1 1 1 1 1 1 0 0 0
split_gain=1982.27 386.01 333.491 63.9881 31.3937 24.9455 13.6418 5.22783 4.00928 3.92706 2.00783 1.86615 1.7397 1.5198 1.93418 1.27464 1.23062 1.15285 0.947187 0.105196 0.0735021 0.0655798
threshold=-1.0000000180025095e-35 -0.7555200159549712 0.82402130961418163 0.26633311808109289 -0.29239994287490839 -1.0583763122558592 1.4404313564300539 0.34515604376792913 -0.45380596816539759 0.11304757371544839 0.62807923555374157 11.691666603088381 -1.0000000180025095e-35 13.141666412353517 10.341666698455812 9.7750000953674334 10.458333015441896 6.8916666507720956 10.875000000000002 1.0583764314651491 -1.3729133009910581 -0.5978272259235381
decision_type=2 2 2 2 2 2 2 2 2 2 2 2 2 2 2 2 2 2 2 2 2 2
left_child=1 5 3 9 8 20 19 -5 16 11 12 -2 -9 14 17 -11 21 -6 -10 -4 -1 -3
right_child=2 4 6 7 13 -7 -8 10 18 15 -12 -13 -14 -15 -16 -17 -18 -19 -20 -21 -22 -23
leaf_value=-0.032202972204409312 -0.0011806262514785742 -0.015557044848115221 0.021931626411790854 0.0086327348223877026 -0.0048646858956069338 -0.021869923110685995 0.030893056026718792 0.0097617264614946516 -0.010360294608769147 0.0025714043223968577 0.016255255947593177 0.0025164501129350731 0.013810820096140803 -0.0020599176415647363 -0.0064682621719999965 0.0057339165605747068 -0.010524867156585849 -0.0014562062041718641 -0.0071656570444329423 0.025692661346413438 -0.027841448478297198 -0.012379143693305821
leaf_weight=276.01934765279293 97.243097737431526 86.114454790949821 154.06673115491867 104.42838117480278 75.718122139573097 217.29226630926132 269.69981700181961 83.987497508525848 112.11225309967995 85.4544787555933 141.90367221832275 119.97690671682358 223.11519199609756 148.66781942546368 124.68643842637539 147.55359131097794 93.926078960299492 86.211115851998329 96.053190752863884 183.27653646469116 155.6540362238884 78.606296613812447
leaf_count=1139 389 346 625 419 303 884 1115 338 450 342 573 480 899 595 499 591 377 345 385 750 640 316
internal_value=5.54385e-06 -0.0161215 0.0155362 0.00843082 -0.00763131 -0.0278636 0.0272176 0.0129743 -0.0112265 0.00281316 0.0139413 0.000865705 0.0127738 -0.00374204 -0.00459424 0.00460584 -0.012961 -0.00308992 -0.00896842 0.0241144 -0.0307659 -0.0142072
internal_weight=3161.77 1551.06 1610.71 1003.66 902.096 648.966 607.043 553.435 466.812 450.228 449.006 217.22 307.103 435.283 286.616 233.008 258.647 161.929 208.165 337.343 431.673 164.721
internal_count=12800 6279 6521 4031 3616 2663 2490 2229 1874 1802 1810 869 1237 1742 1147 933 1039 648 835 1375 1779 662
is_linear=0
shrinkage=0.02


Tree=15
num_leaves=32
num_cat=0
split_feature=5 5 5 5 5 5 5 5 5 5 5 5 5 1 2 5 5 5 5 1 5 1 1 1 2 1 1 1 5 5 5
split_gain=30.1875 86.1795 25.9067 10.6262 16.8992 10.3247 9.26194 16.4809 9.00481 5.3564 7.44135 15.4959 6.64464 4.52578 4.18453 3.93276 3.4303 2.95634 10.8892 2.48894 2.1953 1.99943 2.38602 2.13152 2.17352 1.67878 2.63177 1.29662 2.60398 0.918127 2.6583
threshold=0.48000000417232519 0.45999999344348913 0.44499999284744268 0.39999999105930334 0.38499999046325689 0.42500001192092901 0.27999998629093176 0.35000000894069677 0.36500000953674322 0.10000000894069673 0.14999999105930331 0.17000000178813937 0.13499999046325686 1.8916666507720949 1.0000000180025095e-35 0.089999988675117507 0.11500000953674318 0.2099999934434891 0.23000000417232516 5.3583333492279062 0.19499999284744265 8.0916666984558123 11.041666984558107 14.408333301544191 1.0000000180025095e-35 6.1749999523162851 9.6583333015441912 12.525000095367433 0.045000016689300544 0.3249999880790711 0.30500000715255743
decision_type=2 2 2 2 2 2 2 2 2 2 2 2 2 2 2 2 2 2 2 2 2 2 2 2 2 2 2 2 2 2 2
left_child=1 2 3 4 6 -5 9 14 -9 15 12 -12 16 -2 29 19 -11 20 -19 -1 -13 -21 -23 24 27 -20 -27 -24 -29 30 -8
right_child=13 -3 -4 5 -6 -7 7 8 -10 10 11 17 -14 -15 -16 -17 -18 18 25 21 -22 22 23 -25 -26 26 -28 28 -30 -31 -32
leaf_value=-0.0032368440025571498 0.0045532241676808187 -0.016145619547771325 0.010180655468053787 -0.0075713149658819577 0.0089847864973688404 0.00046870668342149826 -0.0073968124305518329 0.0078851657425041549 -0.00126168918095954 0.0045624656969179469 -0.0054669219762002686 0.0019876475181436356 0.007890934801223267 0.011302538926677942 -0.0011142740598804577 -0.0048784406242969236 -0.00018379333500094885 -0.0049746806883682092 0.00049817532300349321 0.0032332140473962066 0.0059826375814296994 -0.0023574944454039831 0.0044217692410644955 -0.0020547506773462023 -0.0013918167959627559 0.0067128710941415492 0.0016689801432630419 0.0034936911262740894 -0.001362381728360022 -0.0078513068184447275 -0.0024400415168136873
leaf_weight=88.223560065031052 78.624477624893188 131.83588111400604 99.844242408871651 140.01814693212509 84.661132484674454 115.73098739981651 94.380509629845619 74.202954098582268 97.894788354635239 112.26491320133209 142.11721739172935 141.85564388334751 113.36861646175385 88.657657518982887 93.661952957510948 74.900717362761497 130.12764436006546 96.143066450953484 80.791652783751488 79.722550973296165 91.374146118760109 140.19452521204948 77.184493348002434 90.955333083868027 84.199532359838486 76.314086198806763 91.560550898313522 95.964017808437347 78.917526915669441 85.599961549043655 83.785361766815186
leaf_count=353 326 550 415 578 349 478 384 305 403 450 571 571 457 369 381 300 522 387 326 319 368 561 309 364 337 308 369 384 316 349 341
internal_value=5.22179e-06 -0.00045999 0.000274876 -9.10967e-05 0.00030724 -0.00395766 -4.05521e-06 -0.00233622 0.00272741 0.000652456 0.00157616 0.000403732 0.00393394 0.00822156 -0.00477591 -0.000574955 0.0020338 0.00186097 0.000677252 -0.000124578 0.00359035 0.000308379 -0.000112476 0.000631789 0.00136631 0.00288474 0.00401392 0.00229134 0.0013117 -0.00605797 -0.00511877
internal_weight=3155.08 2987.8 2855.96 2756.12 2500.37 255.749 2415.71 529.526 172.098 1886.18 1075.92 720.156 355.761 167.282 357.428 810.262 242.393 578.039 344.809 735.362 233.23 647.138 567.415 427.221 336.266 248.666 167.875 252.066 174.882 263.766 178.166
internal_count=12800 12105 11555 11140 10084 1056 9735 2163 708 7572 4329 2900 1429 695 1455 3243 972 2329 1390 2943 939 2590 2271 1710 1346 1003 677 1009 700 1074 725
is_linear=0
shrinkage=0.02


Tree=16
num_leaves=23
num_cat=0
split_feature=0 0 0 0 0 0 0 0 0 0 3 0 3 2 1 1 1 1 0 0 0 0
split_gain=1901.55 372.691 323.476 61.1369 30.2873 24.8052 13.1534 5.00673 3.97659 3.77625 3.29106 1.9889 1.77765 1.67308 1.2269 1.19703 1.00927 0.911956 0.38763 0.0800481 0.066693 0.0304201
threshold=-1.0000000180025095e-35 -0.7555200159549712 0.82402130961418163 0.26633311808109289 -0.29239994287490839 -1.0583763122558592 1.4404313564300539 0.34515604376792913 -0.45380596816539759 0.11304757371544839 0.014999999664723875 0.62807923555374157 1.0000000180025095e-35 -1.0000000180025095e-35 9.7750000953674334 10.458333015441896 12.208333015441896 10.875000000000002 -0.16367168724536893 -0.5978272259235381 1.0583764314651491 -1.3729133009910581
decision_type=2 2 2 2 2 2 2 2 2 2 2 2 2 2 2 2 2 2 2 2 2 2
left_child=1 5 3 9 8 21 20 -5 15 12 16 13 -2 -9 -11 19 18 -10 -6 -3 -4 -1
right_child=2 4 6 7 10 -7 -8 11 17 14 -12 -13 -14 -15 -16 -17 -18 -19 -20 -21 -22 -23
leaf_value=-0.031704268321504574 0.0028117210126143446 -0.0153035629798687 0.02158705506823954 0.0084388430228945904 -0.0045455232595098599 -0.02141703636441818 0.030400928401304768 0.0095284498157788503 -0.010131476383782468 0.0025149935201587686 -0.00045643584410436452 0.01592848226623781 -0.00079428212205560444 0.013496850343192611 0.0056175161951295674 -0.010336463263009554 -0.0058574929844877992 -0.0069994152105431534 -0.0025997513943126567 -0.012153295783152409 0.025270836847248204 -0.027417154666419963
leaf_weight=274.14001731574535 97.968582436442375 86.029433757066727 153.6759307384491 104.36600813269615 87.663299664855003 216.49887865781784 267.88169671595097 83.899250820279121 112.02359266579151 85.446629092097282 99.739901766180992 141.64347486197948 119.24321389198303 222.77027794718742 147.518400862813 93.867520794272423 148.6183994859457 96.00885471701622 99.215614065527916 78.534143358469009 182.49176801741123 154.88550961017609
leaf_count=1139 392 346 625 419 351 884 1115 338 450 342 399 573 477 899 591 377 595 385 397 316 750 640
internal_value=5.29142e-06 -0.01581 0.0152339 0.00824241 -0.00747755 -0.0273901 0.0267759 0.0126881 -0.0110106 0.00275253 -0.00365794 0.0136354 0.00084294 0.0124799 0.00451067 -0.012736 -0.00460136 -0.00876642 -0.00355096 -0.0139642 0.0237245 -0.0302909
internal_weight=3154.13 1547.23 1606.91 1002.86 901.701 645.524 604.049 552.679 466.464 450.177 435.237 448.313 217.212 306.67 232.965 258.431 335.497 208.032 186.879 164.564 336.168 429.026
internal_count=12800 6279 6521 4031 3616 2663 2490 2229 1874 1802 1742 1810 869 1237 933 1039 1343 835 748 662 1375 1779
is_linear=0
shrinkage=0.02


Tree=17
num_leaves=23
num_cat=0
split_feature=0 0 0 0 0 0 0 0 0 0 3 0 1 2 1 1 1 0 1 0 0 0
split_gain=1831.39 361.718 313.875 58.8894 29.167 24.3693 13.0083 4.83334 3.83675 3.62989 3.16365 1.92638 1.75819 1.61181 1.17928 1.15688 0.976822 0.979843 0.878561 0.103369 0.077527 0.0744726
threshold=-1.0000000180025095e-35 -0.7555200159549712 0.82402130961418163 0.26633311808109289 -0.29239994287490839 -1.0583763122558592 1.4404313564300539 0.34515604376792913 -0.45380596816539759 0.11304757371544839 0.014999999664723875 0.62807923555374157 11.691666603088381 -1.0000000180025095e-35 9.7750000953674334 10.458333015441896 13.558333396911623 -0.16367168724536893 10.875000000000002 1.0583764314651491 -0.5978272259235381 -1.3729133009910581
decision_type=2 2 2 2 2 2 2 2 2 2 2 2 2 2 2 2 2 2 2 2 2 2
left_child=1 5 3 9 8 21 19 -5 15 12 16 13 -2 -9 -11 20 17 -6 -10 -4 -3 -1
right_child=2 4 6 7 10 -7 -8 11 18 14 -12 -13 -14 -15 -16 -17 -18 -19 -20 -21 -22 -23
leaf_value=-0.031271255067118135 -0.0011596040234126035 -0.01502187639063827 0.021220822699369975 0.0082775542815912324 -0.0051571902085886202 -0.021059230701630533 0.02998239804069984 0.0093498408933679004 -0.0099389713826110882 0.0024659910170623362 -0.00044748822971843027 0.015641361186548908 0.0024289100298900976 0.013246547177770693 0.0055079119045412699 -0.010140884524691482 -0.0063911707285995234 -0.0025756319765762488 -0.0068646373211117516 0.024876434523877857 -0.011927590700451136 -0.027011648920579598
leaf_weight=272.42222526669502 97.240418255329132 85.928301379084587 153.24041837453842 104.31112045049667 117.10467833280563 215.8146099448204 266.23314498364925 83.830828875303268 111.94896303117275 85.441463351249695 99.739627793431282 141.39787295460701 119.96715138852596 222.48080000281334 147.48498393595219 93.803522199392319 85.923023194074631 132.42721445858479 95.975586995482445 181.716866761446 78.458443492650986 154.10433954000473
leaf_count=1139 389 346 625 419 469 884 1115 338 450 342 399 573 480 899 591 377 344 530 385 750 316 640
internal_value=4.99727e-06 -0.0155341 0.0149663 0.00808559 -0.00733425 -0.0269813 0.0263711 0.0124527 -0.0108032 0.00269864 -0.00358636 0.0133843 0.000826466 0.0122477 0.00442258 -0.0124988 -0.00451145 -0.00381852 -0.00859881 0.0233399 -0.0137062 -0.0298655
internal_weight=3147 1543.65 1603.35 1002.15 901.309 642.341 601.19 552.021 466.115 450.134 435.195 447.71 217.208 306.312 232.926 258.19 335.455 249.532 207.925 334.957 164.387 426.527
internal_count=12800 6279 6521 4031 3616 2663 2490 2229 1874 1802 1742 1810 869 1237 933 1039 1343 999 835 1375 662 1779
is_linear=0
shrinkage=0.02


Tree=18
num_leaves=33
num_cat=0
split_feature=5 5 5 5 5 5 5 5 5 5 5 5 5 1 2 5 5 1 5 1 5 1 1 5 1 1 3 1 5 5 1 1
split_gain=27.1796 77.2056 22.9872 9.54492 15.2331 9.23149 8.26372 14.6673 8.0848 4.7935 6.83696 13.9607 6.03667 4.10816 3.92112 3.52413 3.15315 2.77709 3.57463 2.37677 2.22195 1.94423 2.28395 2.08402 3.32294 2.65309 1.42917 0.999938 0.867845 2.3036 0.0715268 0.00600387
threshold=0.48000000417232519 0.45999999344348913 0.44499999284744268 0.39999999105930334 0.38499999046325689 0.42500001192092901 0.27999998629093176 0.35000000894069677 0.36500000953674322 0.10000000894069673 0.14999999105930331 0.17000000178813937 0.13499999046325686 1.8916666507720949 1.0000000180025095e-35 0.089999988675117507 0.11500000953674318 4.8250000476837167 0.22000001370906833 5.3583333492279062 0.18500000238418582 8.0916666984558123 11.041666984558107 0.014999985694885256 12.375000000000002 13.458333015441896 1.0000000180025095e-35 8.3416666984558123 0.3249999880790711 0.30500000715255743 10.458333015441896 10.941666603088381
decision_type=2 2 2 2 2 2 2 2 2 2 2 2 2 2 2 2 2 2 2 2 2 2 2 2 2 2 2 2 2 2 2 2
left_child=1 2 3 4 6 -5 9 14 -9 15 12 -12 16 -2 28 19 -11 -13 20 -1 -19 -21 -23 -24 -25 -26 -27 -20 29 -8 -22 -29
right_child=13 -3 -4 5 -6 -7 7 8 -10 10 11 17 -14 -15 -16 -17 -18 18 27 21 30 22 23 24 25 26 -28 31 -30 -31 -32 -33
leaf_value=-0.0031616873285818577 0.0043375660253872081 -0.015402965055874939 0.0096529683939037391 -0.0072072751754974455 0.0085710096420172945 0.00043837442074556393 -0.0069843432024601464 0.0074926208143313569 -0.0012136775028087118 0.0043648601226677431 -0.0052119876777314425 -0.0010806603402499649 0.0075281634570306538 0.010811021753941375 -0.00097135804197381382 -0.0046214753092244463 -0.00018738199522084272 0.0034603971444007206 0.0059293859900188383 0.0031872348793166344 -0.001084049634404596 -0.0023087220858619439 -0.0021691612990088465 0.0049432329691772147 -0.0025121050443473636 0.0036211902646935304 3.0375116147163227e-05 0.002697650771832262 -0.0075124289156332184 -0.0023520654253806499 -0.00022827216216541894 0.0034453507547988734
leaf_weight=88.214368298649788 77.637629479169846 129.75725710391998 98.478082939982414 138.51169204711914 83.801044434309006 114.36648905277252 93.790745198726654 73.530508458614349 96.971304461359978 112.18285155296326 141.89269262552261 110.82386390864849 113.07345308363438 87.420303001999855 93.114674255251884 74.859221220016479 130.00012612342834 74.36038213968277 83.512221097946167 79.714215442538261 83.481318786740303 140.17547884583473 84.217855453491211 75.905715316534042 90.159238994121552 79.413383632898331 97.427251175045967 74.94237008690834 85.02717262506485 83.280927643179893 74.410174816846848 75.038842990994453
leaf_count=353 326 550 415 578 349 478 384 305 403 450 571 448 457 369 381 300 522 300 338 319 337 561 337 304 361 318 390 303 349 341 300 303
internal_value=4.68335e-06 -0.000435906 0.000257144 -8.65676e-05 0.000290059 -0.00377315 -4.8153e-06 -0.0022171 0.00258433 0.000614265 0.00148943 0.00036402 0.00375067 0.00785451 -0.00452334 -0.000546528 0.00193977 0.00174954 0.00242472 -0.000120215 0.000657962 0.000302928 -0.000112135 0.000616152 0.00130884 0.000246542 0.00166536 0.00416158 -0.00576832 -0.00485628 -0.000688644 0.00311216
internal_weight=3139.49 2974.43 2844.68 2746.2 2493.32 252.878 2409.52 525.715 170.502 1883.81 1073.72 718.462 355.256 165.058 355.214 810.087 242.183 576.569 465.745 735.228 232.252 647.013 567.299 427.123 342.906 267 176.841 233.493 262.099 177.072 157.891 149.981
internal_count=12800 12105 11555 11140 10084 1056 9735 2163 708 7572 4329 2900 1429 695 1455 3243 972 2329 1881 2943 937 2590 2271 1710 1373 1069 708 944 1074 725 637 606
is_linear=0
shrinkage=0.02


Tree=19
num_leaves=23
num_cat=0
split_feature=0 0 0 0 0 0 0 0 0 0 3 0 3 4 1 1 1 0 1 0 0 0
split_gain=1758.13 349.625 304.704 56.328 28.1745 24.2803 12.6126 4.6467 3.82767 3.42419 3.05335 1.87971 1.69691 1.54778 1.11789 1.10348 0.964506 0.9346 0.846245 0.110371 0.0745099 0.0541812
threshold=-1.0000000180025095e-35 -0.7555200159549712 0.82402130961418163 0.26633311808109289 -0.29239994287490839 -1.0583763122558592 1.4404313564300539 0.34515604376792913 -0.45380596816539759 0.11304757371544839 0.014999999664723875 0.62807923555374157 1.0000000180025095e-35 -1.0000000180025095e-35 9.7750000953674334 10.458333015441896 13.558333396911623 -0.16367168724536893 10.875000000000002 -0.5978272259235381 1.0583764314651491 -1.3729133009910581
decision_type=2 2 2 2 2 2 2 2 2 2 2 2 2 2 2 2 2 2 2 2 2 2
left_child=1 5 3 9 8 21 20 -5 15 12 16 13 -2 -9 -11 19 17 -6 -10 -3 -4 -1
right_child=2 4 6 7 10 -7 -8 11 18 14 -12 -13 -14 -15 -16 -17 -18 -19 -20 -21 -22 -23
leaf_value=-0.030818259516684231 0.0027479278456280392 -0.014797505314593873 0.02089377837846353 0.0080923945398508109 -0.0050375544550348332 -0.02063420255902294 0.029532530834397164 0.0091411768275561373 -0.0097206604765807791 0.0024120329897749935 -0.00042495106781825667 0.015326281372279444 -0.00077533782939556597 0.012959842549107637 0.0053745834165027156 -0.0099836522574410138 -0.0062830516540821092 -0.0025160454097880708 -0.0067058647785730495 -0.011698464062243261 0.024481530628483041 -0.02661631020381925
leaf_weight=270.31184373795986 97.959746897220612 85.838017866015434 152.80116613209248 104.24194842576981 117.07397279143333 214.92819224298 264.21016520261765 83.741560608148575 111.84884145855904 85.43281951546669 99.736286103725433 141.10335227847099 119.24090397357941 222.11301186680794 147.43771769106388 93.748013019561768 85.906273514032364 132.41487142443657 95.926007136702538 78.375018611550331 180.84364700317383 153.2518093585968
leaf_count=1139 392 346 625 419 469 884 1115 338 450 342 399 573 477 899 591 377 344 530 385 316 750 640
internal_value=4.79178e-06 -0.015242 0.0146825 0.0079101 -0.00719144 -0.026543 0.0259605 0.0121859 -0.0106028 0.0026428 -0.0035083 0.0131003 0.000824265 0.0119805 0.00431751 -0.012294 -0.00441724 -0.00372993 -0.00840599 -0.013477 0.0229727 -0.0294302
internal_weight=3138.49 1539.36 1599.13 1001.27 900.867 638.492 597.855 551.2 465.736 450.071 435.131 446.958 217.201 305.855 232.871 257.961 335.395 249.489 207.775 164.213 333.645 423.564
internal_count=12800 6279 6521 4031 3616 2663 2490 2229 1874 1802 1742 1810 869 1237 933 1039 1343 999 835 662 1375 1779
is_linear=0
shrinkage=0.02


Tree=20
num_leaves=21
num_cat=0
split_feature=0 0 0 0 0 0 0 0 0 0 3 0 3 2 0 3 0 0 0 0
split_gain=1693.71 339.725 295.98 54.2704 27.1368 23.9084 12.5133 4.48806 3.69431 3.29157 2.93548 1.82211 1.63107 1.49211 0.696112 0.59266 0.545095 0.535526 0.11215 0.106171
threshold=-1.0000000180025095e-35 -0.7555200159549712 0.82402130961418163 0.26633311808109289 -0.29239994287490839 -1.0583763122558592 1.4404313564300539 0.34515604376792913 -0.45380596816539759 0.11304757371544839 0.014999999664723875 0.62807923555374157 1.0000000180025095e-35 -1.0000000180025095e-35 -0.1891338303685188 1.0000000180025095e-35 -0.62807917594909657 0.16367168724536899 1.0583764314651491 -1.3729133009910581
decision_type=2 2 2 2 2 2 2 2 2 2 2 2 2 2 2 2 2 2 2 2
left_child=1 5 3 9 8 19 18 -5 16 12 14 13 -2 -9 -6 -16 -3 -11 -4 -1
right_child=2 4 6 7 10 -7 -8 11 -10 17 -12 -13 -14 -15 15 -17 -18 -19 -20 -21
leaf_value=-0.030421479356759817 0.0026941961692139621 -0.013695301603900015 0.020546001859777046 0.0079381305569790443 -0.0056350971696442799 -0.020296695510826194 0.029147002323280123 0.0089703620455681334 -0.0082457562895530204 0.0056544108144218454 -0.00041662014411117035 0.015052806843783713 -0.00076008609734527365 0.012721192459329234 -0.0026676309972340972 -0.0048669230555249063 -0.01084849292453441 0.0034736744999978469 0.024110718421505296 -0.026237008145333557
leaf_weight=268.40591497719288 97.955077260732651 101.47385197877884 152.31854805350304 104.18183964490891 115.0313628166914 214.17298686504364 262.39545778930187 83.668275460600853 207.65507701039314 76.608609929680824 99.735997229814529 140.83259852230549 119.24096332490444 221.79499535262585 129.90968085825443 90.406344637274742 156.21833163499832 156.21960605680943 179.99177579581738 152.39550469815731
leaf_count=1139 392 409 625 419 461 884 1115 338 835 307 399 573 477 899 520 362 630 626 750 640
internal_value=4.49163e-06 -0.0149801 0.014428 0.00776015 -0.00705405 -0.0261622 0.025582 0.0119613 -0.010404 0.00259109 -0.00343982 0.0128608 0.000808158 0.0117589 -0.00433116 -0.00360577 -0.0120663 0.00423326 0.0226095 -0.0290373
internal_weight=3130.61 1535.41 1595.21 1000.5 900.431 634.974 594.706 550.478 465.347 450.024 435.083 446.296 217.196 305.463 335.347 220.316 257.692 232.828 332.31 420.801
internal_count=12800 6279 6521 4031 3616 2663 2490 2229 1874 1802 1742 1810 869 1237 1343 882 1039 933 1375 1779
is_linear=0
shrinkage=0.02


Tree=21
num_leaves=23
num_cat=0
split_feature=0 0 0 0 0 0 0 0 1 0 3 0 0 1 2 1 1 0 1 1 0 0
split_gain=1631.77 330.302 287.642 52.2922 26.1269 23.5685 12.4278 4.33575 3.71468 3.16452 2.82213 2.12504 1.76695 1.68691 1.43885 1.07586 0.938636 0.877402 0.441222 0.170308 0.15964 0.148839
threshold=-1.0000000180025095e-35 -0.7555200159549712 0.82402130961418163 0.26633311808109289 -0.29239994287490839 -1.0583763122558592 1.4404313564300539 0.34515604376792913 4.6749999523162851 0.11304757371544839 0.014999999664723875 -0.45380596816539759 0.62807923555374157 11.691666603088381 -1.0000000180025095e-35 9.7750000953674334 13.558333396911623 -0.16367168724536893 11.691666603088381 8.7583332061767596 -1.3729133009910581 1.0583764314651491
decision_type=2 2 2 2 2 2 2 2 2 2 2 2 2 2 2 2 2 2 2 2 2 2
left_child=1 5 3 9 8 20 21 -5 -3 13 16 19 14 -2 -9 -11 17 -6 -13 -10 -1 -4
right_child=2 4 6 7 10 -7 -8 12 11 15 -12 18 -14 -15 -16 -17 -18 -19 -20 -21 -22 -23
leaf_value=-0.030040281102688974 -0.001152817304497589 -0.014462043101908888 0.020207142998758143 0.0077869680276489101 -0.0048373677595291709 -0.01996759037549891 0.028775525218393938 0.0088029508564488705 -0.009102800667786173 0.0022849633192489954 -0.00040845276218759837 -0.0063831442580932042 0.014785369331828498 0.0023621804983413579 0.012487617465303613 0.0051872976312868739 -0.0060840590909953685 -0.0023958905815050623 -0.0089098097784826163 -0.011564305799441153 -0.025869589157464349 0.023750509904791738
leaf_weight=266.42094506323338 97.235860452055931 74.68207623064518 151.81398023664951 104.11961388587952 117.02684938907623 213.38977363705635 260.51193684339523 83.593060478568077 75.058262497186661 85.417420119047165 99.735705330967903 103.835888043046 140.55139119923115 119.95526866614819 221.46543343365192 147.37031814455986 85.875468254089355 132.39468164741993 77.171995311975479 134.19591434299946 151.50609175860882 179.10640190541744
leaf_count=1139 389 302 625 419 469 884 1115 338 303 342 399 418 573 480 899 591 344 530 310 541 640 750
internal_value=4.468e-06 -0.0147237 0.0141794 0.00761329 -0.00691855 -0.0257934 0.0252151 0.0117413 -0.0102077 0.0025405 -0.00337267 -0.00932395 0.0126264 0.000792366 0.0115418 0.00415087 -0.00424674 -0.00357078 -0.00754598 -0.0107759 -0.0286587 0.0222561
internal_weight=3122.43 1531.29 1591.14 999.708 899.977 631.317 591.432 549.729 464.944 449.979 435.033 390.262 445.61 217.191 305.058 232.788 335.297 249.422 181.008 209.254 417.927 330.92
internal_count=12800 6279 6521 4031 3616 2663 2490 2229 1874 1802 1742 1572 1810 869 1237 933 1343 999 728 844 1779 1375
is_linear=0
shrinkage=0.02


Tree=22
num_leaves=21
num_cat=0
split_feature=0 0 0 0 0 0 0 0 0 0 3 0 3 2 0 3 0 0 0 0
split_gain=1572.31 321.26 279.666 50.3925 25.1681 23.2577 12.3546 4.18943 3.46817 3.04227 2.71326 1.71405 1.56966 1.38785 0.654348 0.574525 0.553003 0.517787 0.21436 0.184552
threshold=-1.0000000180025095e-35 -0.7555200159549712 0.82402130961418163 0.26633311808109289 -0.29239994287490839 -1.0583763122558592 1.4404313564300539 0.34515604376792913 -0.45380596816539759 0.11304757371544839 0.014999999664723875 0.62807923555374157 1.0000000180025095e-35 -1.0000000180025095e-35 -0.1891338303685188 1.0000000180025095e-35 -0.62807917594909657 0.16367168724536899 -1.3729133009910581 1.0583764314651491
decision_type=2 2 2 2 2 2 2 2 2 2 2 2 2 2 2 2 2 2 2 2
left_child=1 5 3 9 8 18 19 -5 16 12 14 13 -2 -9 -6 -16 -3 -11 -1 -4
right_child=2 4 6 7 10 -7 -8 11 -10 17 -12 -13 -14 -15 15 -17 -18 -19 -20 -21
leaf_value=-0.029673728066378479 0.0026271233679835606 -0.013232951171864616 0.019876761910334363 0.0076388291315595833 -0.0054275362944052608 -0.019646480642172857 0.028417264975021523 0.0086388532935887229 -0.007926770626016039 0.0054639417979835637 -0.00040044566254119073 0.014523741781463782 -0.00076145955346287831 0.012258950428909539 -0.0025408136296326965 -0.0047012116228894859 -0.010432392796226717 0.0033259301763791638 -0.025513368530394764 0.023400320296672859
leaf_weight=264.36312425136566 97.947173744440079 101.23645783960819 151.28913652896881 104.05544416606426 114.97719098627567 212.58079917728901 258.56510689854622 83.516084983944893 207.39950169622898 76.574680998921394 99.735411092638969 140.26055139303207 119.23963828384876 221.12525787949562 129.88702839612961 90.380393221974373 155.88894733786583 156.16806788742542 150.58619052171707 178.19018347561359
leaf_count=1139 392 409 625 419 461 884 1115 338 835 307 399 573 477 899 520 362 630 626 640 750
internal_value=4.17479e-06 -0.0144738 0.0139364 0.00746935 -0.00678663 -0.025436 0.0248591 0.011526 -0.0100169 0.00249074 -0.00330687 0.0123969 0.000776755 0.0113293 -0.00416403 -0.0034616 -0.0116287 0.00406992 -0.0282935 0.0219121
internal_weight=3113.97 1527.04 1586.93 998.887 899.505 627.53 588.044 548.957 464.525 449.93 434.98 444.902 217.187 304.641 335.245 220.267 257.125 232.743 414.949 329.479
internal_count=12800 6279 6521 4031 3616 2663 2490 2229 1874 1802 1742 1810 869 1237 1343 882 1039 933 1779 1375
is_linear=0
shrinkage=0.02


Tree=23
num_leaves=32
num_cat=0
split_feature=5 5 5 5 5 5 5 5 5 5 5 5 5 2 1 1 5 1 5 5 5 2 1 5 5 1 5 5 1 1 1
split_gain=22.9893 64.5375 18.8263 8.03581 12.8954 7.68121 6.85905 12.0852 6.78216 4.01797 6.03458 11.7677 5.1733 3.59376 3.52708 3.40238 2.79072 2.58709 3.21174 2.26365 1.75315 1.70741 1.48784 1.09293 0.994848 0.940031 0.807962 1.78359 0.698407 0.0702832 0.0169314
threshold=0.48000000417232519 0.45999999344348913 0.44499999284744268 0.39999999105930334 0.38499999046325689 0.42500001192092901 0.27999998629093176 0.35000000894069677 0.36500000953674322 0.10000000894069673 0.14999999105930331 0.17000000178813937 0.13499999046325686 1.0000000180025095e-35 1.8916666507720949 5.3583333492279062 0.11500000953674318 4.8250000476837167 0.22000001370906833 0.079999998211860671 0.18500000238418582 1.0000000180025095e-35 13.97499990463257 0.040000006556510932 0.019999995827674869 8.3416666984558123 0.3249999880790711 0.30500000715255743 11.041666984558107 10.458333015441896 10.941666603088381
decision_type=2 2 2 2 2 2 2 2 2 2 2 2 2 2 2 2 2 2 2 2 2 2 2 2 2 2 2 2 2 2 2
left_child=1 2 3 4 6 -5 9 13 -9 15 12 -12 16 26 -2 -1 -11 -13 20 21 -19 22 23 24 -17 -20 27 -8 -25 -22 -27
right_child=14 -3 -4 5 -6 -7 7 8 -10 10 11 17 -14 -15 -16 19 -18 18 25 -21 29 -23 -24 28 -26 30 -28 -29 -30 -31 -32
leaf_value=-0.00398178571387146 0.0040284354497832501 -0.014324252105150228 0.0088650262692016764 -0.0066758122781179772 0.0079702174195269322 0.00039010700449341866 -0.0063519516868421541 0.0069065050916206575 -0.0011492814792417479 0.0040932101255120477 -0.0048272217545424576 -0.0011622625464483745 0.0069948222946439043 -0.00072560873741380947 0.010118649730142102 0.0021107162133770035 -0.00019306825350959831 0.00304794915258228 0.0055976175269746844 -0.0024550258662711672 -0.0010386637287854827 -0.0013556313240614412 -0.0008607433157474968 0.0014757536011078098 -0.0010233218638952047 0.0024402470554799717 -0.0070299555651907502 -0.0022391353893038476 0.0040836854084180521 -0.00018986988671326668 0.0032151597253020354
leaf_weight=96.920394480228424 75.409380912780762 125.37784999608994 95.497156634926796 135.17887498438358 81.924357905983925 111.22641856968403 92.497751042246819 72.060880735516548 94.883358508348465 112.01823714375496 141.41588926315308 110.16265179216862 112.47647173702717 91.868659034371376 84.736168026924133 80.958780243992805 129.70980992913246 73.995591998100281 82.952213481068611 124.18268777430058 83.08557516336441 147.36033457517624 112.11546568572521 79.911610126495361 77.449201136827469 74.471410408616066 83.763661876320839 82.134085074067116 90.806870713829994 74.08095283806324 74.603181123733521
leaf_count=388 326 550 415 578 349 478 384 305 403 450 571 448 457 381 369 324 522 300 338 498 337 590 449 320 310 303 349 341 364 300 303
internal_value=4.15162e-06 -0.000399238 0.000229648 -7.93459e-05 0.000264253 -0.00350882 -5.67139e-06 -0.00204061 0.00236857 0.000556132 0.00136007 0.000299369 0.0034868 -0.00414365 0.00733595 -0.000505956 0.00181051 0.00157622 0.00222972 -2.35143e-05 0.000552448 0.00049606 0.00111779 0.0017929 0.000584761 0.00388174 -0.00534398 -0.00446484 0.00289416 -0.000645995 0.00286548
internal_weight=3105.24 2945.09 2819.71 2724.22 2477.81 246.405 2395.89 517.208 166.944 1878.68 1068.97 714.767 354.205 350.264 160.146 809.705 241.728 573.352 463.189 712.785 231.162 588.602 441.242 329.126 158.408 232.027 258.395 174.632 170.718 157.167 149.075
internal_count=12800 12105 11555 11140 10084 1056 9735 2163 708 7572 4329 2900 1429 1455 695 3243 972 2329 1881 2855 937 2357 1767 1318 634 944 1074 725 684 637 606
is_linear=0
shrinkage=0.02


Tree=24
num_leaves=23
num_cat=0
split_feature=0 0 0 0 0 0 0 0 1 0 3 0 0 1 2 1 1 1 0 0 1 0
split_gain=1510.02 311.362 272.096 48.2611 24.3285 23.2463 12.0756 4.03286 3.55839 2.89248 2.62178 2.05984 1.67339 1.60986 1.33437 1.01191 0.92304 0.440511 0.291251 0.219179 0.17162 0.16519
threshold=-1.0000000180025095e-35 -0.7555200159549712 0.82402130961418163 0.26633311808109289 -0.29239994287490839 -1.0583763122558592 1.4404313564300539 0.34515604376792913 4.6749999523162851 0.11304757371544839 0.014999999664723875 -0.45380596816539759 0.62807923555374157 11.691666603088381 -1.0000000180025095e-35 9.7750000953674334 12.208333015441896 11.691666603088381 -0.16367168724536893 -1.3729133009910581 8.7583332061767596 1.0583764314651491
decision_type=2 2 2 2 2 2 2 2 2 2 2 2 2 2 2 2 2 2 2 2 2 2
left_child=1 5 3 9 8 19 21 -5 -3 13 16 20 14 -2 -9 -11 18 -13 -6 -1 -10 -4
right_child=2 4 6 7 10 -7 -8 12 11 15 -12 17 -14 -15 -16 -17 -18 -19 -20 -21 -22 -23
leaf_value=-0.029291501473207311 -0.0011351467070469144 -0.013993211122333928 0.019580772506282509 0.0074685212660610782 -0.003940933771420933 -0.019265272299114674 0.028032967151793198 0.0084477722671914435 -0.0087643788663509144 0.0021686846580281404 -0.0003751626230635901 -0.0060818919025438694 0.014236275216740167 0.0022986514778842509 0.011997481523482283 0.0049813887926885214 -0.00527010301599004 -0.0085674221290973525 -0.0022535989681015324 -0.025165453730858052 -0.01116327608431447 0.023049351028957395
leaf_weight=261.91277980804443 97.233085051178932 74.465230211615562 150.77265092730522 103.97608171403408 87.554003491997719 211.55807158350945 256.24066691100597 83.417527794837952 74.921809107065201 85.399550125002861 99.733019426465034 103.69448246061802 139.91874143481255 119.94582578539848 220.70330005884171 147.28663052618504 148.45019982755184 77.071915417909622 99.174214512109756 149.6041611135006 133.92718726396561 177.18229618668556
leaf_count=1139 389 302 625 419 351 884 1115 338 303 342 399 418 573 480 899 591 595 310 397 640 541 750
internal_value=4.26552e-06 -0.0142078 0.0136779 0.00730708 -0.00665246 -0.0250527 0.0244981 0.0112821 -0.00983054 0.00243627 -0.00323175 -0.00896755 0.0121376 0.000764977 0.0110854 0.00397636 -0.00407446 -0.00722378 -0.00307814 -0.0279205 -0.010394 0.0215831
internal_weight=3104.14 1522.07 1582.08 997.881 898.992 623.075 584.196 548.016 464.081 449.865 434.911 389.615 444.04 217.179 304.121 232.686 335.178 180.766 186.728 411.517 208.849 327.955
internal_count=12800 6279 6521 4031 3616 2663 2490 2229 1874 1802 1742 1572 1810 869 1237 933 1343 728 748 1779 844 1375
is_linear=0
shrinkage=0.02


Tree=25
num_leaves=32
num_cat=0
split_feature=5 5 5 5 5 5 5 5 5 5 5 5 5 2 1 1 5 1 5 5 2 5 1 5 5 1 5 5 1 1 1
split_gain=21.4325 60.0509 17.4028 7.47569 12.0213 7.12519 6.35812 11.1809 6.30631 3.72626 5.67994 10.9264 4.84286 3.41841 3.3076 3.25684 2.62008 2.44057 3.01044 2.12165 1.65269 1.60229 1.42255 1.00773 0.936053 0.885857 0.771652 1.62259 0.664594 0.0706876 0.0205529
threshold=0.48000000417232519 0.45999999344348913 0.44499999284744268 0.39999999105930334 0.38499999046325689 0.42500001192092901 0.27999998629093176 0.35000000894069677 0.36500000953674322 0.10000000894069673 0.14999999105930331 0.17000000178813937 0.13499999046325686 1.0000000180025095e-35 1.8916666507720949 5.3583333492279062 0.11500000953674318 4.8250000476837167 0.22000001370906833 0.079999998211860671 1.0000000180025095e-35 0.18500000238418582 13.97499990463257 0.040000006556510932 0.019999995827674869 8.3416666984558123 0.3249999880790711 0.30500000715255743 11.041666984558107 10.458333015441896 10.941666603088381
decision_type=2 2 2 2 2 2 2 2 2 2 2 2 2 2 2 2 2 2 2 2 2 2 2 2 2 2 2 2 2 2 2
left_child=1 2 3 4 6 -5 9 13 -9 15 12 -12 16 26 -2 -1 -11 -13 21 20 22 -19 23 24 -17 -20 27 -8 -25 -23 -27
right_child=14 -3 -4 5 -6 -7 7 8 -10 10 11 17 -14 -15 -16 19 -18 18 25 -21 -22 29 -24 28 -26 30 -28 -29 -30 -31 -32
leaf_value=-0.0038890471800970107 0.0038999979839321021 -0.013896226796510059 0.0085616641707310075 -0.0064576570044119078 0.0077199747461668515 0.00037298992313092939 -0.0061144949847675902 0.0066731119451770293 -0.0011177199549989899 0.0039642394013902037 -0.0046629966504617591 -0.0011508144840635423 0.0067715193910519956 -0.00065772503294874969 0.0098239493002079421 0.002078025993188036 -0.00019006285123332857 0.0029091335760092398 0.0054139663979389076 -0.0023705380886439279 -0.001335001885201946 -0.0010185974688769895 -0.00083624791382288762 0.0014330690745523156 -0.00096237980238532243 0.0023338032372255367 -0.0068184582264920355 -0.0021814484589619894 0.003976994819465807 -0.00016769955509258355 0.0031140977935388715
leaf_weight=96.909532114863396 74.791612267494202 123.94058978557587 94.603615835309029 134.219970241189 81.367632552981377 110.37018349766731 92.105865612626076 71.627682954072952 94.31879810988903 111.95839622616768 141.25603725016117 109.97595408558846 112.26434700191021 91.529364615678787 83.924564927816391 80.955185264348984 129.63032028079033 73.886763736605644 82.794121786952019 124.14827367663383 147.34640191495419 82.982404768466949 112.10040089488029 79.902605324983597 77.442273288965225 74.342465549707413 83.39014345407486 81.818878829479218 90.779965594410896 73.988083988428116 74.478242948651314
leaf_count=388 326 550 415 578 349 478 384 305 403 450 571 448 457 381 369 324 522 300 338 498 590 337 449 320 310 303 349 341 364 300 303
internal_value=3.99575e-06 -0.000384977 0.000219886 -7.65542e-05 0.000254325 -0.00339733 -5.87573e-06 -0.0019705 0.00228447 0.000534429 0.0013094 0.000279437 0.00337354 -0.00399608 0.00711569 -0.000488193 0.00175189 0.00151101 0.00214622 -1.6156e-05 0.000486842 0.000521602 0.00109858 0.00175875 0.000598073 0.0037472 -0.00516934 -0.00431012 0.00281648 -0.000624682 0.00276042
internal_weight=3095.15 2936.43 2812.49 2717.89 2473.3 244.59 2391.93 514.791 165.946 1877.14 1067.56 713.704 353.853 348.844 158.716 809.585 241.589 572.448 462.472 712.675 588.527 230.857 441.18 329.08 158.397 231.615 257.315 173.925 170.683 156.97 148.821
internal_count=12800 12105 11555 11140 10084 1056 9735 2163 708 7572 4329 2900 1429 1455 695 3243 972 2329 1881 2855 2357 937 1767 1318 634 944 1074 725 684 637 606
is_linear=0
shrinkage=0.02


Tree=26
num_leaves=23
num_cat=0
split_feature=0 0 0 0 0 0 0 0 0 0 1 1 0 1 2 1 1 1 1 0 0 0
split_gain=1450.53 301.94 264.859 46.2319 23.5282 23.2435 11.8311 3.88358 3.4646 2.75038 1.63604 1.98028 1.63373 1.53472 1.28338 1.14951 1.08614 0.950583 0.873003 0.232358 0.227673 0.15017
threshold=-1.0000000180025095e-35 -0.7555200159549712 0.82402130961418163 0.26633311808109289 -0.29239994287490839 -1.0583763122558592 1.4404313564300539 0.34515604376792913 -0.45380596816539759 0.11304757371544839 13.141666412353517 10.341666698455812 0.62807923555374157 11.691666603088381 -1.0000000180025095e-35 10.458333015441896 6.8916666507720956 9.7750000953674334 10.875000000000002 -1.3729133009910581 -0.5978272259235381 1.0583764314651491
decision_type=2 2 2 2 2 2 2 2 2 2 2 2 2 2 2 2 2 2 2 2 2 2
left_child=1 5 3 9 8 19 21 -5 15 13 11 16 14 -2 -9 20 -6 -11 -10 -1 -3 -4
right_child=2 4 6 7 10 -7 -8 12 18 17 -12 -13 -14 -15 -16 -17 -18 -19 -20 -21 -22 -23
leaf_value=-0.02892665596192566 -0.0011022056271822859 -0.013748418252374928 0.019291030400237628 0.0073024606220480435 -0.0042495311450470533 -0.018895913022069825 0.027664916145176667 0.0082616991109031677 -0.0088716940655486527 0.002131660944715947 -0.0014282445409757303 -0.0059286768912891622 0.013956207477232157 0.0022506019163167699 0.011742967207416495 -0.0089946028456280719 -0.00095841553079514515 0.0048596435727722778 -0.0059020102366847986 -0.02482821104007563 -0.010667452856066408 0.022708613028423207
leaf_weight=259.3895807415247 97.231439918279648 85.327706828713417 150.23983834683895 103.8944935053587 75.640172928571701 210.5065606534481 253.85297472774982 83.316764026880264 111.39794351160526 85.391753122210503 148.49643358588219 124.56494727730751 139.56687226891518 119.93957582116127 220.26932992041111 93.325341328978539 86.138271003961563 147.23220513761044 95.645662248134613 148.59524750709534 77.923511892557144 176.14598998427391
leaf_count=1139 389 346 625 419 303 884 1115 338 450 342 595 499 573 480 899 377 345 591 385 640 316 750
internal_value=4.10653e-06 -0.0139493 0.0134262 0.00714883 -0.00652185 -0.0246831 0.024149 0.0110446 -0.00964939 0.00238287 -0.0031584 -0.00403952 0.0118851 0.000753129 0.0108479 -0.0112563 -0.00253029 0.00388496 -0.00756941 -0.0275623 -0.0124247 0.0212625
internal_weight=3094.03 1516.95 1577.08 996.842 898.46 618.491 580.239 547.047 463.62 449.795 434.84 286.343 443.153 217.171 303.586 256.577 161.778 232.624 207.044 407.985 163.251 326.386
internal_count=12800 6279 6521 4031 3616 2663 2490 2229 1874 1802 1742 1147 1810 869 1237 1039 648 933 835 1779 662 1375
is_linear=0
shrinkage=0.02


Tree=27
num_leaves=24
num_cat=0
split_feature=0 0 0 0 0 0 0 0 1 0 3 0 0 3 4 1 1 0 1 0 1 0 0
split_gain=1398.07 294.063 257.819 44.5639 22.9895 22.6713 11.8029 3.75449 3.36987 2.64421 2.53712 1.99425 1.58608 1.4842 1.23879 0.919969 0.913861 0.804346 0.464109 0.293979 0.195452 0.186233 0.0320763
threshold=-1.0000000180025095e-35 -0.7555200159549712 0.82402130961418163 0.26633311808109289 -1.0583763122558592 -0.29239994287490839 1.4404313564300539 0.34515604376792913 4.6749999523162851 0.11304757371544839 0.014999999664723875 -0.45380596816539759 0.62807923555374157 1.0000000180025095e-35 -1.0000000180025095e-35 13.558333396911623 9.7750000953674334 -0.16367168724536893 11.691666603088381 -1.3729133009910581 8.7583332061767596 1.0583764314651491 -0.85975876450538624
decision_type=2 2 2 2 2 2 2 2 2 2 2 2 2 2 2 2 2 2 2 2 2 2 2
left_child=1 4 3 9 19 8 21 -5 -3 13 15 20 14 -2 -9 17 -11 -7 -13 -1 -10 -4 -6
right_child=2 5 6 7 22 10 -8 12 11 16 -12 18 -14 -15 -16 -17 -18 -19 -20 -21 -22 -23 -24
leaf_value=-0.028601324533234884 0.0025378491793132201 -0.013523433452469478 0.018982559749542133 0.0071639223098369093 -0.019850200581866616 -0.0044726487552241298 0.027344411882133407 0.0081081889965526691 -0.0084184003373065763 0.0020901524544714926 -0.00028840377010970464 -0.0057799787414665425 0.013712029781738607 -0.00075723288447185485 0.011529577085022887 -0.0057368695098419008 0.0047651269944687337 -0.0021413007982125387 -0.0082715194539898767 -0.024502098685869146 -0.01079791771691061 0.022385879665747756 -0.01613139361020919
leaf_weight=257.13863900303841 97.931627303361893 74.221418797969818 149.66593152284622 103.82494530081749 129.77669271826744 116.91644863784313 251.73655633628368 83.234988525509834 74.76928573846817 85.385607063770294 99.727147117257118 103.53850930929184 139.24999013543129 119.23438048362732 219.89992342889309 85.809610456228256 147.18961085379124 132.34069928526878 76.973825514316559 147.59818577766418 133.65319535136223 175.15061424672604 79.848042353987694
leaf_count=1139 392 302 625 419 547 469 1115 338 303 342 399 418 573 477 899 344 591 530 310 640 541 750 337
internal_value=3.82115e-06 -0.0137165 0.0131996 0.0070142 -0.0243579 -0.00639779 0.0238231 0.0108434 -0.00947008 0.00233622 -0.00309671 -0.00863134 0.0116708 0.000738293 0.0106494 -0.00392589 0.00380925 -0.00326174 -0.00692142 -0.0272343 -0.0100324 0.0209435 -0.0185995
internal_weight=3084.82 1512.31 1572.5 995.951 614.362 897.95 576.553 546.21 463.156 449.741 434.794 388.935 442.385 217.166 303.135 335.067 232.575 249.257 180.512 404.737 208.422 324.817 209.625
internal_count=12800 6279 6521 4031 2663 3616 2490 2229 1874 1802 1742 1572 1810 869 1237 1343 933 999 728 1779 844 1375 884
is_linear=0
shrinkage=0.02


Tree=28
num_leaves=24
num_cat=0
split_feature=0 0 0 0 0 0 0 0 1 0 3 0 0 1 4 1 1 1 0 0 0 1 0
split_gain=1347.67 286.516 251.05 42.9582 22.7409 21.8452 11.7818 3.63018 3.25922 2.54195 2.43934 1.92363 1.5402 1.47667 1.19597 0.890616 0.878573 0.447226 0.355908 0.266049 0.221085 0.18761 0.034981
threshold=-1.0000000180025095e-35 -0.7555200159549712 0.82402130961418163 0.26633311808109289 -1.0583763122558592 -0.29239994287490839 1.4404313564300539 0.34515604376792913 4.6749999523162851 0.11304757371544839 0.014999999664723875 -0.45380596816539759 0.62807923555374157 11.691666603088381 -1.0000000180025095e-35 12.208333015441896 9.7750000953674334 11.691666603088381 -1.3729133009910581 -0.16367168724536893 1.0583764314651491 8.7583332061767596 -0.85975876450538624
decision_type=2 2 2 2 2 2 2 2 2 2 2 2 2 2 2 2 2 2 2 2 2 2 2
left_child=1 4 3 9 18 8 20 -5 -3 13 15 21 14 -2 -9 19 -11 -13 -1 -7 -4 -10 -6
right_child=2 5 6 7 22 10 -8 12 11 16 -12 17 -14 -15 -16 -17 -18 -19 -20 -21 -22 -23 -24
leaf_value=-0.028287398512504211 -0.0010958289547534448 -0.013283386397351094 0.018681132718910417 0.0070281044120371504 -0.019547912149687031 -0.0036974999410578314 0.027034196338383675 0.0079576477935581463 -0.0082623177370359686 0.0020494531331228432 -0.00028274984711196266 -0.0056696419840656341 0.013472835014932506 0.0021929111033363808 0.011320465387663519 -0.0050215913324757559 0.0046724760300015751 -0.0081156699426865302 -0.024184877955002643 -0.0020895351027623689 0.022071168946104686 -0.010597756346738667 -0.01587512875799341
leaf_weight=254.83778865635395 97.229849398136139 74.088916555047035 149.07744033634663 103.75409705936909 129.18478825688362 87.497849270701408 249.57739341259003 83.15209324657917 74.696622014045715 85.379392400383949 99.726852178573608 103.48188675940037 138.92655055224895 119.93054251372814 219.52343110740185 148.35956636071205 147.14617823064327 76.921896368265152 146.57996498048306 99.149807885289192 174.1338833719492 133.49336102604866 79.549556449055672
leaf_count=1139 389 302 625 419 547 351 1115 338 303 342 399 418 573 480 899 595 591 310 640 397 750 541 337
internal_value=3.32764e-06 -0.013489 0.0129777 0.00688225 -0.0240425 -0.00627625 0.023506 0.0106462 -0.00929427 0.00229054 -0.00303636 -0.00846958 0.0114608 0.000723871 0.0104549 -0.00384953 0.00373504 -0.00679015 -0.0269167 -0.00287454 0.0206321 -0.00984641 -0.0183121
internal_weight=3075.4 1507.57 1567.83 995.042 610.152 897.417 572.789 545.356 462.683 449.686 434.734 388.594 441.602 217.16 302.676 335.007 232.526 180.404 401.418 186.648 323.211 208.19 208.734
internal_count=12800 6279 6521 4031 2663 3616 2490 2229 1874 1802 1742 1572 1810 869 1237 1343 933 728 1779 748 1375 844 884
is_linear=0
shrinkage=0.02


Tree=29
num_leaves=25
num_cat=0
split_feature=0 0 0 0 0 0 0 0 0 0 3 0 3 1 1 1 1 1 0 0 0 0 0 0
split_gain=1299.17 279.254 244.535 41.4134 22.5114 21.0514 11.7669 3.51041 3.16806 2.44387 2.34513 1.49596 1.42831 1.17031 0.870371 0.864343 0.844662 0.784087 0.846694 0.759118 0.418052 0.266341 0.254734 0.0383286
threshold=-1.0000000180025095e-35 -0.7555200159549712 0.82402130961418163 0.26633311808109289 -1.0583763122558592 -0.29239994287490839 1.4404313564300539 0.34515604376792913 -0.45380596816539759 0.11304757371544839 0.014999999664723875 0.62807923555374157 1.0000000180025095e-35 10.458333015441896 10.875000000000002 13.558333396911623 9.7750000953674334 12.00833320617676 0.45380601286888128 -0.16367168724536893 -1.3729133009910581 -0.5978272259235381 1.0583764314651491 -0.85975876450538624
decision_type=2 2 2 2 2 2 2 2 2 2 2 2 2 2 2 2 2 2 2 2 2 2 2 2
left_child=1 4 3 9 20 8 22 -5 13 12 15 17 -2 21 -10 19 -11 18 -9 -7 -1 -3 -4 -6
right_child=2 5 6 7 23 10 -8 11 14 16 -12 -13 -14 -15 -16 -17 -18 -19 -20 -21 -22 -23 -24 -25
leaf_value=-0.027984242406519859 0.0024751352605068282 -0.013128755713693265 0.018386432717238749 0.0068949446988129286 -0.019252397804467518 -0.0043073965994198712 0.02673370008719857 0.012697648563861685 -0.0084222526201865808 0.002009547398343403 -0.00027720715465032696 0.013238455484156983 -0.0007572771538854506 -0.0084271051309116798 -0.0054939231293842563 -0.0055294493033443927 0.0045816510364871058 0.0079750369266973591 0.0094943507799360102 -0.0020438226172223915 -0.023876072025100885 -0.010094625390694176 0.021764068793809353 -0.015623887831904403
leaf_weight=252.49176590144634 97.92251218855381 84.956845477223396 148.4756673425436 103.68207767605782 128.58114819228649 116.86366510391235 247.37967336177826 96.581416547298431 111.11884719133377 85.373117566108704 99.726558998227119 138.59718425571918 119.2325998544693 93.024241477251053 95.479300111532211 85.765227138996124 147.10198813676834 76.690373480319977 128.93697766959667 132.31739483773708 145.54259952902794 77.61851641535759 173.09783941507339 79.247396782040596
leaf_count=1139 392 346 625 419 547 469 1115 396 450 342 399 573 477 377 385 344 591 314 527 530 640 316 750 337
internal_value=2.8553e-06 -0.0132663 0.0127605 0.00675288 -0.0237354 -0.00615706 0.023197 0.010453 -0.00912196 0.00224571 -0.00297707 0.011255 0.000709612 -0.0106605 -0.00713458 -0.00377451 0.00366228 0.0102642 0.0109658 -0.00313126 -0.026609 -0.0118204 0.0203278 -0.0180309
internal_weight=3065.8 1502.73 1563.07 994.118 605.863 896.871 568.953 544.488 462.198 449.63 434.673 440.806 217.155 255.6 206.598 334.946 232.475 302.209 225.518 249.181 398.034 162.575 321.574 207.829
internal_count=12800 6279 6521 4031 2663 3616 2490 2229 1874 1802 1742 1810 869 1039 835 1343 933 1237 923 999 1779 662 1375 884
is_linear=0
shrinkage=0.02


Tree=30
num_leaves=24
num_cat=0
split_feature=0 0 0 0 0 0 0 0 1 0 0 1 1 0 1 2 1 1 0 1 0 1 0
split_gain=1252.53 272.256 238.247 39.9326 22.2991 20.287 11.7577 3.3964 3.12952 2.34938 1.78207 1.68263 1.90173 1.45149 1.42541 1.18063 1.05094 0.812071 0.480349 0.465034 0.287193 0.222006 0.0420378
threshold=-1.0000000180025095e-35 -0.7555200159549712 0.82402130961418163 0.26633311808109289 -1.0583763122558592 -0.29239994287490839 1.4404313564300539 0.34515604376792913 4.6749999523162851 0.11304757371544839 -0.45380596816539759 13.141666412353517 10.341666698455812 0.62807923555374157 10.291666984558107 -1.0000000180025095e-35 6.8916666507720956 9.7750000953674334 -1.3729133009910581 11.691666603088381 1.0583764314651491 8.7583332061767596 -0.85975876450538624
decision_type=2 2 2 2 2 2 2 2 2 2 2 2 2 2 2 2 2 2 2 2 2 2 2
left_child=1 4 3 9 18 8 20 -5 -3 14 21 12 16 15 -2 -9 -7 -11 -1 -12 -4 -10 -6
right_child=2 5 6 7 22 11 -8 13 10 17 19 -13 -14 -15 -16 -17 -18 -19 -20 -21 -22 -23 -24
leaf_value=-0.027691269429148745 -0.0014559697133213134 -0.012861889001481414 0.018098162439446001 0.0067643797422543561 -0.018963347689624082 -0.0040262288834665514 0.026442394275889309 0.0076188927790937387 -0.0078927246059371133 0.0019704207283010428 -0.005410866946285937 -0.0011695022862591147 -0.0056620414466473801 0.013008734318011774 0.0018931907313229411 0.010933633836892396 -0.00079369451311466725 0.0044926130123171077 -0.023575229322910257 -0.007859597070684881 0.021464196021059229 -0.010228716976432827 -0.015377487563669729
leaf_weight=250.10503256320953 77.483836799860001 73.837741494178772 147.8618556112051 103.60900980234146 127.96692329645157 75.604121997952461 245.14736711978912 82.955762967467308 74.514566197991371 85.36679270863533 103.34152618050575 148.40306267142296 124.49421525001526 138.26248505711555 139.6654140651226 218.78748217225075 86.108613297343254 147.05711768567562 144.48801466822624 76.830857306718826 172.04440698027611 133.17667980492115 78.942007020115852
leaf_count=1139 310 302 625 419 547 303 1115 338 303 342 418 595 499 573 559 899 345 591 640 310 750 541 337
internal_value=2.52704e-06 -0.0130483 0.0125479 0.00662646 -0.0234364 -0.0060403 0.0228957 0.0102642 -0.00895313 0.00220181 -0.00814685 -0.00291907 -0.00381184 0.011054 0.000695752 0.0100785 -0.0023357 0.00359095 -0.0263106 -0.0065299 0.0200305 -0.00947389 -0.0177555
internal_weight=3056.05 1497.81 1558.24 993.188 601.502 896.311 565.054 543.615 461.701 449.573 387.864 434.61 286.207 440.006 217.149 301.743 161.713 232.424 394.593 180.172 319.906 207.691 206.909
internal_count=12800 6279 6521 4031 2663 3616 2490 2229 1874 1802 1572 1742 1147 1810 869 1237 648 933 1779 728 1375 844 884
is_linear=0
shrinkage=0.02


Tree=31
num_leaves=24
num_cat=0
split_feature=0 0 0 0 0 0 0 0 1 0 3 0 0 1 2 1 1 0 0 1 0 1 0
split_gain=1207.61 265.513 232.195 38.501 22.1025 19.5521 11.7534 3.28501 3.03029 2.25894 2.25821 1.51655 1.41036 1.37507 1.14017 0.868697 0.780747 0.732853 0.542733 0.476114 0.318474 0.30989 0.0460389
threshold=-1.0000000180025095e-35 -0.7555200159549712 0.82402130961418163 0.26633311808109289 -1.0583763122558592 -0.29239994287490839 1.4404313564300539 0.34515604376792913 4.8250000476837167 0.11304757371544839 0.014999999664723875 -0.45380596816539759 0.62807923555374157 11.691666603088381 -1.0000000180025095e-35 13.558333396911623 9.7750000953674334 -0.16367168724536893 -1.3729133009910581 10.875000000000002 1.0583764314651491 8.8750000000000018 -0.85975876450538624
decision_type=2 2 2 2 2 2 2 2 2 2 2 2 2 2 2 2 2 2 2 2 2 2 2
left_child=1 4 3 9 18 8 20 -5 -3 13 15 21 14 -2 -9 17 -11 -7 -1 -13 -4 -10 -6
right_child=2 5 6 7 22 10 -8 12 11 16 -12 19 -14 -15 -16 -17 -18 -19 -20 -21 -22 -23 -24
leaf_value=-0.027407930820950305 -0.001073805525709758 -0.01254161257001395 0.017816043876683733 0.0066363508276445285 -0.018680472519760339 -0.0041571729107817233 0.026159783616624476 0.0074777248403403423 -0.0075766970490492667 0.0019320569575765369 -0.00021401351532032901 -0.0076955711061017975 0.012783521191619785 0.0020997447282083584 0.010736255247292983 -0.005400399922502506 0.0044053240146887385 -0.0019359367455533134 -0.023281934501697903 -0.0052477903556783691 0.021171191751199948 -0.010029620481691355 -0.015135753330331927
leaf_weight=247.68182429671288 97.227831035852432 76.887914508581161 147.23717397451401 103.53501164913177 127.34319931268692 116.8119915574789 242.8842346072197 82.870027273893356 74.68566982448101 85.36042346060276 99.722474545240402 83.700776934623718 137.92302390933037 119.91628663241863 218.39429178833961 85.735104933381081 147.01164080202579 132.29015761613846 143.41802641749382 95.368545368313789 170.97541806101799 130.55462516844273 78.633801624178886
leaf_count=1139 389 315 625 419 547 469 1115 338 304 342 399 339 573 480 899 344 591 530 640 385 750 531 337
internal_value=2.05481e-06 -0.0128344 0.0123392 0.00650205 -0.0231448 -0.0059257 0.0226019 0.0100784 -0.00878753 0.00215866 -0.00286209 -0.00797542 0.0108561 0.000681933 0.00989514 -0.0036448 0.00352102 -0.00300236 -0.0260211 -0.0064643 0.0197397 -0.00921875 -0.0174858
internal_weight=3046.17 1492.83 1553.34 992.239 597.077 895.757 561.097 542.722 461.198 449.516 434.56 384.31 439.187 217.144 301.264 334.837 232.372 249.102 391.1 179.069 318.213 205.24 205.977
internal_count=12800 6279 6521 4031 2663 3616 2490 2229 1874 1802 1742 1559 1810 869 1237 1343 933 999 1779 724 1375 835 884
is_linear=0
shrinkage=0.02


Tree=32
num_leaves=24
num_cat=0
split_feature=0 0 0 0 0 0 0 0 1 0 3 0 3 0 2 1 1 0 0 1 0 1 0
split_gain=1164.37 258.999 226.352 37.1217 21.9201 18.8436 11.7535 3.17755 2.93312 2.17181 2.17123 1.66275 1.37632 1.3706 1.10123 0.835977 0.750641 0.704828 0.605147 0.477691 0.348587 0.205452 0.0502688
threshold=-1.0000000180025095e-35 -0.7555200159549712 0.82402130961418163 0.26633311808109289 -1.0583763122558592 -0.29239994287490839 1.4404313564300539 0.34515604376792913 4.6749999523162851 0.11304757371544839 0.014999999664723875 -0.45380596816539759 1.0000000180025095e-35 0.62807923555374157 -1.0000000180025095e-35 13.558333396911623 9.7750000953674334 -0.16367168724536893 -1.3729133009910581 11.691666603088381 1.0583764314651491 8.7583332061767596 -0.85975876450538624
decision_type=2 2 2 2 2 2 2 2 2 2 2 2 2 2 2 2 2 2 2 2 2 2 2
left_child=1 4 3 9 18 8 20 -5 -3 12 15 21 -2 14 -9 17 -11 -7 -1 -13 -4 -10 -6
right_child=2 5 6 7 22 10 -8 13 11 16 -12 19 -14 -15 -16 -17 -18 -19 -20 -21 -22 -23 -24
leaf_value=-0.027133710466425869 0.002401885128377581 -0.012415155780734953 0.017539817407804664 0.0065108017310844118 -0.01840349930481372 -0.0040764362642038117 0.025885404082733855 0.0073392374990138868 -0.0076040458366884922 0.0018944410660167628 -0.00020981774388928738 -0.0051684792178724225 -0.00077107806433837547 0.01256267495709517 0.01054269670646815 -0.0052964191639694224 0.0043197473964033048 -0.001897934340868803 -0.022995792967235064 -0.0076133552913160117 0.020884719264995338 -0.0098560874733979158 -0.014898520585619326
leaf_weight=245.2261845767498 97.909464091062546 73.550711750984192 146.60273684561253 103.46019379794598 126.7110089212656 116.78292129933834 240.59384100139141 82.783676594495773 74.361861974000931 85.354019001126289 99.722215220332146 103.20169095695019 119.2289481908083 137.57933783531189 217.99657320976257 85.709432527422905 146.96562977135181 132.280372351408 142.33436743915081 76.736627012491226 169.89260868728161 132.83184859156609 78.323175206780434
leaf_count=1139 392 302 625 419 547 469 1115 338 303 342 399 418 477 573 899 344 591 530 640 310 750 541 337
internal_value=1.60342e-06 -0.012625 0.0121347 0.00638009 -0.0228604 -0.00581344 0.0223149 0.00989616 -0.0086252 0.00211642 -0.00280634 -0.00784504 0.0006685 0.010662 0.00971531 -0.00357396 0.00345247 -0.00294375 -0.0257399 -0.00628335 0.0194552 -0.00912826 -0.0172215
internal_weight=3036.14 1487.77 1548.37 991.278 592.595 895.178 557.089 541.82 460.683 449.458 434.495 387.132 217.138 438.36 300.78 334.773 232.32 249.063 387.561 179.938 316.495 207.194 205.034
internal_count=12800 6279 6521 4031 2663 3616 2490 2229 1874 1802 1742 1572 869 1810 1237 1343 933 999 1779 728 1375 844 884
is_linear=0
shrinkage=0.02


Tree=33
num_leaves=24
num_cat=0
split_feature=0 0 0 0 0 0 0 0 1 0 1 1 0 0 1 2 1 1 0 1 0 1 0
split_gain=1122.74 252.706 220.706 35.7927 21.7506 18.1614 11.7574 3.07385 2.84136 2.08787 1.69003 1.83607 1.40895 1.33215 1.32744 1.06375 1.01461 0.721703 0.667542 0.488146 0.377549 0.289638 0.0546703
threshold=-1.0000000180025095e-35 -0.7555200159549712 0.82402130961418163 0.26633311808109289 -1.0583763122558592 -0.29239994287490839 1.4404313564300539 0.34515604376792913 4.8250000476837167 0.11304757371544839 13.141666412353517 10.341666698455812 -0.45380596816539759 0.62807923555374157 10.291666984558107 -1.0000000180025095e-35 6.8916666507720956 9.7750000953674334 -1.3729133009910581 10.875000000000002 1.0583764314651491 8.8750000000000018 -0.85975876450538624
decision_type=2 2 2 2 2 2 2 2 2 2 2 2 2 2 2 2 2 2 2 2 2 2 2
left_child=1 4 3 9 18 8 20 -5 -3 14 11 16 21 15 -2 -9 -7 -11 -1 -14 -4 -10 -6
right_child=2 5 6 7 22 10 -8 13 12 17 -12 -13 19 -15 -16 -17 -18 -19 -20 -21 -22 -23 -24
leaf_value=-0.026868130594537173 -0.00142077767134013 -0.01210679638492314 0.017269236777343627 0.0063876768308501457 -0.018132173577437297 -0.0038583649002872319 0.025618819719846503 0.0072033707324452058 -0.0072944812891771096 0.0018575577033393903 -0.0010011142076296856 -0.0054634617728975664 -0.0074549902778684798 0.012346061184544755 0.0018111969554038146 0.010352853582526808 -0.00068498173980585306 0.0042358474251178446 -0.022716439685502198 -0.0050111908543176717 0.020604464173921772 -0.0096635601322766496 -0.014665636726603646
leaf_weight=242.74191074073315 77.482253685593605 76.586720213294029 145.95960412919521 103.3846557289362 126.07133390009403 75.573641791939735 238.27957724034786 82.696810260415077 74.532005622982979 85.347585409879684 148.33373928070068 124.43480709195137 83.57987268269062 137.2319353222847 139.65006957948208 217.59489870071411 86.086812674999237 146.91914960741997 141.23866192996502 95.254717856645584 168.79762133955956 130.20975783467293 78.010504588484764
leaf_count=1139 310 315 625 419 547 303 1115 338 304 342 595 499 339 573 559 899 345 591 640 385 750 531 337
internal_value=1.16692e-06 -0.0124196 0.0119342 0.00626051 -0.0225828 -0.00570336 0.0220346 0.00971742 -0.008466 0.00207506 -0.00275169 -0.00364608 -0.00768003 0.0104716 0.000655447 0.00953892 -0.00219751 0.00338525 -0.0254666 -0.00622314 0.0191767 -0.00888005 -0.0169623
internal_weight=3026 1482.65 1543.34 990.307 588.062 894.592 553.037 540.908 460.163 449.399 434.429 286.095 383.576 437.524 217.132 300.292 161.66 232.267 383.981 178.835 314.757 204.742 204.082
internal_count=12800 6279 6521 4031 2663 3616 2490 2229 1874 1802 1742 1147 1559 1810 869 1237 648 933 1779 724 1375 835 884
is_linear=0
shrinkage=0.02


Tree=34
num_leaves=22
num_cat=0
split_feature=0 0 0 0 0 0 0 0 0 3 0 0 3 0 0 0 0 0 3 0 0
split_gain=1082.65 246.624 215.413 39.4514 21.5928 17.5056 8.05275 4.72585 2.77967 2.09077 2.00753 1.50577 1.32467 0.786106 0.734857 0.729876 0.664512 0.550716 0.560069 0.517818 0.0591981
threshold=-1.0000000180025095e-35 -0.7555200159549712 0.89663067460060131 0.26633311808109289 -1.0583763122558592 -0.29239994287490839 1.6977696418762209 0.62807923555374157 -0.62807917594909657 0.014999999664723875 0.11304757371544839 0.34515604376792913 1.0000000180025095e-35 -0.42618812620639795 0.39889179170131689 -1.3729133009910581 0.48177458345890051 -0.1891338303685188 1.0000000180025095e-35 0.16367168724536899 -0.85975876450538624
decision_type=2 2 2 2 2 2 2 2 2 2 2 2 2 2 2 2 2 2 2 2 2
left_child=1 4 3 10 15 8 -4 11 -3 17 12 -5 -2 -10 -13 -1 -16 -7 -19 -12 -6
right_child=2 5 6 7 20 9 -8 -9 13 -11 19 14 -14 -15 16 -17 -18 18 -20 -21 -22
leaf_value=-0.026610741044072333 0.0023431549071213126 -0.0113665260536015 0.020479910237266082 0.0062669228117067646 -0.017866256894865935 -0.0046017143801684486 0.026775015292103448 0.01265122000533518 -0.0083822877122411762 -0.00015122203724625394 0.004688307038607442 0.01142283094797634 -0.00076969319827488209 -0.0062209435538495483 0.0068693893698350238 -0.022443528382472287 0.0096069970916770973 -0.0019248128721211144 -0.004026974980346534 0.0025973877109333144 -0.014436952192740318
leaf_weight=240.23261179029942 97.89965383708477 99.92186912894249 350.82675749063492 103.30850358307362 125.42509490251541 114.6868951022625 150.89070671796799 184.1092444062233 190.00845463573933 99.717692583799362 76.386092290282249 75.652832075953484 119.22713434696198 169.70384691655636 90.124988943338394 140.13246302306652 134.0215167850256 129.73448291420937 90.237102672457695 155.82729931175709 77.696143805980682
leaf_count=1139 392 409 1574 419 547 461 716 773 777 399 307 315 477 688 370 640 552 520 362 626 337
internal_value=7.33543e-07 -0.0122181 0.0117374 0.00650835 -0.0223116 -0.00559533 0.0224719 0.0099133 -0.00830989 -0.002698 0.00203441 0.00860654 0.000642426 -0.00740265 0.00936588 -0.0252009 0.00857674 -0.00345145 -0.00281568 0.00331935 -0.0167081
internal_weight=3015.77 1477.5 1538.27 1036.56 583.486 894.01 501.717 587.217 459.634 434.376 449.34 403.108 217.127 359.712 299.799 380.365 224.147 334.658 219.972 232.213 203.121
internal_count=12800 6279 6521 4231 2663 3616 2290 2429 1874 1742 1802 1656 869 1465 1237 1779 922 1343 882 933 884
is_linear=0
shrinkage=0.02


Tree=35
num_leaves=25
num_cat=0
split_feature=0 0 0 0 0 0 0 0 1 3 0 1 0 1 1 0 1 0 0 0 1 1 0 1
split_gain=1043.99 240.755 210.237 38.0549 21.4454 16.8649 8.09261 4.58019 2.76338 2.01021 1.93021 1.91381 1.49511 1.2819 0.848619 0.792106 0.69446 0.663892 0.587111 1.53854 0.496862 0.229103 0.063804 0.00520426
threshold=-1.0000000180025095e-35 -0.7555200159549712 0.89663067460060131 0.26633311808109289 -1.0583763122558592 -0.29239994287490839 1.6977696418762209 0.62807923555374157 4.6749999523162851 0.014999999664723875 0.11304757371544839 12.47499990463257 -0.45380596816539759 11.691666603088381 13.558333396911623 -1.3729133009910581 9.7750000953674334 -0.16367168724536893 0.37188957631587988 0.45380601286888128 11.691666603088381 10.458333015441896 -0.85975876450538624 3.4583333730697636
decision_type=2 2 2 2 2 2 2 2 2 2 2 2 2 2 2 2 2 2 2 2 2 2 2 2
left_child=1 4 3 10 15 8 23 11 -3 14 13 18 21 -2 17 -1 -12 -7 -5 -20 -14 -10 -6 -4
right_child=2 5 6 7 22 9 -8 -9 12 -11 16 -13 20 -15 -16 -17 -18 -19 19 -21 -22 -23 -24 -25
leaf_value=-0.026361119568273143 -0.0010649460875282693 -0.011835029939466944 0.022685574274357748 0.0074960603700308217 -0.017605521676989477 -0.0038513666026472083 0.026527726719319047 0.012435392520187657 -0.009498177661326674 -0.00014825759692128047 0.0017589232592101951 0.0056795358326672072 -0.0048100844268946707 0.0019991377357105071 -0.0051143054478400866 -0.02217673662811839 0.0040889442021749918 -0.0017408432834047933 0.012427139005504923 0.0084018592122054661 -0.0072523936885652129 -0.0073559194301445674 -0.014212331813528236 0.019202823904970332
leaf_weight=237.70170858502388 97.223821267485619 73.141003057360649 88.226480141282082 97.067552894353867 124.77317522466183 116.69558781385422 149.28613801300526 183.59842245280743 114.05722168087959 99.717485576868057 85.329616412520409 91.779356554150581 102.97980085015297 119.89668492972851 85.660499766469002 139.01723657548428 146.8342972099781 132.23570100963116 76.009180471301079 137.68254558742046 76.586097151041031 92.34080308675766 77.380426213145256 260.24287860095501
leaf_count=1139 389 302 402 397 547 469 716 773 467 399 342 377 418 480 344 640 591 530 314 568 310 377 337 1172
internal_value=4.85989e-07 -0.01202 0.0115442 0.00638743 -0.0220465 -0.00548876 0.0222027 0.00973626 -0.00815539 -0.00264543 0.00199475 0.00844978 -0.00740067 0.000629883 -0.00338436 -0.0249423 0.0032549 -0.00275304 0.00922639 0.00993559 -0.00592016 -0.00861954 -0.0164586 0.020209
internal_weight=3005.46 1472.29 1533.18 1035.42 578.873 893.414 497.755 586.137 459.105 434.309 449.284 402.539 385.964 217.121 334.592 376.719 232.164 248.931 310.759 213.692 179.566 206.398 202.154 348.469
internal_count=12800 6279 6521 4231 2663 3616 2290 2429 1874 1742 1802 1656 1572 869 1343 1779 933 999 1279 882 728 844 884 1574
is_linear=0
shrinkage=0.02


Tree=36
num_leaves=25
num_cat=0
split_feature=0 0 0 0 0 0 0 0 0 1 3 3 1 1 0 0 1 1 1 1 1 0 1 1
split_gain=1006.83 235.048 205.264 36.7208 21.3076 16.2562 8.12883 4.13501 2.6946 2.67609 1.93281 1.79361 1.60728 2.39028 1.25872 0.854199 0.84862 0.821507 0.507391 0.32501 0.221995 0.0684526 0.0550135 0.0325438
threshold=-1.0000000180025095e-35 -0.7555200159549712 0.89663067460060131 0.34515604376792913 -1.0583763122558592 -0.29239994287490839 1.6977696418762209 0.21471916884183886 0.69039613008499157 4.8250000476837167 0.014999999664723875 1.0000000180025095e-35 10.041666984558107 13.041666984558107 -0.45380596816539759 -1.3729133009910581 10.175000190734865 12.208333015441896 10.875000000000002 8.8750000000000018 8.8750000000000018 -0.85975876450538624 6.9583332538604745 3.4583333730697636
decision_type=2 2 2 2 2 2 2 2 2 2 2 2 2 2 2 2 2 2 2 2 2 2 2 2
left_child=1 4 3 7 15 9 23 12 16 -3 17 -9 -2 -14 19 -1 22 20 -16 -11 -7 -6 -5 -4
right_child=2 5 6 8 21 10 -8 11 -10 14 -12 -13 13 -15 18 -17 -18 -19 -20 -21 -22 -23 -24 -25
leaf_value=-0.026118871569553798 -0.00023742521911489651 -0.011539771795483612 0.022416984730990734 0.0091798927730731006 -0.017349758465673503 -0.0031061375175456636 0.026287879705937586 0.0075889756476908371 0.012959821340602577 -0.006805766699083806 -0.00014535085885649345 0.0034006184681136748 0.0047625772000110264 0.00076878426828274726 -0.0071027559681137581 -0.021915760066198064 0.0078483983332331957 -0.0044390521492655407 -0.004660077585346512 -0.0091666437394841791 -0.0016556763167939409 -0.013991643332781661 0.011299175837703792 0.018943158833133272
leaf_weight=235.15242949128151 132.36273361742496 76.157574594020844 87.528895646333694 109.20422871410847 124.116405159235 91.215809434652328 147.66975896060467 74.906341537833214 126.99074472486973 74.246866583824158 99.717282101511955 100.86813224852085 103.85929854214191 140.37259781360626 83.390097051858902 137.89437033236027 152.52123530209064 148.1021773070097 95.072055086493492 129.70051032304764 95.205981805920601 77.063670694828033 93.202945530414581 258.57822014391422
leaf_count=1139 530 315 402 453 547 366 716 303 538 304 399 408 417 563 339 640 632 595 385 531 382 337 387 1172
internal_value=3.03798e-07 -0.0118261 0.011355 0.00626869 -0.0217872 -0.00538499 0.0219406 0.00273315 0.010293 -0.00800526 -0.00259393 0.00525079 0.00153651 0.00249203 -0.00724498 -0.0246904 0.00927161 -0.00331862 -0.00586754 -0.00838161 -0.00239082 -0.0162138 0.0102568 0.0199454
internal_weight=2995.1 1467.04 1528.07 1034.29 574.227 892.808 493.777 552.369 481.919 458.567 434.241 175.774 376.595 244.232 382.41 373.047 354.928 334.524 178.462 203.947 186.422 201.18 202.407 346.107
internal_count=12800 6279 6521 4231 2663 3616 2290 2221 2010 1874 1742 711 1510 980 1559 1779 1472 1343 724 835 748 884 840 1574
is_linear=0
shrinkage=0.02


Tree=37
num_leaves=34
num_cat=0
split_feature=5 5 5 5 5 5 5 5 5 3 1 3 1 5 1 5 5 5 1 1 5 1 5 1 1 1 5 1 1 5 1 5 1
split_gain=14.6531 40.0217 10.9656 4.85031 8.29087 4.87102 4.46635 3.82156 7.67389 3.47499 3.93223 2.82689 2.38891 2.31525 2.09192 2.04595 10.4297 2.65025 1.88503 2.67496 1.22119 1.13828 1.06625 1.00419 0.884742 3.04257 2.83659 2.15218 1.6894 0.561191 2.3705 0.384575 0.219219
threshold=0.48000000417232519 0.45999999344348913 0.44499999284744268 0.39999999105930334 0.38499999046325689 0.42500001192092901 0.33999998867511755 0.31499999761581426 0.27999998629093176 0.024999999441206459 8.6916666030883807 1.0000000180025095e-35 1.8916666507720949 0.22000001370906833 6.0916666984558114 0.14999999105930331 0.13499999046325686 0.17000000178813937 8.2249999046325701 4.8750000000000009 0.029999986290931705 9.5916666984558123 0.18500000238418582 8.7583332061767596 7.9083333015441903 11.108333587646486 0.094999998807907118 5.6416666507720956 12.941666603088381 0.019999995827674869 12.00833320617676 0.05500000715255738 9.7750000953674334
decision_type=2 2 2 2 2 2 2 2 2 2 2 2 2 2 2 2 2 2 2 2 2 2 2 2 2 2 2 2 2 2 2 2 2
left_child=1 2 3 4 6 -5 7 8 9 13 -11 -10 -2 15 -15 16 20 -17 19 -8 29 -16 -19 -24 27 32 28 -22 -27 30 -1 -30 -26
right_child=12 -3 -4 5 -6 -7 18 -9 11 10 -12 -13 -14 14 21 17 -18 22 -20 -21 24 -23 23 -25 25 26 -28 -29 31 -31 -32 -33 -34
leaf_value=0.0021669301462435915 0.0033256096106359313 -0.012013968176900877 0.0071445115936311903 -0.0054953638514337435 0.0066381345350629952 0.00041320313893136485 -0.0012919799616024081 0.0037295789161723076 -0.0067773364425595395 -0.0056430134130045781 0.00013803995897290045 -0.0015496671969687404 0.0086381178362784066 -0.00025381860257740784 0.0054356029053300057 -0.0032344783749811896 0.0069818404503803489 0.0022510445761547192 -0.00014563769688878382 -0.0069622495467994028 -0.00016076010433405778 0.0021574057373961167 0.0011435372471825212 -0.0019095354579423606 -0.0029394816260712381 0.004437752806223944 -0.0013896469393385555 0.0042531548628860789 0.00201835438803464 -0.0024172643373512356 -0.0026749317988219701 7.5849498657903325e-05 -0.0013644066163850804
leaf_weight=75.942384645342827 67.361209213733673 110.35701078176498 85.181032329797745 123.44790937006474 75.373506546020508 100.06743294000626 66.194861859083176 117.45507679879665 77.667202442884445 74.368035107851028 122.40734897553921 89.339068353176117 75.280419498682022 78.81353634595871 78.395671918988228 124.05119776725769 98.320775493979454 76.837305173277855 69.026085838675499 67.276917859911919 97.610438346862793 99.275491923093796 75.793689206242561 94.936864972114563 74.610181584954262 94.784379988908768 117.20062972605228 78.522370278835297 82.233038261532784 77.37760092318058 82.118032678961754 79.319810524582863 77.740471556782722
leaf_count=304 326 550 415 578 349 478 302 516 338 304 496 387 369 329 327 507 407 317 314 306 393 412 313 391 300 381 474 316 330 310 329 319 313
internal_value=2.24768e-07 -0.000315591 0.000165454 -6.44011e-05 0.000196553 -0.0028699 -1.57367e-05 0.000253269 4.84225e-05 0.000418626 -0.00208161 -0.00403226 0.00621001 0.000716455 0.00245654 0.000396305 0.000852723 -0.000873585 -0.00284 -0.00421069 0.000196406 0.00364828 0.000325851 -0.000556615 0.000614337 0.000200887 0.00117176 0.00183268 0.00234455 -0.00104444 -0.000350582 0.00107721 -0.00216386
internal_weight=2984.69 2842.05 2731.69 2646.51 2422.99 223.515 2347.62 2145.12 2027.67 1860.66 196.775 167.006 142.642 1663.88 256.485 1407.4 1035.78 371.619 202.498 133.472 937.459 177.671 247.568 170.731 702.021 525.889 373.538 176.133 256.337 235.438 158.06 161.553 152.351
internal_count=12800 12105 11555 11140 10084 1056 9735 8813 8297 7572 800 725 695 6772 1068 5704 4176 1528 922 608 3769 739 1021 704 2826 2117 1504 709 1030 943 633 649 613
is_linear=0
shrinkage=0.02


Tree=38
num_leaves=22
num_cat=0
split_feature=0 0 0 0 0 0 0 0 0 3 0 0 3 0 0 0 0 0 3 0 0
split_gain=968.797 228.632 200.135 35.374 21.2146 15.6484 8.1274 4.36087 2.7007 1.87867 1.78714 1.31724 1.26531 0.92939 0.712084 0.677047 0.693586 0.515304 0.545711 0.513519 0.122959
threshold=-1.0000000180025095e-35 -0.7555200159549712 0.89663067460060131 0.26633311808109289 -1.0583763122558592 -0.29239994287490839 1.6977696418762209 0.62807923555374157 -0.62807917594909657 0.014999999664723875 0.11304757371544839 0.34515604376792913 1.0000000180025095e-35 -1.3729133009910581 -0.42618812620639795 0.39889179170131689 0.48177458345890051 -0.1891338303685188 1.0000000180025095e-35 0.16367168724536899 -0.85975876450538624
decision_type=2 2 2 2 2 2 2 2 2 2 2 2 2 2 2 2 2 2 2 2 2
left_child=1 4 3 10 13 8 -4 11 -3 17 12 -5 -2 -1 -10 -13 -17 -7 -19 -12 -6
right_child=2 5 6 7 20 9 -8 -9 14 -11 19 15 -14 -15 -16 16 -18 18 -20 -21 -22
leaf_value=-0.025867823725848411 0.0022625612092865865 -0.010867217361414907 0.019676848060473814 0.0059349155875520554 -0.017092380767731313 -0.0043741210641280014 0.026035644376539931 0.01202305743483245 -0.0079014213421791761 -0.00013455307702374934 0.0044845006944456587 0.010813862939016016 -0.00077967129907466988 -0.021637540601816219 -0.005846841464050144 0.0063919979197834568 0.0091206872538986215 -0.0017738437715578486 -0.003843163480009187 0.0024120194364126934 -0.013710975585426314
leaf_weight=232.2601910084486 97.885831356048584 99.477530926465988 343.60004314780235 103.08849854767323 123.43761558830738 114.59070298075676 145.81521593034267 182.58099567890167 189.24703061580658 99.716249510645866 76.324260905385017 75.102925568819046 119.22462160885334 136.64328545331955 169.29028096795082 89.73947773873806 133.38933220505714 129.68537084758282 90.187159895896912 155.72276499867439 76.650316700339317
leaf_count=1139 392 409 1574 419 547 461 716 773 777 399 307 315 477 640 688 370 552 520 362 626 337
internal_value=2.76775e-07 -0.0116247 0.0111579 0.00614564 -0.0215101 -0.00528627 0.0216696 0.00938374 -0.00785933 -0.00254837 0.00191321 0.00812931 0.000600074 -0.024426 -0.00696913 0.00884324 0.00808978 -0.00326295 -0.00264963 0.00312619 -0.0159455
internal_weight=2983.66 1461.19 1522.47 1033.06 568.991 892.194 489.415 583.901 458.015 434.179 449.157 401.32 217.11 368.903 358.537 298.232 223.129 334.463 219.873 232.047 200.088
internal_count=12800 6279 6521 4231 2663 3616 2290 2429 1874 1742 1802 1656 869 1779 1465 1237 922 1343 882 933 884
is_linear=0
shrinkage=0.02


Tree=39
num_leaves=22
num_cat=0
split_feature=0 0 0 0 0 0 0 0 0 3 0 0 3 0 0 0 3 0 0 0 0
split_gain=934.308 223.311 195.43 34.1242 21.0924 15.0767 8.17593 4.24954 2.61068 1.8063 1.71832 1.59239 1.21623 0.99093 0.687918 0.495676 0.52497 0.494419 0.371647 1.06482 0.126032
threshold=-1.0000000180025095e-35 -0.7555200159549712 0.89663067460060131 0.26633311808109289 -1.0583763122558592 -0.29239994287490839 1.6977696418762209 0.69039613008499157 -0.62807917594909657 0.014999999664723875 0.11304757371544839 0.34515604376792913 1.0000000180025095e-35 -1.3729133009910581 -0.42618812620639795 -0.1891338303685188 1.0000000180025095e-35 0.16367168724536899 0.39889179170131689 0.48177458345890051 -0.85975876450538624
decision_type=2 2 2 2 2 2 2 2 2 2 2 2 2 2 2 2 2 2 2 2 2
left_child=1 4 3 10 13 8 -4 11 -3 15 12 -5 -2 -1 -10 -7 -17 -12 -13 -20 -6
right_child=2 5 6 7 20 9 -8 -9 14 -11 17 18 -14 -15 -16 16 -18 -19 19 -21 -22
leaf_value=-0.025639733379130988 0.002218363143970154 -0.010673158889374201 0.019421669093552477 0.0058228252710170458 -0.016846090844104888 -0.0042895325180177576 0.025810212462320438 0.012559760324249226 -0.007754915944288108 -0.00013191528663960306 0.0043985047299044643 0.010627722429598654 -0.0007643346136382616 -0.021387815291545261 -0.0057353893151695211 -0.0017390523540525774 -0.0037687945024700909 0.002364775204539107 0.0062737811539980209 0.0092949068702128778 -0.013498865385629739
leaf_weight=229.68357664346695 97.879268407821655 99.298676863312721 341.20277325809002 103.01079654693604 122.77338972687721 114.55321352183819 144.18093882501125 126.25467818975449 189.00605888664722 99.716059803962708 76.299515604972839 74.926774337887764 119.22469098865986 135.50876125693321 169.16849239170551 129.67437200248241 90.167142540216446 155.69739021360874 89.640517935156822 188.97238555550575 76.332288607954979
leaf_count=1139 392 409 1574 419 547 461 716 538 777 399 307 315 477 640 688 520 362 626 370 787 337
internal_value=3.95451e-08 -0.0114375 0.0109753 0.00603159 -0.0212621 -0.0051857 0.0214175 0.00921652 -0.00771347 -0.00249873 0.00187593 0.00824123 0.000588361 -0.0241871 -0.00683822 -0.00319953 -0.00259802 0.00306551 0.00890916 0.00837454 -0.0157099
internal_weight=2973.17 1455.88 1517.29 1031.91 564.298 891.584 485.384 582.805 457.473 434.111 449.101 456.55 217.104 365.192 358.175 334.395 219.842 231.997 353.54 278.613 199.106
internal_count=12800 6279 6521 4231 2663 3616 2290 2429 1874 1742 1802 1891 869 1779 1465 1343 882 933 1472 1157 884
is_linear=0
shrinkage=0.02


Tree=40
num_leaves=32
num_cat=0
split_feature=5 5 5 5 5 5 5 5 5 3 1 3 1 1 2 1 5 5 1 1 1 1 1 1 1 5 1 1 3 1 1
split_gain=13.1874 36.2464 9.87057 4.24169 7.52445 4.53917 4.11317 3.40006 6.84269 3.39567 3.79017 2.67608 2.25405 4.046 6.7898 3.48942 3.68949 2.41307 3.36629 7.92076 3.69746 2.19628 1.85951 2.53292 1.58156 1.21861 2.37461 1.21304 1.19816 1.08144 0.741326
threshold=0.48000000417232519 0.45999999344348913 0.44499999284744268 0.39999999105930334 0.38499999046325689 0.42500001192092901 0.33999998867511755 0.31499999761581426 0.27999998629093176 0.024999999441206459 8.6916666030883807 1.0000000180025095e-35 2.9750000238418584 8.4083333015441912 1.0000000180025095e-35 5.9583332538604745 0.13499999046325686 0.014999985694885256 11.425000190734865 12.425000190734865 13.141666412353517 1.8916666507720949 8.2249999046325701 4.8750000000000009 10.291666984558107 0.045000016689300544 13.708333015441896 9.7750000953674334 1.0000000180025095e-35 7.2583334445953378 10.875000000000002
decision_type=2 2 2 2 2 2 2 2 2 2 2 2 2 2 2 2 2 2 2 2 2 2 2 2 2 2 2 2 2 2 2
left_child=1 2 3 4 6 -5 7 8 9 12 -11 -10 -1 14 15 16 -14 -15 24 28 -21 -2 23 -8 27 -22 -27 -19 -20 -17 -26
right_child=21 -3 -4 5 -6 -7 22 -9 11 10 -12 -13 13 17 -16 29 -18 18 19 20 25 -23 -24 -25 30 26 -28 -29 -30 -31 -32
leaf_value=-0.0022759946326315144 0.0031654907994644126 -0.011581482863558718 0.0068498819140949269 -0.0052646361456976185 0.0063686911023490183 0.00048892596879936763 -0.0012597804418551012 0.0035364056000390161 -0.0065066298900336994 -0.0055795006569993935 0.00010155322080166486 -0.001403164370172072 -0.0041491180077615122 -0.0027984597475387641 0.0068981519775445843 0.0046646955278091921 0.001688695491035829 -0.00091107179578871753 0.0034651641345556507 -0.0026818092796648198 0.00318065325572161 0.0083175704050053555 -5.7785225114671888e-05 -0.0068167073226269017 -0.0038197181177881435 0.0027624189144948947 -0.0012048755476064435 0.0021714144217635407 0.0070804538969602296 0.0015295847525823637 -0.0011139778017910287
leaf_weight=94.753151968121529 65.872629344463348 107.47392776608467 83.35390630364418 121.31491455435753 74.162733197212219 98.22177642583847 65.261697918176651 116.11649462580681 76.98998661339283 74.215994358062744 122.25334264338017 88.64591483771801 76.311204195022583 94.846888422966003 103.8113527148962 84.730230212211609 95.120563074946404 147.41922262310982 85.048896491527557 134.79738520085812 90.04612572491169 73.478280633687973 68.07771809399128 66.322601944208145 78.290536448359489 102.50054836273193 140.99074196815491 75.590656146407127 74.76282399892807 95.364403381943703 86.49971541762352
leaf_count=389 326 550 415 578 349 478 302 516 338 304 496 387 307 380 426 347 396 604 347 548 361 369 314 306 320 418 572 309 305 390 353
internal_value=-1.77776e-07 -0.000298437 0.000156264 -6.07208e-05 0.000182299 -0.00270929 -1.91461e-05 0.000238056 4.54299e-05 0.000394301 -0.00207906 -0.00382466 0.000689028 0.00087109 0.00245439 0.00111047 -0.000927831 0.000218817 0.00050545 0.00140832 8.99159e-05 0.00596138 -0.00274975 -0.00412077 -0.000956706 0.0012194 0.000474103 0.000143771 0.00522307 0.00303961 -0.00242984
internal_weight=2962.65 2823.3 2715.82 2632.47 2412.93 219.537 2338.77 2139.11 2022.99 1857.35 196.469 165.636 1660.88 1566.13 455.338 351.526 171.432 1110.79 1015.95 628.147 468.335 139.351 199.662 131.584 387.8 333.537 243.491 223.01 159.812 180.095 164.79
internal_count=12800 12105 11555 11140 10084 1056 9735 8813 8297 7572 800 725 6772 6383 1866 1440 703 4517 4137 2551 1899 695 922 608 1586 1351 990 913 652 737 673
is_linear=0
shrinkage=0.02


Tree=41
num_leaves=32
num_cat=0
split_feature=5 5 5 5 5 5 5 5 5 3 1 3 1 1 2 1 5 5 1 1 1 1 1 1 1 5 5 1 3 5 1
split_gain=12.691 34.9495 9.50171 4.07777 7.24146 4.36616 3.9554 3.26817 6.58091 3.26469 3.6436 2.57669 2.16675 3.88873 6.52723 3.35482 3.54702 2.31972 3.23636 7.61597 3.55352 2.11987 1.78862 2.43729 1.52518 1.39941 1.17128 2.28228 1.1526 1.07667 1.03997
threshold=0.48000000417232519 0.45999999344348913 0.44499999284744268 0.39999999105930334 0.38499999046325689 0.42500001192092901 0.33999998867511755 0.31499999761581426 0.27999998629093176 0.024999999441206459 8.6916666030883807 1.0000000180025095e-35 2.9750000238418584 8.4083333015441912 1.0000000180025095e-35 5.9583332538604745 0.13499999046325686 0.014999985694885256 11.425000190734865 12.425000190734865 13.141666412353517 1.8916666507720949 8.2249999046325701 4.8750000000000009 10.341666698455812 0.14999999105930331 0.045000016689300544 13.708333015441896 1.0000000180025095e-35 0.13499999046325686 7.2583334445953378
decision_type=2 2 2 2 2 2 2 2 2 2 2 2 2 2 2 2 2 2 2 2 2 2 2 2 2 2 2 2 2 2 2
left_child=1 2 3 4 6 -5 7 8 9 12 -11 -10 -1 14 15 16 -14 -15 24 28 -21 -2 23 -8 25 -19 -22 -28 -20 -26 -17
right_child=21 -3 -4 5 -6 -7 22 -9 11 10 -12 -13 13 17 -16 30 -18 18 19 20 26 -23 -24 -25 29 -27 27 -29 -30 -31 -32
leaf_value=-0.0022314089247967915 0.0031048803481699273 -0.011389968188947051 0.0067250509427065454 -0.0051642919648661337 0.0062506049656050498 0.00047934535618338487 -0.0012353498503914662 0.0034673799919298764 -0.0063847590654713196 -0.0054704446623871864 9.9555070418587389e-05 -0.0013758612385002913 -0.004068406886668428 -0.0027437090656114568 0.006763775608965631 0.004574173856908113 0.0016557097334515681 0.001621325968108615 0.0033978109413850049 -0.0026289322150507654 0.0031183146708949807 0.0081683827047247803 -5.6662634985461192e-05 -0.0066868620305375274 -0.0041443182788428838 -0.0014719701766763365 0.0027083500058515172 -0.0011810887667954501 0.0069439244080415768 -0.00083245646329792853 0.0014996486038177531
leaf_weight=94.753445386886597 65.854577273130417 107.13251090049744 83.241375148296356 121.23832443356514 74.09104035794735 98.221231564879417 65.260816588997841 116.09947808086872 76.92914991080761 74.221429049968719 122.253034055233 88.636722967028618 76.308309838175774 94.844692915678024 103.79618771374226 84.718571543693542 95.115191638469696 117.15597392618656 85.039822891354561 134.79866881668568 90.049279376864433 73.361595377326012 68.077549085021019 66.297344639897346 74.99823722243309 112.93216092884541 102.49588952958584 140.99390302598476 74.747611105442047 82.714455470442772 95.362654075026512
leaf_count=389 326 550 415 578 349 478 302 516 338 304 496 387 307 380 426 347 396 473 347 548 361 369 314 306 302 469 418 572 305 342 390
internal_value=-1.16594e-07 -0.000292654 0.000153238 -5.95429e-05 0.00017872 -0.00265691 -1.88251e-05 0.000233397 4.45455e-05 0.000386622 -0.00203852 -0.00375164 0.000675622 0.00085413 0.00240643 0.00108876 -0.000909885 0.000214667 0.000495703 0.001381 8.82922e-05 0.00585105 -0.00269673 -0.00404158 -0.000937947 0.000103469 0.00119557 0.000464879 0.005122 -0.00243954 0.0029804
internal_weight=2961.74 2822.53 2715.39 2632.15 2412.69 219.46 2338.6 2138.96 2022.87 1857.3 196.474 165.566 1660.83 1566.07 455.301 351.505 171.424 1110.77 1015.93 628.125 468.338 139.216 199.636 131.558 387.801 230.088 333.539 243.49 159.787 157.713 180.081
internal_count=12800 12105 11555 11140 10084 1056 9735 8813 8297 7572 800 725 6772 6383 1866 1440 703 4517 4137 2551 1899 695 922 608 1586 942 1351 990 652 644 737
is_linear=0
shrinkage=0.02


Tree=42
num_leaves=23
num_cat=0
split_feature=0 0 0 0 0 0 0 0 0 3 0 0 3 0 2 0 0 0 0 3 0 0
split_gain=898.155 216.277 190.299 28.4337 21.0538 14.6031 11.7631 2.51762 2.42592 1.76083 1.64122 1.20172 1.18576 1.08039 0.709868 0.665996 0.633912 0.483104 0.480096 0.518739 0.221537 0.130169
threshold=-1.0000000180025095e-35 -0.7555200159549712 0.82402130961418163 0.26633311808109289 -1.0583763122558592 -0.29239994287490839 1.4404313564300539 -0.62807917594909657 0.34515604376792913 0.014999999664723875 0.11304757371544839 0.69039613008499157 1.0000000180025095e-35 -1.3729133009910581 1.0000000180025095e-35 -0.42618812620639795 1.0583764314651491 0.16367168724536899 -0.1891338303685188 1.0000000180025095e-35 -0.85975876450538624 0.42618820071220404
decision_type=2 2 2 2 2 2 2 2 2 2 2 2 2 2 2 2 2 2 2 2 2 2
left_child=1 4 3 10 13 7 16 -3 -5 18 12 14 -2 -1 21 -9 -4 -12 -7 -20 -6 -10
right_child=2 5 6 8 20 9 -8 15 11 -11 17 -13 -14 -15 -16 -17 -18 -19 19 -21 -22 -23
leaf_value=-0.025391717590023403 0.0021937194438815199 -0.010502967533963362 0.015695583593692036 0.0057081439107242275 -0.016592236831672814 -0.0042245729989208395 0.024138829296983761 -0.0076360111771170873 0.0091779848070755437 -0.00012287824214564526 0.0043225961690454102 0.011865688225375634 -0.00075149043294488215 -0.02110118368845805 0.010447913982893652 -0.005647735499466058 0.01906440266163489 0.0023133906010722937 -0.0017062893467418739 -0.0037230359975828032 -0.013170876284194959 0.0073743263305405329
leaf_weight=226.46207067370415 97.869932353496552 99.133259549736977 141.71462082862854 102.92813183367252 122.06792707741261 114.52097128331661 223.46494688093662 188.80027103424072 76.891698345541954 99.71222659945488 76.273574620485306 79.309486076235771 119.22081877291203 134.12985381484032 97.40239705145359 169.06577119231224 162.08250284194946 155.6634276509285 129.65941789746284 90.149612009525299 75.826235085725784 178.48922662436962
leaf_count=1139 392 409 625 419 547 461 1115 777 321 399 307 338 477 640 408 688 750 626 520 362 337 743
internal_value=-7.43088e-08 -0.0112398 0.0107808 0.00556607 -0.0209767 -0.00510364 0.0204554 -0.00759323 0.00867255 -0.00245957 0.00184262 0.00934914 0.000584189 -0.023921 0.00871969 -0.0067333 0.0176059 0.00300543 -0.0031516 -0.00255952 -0.0154262 0.00798448
internal_weight=2960.84 1449.53 1511.31 984.049 558.486 891.042 527.262 456.999 535.021 434.042 449.028 432.093 217.091 360.592 352.783 357.866 303.797 231.937 334.33 219.809 197.894 255.381
internal_count=12800 6279 6521 4031 2663 3616 2490 1874 2229 1742 1802 1810 869 1779 1472 1465 1375 933 1343 882 884 1064
is_linear=0
shrinkage=0.02


Tree=43
num_leaves=32
num_cat=0
split_feature=5 5 5 5 5 5 5 5 5 3 1 3 1 1 2 1 5 5 1 1 1 1 1 1 1 5 5 1 3 5 1
split_gain=11.8724 32.5972 8.777 3.80144 6.76229 4.05499 3.69759 3.08955 6.1557 3.17457 3.50783 2.45874 2.09401 3.72164 6.26037 3.24175 3.38981 2.2134 3.12878 7.30047 3.40934 1.99722 1.74357 2.32605 1.45164 1.34991 1.14449 2.20304 1.10783 1.03308 0.991455
threshold=0.48000000417232519 0.45999999344348913 0.44499999284744268 0.39999999105930334 0.38499999046325689 0.42500001192092901 0.33999998867511755 0.31499999761581426 0.27999998629093176 0.024999999441206459 10.341666698455812 1.0000000180025095e-35 2.9750000238418584 8.4083333015441912 1.0000000180025095e-35 5.9583332538604745 0.13499999046325686 0.014999985694885256 11.425000190734865 12.425000190734865 13.141666412353517 1.8916666507720949 8.2249999046325701 4.8750000000000009 10.341666698455812 0.14999999105930331 0.045000016689300544 13.708333015441896 1.0000000180025095e-35 0.13499999046325686 7.2583334445953378
decision_type=2 2 2 2 2 2 2 2 2 2 2 2 2 2 2 2 2 2 2 2 2 2 2 2 2 2 2 2 2 2 2
left_child=1 2 3 4 6 -5 7 8 9 12 -11 -10 -1 14 15 16 -14 -15 24 28 -21 -2 23 -8 25 -19 -22 -28 -20 -26 -17
right_child=21 -3 -4 5 -6 -7 22 -9 11 10 -12 -13 13 17 -16 30 -18 18 19 20 26 -23 -24 -25 29 -27 27 -29 -30 -31 -32
leaf_value=-0.0022021306079354681 0.0030135932370179918 -0.011081278951111589 0.0065016731341413217 -0.0050044322540987026 0.0060651126831857893 0.00046125257077610525 -0.0011988733351544674 0.0033779308654110704 -0.0062175435285141221 -0.0046694172601519411 0.00063911174941491959 -0.0013143314673326656 -0.0039914789542606771 -0.0026827952953316077 0.0066226015370180434 0.0044789768367041452 0.0016070247095374432 0.0015788312987756021 0.0033263537314379937 -0.0025759274519877233 0.0030719169574142092 0.0079578559669491265 -3.3498017986951248e-06 -0.0065430965494115544 -0.0040638030836684224 -0.0014607920295200971 0.0026542011654856145 -0.0011685791489747155 0.0068044009142780104 -0.00081817058510809339 0.0014749626163493268
leaf_weight=94.649387016892433 65.122626841068268 105.539082467556 82.223156169056892 120.13405375182629 73.450254887342453 97.188841059803963 64.803131639957428 115.48672804236412 76.539822667837143 97.590753898024559 98.726258024573326 88.260695800185204 76.285254761576653 94.835099890828133 103.65443970263004 84.621201530098915 94.951468214392662 117.1047865152359 84.959340929985046 134.69939941167831 90.043794333934784 72.4350406229496 67.614515140652657 65.817142516374588 74.978245407342911 112.7511140704155 102.40070079267025 140.90872228145599 74.66120733320713 82.59102737903595 95.269001916050911
leaf_count=389 326 550 415 578 349 478 302 516 338 400 400 387 307 380 426 347 396 473 347 548 361 369 314 306 302 469 418 572 305 342 390
internal_value=-8.57464e-08 -0.000282398 0.000146462 -5.74035e-05 0.000172084 -0.00257821 -1.83851e-05 0.000225029 4.16529e-05 0.000372077 -0.00202028 -0.00363882 0.000657204 0.000832755 0.00235228 0.0010613 -0.000904373 0.000207036 0.000481762 0.00135247 8.6636e-05 0.00569387 -0.00261721 -0.00394979 -0.000928588 8.8067e-05 0.00117145 0.000448822 0.00501725 -0.00239416 0.00292178
internal_weight=2950.3 2812.74 2707.2 2624.98 2407.65 217.323 2334.2 2135.97 2020.48 1855.68 196.317 164.801 1659.36 1564.71 454.781 351.127 171.237 1109.93 1015.1 627.673 468.053 137.558 198.235 130.62 387.425 229.856 333.353 243.309 159.621 157.569 179.89
internal_count=12800 12105 11555 11140 10084 1056 9735 8813 8297 7572 800 725 6772 6383 1866 1440 703 4517 4137 2551 1899 695 922 608 1586 942 1351 990 652 644 737
is_linear=0
shrinkage=0.02


Tree=44
num_leaves=24
num_cat=0
split_feature=0 0 0 0 0 0 0 0 0 0 0 0 0 3 2 0 0 0 2 0 0 0 0
split_gain=864.932 210.81 185.632 27.3399 21.7466 11.6655 9.9415 3.43263 3.34637 2.33546 1.57267 1.18589 1.15542 1.14837 1.12151 1.49781 0.918614 0.785187 0.673065 0.661648 0.46848 0.12694 0.0691129
threshold=-1.0000000180025095e-35 -0.85975876450538624 0.82402130961418163 0.26633311808109289 -0.42618812620639795 1.4404313564300539 -1.0583763122558592 -0.1891338303685188 -0.62807917594909657 0.34515604376792913 0.11304757371544839 0.69039613008499157 -1.3729133009910581 1.0000000180025095e-35 -1.0000000180025095e-35 -0.29239994287490839 -0.062711736187338815 -0.11304753646254538 1.0000000180025095e-35 1.0583764314651491 0.16367168724536899 0.42618820071220404 -0.7555200159549712
decision_type=2 2 2 2 2 2 2 2 2 2 2 2 2 2 2 2 2 2 2 2 2 2 2
left_child=1 6 3 10 8 19 12 14 22 -5 13 18 -1 -2 -6 -16 17 -9 21 -4 -12 -11 -3
right_child=2 4 5 9 7 -7 -8 16 -10 11 20 -13 -14 -15 15 -17 -18 -19 -20 -21 -22 -23 -24
leaf_value=-0.025165434032165639 0.0021598653577176068 -0.01291049235506273 0.015462144573743397 0.0055987810984381818 -0.0027303451935712449 0.023898252604086796 -0.016349406610124569 -0.0019989637259395184 -0.0075056943957246408 0.0090057231721017914 0.0042431165324030547 0.011669058932120766 -0.020842437354504625 -0.00073864068772155152 -0.0070044004674415881 -0.0036056353251461039 -0.0034048602385348377 0.00051610046365250714 0.010238766159396395 0.018830219640160212 0.0022650296927615135 0.0072314914633104833 -0.010325846952430188
leaf_weight=223.56114234030247 97.861391693353653 75.416046410799026 141.0331396907568 102.84730626642704 86.994260013103485 220.751544713974 121.37962409853935 117.94655120372772 188.57271182537079 76.737174957990646 76.24748170375824 79.071209236979485 132.87108820676804 119.21777026355267 123.52158214151859 102.65036191046238 88.240061819553375 83.568307280540466 97.149733200669289 160.95755523443222 155.63292600214481 178.2116175442934 98.957782909274101
leaf_count=1139 392 337 625 419 352 1115 547 473 777 321 307 338 640 477 503 413 354 335 408 750 626 743 409
internal_value=-2.82273e-08 -0.0110531 0.0105983 0.0054577 -0.00565647 0.0202071 -0.0218931 -0.00331015 -0.00951464 0.00850812 0.00180772 0.00917303 -0.0236792 0.000575823 -0.00475787 -0.00550696 -0.00172358 -0.000961143 0.00854975 0.0173694 0.00294619 0.00783146 -0.0115774
internal_weight=2949.4 1443.68 1505.72 982.977 965.868 522.742 477.812 602.921 362.947 534.017 448.96 431.17 356.432 217.079 313.166 226.172 289.755 201.515 352.099 301.991 231.88 254.949 174.374
internal_count=12800 6279 6521 4031 3953 2490 2326 2430 1523 2229 1802 1810 1779 869 1268 916 1162 808 1472 1375 933 1064 746
is_linear=0
shrinkage=0.02


Tree=45
num_leaves=23
num_cat=0
split_feature=0 0 0 0 0 0 0 0 0 0 0 0 0 3 2 0 0 0 0 0 0 0
split_gain=834.244 206.214 181.398 30.4358 20.9971 9.94851 8.32221 4.03498 3.30313 3.25337 1.51212 1.40301 1.21553 1.10383 1.07935 1.44325 0.883406 0.754731 0.451065 0.372647 1.06125 0.0802915
threshold=-1.0000000180025095e-35 -0.85975876450538624 0.89663067460060131 0.26633311808109289 -0.42618812620639795 -1.0583763122558592 1.6977696418762209 0.69039613008499157 -0.1891338303685188 -0.62807917594909657 0.11304757371544839 0.34515604376792913 -1.3729133009910581 1.0000000180025095e-35 -1.0000000180025095e-35 -0.29239994287490839 -0.062711736187338815 -0.11304753646254538 0.16367168724536899 0.39889179170131689 0.48177458345890051 -0.7555200159549712
decision_type=2 2 2 2 2 2 2 2 2 2 2 2 2 2 2 2 2 2 2 2 2 2
left_child=1 5 3 10 9 12 -4 11 14 21 13 -5 -1 -2 -6 -16 17 -10 -12 -13 -21 -3
right_child=2 4 6 7 8 -7 -8 -9 16 -11 18 19 -14 -15 15 -17 -18 -19 -20 20 -22 -23
leaf_value=-0.024956416349802515 0.0021176790833555394 -0.01271155114876084 0.01865749246987497 0.0054930756092016865 -0.002677658355345986 -0.016116131267602207 0.02514942732694855 0.011980513317007016 -0.0019598256838735317 -0.0073666290431078675 0.0041617873924184269 0.010073838727987014 -0.020608083535882983 -0.00072411168086156683 -0.0068728026399613234 -0.0035358060785680829 -0.003338829125536541 0.00050600939807071232 0.0022206613226929957 0.0058076408554951419 0.0087890081542983407 -0.010142084500780127
leaf_weight=220.96772360801697 97.854580342769623 75.098928600549698 333.45617818832397 102.76919344067574 86.97146087884903 120.70955081284046 138.77778485417366 125.12263153493404 117.93596710264683 188.33010941743851 76.222090199589729 74.374757394194603 131.72871625423431 119.21774503588676 123.40843395888805 102.62383827567101 88.225161448121071 83.570027455687523 155.60781171917915 89.228895142674446 187.87432299554348 98.773865327239037
leaf_count=1139 392 337 1574 419 352 547 716 538 473 777 307 315 640 477 503 413 354 335 626 370 787 409
internal_value=-8.415e-08 -0.010876 0.0104259 0.00569339 -0.00555079 -0.0216614 0.0206633 0.00871479 -0.00324617 -0.00934697 0.0017725 0.00776668 -0.0234577 0.000564584 -0.00466684 -0.00540203 -0.00168991 -0.000942254 0.00288901 0.00839662 0.00787749 -0.0113838
internal_weight=2938.85 1438.34 1500.51 1028.27 964.938 473.406 472.234 579.37 602.735 362.203 448.902 454.247 352.696 217.072 313.004 226.032 289.731 201.506 231.83 351.478 277.103 173.873
internal_count=12800 6279 6521 4231 3953 2326 2290 2429 2430 1523 1802 1891 1779 869 1268 916 1162 808 933 1472 1157 746
is_linear=0
shrinkage=0.02


Tree=46
num_leaves=23
num_cat=0
split_feature=0 0 0 0 0 0 0 0 2 0 0 0 0 0 3 0 0 0 0 0 0 0
split_gain=804.632 201.74 177.221 29.3626 20.2736 9.9565 8.3765 3.92064 3.26231 3.16299 3.05164 1.4539 1.27534 1.071 1.06102 0.994389 1.29676 0.634846 0.646775 0.434301 0.0906788 0.0341767
threshold=-1.0000000180025095e-35 -0.85975876450538624 0.89663067460060131 0.26633311808109289 -0.42618812620639795 -1.0583763122558592 1.6977696418762209 0.62807923555374157 -0.014999999664723871 -0.62807917594909657 -0.29239994287490839 0.11304757371544839 -1.3729133009910581 0.34515604376792913 1.0000000180025095e-35 -0.062711736187338815 -0.16367168724536893 0.39889179170131689 0.48177458345890051 0.16367168724536899 -0.7555200159549712 1.1506889462471011
decision_type=2 2 2 2 2 2 2 2 2 2 2 2 2 2 2 2 2 2 2 2 2 2
left_child=1 5 3 11 9 12 21 13 -6 20 -10 14 -1 -5 -2 16 -12 -15 -19 -13 -3 -4
right_child=2 4 6 7 8 -7 -8 -9 10 -11 15 19 -14 17 -16 -17 -18 18 -20 -21 -22 -23
leaf_value=-0.02475275399115642 0.002076318969287574 -0.012515790317484388 0.016569797525552862 0.0053893702523947953 0.0007078520025724901 -0.015886780285465505 0.024948364612897515 0.011074552295356739 -0.0061568892695787062 -0.0072301615699822885 -0.0034336795479609776 0.0040820271099417035 -0.020377988385498421 0.0099008980223168151 -0.00070986886693164128 -0.0047603289500309639 -0.00079497195728506665 0.0057001710818651132 0.0082919858142373876 0.0021771606949120511 -0.0099617665298660178 0.019490596909791814
leaf_weight=218.37268197536469 97.847680613398552 74.782575592398643 133.36918930709362 102.69107873737812 74.840312242507935 120.03880052268505 137.13098646700382 180.04548507928848 148.82624390721321 188.08731397986412 159.54173482954502 76.196532785892487 130.58591224253178 74.19713394343853 119.21768943965435 78.213859558105469 141.1255991011858 89.131670609116554 132.20213285088539 155.58280789852142 98.588616594672203 197.67327280342579
leaf_count=1139 392 337 614 419 301 547 716 773 607 777 642 307 640 315 477 314 566 370 552 626 409 960
internal_value=-3.37931e-07 -0.010702 0.0102562 0.00558786 -0.0054471 -0.0214342 0.0204305 0.00855981 -0.00318343 -0.00918233 -0.00373589 0.00173796 -0.0232411 0.00737318 0.000553565 -0.00275757 -0.00220857 0.00802165 0.00730865 0.00283294 -0.0111936 0.0184204
internal_weight=2928.29 1433 1495.29 1027.11 964.006 468.997 468.173 578.268 602.548 361.459 527.707 448.845 348.959 398.222 217.065 378.881 300.667 295.531 221.334 231.779 173.371 331.042
internal_count=12800 6279 6521 4231 3953 2326 2290 2429 2430 1523 2129 1802 1779 1656 869 1522 1208 1237 922 933 746 1574
is_linear=0
shrinkage=0.02


Tree=47
num_leaves=27
num_cat=0
split_feature=0 0 0 0 0 0 0 1 0 2 0 1 1 1 1 1 1 0 1 0 1 0 0 1 0 0
split_gain=776.111 197.386 173.19 28.3267 19.5765 9.96524 8.4246 6.90175 3.83255 3.13716 2.93826 1.72294 1.58427 3.18868 1.96308 1.42169 1.33683 1.33485 1.07753 2.32426 0.433399 0.407785 1.06687 0.499744 0.363432 0.173043
threshold=-1.0000000180025095e-35 -0.85975876450538624 0.89663067460060131 0.26633311808109289 -0.42618812620639795 -1.0583763122558592 1.6977696418762209 4.8250000476837167 0.69039613008499157 -0.014999999664723871 -0.29239994287490839 12.425000190734865 10.041666984558107 13.941666603088381 6.9583332538604745 10.041666984558107 13.141666412353517 -1.3729133009910581 8.8750000000000018 -0.62807917594909657 3.4583333730697636 0.37188957631587988 0.45380601286888128 9.1750001907348651 1.1506889462471011 0.11304757371544839
decision_type=2 2 2 2 2 2 2 2 2 2 2 2 2 2 2 2 2 2 2 2 2 2 2 2 2 2
left_child=1 5 3 12 7 17 20 -3 11 -6 -11 21 14 25 -2 -12 -17 -1 -9 -20 -4 -5 -23 -24 -22 -14
right_child=2 4 6 8 9 -7 -8 18 -10 10 15 -13 13 -15 -16 16 -18 -19 19 -21 24 22 23 -25 -26 -27
leaf_value=-0.024554192041754665 0.0021290597520335903 -0.014454064489445596 0.020783571676448311 0.0066302908636282588 0.00069404065145907672 -0.015661215920262223 0.024752475843531924 -0.0056961954440784028 0.011598520106224468 -0.0060404443353930925 -0.0010268865239530249 0.0049830289161444863 0.0032519471560530223 -0.00036261212141636151 -0.0022003815795154516 -0.005135835026644821 -0.0021318431419380126 -0.020151953944634631 -0.011312020696728762 -0.0063923965740530974 0.015087084341857916 0.010922224895359607 0.0086479409383760468 0.0060032835656275612 0.018529586008718103 0.0047201745310922975
leaf_weight=215.77811539173126 89.085699900984764 74.757071226835251 82.739762410521507 95.393123030662537 74.84281750023365 119.36793000996113 135.48430678248405 107.12258477509022 124.35036398470402 148.70116871595383 133.99540670216084 100.06263342499733 84.400917440652847 95.907409638166428 75.57422062754631 117.69707217812538 127.12175451219082 129.44357970356941 73.64156349003315 105.19273899495602 107.68501169979572 74.15949635207653 109.13214379549026 74.068301662802696 138.20614503324032 103.81882786750793
leaf_count=1139 357 321 402 394 301 547 716 452 538 607 538 416 338 385 303 473 511 640 316 434 498 311 459 311 674 419
internal_value=-3.15558e-07 -0.0105308 0.0100898 0.00548424 -0.00534524 -0.0212113 0.0202033 -0.00902064 0.00840753 -0.00312171 -0.00366366 0.00748409 0.0017041 0.00260357 0.00013941 -0.00270385 -0.00360593 -0.0230291 -0.00750967 -0.00852094 0.0181894 0.00816145 0.00867349 0.00765508 0.0171559 0.00410291
internal_weight=2917.73 1427.66 1490.07 1025.95 963.072 464.59 464.115 360.714 577.166 602.358 527.515 452.816 448.787 284.127 164.66 378.814 244.819 345.222 285.957 178.834 328.631 352.753 257.36 183.2 245.891 188.22
internal_count=12800 6279 6521 4231 3953 2326 2290 1523 2429 2430 2129 1891 1802 1142 660 1522 984 1779 1202 750 1574 1475 1081 770 1172 757
is_linear=0
shrinkage=0.02


Tree=48
num_leaves=32
num_cat=0
split_feature=5 5 5 5 3 2 1 1 5 1 1 5 5 5 1 5 5 5 5 5 1 1 1 1 1 5 1 1 3 1 1
split_gain=10.0303 27.6675 7.66869 7.02106 2.95945 3.1051 2.94325 2.55585 1.90867 1.75442 1.71548 1.64161 5.55149 2.32475 1.71727 1.53701 7.28236 1.70664 1.50017 0.907547 0.78947 0.760376 0.746561 2.18806 2.42094 2.08181 1.12795 0.467991 0.303598 0.162359 0.0804631
threshold=0.48000000417232519 0.45999999344348913 0.41000001132488256 0.33999998867511755 0.024999999441206459 0.014999999664723875 8.6916666030883807 8.4749999046325701 0.44499999284744268 1.8916666507720949 3.8249999284744267 0.27999998629093176 0.31499999761581426 0.22000001370906833 6.0916666984558114 0.14999999105930331 0.13499999046325686 0.17000000178813937 0.42500001192092901 0.029999986290931705 8.8249998092651385 5.8416666984558114 7.9083333015441903 10.875000000000002 12.375000000000002 0.094999998807907118 5.1416666507720956 10.175000190734865 1.0000000180025095e-35 9.5916666984558123 7.3916666507720956
decision_type=2 2 2 2 2 2 2 2 2 2 2 2 2 2 2 2 2 2 2 2 2 2 2 2 2 2 2 2 2 2 2
left_child=1 2 3 4 5 11 -6 10 18 -2 -5 13 30 15 -15 16 19 -17 -4 27 -19 -12 26 -24 -25 28 -21 -1 -26 -16 -13
right_child=9 -3 8 7 6 -7 -8 -9 -10 -11 21 12 -14 14 29 17 -18 20 -20 22 -22 -23 23 24 25 -27 -28 -29 -30 -31 -32
leaf_value=0.00013532387076394212 0.0027916076908656618 -0.010472080301891012 0.004408279586619001 -0.0017324391607433326 -0.0046283479898514201 0.0035117552723478601 -1.004318528031845e-05 -7.7750814929971018e-05 0.0060492813249939468 0.0075357378886643971 -0.0070449215111870614 -0.0031861095268089453 0.0023171521379993223 -0.00028832750165855493 0.0041936170869214364 -0.0029538446664046916 0.0058517758818908121 0.0013675659410958231 0.00055021657890698178 -0.00024184092816724315 -0.00099004912175099016 -0.0038975866743663433 -0.0022350110082022634 0.0033675143667975618 0.0016306387384617093 -0.0029944698179559894 0.0030602648268135851 -0.0017847524868037186 5.8006519613176551e-06 0.0027355174941700016 -0.0045227975107222885
leaf_weight=77.905272737145424 62.162029474973679 100.15936154127121 69.87443134188652 80.463511884212494 93.411372289061546 122.83169980347157 130.98380023241043 86.216333821415901 78.604532763361931 68.97276882827282 66.295493230223656 68.28838038444519 96.767993658781052 70.989014089107513 72.255928575992584 115.1604488492012 92.010212242603302 97.046920448541641 93.326287448406219 76.801001086831093 131.23972584307194 76.784416779875755 129.45354269444942 101.23694211244583 100.39724166691303 75.887449264526367 87.026135787367821 142.39389510452747 83.538978889584541 91.690456137061119 67.059096604585648
leaf_count=312 326 550 341 394 392 509 537 417 415 369 323 305 442 301 306 474 386 405 478 310 546 374 522 409 404 308 351 571 336 386 301
internal_value=-2.33263e-08 -0.000257016 0.000132865 -0.000205689 0.000205439 0.000462557 -0.00195646 -0.00300849 0.00351466 0.00536259 -0.00412811 0.000248094 -0.00131314 0.000484037 0.00230716 0.000154084 0.000562337 -0.000991568 0.00223542 -6.18131e-06 1.53692e-05 -0.00543291 0.000367911 -2.41836e-05 0.000776425 -0.000251171 0.00152801 -0.00111064 0.00090068 0.00342094 -0.0039046
internal_weight=2907.23 2776.1 2675.94 2434.14 2124.38 1899.98 224.395 309.76 241.805 131.135 223.543 1777.15 232.115 1545.03 234.935 1310.1 966.651 343.447 163.201 874.64 228.287 143.08 654.341 490.514 361.061 259.824 163.827 220.299 183.936 163.946 135.347
internal_count=12800 12105 11555 10321 8813 7884 929 1508 1234 695 1091 7375 1048 6327 993 5334 3909 1425 819 3523 951 697 2640 1979 1457 1048 661 883 740 692 606
is_linear=0
shrinkage=0.02


Tree=49
num_leaves=28
num_cat=0
split_feature=0 0 0 0 0 0 0 1 1 0 3 3 1 0 0 1 0 0 3 0 1 1 0 0 1 1 1
split_gain=747.364 235.521 129.327 20.9945 20.5963 14.0464 8.44015 5.40963 4.66456 4.82361 3.79014 3.18115 2.61098 2.55035 2.42892 2.1528 1.4484 1.04804 1.76032 1.04644 0.873015 0.439743 0.366747 0.271011 0.180155 0.127072 0.0478802
threshold=0.11304757371544839 -0.7555200159549712 0.89663067460060131 -0.29239994287490839 -1.0583763122558592 0.34515604376792913 1.6977696418762209 6.0916666984558114 9.1083335876464862 -0.13831529766321179 0.014999999664723875 1.0000000180025095e-35 10.458333015441896 -0.42618812620639795 0.69039613008499157 12.308333396911623 -1.3729133009910581 0.21471916884183886 1.0000000180025095e-35 0.16367168724536899 10.175000190734865 3.4583333730697636 1.1506889462471011 -0.85975876450538624 6.9583332538604745 5.8416666984558114 12.574999809265138
decision_type=2 2 2 2 2 2 2 2 2 2 2 2 2 2 2 2 2 2 2 2 2 2 2 2 2 2 2
left_child=1 4 5 12 16 17 21 -5 -9 26 11 -11 13 25 20 -14 -1 19 -19 -2 24 -4 -23 -6 -7 -3 -10
right_child=2 3 6 7 23 14 -8 8 9 10 -12 -13 15 -15 -16 -17 -18 18 -20 -21 -22 22 -24 -25 -26 -27 -28
leaf_value=-0.024358114380863004 0.0039468258726628449 -0.010891180744058036 0.020542519013970081 -0.0057061812436096293 -0.015424363325120729 0.0078245696925202252 0.02455008333578625 0.0035697147146093924 -0.0048505443489315564 0.00073352194421964344 0.0038633960917967424 -0.0038910326739286195 -0.0026750362265066702 -0.0051724828191894289 0.011419494811834959 -0.0069824970748991926 -0.019896374561688749 0.0068865411009991911 0.0027618130137895369 0.00070139400641953649 0.0065544697272927064 0.014877283872056855 0.018297803141226778 -0.012110475030920291 0.0099529476027559929 -0.008576068403961485 -0.0036454205171658123
leaf_weight=212.99516509473324 76.147122532129288 72.672011509537697 81.98283839225769 93.960069239139557 118.64871299266815 107.48280744254589 133.63574659824371 89.576316297054291 74.627964124083519 141.60453048348427 76.232273265719414 99.976018413901329 88.444970339536667 83.636567175388336 123.97588366270065 105.65146102011204 128.12799370288849 74.567946404218674 100.46521930396557 83.015112593770027 150.32098178565502 107.10682454705238 137.08473497629166 74.113734811544418 91.68445186316967 103.82835210859776 74.802654832601547
leaf_count=1139 307 305 402 377 547 453 716 359 300 568 305 401 363 343 538 433 640 303 408 334 632 498 674 337 387 430 301
internal_value=5.08102e-09 -0.0089144 0.0115226 -0.00363047 -0.0197965 0.0066749 0.0199719 -0.00131981 -0.000561857 -0.00136577 3.37301e-05 -0.00119654 -0.00692065 -0.00825451 0.00888828 -0.00506699 -0.022808 0.00350493 0.00457698 0.0022838 0.00793049 0.0179581 0.0169305 -0.0142877 0.00889356 -0.00964064 -0.00430339
internal_weight=2906.37 1638.9 1267.47 1105.01 533.886 807.66 459.81 650.78 556.82 467.243 317.813 241.581 454.233 260.137 473.464 194.096 341.123 334.195 175.033 159.162 349.488 326.174 244.192 192.762 199.167 176.5 149.431
internal_count=12800 7148 5652 4485 2663 3362 2290 2611 2234 1875 1274 969 1874 1078 2010 796 1779 1352 711 641 1472 1574 1172 884 840 735 601
is_linear=0
shrinkage=0.02


Tree=50
num_leaves=25
num_cat=0
split_feature=0 0 0 0 0 0 0 1 0 2 0 0 0 1 1 1 1 1 0 1 1 0 1 1
split_gain=721.245 188.42 165.256 26.2639 18.181 9.98468 8.48508 6.58458 3.10693 3.00507 2.71189 2.35969 1.50606 1.48232 2.18725 1.35138 1.2859 1.09842 2.2526 0.845242 0.45464 0.383234 0.175364 0.0573277
threshold=-1.0000000180025095e-35 -0.85975876450538624 0.89663067460060131 0.34515604376792913 -0.42618812620639795 -1.0583763122558592 1.6977696418762209 4.8250000476837167 0.21471916884183886 -0.014999999664723871 -0.29239994287490839 0.69039613008499157 -1.3729133009910581 10.041666984558107 13.041666984558107 10.041666984558107 13.141666412353517 8.8750000000000018 -0.62807917594909657 10.175000190734865 3.4583333730697636 1.1506889462471011 6.9583332538604745 11.041666984558107
decision_type=2 2 2 2 2 2 2 2 2 2 2 2 2 2 2 2 2 2 2 2 2 2 2 2
left_child=1 5 3 8 7 12 20 -3 13 -6 -11 19 -1 -2 -15 -12 -17 -9 -19 22 -4 -22 -5 -10
right_child=2 4 6 11 9 -7 -8 17 23 10 15 -13 -14 14 -16 16 -18 18 -20 -21 21 -23 -24 -25
leaf_value=-0.02416911925565117 -0.00043562878285033395 -0.014028238629619398 0.020316946552021917 0.0076843499114655957 0.00072315375575293119 -0.015206223349246593 0.0243641494574037 -0.0054137223937895948 0.0050182182040334122 -0.0058274349087307775 -0.00098475374930035689 0.0112305604386358 -0.019678466476378668 0.0043578291707555795 0.00053856129517025272 -0.0049996339820712193 -0.0020542328556766303 -0.010995243188819758 -0.0061536052141710693 0.0064343361511583069 0.014666195213956679 0.018078556699997743 0.0097801182300415977 0.0038330247854471392
leaf_weight=210.40918643772602 132.28011964261532 74.226693883538246 81.264659464359283 107.29362884163857 74.825055062770844 117.97923439741135 131.99425463378429 106.74151235818863 89.620560497045517 148.45369017124176 133.97102521359921 123.57800890505314 126.98951667547226 103.67210912704468 140.22962792217731 117.63641773164272 127.0805811882019 73.252670094370842 104.95251961052418 150.10457198321819 106.51025684177876 136.00741566717625 91.47601880133152 85.317893415689468
leaf_count=1139 530 321 402 453 301 547 716 452 364 607 538 538 640 417 563 473 511 316 434 632 498 674 387 347
internal_value=1.37055e-07 -0.0101927 0.00976061 0.00528108 -0.00515189 -0.0207629 0.0197536 -0.00870382 0.00230161 -0.00301076 -0.0035415 0.0087323 -0.0226049 0.00126554 0.00218421 -0.00261946 -0.00349915 -0.00722873 -0.00824374 0.0077884 0.017736 0.0167121 0.00873666 0.00449006
internal_weight=2895.87 1416.52 1479.35 1023.57 961.14 455.378 455.777 359.173 551.12 601.967 527.142 472.452 337.399 376.182 243.902 378.688 244.717 284.947 178.205 348.874 323.782 242.518 198.77 174.938
internal_count=12800 6279 6521 4231 3953 2326 2290 1523 2221 2430 2129 2010 1779 1510 980 1522 984 1202 750 1472 1574 1172 840 711
is_linear=0
shrinkage=0.02


Tree=51
num_leaves=30
num_cat=0
split_feature=5 5 5 5 3 2 1 1 5 1 1 1 1 1 1 1 1 2 1 5 1 3 1 5 5 5 1 1 1
split_gain=9.01748 25.0632 6.94247 6.34404 2.90124 2.98702 2.78132 2.52465 1.67611 1.61803 1.57332 1.52749 1.9166 2.60529 6.80819 2.26988 2.30118 2.05947 3.05092 1.64094 1.87181 1.59087 1.36189 1.26141 1.19298 0.804311 3.2283 0.748026 0.339393
threshold=0.48000000417232519 0.45999999344348913 0.41000001132488256 0.33999998867511755 0.024999999441206459 0.014999999664723875 8.6916666030883807 8.4749999046325701 0.44499999284744268 1.8916666507720949 3.8249999284744267 3.0249999761581425 8.6916666030883807 11.425000190734865 12.47499990463257 13.141666412353517 13.708333015441896 1.0000000180025095e-35 4.8250000476837167 0.14999999105930331 10.341666698455812 1.0000000180025095e-35 10.408333301544191 0.42500001192092901 0.094999998807907118 0.16500000655651095 6.8916666507720956 5.8416666984558114 14.324999809265138
decision_type=2 2 2 2 2 2 2 2 2 2 2 2 2 2 2 2 2 2 2 2 2 2 2 2 2 2 2 2 2
left_child=1 2 3 4 5 11 -6 10 23 -2 -5 -1 17 19 21 -16 -17 18 -13 20 -14 -15 -21 -4 -20 -26 -27 -12 -18
right_child=9 -3 8 7 6 -7 -8 -9 -10 -11 27 12 13 14 15 16 28 -19 24 22 -22 -23 -24 -25 25 26 -28 -29 -30
leaf_value=-0.0019241745228938873 0.0026528730531241475 -0.010105551307502226 0.0041780254799017079 -0.0016880988162108754 -0.0045516139768719214 0.0034444176945229543 -5.5000174507208795e-05 4.9057736571254064e-05 0.0057849909667545083 0.0072652010699591242 -0.0068689885799256955 -0.0020034939713866728 0.0016762996488407528 0.0022272732578202826 -0.0027652527869194347 0.0023629685711888514 -0.001634768847397979 0.0040389144068985697 -0.00030366900622677383 -0.0038256971724144814 -0.0021663222785251253 0.006004473423210234 -0.0005582927417275425 0.00060371044740055999 0.0041033563991021271 0.0041958479162828646 -0.001086851092663586 -0.0037350667170057391 -0.00011230043409792085
leaf_weight=119.65967613458633 60.661824703216553 97.337138205766678 68.624901384115219 79.113703116774559 93.057620793581009 122.50512224435806 130.76087296009064 84.96367771923542 76.766002848744392 67.180473178625107 65.251245647668839 114.72755165398121 112.00577567517757 105.16486635804176 133.00277291238308 131.7066143155098 123.23158319294453 93.016595885157585 85.78050123155117 128.75953537225723 89.326581060886383 80.858806997537613 84.96212936937809 91.431062996387482 77.306427344679832 93.798395290970802 88.231384426355362 75.596084415912628 110.61972261965275
leaf_count=508 326 550 341 394 392 509 537 417 415 369 323 486 453 436 547 540 501 393 344 555 362 335 362 478 318 407 381 374 447
internal_value=3.33559e-07 -0.000242024 0.000126201 -0.000194261 0.000194896 0.000449864 -0.00194832 -0.00288161 0.00337967 0.0051512 -0.00400387 0.000239208 0.000397998 -8.53882e-05 0.000672117 -0.000548873 0.000268182 0.00135629 0.000798518 -0.00133204 -3.31229e-05 0.00391551 -0.002544 0.00216887 0.00173617 0.00240805 0.00165129 -0.00526278 -0.000921648
internal_weight=2885.41 2757.57 2660.23 2423.41 2118.48 1894.66 223.818 304.925 236.822 127.842 219.961 1772.16 1652.5 1099.64 684.584 498.561 365.558 552.861 459.844 415.054 201.332 186.024 213.722 160.056 345.117 259.336 182.03 140.847 233.851
internal_count=12800 12105 11555 10321 8813 7884 929 1508 1234 695 1091 7375 6867 4538 2806 2035 1488 2329 1936 1732 815 771 917 819 1450 1106 788 697 948
is_linear=0
shrinkage=0.02


Tree=52
num_leaves=22
num_cat=0
split_feature=0 0 0 0 0 0 0 0 0 0 0 0 2 0 2 0 0 0 0 0 0
split_gain=694.986 223.756 124.005 20.354 19.4048 13.1091 8.49035 2.63311 2.29791 2.06718 1.61543 0.962799 0.922666 2.70443 0.722217 0.514496 0.435281 0.424789 0.240701 0.149865 0.0928358
threshold=0.11304757371544839 -0.7555200159549712 0.89663067460060131 -1.0583763122558592 -0.29239994287490839 0.34515604376792913 1.6977696418762209 -0.087851781398057924 0.69039613008499157 -0.62807917594909657 -1.3729133009910581 0.26633311808109289 1.0000000180025095e-35 0.037611209787428386 1.0000000180025095e-35 -0.45380596816539759 -0.1891338303685188 0.16367168724536899 -0.85975876450538624 0.42618820071220404 1.1506889462471011
decision_type=2 2 2 2 2 2 2 2 2 2 2 2 2 2 2 2 2 2 2 2 2
left_child=1 3 5 10 9 11 20 16 14 -3 -1 17 13 -9 19 -11 -6 -2 -5 -7 -4
right_child=2 4 6 18 7 8 -8 12 -10 15 -12 -13 -14 -15 -16 -17 -18 -19 -20 -21 -22
leaf_value=-0.023982893595539654 0.003847305206406389 -0.0093139070724917051 0.015705713507448257 -0.014975310372673543 -0.0034424232290443213 0.008061797571630407 0.02417283481950231 -0.0010031249595814056 0.011045228276402011 -0.0068690543323625996 -0.019432449129637579 0.0049938022172489101 -0.0018253674803633763 0.0032220091539250355 0.0093300758849984931 -0.0051010275231288442 -0.001872267116032794 0.0019725763429601986 -0.011762859652708957 0.0063682018169038792 0.018576711716659589
leaf_weight=207.6472205221653 76.108735278248787 97.859284624457359 130.27932371199131 117.25781796872616 144.02751797437668 75.823848634958267 130.16222368180752 167.60015311837196 123.1798182874918 151.46425279974937 125.6833955347538 102.3763033002615 89.129407167434692 92.355550467967987 95.979031696915627 203.75867272913456 157.52645006775856 155.44414867460728 73.525579243898392 176.4352775812149 191.09927514195442
leaf_count=1139 307 409 614 547 580 321 716 672 538 630 640 419 357 370 408 835 632 626 337 743 960
internal_value=3.93316e-07 -0.00862118 0.0111624 -0.019356 -0.00349784 0.00643195 0.0195339 -0.00127762 0.00857699 -0.00666652 -0.0223933 0.00337069 -9.24572e-05 0.000511095 0.00764584 -0.00588914 -0.00263994 0.00261645 -0.0138721 0.00693667 0.0175172
internal_weight=2884.72 1627.84 1256.89 524.114 1103.72 805.347 451.541 650.639 471.418 453.082 333.331 333.929 349.085 259.956 348.238 355.223 301.554 231.553 190.783 252.259 321.379
internal_count=12800 7148 5652 2663 4485 3362 2290 2611 2010 1874 1779 1352 1399 1042 1472 1465 1212 933 884 1064 1574
is_linear=0
shrinkage=0.02


Tree=53
num_leaves=30
num_cat=0
split_feature=5 5 5 5 3 2 1 1 5 1 1 1 1 1 1 1 1 2 1 5 1 3 1 5 5 5 1 1 1
split_gain=8.38665 23.4211 6.47755 5.91743 2.80031 2.87559 2.67682 2.44746 1.54219 1.52696 1.50487 1.47557 1.83725 2.50952 6.53793 2.17663 2.21114 1.97315 2.95724 1.56758 1.79858 1.52642 1.31191 1.15902 1.12844 0.759801 3.0591 0.727687 0.320737
threshold=0.48000000417232519 0.45999999344348913 0.41000001132488256 0.33999998867511755 0.024999999441206459 0.014999999664723875 8.6916666030883807 8.4749999046325701 0.44499999284744268 1.8916666507720949 3.8249999284744267 3.0249999761581425 8.6916666030883807 11.425000190734865 12.47499990463257 13.141666412353517 13.708333015441896 1.0000000180025095e-35 4.8250000476837167 0.14999999105930331 10.341666698455812 1.0000000180025095e-35 10.408333301544191 0.094999998807907118 0.42500001192092901 0.16500000655651095 6.8916666507720956 5.8416666984558114 14.324999809265138
decision_type=2 2 2 2 2 2 2 2 2 2 2 2 2 2 2 2 2 2 2 2 2 2 2 2 2 2 2 2 2
left_child=1 2 3 4 5 11 -6 10 24 -2 -5 -1 17 19 21 -16 -17 18 -13 20 -14 -15 -21 -20 -4 -25 -27 -12 -18
right_child=9 -3 8 7 6 -7 -8 -9 -10 -11 27 12 13 14 15 16 28 -19 23 22 -22 -23 -24 25 -26 26 -28 -29 -30
leaf_value=-0.0018965332360170468 0.0025604879012571481 -0.0098447832604457528 0.0040240838468758025 -0.0016301769855541514 -0.0044756157948460246 0.003378956364368621 -6.0988643307500626e-05 0.00010109188729375304 0.0056052874817536669 0.0070698907628203031 -0.0067284308857800765 -0.0019804182336987915 0.0016353859180624451 0.0021841772025822104 -0.0027099313453755741 0.0023162692822823201 -0.0015980563497713213 0.0039557749966604482 -0.00030527613888958462 -0.0037561880437481381 -0.0021320373192762867 0.0058866208575703407 -0.00054556004191792405 0.0040168318471762452 0.00062523190665025982 0.0041113776996296253 -0.0010383608331720525 -0.003629621212041263 -0.00011753998533554889
leaf_weight=119.41910655796528 59.906551271677017 95.790986865758896 67.980908572673798 78.473887294530869 92.885703906416893 122.3309697508812 130.63761208951473 84.32504715025425 75.806878805160522 66.238950401544571 64.703349575400352 114.50739689171314 111.96295404434204 105.03494229912758 132.87298288941383 131.59142476320267 123.16585694253445 92.823249235749245 85.772036388516426 128.42922115325928 89.291912078857422 80.74650639295578 84.770630538463593 77.228263482451439 90.489125072956085 93.523177862167358 87.997381374239922 74.981623947620392 110.58338576555252
leaf_count=508 326 550 341 394 392 509 537 417 415 369 323 486 453 436 547 540 501 393 344 555 362 335 362 318 478 407 381 374 447
internal_value=4.59038e-07 -0.000232583 0.000121725 -0.000186966 0.000188053 0.00043873 -0.00191892 -0.00279385 0.00328245 0.00500176 -0.00390359 0.000231903 0.00038803 -8.53805e-05 0.000658259 -0.000538406 0.000261824 0.00132725 0.000780865 -0.00130991 -4.06601e-05 0.00383893 -0.00249654 0.00170476 0.00211526 0.00236829 0.00163078 -0.00513973 -0.000904585
internal_weight=2874.27 2748.13 2652.34 2418.06 2115.57 1892.05 223.523 302.484 234.277 126.146 218.159 1769.72 1650.3 1098.45 683.995 498.214 365.341 551.852 459.028 414.455 201.255 185.781 213.2 344.521 158.47 258.749 181.521 139.685 233.749
internal_count=12800 12105 11555 10321 8813 7884 929 1508 1234 695 1091 7375 6867 4538 2806 2035 1488 2329 1936 1732 815 771 917 1450 819 1106 788 697 948
is_linear=0
shrinkage=0.02


Tree=54
num_leaves=28
num_cat=0
split_feature=0 0 0 0 0 0 0 1 1 0 3 3 1 0 0 1 0 0 3 0 1 1 0 0 1 1 1
split_gain=669.618 217.782 121.426 20.2621 18.6829 12.6999 8.50503 5.12514 4.42881 4.46288 3.5822 3.04736 2.46373 2.28543 2.23757 2.0506 1.72219 0.921126 1.70736 0.996376 0.853833 0.513063 0.391236 0.235497 0.211497 0.124155 0.0535077
threshold=0.11304757371544839 -0.7555200159549712 0.89663067460060131 -1.0583763122558592 -0.29239994287490839 0.34515604376792913 1.6977696418762209 6.0916666984558114 9.1083335876464862 -0.13831529766321179 0.014999999664723875 1.0000000180025095e-35 10.458333015441896 -0.42618812620639795 0.69039613008499157 12.308333396911623 -1.3729133009910581 0.21471916884183886 1.0000000180025095e-35 0.16367168724536899 10.175000190734865 3.4583333730697636 1.1033552885055544 -0.85975876450538624 6.9583332538604745 5.8416666984558114 12.574999809265138
decision_type=2 2 2 2 2 2 2 2 2 2 2 2 2 2 2 2 2 2 2 2 2 2 2 2 2 2 2
left_child=1 3 5 16 12 17 21 -6 -9 26 11 -11 13 25 20 -14 -1 19 -19 -2 24 -4 -23 -5 -7 -3 -10
right_child=2 4 6 23 7 14 -8 8 9 10 -12 -13 15 -15 -16 -17 -18 18 -20 -21 -22 22 -24 -25 -26 -27 -28
leaf_value=-0.023801499915741948 0.0037755208176062463 -0.010365933114829709 0.019894236276830395 -0.014748563629474359 -0.0055275392620001253 0.0073900631900579265 0.023987129344628474 0.0035060281618638314 -0.0046759783412695854 0.00073558206408145719 0.0037659716507476167 -0.0037911710505426949 -0.0024192397866182281 -0.0049231217934822555 0.010863120650524595 -0.0066195299087854157 -0.019191452125340507 0.0065775464729337556 0.0025215693814486361 0.0006102234276667679 0.0061587178751985883 0.013954635189312009 0.017424448994574203 -0.011574983203490206 0.009512225943174267 -0.0081398989229422743 -0.0034773710880499913
leaf_weight=204.9005778580904 76.081552296876907 72.162128731608391 79.864788025617599 116.53909747302532 93.913604512810707 106.87544786930084 128.34256115555763 89.58255198597908 74.576897025108337 141.5725854486227 76.230516493320465 99.942945599555969 88.247847691178322 83.452818632125854 122.7821883559227 105.3196981549263 124.38517397642136 74.409784883260727 100.30527220666409 82.9799595028162 149.59130166471004 87.84979672729969 151.25540779531002 73.202115163207054 91.135460093617439 103.3440952450037 74.750430926680565
leaf_count=1139 307 305 402 547 377 453 716 359 300 568 305 401 363 343 538 433 640 303 408 334 632 414 758 337 387 430 301
internal_value=5.14465e-07 -0.00847521 0.0109825 -0.019133 -0.00343498 0.00630999 0.0193171 -0.00125703 -0.000519337 -0.00130304 4.29722e-05 -0.00115341 -0.00654677 -0.00784393 0.00842461 -0.00474893 -0.0221865 0.00329747 0.00430387 0.00215232 0.00750605 0.0173002 0.0162759 -0.0136577 0.00845215 -0.00916165 -0.00412987
internal_weight=2873.6 1622.12 1251.47 519.027 1103.1 804.161 447.313 650.57 556.656 467.073 317.746 241.516 452.527 258.959 470.384 193.568 329.286 333.777 174.715 159.062 347.602 318.97 239.105 189.741 198.011 175.506 149.327
internal_count=12800 7148 5652 2663 4485 3362 2290 2611 2234 1875 1274 969 1874 1078 2010 796 1779 1352 711 641 1472 1574 1172 884 840 735 601
is_linear=0
shrinkage=0.02


Tree=55
num_leaves=27
num_cat=0
split_feature=0 0 0 0 0 0 0 1 1 0 1 2 0 0 1 0 0 0 1 1 1 0 0 1 1 1
split_gain=646.045 212.545 118.959 20.178 17.999 12.2705 8.5524 4.92788 4.25732 4.29242 2.38008 2.2674 2.20945 2.17377 1.97518 1.77672 0.941734 0.898803 0.826581 0.579212 0.526644 0.403299 0.235407 0.205588 0.122848 0.0514887
threshold=0.11304757371544839 -0.7555200159549712 0.89663067460060131 -1.0583763122558592 -0.29239994287490839 0.34515604376792913 1.6977696418762209 6.0916666984558114 9.1083335876464862 -0.13831529766321179 10.458333015441896 1.0000000180025095e-35 -0.42618812620639795 0.69039613008499157 12.308333396911623 -1.3729133009910581 -1.0000000180025095e-35 0.26633311808109289 10.175000190734865 9.7750000953674334 3.4583333730697636 1.1033552885055544 -0.85975876450538624 6.9583332538604745 5.8416666984558114 12.574999809265138
decision_type=2 2 2 2 2 2 2 2 2 2 2 2 2 2 2 2 2 2 2 2 2 2 2 2 2 2
left_child=1 3 5 15 10 17 20 -6 -9 25 12 16 24 18 -12 -1 -11 19 23 -2 -4 -22 -5 -7 -3 -10
right_child=2 4 6 22 7 13 -8 8 9 11 14 -13 -14 -15 -16 -17 -18 -19 -20 -21 21 -23 -24 -25 -26 -27
leaf_value=-0.02362519282814966 0.0011567761163653503 -0.010188260058387529 0.019679633007777971 -0.014540800076643158 -0.0054207442636622465 0.007257541577491468 0.023814462275020567 0.0034371477190421411 -0.0045863425323989966 -0.00018147831024315796 -0.0023728527472934298 -0.0027805380597017899 -0.004830738906039792 0.01068351646409493 -0.0064965464008491262 -0.018984544504325102 0.0023347582279858313 0.0048035669006122788 0.0060456961047381632 0.0032656205523778504 0.013755541269274538 0.017214108185166083 -0.011396787924570675 0.0093471796092530618 -0.0079929329621068208 -0.0034105093184515103
leaf_weight=202.34178401529789 85.175818741321564 71.98878887295723 79.150010347366333 115.87545783817768 93.888195723295212 106.68885640799999 126.71849712729454 89.590229123830795 74.553072273731232 122.07042384147644 88.212996035814285 82.091875419020653 83.386711731553078 122.38702680170536 105.20620749890804 123.25916808843613 113.57085880637169 102.2164534330368 149.37963262200356 146.26017850637436 87.372665643692017 150.0778833180666 72.894133791327477 90.927204847335815 103.17785799503326 74.730980515480042
leaf_count=1139 342 305 402 547 377 453 716 359 300 490 363 329 343 538 433 640 455 419 632 591 414 758 337 387 430 301
internal_value=6.2813e-07 -0.00833619 0.0108116 -0.0189266 -0.00336975 0.00619491 0.019109 -0.00123261 -0.000509281 -0.00127777 -0.00642662 4.22016e-05 -0.00770275 0.00827673 -0.00465938 -0.0219951 0.0010407 0.00323434 0.00737148 0.00250606 0.017088 0.016067 -0.0134589 0.00830305 -0.00899998 -0.00405059
internal_weight=2863.19 1616.84 1246.35 514.371 1102.47 803.035 443.319 650.496 556.607 467.017 451.973 317.733 258.553 469.383 193.419 325.601 235.641 333.652 346.996 231.436 316.601 237.451 188.77 197.616 175.167 149.284
internal_count=12800 7148 5652 2663 4485 3362 2290 2611 2234 1875 1874 1274 1078 2010 796 1779 945 1352 1472 933 1574 1172 884 840 735 601
is_linear=0
shrinkage=0.02


Tree=56
num_leaves=28
num_cat=0
split_feature=0 0 0 0 0 0 0 1 0 0 1 0 1 3 1 1 1 1 1 1 0 1 1 0 1 3 1
split_gain=623.32 171.772 150.738 22.7999 15.7461 10.2831 8.59957 4.97541 2.96414 2.65183 2.64455 2.11177 1.80785 1.64886 1.36618 2.08102 1.24849 2.05786 1.18919 2.8547 1.00611 0.800226 0.539963 0.418226 0.199866 0.140871 0.0037877
threshold=-1.0000000180025095e-35 -0.85975876450538624 0.89663067460060131 0.34515604376792913 -0.45380596816539759 -1.3729133009910581 1.6977696418762209 5.0750000476837167 -0.1891338303685188 0.21471916884183886 8.8750000000000018 0.69039613008499157 8.5583333969116229 1.0000000180025095e-35 10.041666984558107 13.041666984558107 13.141666412353517 10.041666984558107 10.875000000000002 7.7750000953674325 -0.62807917594909657 10.175000190734865 3.4583333730697636 1.1506889462471011 6.9583332538604745 1.0000000180025095e-35 12.208333015441896
decision_type=2 2 2 2 2 2 2 2 2 2 2 2 2 2 2 2 2 2 2 2 2 2 2 2 2 2 2
left_child=1 5 3 9 7 -1 22 -3 18 14 -9 21 -7 -11 -2 -16 17 -10 19 -6 -12 24 -4 -24 -5 -20 -23
right_child=2 4 6 11 8 12 -8 10 16 13 20 -13 -14 -15 15 -17 -18 -19 25 -21 -22 26 23 -25 -26 -27 -28
leaf_value=-0.023452692793959229 -0.00046489767487727313 -0.012934549064375619 0.01946846570304472 0.0071273554032338414 -0.0029873634831165249 -0.01819583376240623 0.023645643154976158 -0.004058724396751613 -0.00038501819760024432 0.0063842013856816541 -0.010373877910331399 0.010506880899305739 -0.013251150638923109 0.0023998829923086167 0.004171139222345392 0.00044606989263195089 0.00024643230216056923 -0.0046414837973589524 -0.0036108408301423439 -0.0081481647707831468 -0.0066638928244651362 0.0065430495500915934 0.01385865660661687 0.017214377000980104 0.009185019951811849 -0.002303810125692105 0.0051809909967173431
leaf_weight=199.79381918907166 132.24969367682934 75.042019948363304 78.437241449952126 106.50326533615589 98.872875288128853 162.54028536379337 125.10130341351032 90.551092833280563 93.989734143018723 74.305881142616272 72.48577044904232 121.99325393140316 74.812482789158821 100.22186863422394 103.58813604712486 140.17120642960072 108.82681028544903 86.668392136693001 77.177771180868149 79.235208943486214 82.656482443213463 74.043601468205452 104.16507950425148 131.6388481259346 90.719275817275047 91.904542446136475 75.125940904021263
leaf_count=1139 530 329 402 453 405 819 716 387 377 303 316 538 368 408 417 563 437 348 314 323 344 314 498 674 387 373 318
internal_value=6.64523e-07 -0.00955213 0.0091367 0.00489636 -0.00479012 -0.0199123 0.0189041 -0.00839385 -0.00295408 0.00212457 -0.00691374 0.00813141 -0.016761 0.00414933 0.00116777 0.00205014 -0.00144501 -0.00245547 -0.00419685 -0.00534824 -0.00850725 0.0072393 0.0168789 0.015861 0.00815656 -0.00293564 0.0059347
internal_weight=2852.82 1394.56 1458.26 1018.92 957.411 437.147 439.342 320.735 636.675 550.537 245.693 468.385 237.353 174.528 376.009 243.759 289.485 180.658 347.19 178.108 155.142 346.392 314.241 235.804 197.223 169.082 149.17
internal_count=12800 6279 6521 4231 3953 2326 2290 1376 2577 2221 1047 2010 1187 711 1510 980 1162 725 1415 728 660 1472 1574 1172 840 687 632
is_linear=0
shrinkage=0.02


Tree=57
num_leaves=28
num_cat=0
split_feature=0 0 0 0 0 0 0 1 1 0 3 3 1 0 1 0 1 0 0 1 1 1 0 0 1 1 1
split_gain=601.579 202.565 114.128 20.0743 16.7068 11.4261 8.64618 4.74609 4.11514 3.99296 3.47332 2.8783 2.27243 2.1304 2.7922 2.05056 1.93439 1.85114 0.838586 0.773352 0.552882 0.541032 0.43187 0.196092 0.194322 0.0410789 0.00392647
threshold=0.11304757371544839 -0.7555200159549712 0.89663067460060131 -1.0583763122558592 -0.29239994287490839 0.34515604376792913 1.6977696418762209 6.0916666984558114 9.1083335876464862 -0.13831529766321179 0.014999999664723875 1.0000000180025095e-35 10.458333015441896 -0.53889259696006764 6.8916666507720956 0.69039613008499157 12.308333396911623 -1.3729133009910581 0.26633311808109289 10.175000190734865 3.4583333730697636 9.7750000953674334 1.1033552885055544 -0.85975876450538624 6.9583332538604745 12.574999809265138 12.208333015441896
decision_type=2 2 2 2 2 2 2 2 2 2 2 2 2 2 2 2 2 2 2 2 2 2 2 2 2 2 2
left_child=1 3 5 17 12 18 20 -6 -9 25 11 -11 13 -3 -15 19 -14 -1 21 24 -4 -2 -22 -5 -7 -10 -21
right_child=2 4 6 23 7 15 -8 8 9 10 -12 -13 16 14 -16 -17 -18 -19 -20 26 22 -23 -24 -25 -26 -27 -28
leaf_value=-0.023283823185314283 0.0011108943980423333 -0.0095923365406743073 0.019260584332419201 -0.01410744327551881 -0.0052957169054640542 0.0069994591508519347 0.023480496468353346 0.0034047188242861863 -0.0044070793236460452 0.00069995223049350405 0.0037080782283760967 -0.0037000346863043649 -0.0022078814951149561 -0.0028338618928733859 -0.0084233755110737218 0.010333145632362263 -0.006285714951472318 -0.018599003196926204 0.00463487393287764 0.0064254463364275625 0.01336170663708384 0.003149062306488194 0.016804621704935598 -0.011078783202198945 0.0090256825848046788 -0.0033046332015430301 0.0050861134348888408
leaf_weight=197.25803273916245 85.162219539284706 110.50736752152443 77.726902648806572 114.4674745798111 93.854780599474907 106.31875978410244 123.4918302744627 89.58900685608387 74.502015143632889 141.55272555351257 76.22814254462719 99.91632929444313 88.081130996346474 73.210845157504082 74.054702281951904 121.6010921895504 104.99993392825127 121.12828001379967 102.07251909375191 73.928598389029503 86.415235817432404 146.17037354409695 147.75077298283577 72.336450129747391 90.511812448501587 74.697611883282661 75.035047069191933
leaf_count=1139 342 467 402 547 377 453 716 359 300 568 305 401 363 305 306 538 433 640 419 314 414 591 758 337 387 301 318
internal_value=8.28125e-07 -0.00806619 0.0104798 -0.0185259 -0.00324274 0.00597386 0.0187023 -0.00118486 -0.000475054 -0.00123086 4.21091e-05 -0.00113614 -0.00619282 -0.00744105 -0.00571984 0.00798906 -0.00446717 -0.0216287 0.00311799 0.00711006 0.0166728 0.00241469 0.015658 -0.0130644 0.00801263 -0.00390615 0.00582713
internal_weight=2842.57 1606.38 1236.19 505.19 1101.19 800.8 435.385 650.341 556.486 466.897 317.697 241.469 450.854 257.773 147.266 467.395 193.081 318.386 333.405 345.794 311.893 231.333 234.166 186.804 196.831 149.2 148.964
internal_count=12800 7148 5652 2663 4485 3362 2290 2611 2234 1875 1274 969 1874 1078 611 2010 796 1779 1352 1472 1574 933 1172 884 840 601 632
is_linear=0
shrinkage=0.02


Tree=58
num_leaves=30
num_cat=0
split_feature=5 5 5 5 3 2 1 1 1 1 1 1 1 1 1 2 1 5 3 1 1 5 5 1 5 1 5 1 1
split_gain=7.0355 19.9281 5.53126 5.07734 2.7498 2.7819 2.49521 2.42561 1.44031 1.35785 1.74719 2.48538 6.13837 2.06109 2.14651 1.89855 2.75084 1.56086 1.49322 1.35086 1.33388 1.22097 1.1491 0.835222 0.667837 2.83915 0.604685 0.337308 0.28956
threshold=0.48000000417232519 0.45999999344348913 0.41000001132488256 0.33999998867511755 0.024999999441206459 0.014999999664723875 8.6916666030883807 8.2249999046325701 3.8249999284744267 3.0249999761581425 8.6916666030883807 11.425000190734865 12.47499990463257 13.141666412353517 13.708333015441896 1.0000000180025095e-35 4.8250000476837167 0.17500001192092898 1.0000000180025095e-35 1.8916666507720949 10.341666698455812 0.44499999284744268 0.094999998807907118 4.6250000000000009 0.16500000655651095 6.8916666507720956 0.37500000000000006 9.8916664123535174 14.324999809265138
decision_type=2 2 2 2 2 2 2 2 2 2 2 2 2 2 2 2 2 2 2 2 2 2 2 2 2 2 2 2 2
left_child=1 2 3 4 5 9 -6 8 -5 -1 15 17 18 -14 -15 16 -11 20 -13 -2 -12 23 -18 -4 -24 -26 -10 -19 -16
right_child=19 -3 21 7 6 -7 -8 -9 26 10 11 12 13 14 28 -17 22 27 -20 -21 -22 -23 24 -25 25 -27 -28 -29 -30
leaf_value=-0.0018318597814147544 0.0023503969114156715 -0.0093286981884049876 0.0036627443898416003 -0.0015816611835092853 -0.0043988637974429427 0.0033226000928523536 -0.0001232469817528513 0.0001192440342386358 -0.0065900010736455704 -0.0019232619500893357 0.0010710957594568685 0.002098439139421945 -0.0026300795557099915 0.0022942219435833984 -0.0015429484832885209 0.0038770084494298739 -0.00035364235338418307 -0.0037905438964261086 0.0057655783023519347 0.0066990216239075128 -0.001916580275682822 0.0052184468957324646 0.0038587297515189577 0.00068528342510779149 0.0040150246251174308 -0.00097413093075497529 -0.0036036221588720669 -0.0019316928309185645 -0.00013469022968244223
leaf_weight=118.34631361067295 56.95695424079895 90.595361560583115 67.624635487794876 75.814807191491127 92.180839642882347 121.69165243208408 130.1862066090107 89.459578230977058 60.985822856426239 113.56929516792297 132.60152524709702 104.57601228356361 132.38199017941952 131.17987444996834 122.92603957653046 92.108180582523346 85.753572881221771 72.853220358490944 80.397185996174812 62.824713215231895 105.56902261078358 72.307740926742554 76.941524356603622 84.674630627036095 92.456252485513687 87.026662558317184 66.806663930416107 101.05349902808666 110.4605854600668
leaf_count=508 326 550 366 394 392 509 537 456 305 486 540 436 547 540 501 393 344 321 335 369 430 415 318 453 407 381 353 441 447
internal_value=9.795e-07 -0.000210003 0.000111945 -0.000170235 0.000174125 0.000423236 -0.00191909 -0.0026272 -0.00382334 0.000219245 0.000369139 -9.29544e-05 0.000647615 -0.000512664 0.00026637 0.00128886 0.000751137 -0.00131569 0.00373696 0.00470378 -0.000258123 0.00309869 0.00164479 0.00203769 0.00231067 0.00161184 -0.00510838 -0.00274465 -0.000883235
internal_weight=2832.31 2712.53 2621.93 2397.33 2104.26 1881.89 222.367 293.067 203.607 1760.2 1641.85 1094 681.922 496.948 364.566 547.855 455.747 412.077 184.973 119.782 238.171 224.607 342.178 152.299 256.424 179.483 127.792 173.907 233.387
internal_count=12800 12105 11555 10321 8813 7884 929 1508 1052 7375 6867 4538 2806 2035 1488 2329 1936 1732 771 695 970 1234 1450 819 1106 788 658 762 948
is_linear=0
shrinkage=0.02


Tree=59
num_leaves=29
num_cat=0
split_feature=0 0 0 0 0 0 0 1 1 0 3 3 1 0 1 0 0 1 3 0 1 1 1 0 1 0 1 1
split_gain=579.749 197.197 111.807 20.0042 16.0986 11.0646 8.65661 4.51993 3.94181 3.85179 3.31566 2.7738 2.19166 2.02965 2.69425 1.99856 1.94907 1.84892 0.82226 1.55544 1.00015 0.751337 0.547105 0.427063 0.19785 0.189758 0.043319 0.00329489
threshold=0.11304757371544839 -0.7555200159549712 0.89663067460060131 -1.0583763122558592 -0.29239994287490839 0.34515604376792913 1.6977696418762209 6.0916666984558114 9.1083335876464862 -0.13831529766321179 0.014999999664723875 1.0000000180025095e-35 10.458333015441896 -0.53889259696006764 6.8916666507720956 0.69039613008499157 -1.3729133009910581 12.308333396911623 1.0000000180025095e-35 0.21471916884183886 11.574999809265138 10.175000190734865 3.4583333730697636 1.1033552885055544 6.9583332538604745 -0.85975876450538624 12.574999809265138 12.208333015441896
decision_type=2 2 2 2 2 2 2 2 2 2 2 2 2 2 2 2 2 2 2 2 2 2 2 2 2 2 2 2
left_child=1 3 5 16 12 18 22 -6 -9 26 11 -11 13 -3 -15 21 -1 -14 19 -2 -20 24 -4 -24 -7 -5 -10 -23
right_child=2 4 6 25 7 15 -8 8 9 10 -12 -13 17 14 -16 -17 -18 -19 20 -21 -22 27 23 -25 -26 -27 -28 -29
leaf_value=-0.023118756431431971 0.0020532367287098923 -0.0094144983465982018 0.019045567273417902 -0.01389075103783953 -0.0051778830809580843 0.0068634768979866046 0.02331185373180476 0.0033242598960110626 -0.0043417584848935101 0.00068883976693304106 0.0036195331343119204 -0.0036307242950357238 -0.0021786911198674228 -0.002793100638298469 -0.0082867507237316586 0.010163433661316923 -0.018374926297155585 -0.0061676226948821321 0.0034506278746067754 0.0061850455152236894 0.00048664704656946231 0.0063016116374512796 0.013187253187719515 0.016603736753524299 0.0088763361809797037 -0.010902332474416044 -0.0032404301141492615 0.0049889818813748082
leaf_weight=194.58492147922516 75.579922050237656 110.24245551228523 76.972672238945961 113.74826137721539 93.821776986122131 106.11407327651978 121.71875116229057 89.598555892705917 74.480714395642281 141.55150072276592 76.227141618728638 99.900458842515945 88.056067049503326 73.174210995435715 73.95172792673111 121.21045842766762 119.87302096188068 104.88389301300049 99.5348149985075 74.193589180707932 83.942687213420868 73.804335281252861 85.986903250217438 146.58266688883305 90.311502620577812 72.021917760372162 74.676409810781479 74.939791902899742
leaf_count=1139 305 467 402 547 377 453 716 359 300 568 305 401 363 305 306 538 640 433 403 303 341 314 414 758 387 337 301 318
internal_value=9.88807e-07 -0.00793032 0.0103119 -0.0183165 -0.00318495 0.00586048 0.0185005 -0.00116538 -0.000472697 -0.00121251 3.77167e-05 -0.00111352 -0.00608322 -0.00731033 -0.00562855 0.00784664 -0.0214379 -0.00438814 0.00305065 0.00415455 0.00211445 0.0069792 0.016471 0.0154638 0.00786908 -0.0128606 -0.00384054 0.00571525
internal_weight=2831.69 1600.79 1230.89 500.228 1100.56 799.631 431.261 650.257 556.435 466.836 317.679 241.452 450.308 257.368 147.126 466.38 314.458 192.94 333.251 149.774 183.478 345.17 309.542 232.57 196.426 185.77 149.157 148.744
internal_count=12800 7148 5652 2663 4485 3362 2290 2611 2234 1875 1274 969 1874 1078 611 2010 1779 796 1352 608 744 1472 1574 1172 840 884 601 632
is_linear=0
shrinkage=0.02


Tree=60
num_leaves=28
num_cat=0
split_feature=0 0 0 0 0 0 0 1 1 0 0 0 1 3 1 1 1 1 1 1 0 4 1 1 0 0 3
split_gain=559.607 160.461 140.707 20.4333 14.1538 10.5071 8.70302 4.78487 2.6662 2.61318 2.33318 1.9405 1.85055 1.53301 1.27796 1.97699 1.17816 1.97612 1.17332 2.69372 0.957503 0.737184 0.913231 0.559918 0.442861 0.210742 0.13566
threshold=-1.0000000180025095e-35 -0.85975876450538624 0.89663067460060131 0.34515604376792913 -0.45380596816539759 -1.3729133009910581 1.6977696418762209 5.0750000476837167 8.8750000000000018 -0.1891338303685188 0.21471916884183886 0.69039613008499157 8.5583333969116229 1.0000000180025095e-35 10.041666984558107 13.041666984558107 13.141666412353517 10.041666984558107 10.875000000000002 7.7750000953674325 -0.62807917594909657 1.0000000180025095e-35 10.175000190734865 3.4583333730697636 1.1506889462471011 0.51012541353702556 1.0000000180025095e-35
decision_type=2 2 2 2 2 2 2 2 2 2 2 2 2 2 2 2 2 2 2 2 2 2 2 2 2 2 2
left_child=1 5 3 10 7 -1 23 -3 -9 18 14 21 -7 -12 -2 -16 17 -11 19 -6 -10 22 25 -4 -25 -5 -20
right_child=2 4 6 11 9 12 -8 8 20 16 13 -13 -14 -15 15 -17 -18 -19 26 -21 -22 -23 -24 24 -26 -27 -28
leaf_value=-0.022956647796587078 -0.00046447740631607018 -0.012437642636091057 0.018843980859461259 0.0060070055828051715 -0.0028193265866474789 -0.017572289900213808 0.023153722614530886 -0.003663508980073546 -0.0099412414178981379 -0.00033705217458564988 0.0060697345830809562 0.0099952868003514335 -0.01262295149229894 0.002228520109014059 0.0040361703532424253 0.0004051547033942264 0.00025949015659838673 -0.0045079797695303974 -0.0033765025256154843 -0.0078336166482925705 -0.0063319589026246447 0.008516877786262797 0.0045934042688980875 0.013292461851011836 0.016611908618104264 0.0082718493541603516 -0.0021092172336863676
leaf_weight=192.079161927104 132.22591303288937 74.327717915177345 76.268679469823837 70.264164298772812 98.736740291118622 158.52857337892056 120.1287112981081 90.068518802523613 71.926748871803284 93.96110999584198 74.129677191376686 120.82213158905506 73.340681537985802 100.10086295008659 103.52516162395477 140.13997593522072 108.80765295028687 86.62276029586792 77.050461634993553 79.035595893859863 82.345648318529129 94.840540543198586 106.98945818841457 102.46393667161465 128.48756968975067 72.484953239560127 91.793670952320099
leaf_count=1139 530 329 402 300 405 819 716 387 316 377 303 538 368 408 417 563 437 348 314 323 344 408 454 498 674 310 373
internal_value=1.18513e-06 -0.00910426 0.00870175 0.00463287 -0.00453893 -0.0193152 0.0183041 -0.00796968 -0.0065206 -0.00280037 0.00201184 0.00770917 -0.0161281 0.00391317 0.0011145 0.00196815 -0.00138336 -0.00236523 -0.00396871 -0.00511097 -0.00812042 0.00685451 0.00616057 0.0162704 0.015266 0.00725545 -0.00272029
internal_weight=2821.5 1378.63 1442.87 1015.52 954.677 423.948 427.349 318.669 244.341 636.008 550.122 465.401 231.869 174.231 375.891 243.665 289.392 180.584 346.616 177.772 154.272 344.579 249.739 307.22 230.952 142.749 168.844
internal_count=12800 6279 6521 4231 3953 2326 2290 1376 1047 2577 2221 2010 1187 711 1510 980 1162 725 1415 728 660 1472 1064 1574 1172 610 687
is_linear=0
shrinkage=0.02


Tree=61
num_leaves=30
num_cat=0
split_feature=5 5 5 5 3 2 1 1 1 1 1 1 1 1 1 2 1 5 3 1 1 5 5 1 5 1 1 1 1
split_gain=6.32032 18.0533 5.01092 4.62529 2.67481 2.66807 2.37621 2.36211 1.32933 1.30107 1.63624 2.40079 5.84998 1.96449 2.0705 1.83009 2.61048 1.53299 1.44913 1.29355 1.25014 1.10748 1.06376 0.805974 0.624489 2.66343 0.602797 0.324515 0.271762
threshold=0.48000000417232519 0.45999999344348913 0.41000001132488256 0.33999998867511755 0.024999999441206459 0.014999999664723875 8.6916666030883807 8.2249999046325701 3.8249999284744267 3.0249999761581425 8.6916666030883807 11.425000190734865 12.47499990463257 13.141666412353517 13.708333015441896 1.0000000180025095e-35 4.8250000476837167 0.17500001192092898 1.0000000180025095e-35 10.341666698455812 1.8916666507720949 0.094999998807907118 0.44499999284744268 4.6250000000000009 0.16500000655651095 6.8916666507720956 5.8416666984558114 9.8916664123535174 14.324999809265138
decision_type=2 2 2 2 2 2 2 2 2 2 2 2 2 2 2 2 2 2 2 2 2 2 2 2 2 2 2 2 2
left_child=1 2 3 4 5 9 -6 8 -5 -1 15 17 18 -14 -15 16 -11 19 -13 -12 -2 -18 23 -4 -23 -26 -10 -19 -16
right_child=20 -3 22 7 6 -7 -8 -9 26 10 11 12 13 14 28 -17 21 27 -20 -21 -22 24 -24 -25 25 -27 -28 -29 -30
leaf_value=-0.0017997523379403183 0.0022277582324984361 -0.0090078648046209298 0.0035937030723183928 -0.0015429201536082463 -0.0043260008885364423 0.0032558163194867629 -0.00014707724983511965 0.0002004406109949757 -0.0064071015182516145 -0.0018881646434006118 0.0010653182792532538 0.0020444236355569136 -0.0025621802358434197 0.0022611281763585153 -0.0015009170376497475 0.0037972934229456119 -0.00036625831025113696 -0.0037424334518201077 0.0056600377006622857 -0.0018784477414514444 0.0064653449379619169 0.0037483733414690459 0.0049871107316521827 0.00064040558158529211 0.0039059982429677071 -0.00093941968357233593 -0.0034185501601844926 -0.0019128917996977979 -0.00013605033249622459
leaf_weight=117.80888828635216 55.496423304080963 87.926745980978012 66.214314356446266 74.501900315284729 91.827245846390724 121.3684229105711 129.9623204022646 88.213037982583046 61.653089851140976 113.10135985910892 132.43685242533684 104.34331183135509 132.1418549567461 130.98295804858208 122.81560586392879 91.743546143174171 85.741148248314857 72.423049762845039 80.216586083173752 105.46086397767067 61.103751003742218 76.793249621987343 70.549034014344215 83.035729393362999 91.93507494032383 86.564695462584496 64.086503520607948 100.56325030326843 110.40810514986515
leaf_count=508 326 550 366 394 392 509 537 456 323 486 540 436 547 540 501 393 344 321 335 430 369 318 415 453 407 381 335 441 447
internal_value=1.34877e-06 -0.000197374 0.000106469 -0.000160581 0.000166646 0.000412683 -0.00190047 -0.00252606 -0.00371728 0.000212636 0.00035942 -8.79807e-05 0.000640093 -0.000492898 0.000267774 0.0012513 0.000722573 -0.00129178 0.00365973 -0.000244444 0.00452002 0.00159436 0.00298202 0.00198082 0.00225058 0.00157181 -0.00496128 -0.00271287 -0.00086144
internal_weight=2811.42 2694.82 2606.89 2387.09 2098.64 1876.85 221.79 288.455 200.241 1755.48 1637.67 1091.79 680.908 496.349 364.207 545.879 454.136 410.884 184.56 237.898 116.6 341.034 219.799 149.25 255.293 178.5 125.74 172.986 233.224
internal_count=12800 12105 11555 10321 8813 7884 929 1508 1052 7375 6867 4538 2806 2035 1488 2329 1936 1732 771 970 695 1450 1234 819 1106 788 658 762 948
is_linear=0
shrinkage=0.02


Tree=62
num_leaves=28
num_cat=0
split_feature=0 0 0 0 0 0 1 0 1 1 1 0 3 1 1 3 0 1 1 1 1 1 2 1 1 0 1
split_gain=539.267 187.557 107.26 21.3157 10.6308 10.3247 10.3042 8.71612 4.31176 4.10469 3.79689 3.59436 3.16653 3.11968 3.17085 2.66864 1.89104 1.79951 0.890302 0.783228 1.17237 0.723217 1.20193 0.614282 0.554885 0.444518 0.0374406
threshold=0.11304757371544839 -0.85975876450538624 0.89663067460060131 -0.29239994287490839 -1.3729133009910581 0.34515604376792913 3.9916666746139531 1.6977696418762209 6.0916666984558114 6.8916666507720956 9.1083335876464862 -0.13831529766321179 0.014999999664723875 10.458333015441896 8.8750000000000018 1.0000000180025095e-35 0.69039613008499157 8.5583333969116229 11.891666412353517 12.741666793823244 9.7083330154418963 5.3583333492279062 1.0000000180025095e-35 11.525000095367433 3.4583333730697636 1.1033552885055544 12.574999809265138
decision_type=2 2 2 2 2 2 2 2 2 2 2 2 2 2 2 2 2 2 2 2 2 2 2 2 2 2 2
left_child=1 4 5 6 -1 19 -3 24 -5 -8 -10 26 15 14 -11 -13 21 -6 -15 20 -2 -7 23 -23 -4 -26 -12
right_child=2 3 7 8 17 16 9 -9 10 13 11 12 -14 18 -16 -17 -18 -19 -20 -21 -22 22 -24 -25 25 -27 -28
leaf_value=-0.022798347597240906 0.0022444583797188475 -0.013728809249735194 0.018635467097887885 -0.0050433942389503765 -0.017340325213482225 0.0087009535821984535 -0.0015565551796821919 0.022992786519308871 0.0032793030679398884 -0.005676066757633217 -0.0041900930163911209 0.00067701740772887478 0.0035347110549097489 -0.002894769818961555 -0.011691977510175474 -0.0035602293715832284 0.0098312565111485402 -0.012442611783632117 -0.0057193747790492524 0.0014621790573198612 0.0051784455996160333 0.004285259254695529 0.0084364247997335429 0.0068204130315201519 0.012820384522494633 0.016213684354058209 -0.0031401340249651993
leaf_weight=189.44713005423546 126.13757763803005 68.265280023217201 75.522844433784485 93.780217945575714 157.0173047631979 71.872219890356064 90.288297548890114 118.3862137645483 89.599426865577698 82.9737379103899 74.431208476424217 141.53760142624378 76.223449394106865 78.656162768602371 70.194620728492737 99.876965656876564 120.43578690290451 72.91925935447216 130.28697970509529 104.72466659545898 102.12951858341694 128.99473358690739 72.537775725126266 70.555608540773392 85.073776066303253 144.30393695831299 74.641517773270607
leaf_count=1139 511 300 402 377 819 307 385 716 359 352 300 568 305 330 301 401 538 368 543 425 416 552 313 300 414 758 301
internal_value=1.34996e-06 -0.00767 0.00999081 -0.00354501 -0.0191139 0.00564729 -0.00655258 0.0181081 -0.0011235 -0.00541406 -0.000447004 -0.00117332 3.43181e-05 -0.00636205 -0.00854823 -0.00109085 0.00757188 -0.0159078 -0.00469359 0.00293404 0.00359074 0.00672851 0.0061478 0.00524041 0.016074 0.0150768 -0.0037129
internal_weight=2810.81 1590.14 1220.67 1170.76 419.384 797.388 520.665 423.287 650.09 452.4 556.31 466.711 317.638 362.112 153.168 241.415 464.396 229.937 208.943 332.992 228.267 343.96 272.088 199.55 304.901 229.378 149.073
internal_count=12800 7148 5652 4822 2326 3362 2211 2290 2611 1911 2234 1875 1274 1526 653 969 2010 1187 873 1352 927 1472 1165 852 1574 1172 601
is_linear=0
shrinkage=0.02


Tree=63
num_leaves=24
num_cat=0
split_feature=0 0 0 0 0 0 0 0 0 0 0 0 3 0 2 3 0 0 0 0 0 0 0
split_gain=520.506 153.232 134.414 19.0151 13.2635 10.6796 8.76144 2.39252 2.16929 2.00832 1.83566 1.79842 1.48371 0.85931 0.671675 0.649116 0.976417 0.569722 0.352841 0.221234 0.209094 0.139858 0.045729
threshold=-1.0000000180025095e-35 -0.85975876450538624 0.89663067460060131 0.34515604376792913 -0.45380596816539759 -1.3729133009910581 1.6977696418762209 -0.1891338303685188 0.21471916884183886 -0.62807917594909657 0.69039613008499157 -1.0583763122558592 1.0000000180025095e-35 -0.062711736187338815 1.0000000180025095e-35 0.014999999664723875 0.087851781398057951 -0.11304753646254538 -0.29239994287490839 1.0583764314651491 0.42618820071220404 -0.7555200159549712 0.53889256715774547
decision_type=2 2 2 2 2 2 2 2 2 2 2 2 2 2 2 2 2 2 2 2 2 2 2
left_child=1 5 3 8 9 -1 19 18 15 21 14 -7 -10 17 20 16 -2 -9 -6 -4 -5 -3 -22
right_child=2 4 6 10 7 11 -8 13 12 -11 -12 -13 -14 -15 -16 -17 -18 -19 -20 -21 22 -23 -24
leaf_value=-0.022642374568210232 0.00026401453352048498 -0.010481914004710996 0.013611313644314229 0.0070772926666538907 -0.0043824858073725891 -0.017808853865903387 0.022841010415546325 -0.0014934749015314004 0.0058929091702770841 -0.0058696504068093168 0.009668456528708947 -0.013244641154510312 0.0021154624786237624 -0.0029663771324893026 0.0082028883781286362 -0.00045301441721028396 0.002587296451578095 0.00064735973117805931 -0.002968579863195331 0.016663512047806896 0.0046417998448691437 -0.0081647401844343551 0.0059453872944293697
leaf_weight=186.97576442360878 134.57375694811344 71.260843992233276 87.259815499186516 74.790402472019196 202.48962622880936 116.65201735496521 116.81849387288094 117.74306906759739 74.026807621121407 149.70206998288631 120.05201470851898 111.57215686142445 100.01850111782551 88.085278660058975 94.380069151520729 85.434211492538452 155.79041807353497 83.49989315867424 143.71122965216637 215.34872755408287 83.28951869904995 96.412356838583946 90.921116799116135
leaf_count=1139 539 337 425 321 835 640 716 473 303 630 538 547 408 354 408 343 628 335 580 1149 353 409 390
internal_value=1.50937e-06 -0.00881498 0.00842102 0.00446282 -0.00437877 -0.0189265 0.0179169 -0.00269704 0.0019363 -0.00770837 0.00743924 -0.015712 0.00377082 -0.00134114 0.00660839 0.0010712 0.00151971 -0.000607569 -0.00381598 0.0158785 0.00594347 -0.00926148 0.00538191
internal_weight=2800.81 1368.1 1432.7 1013.28 952.904 415.2 419.427 635.529 549.844 317.375 463.433 228.224 174.045 289.328 343.381 375.798 290.364 201.243 346.201 302.609 249.001 167.673 174.211
internal_count=12800 6279 6521 4231 3953 2326 2290 2577 2221 1376 2010 1187 711 1162 1472 1510 1167 808 1415 1574 1064 746 743
is_linear=0
shrinkage=0.02


Tree=64
num_leaves=29
num_cat=0
split_feature=0 0 0 0 0 0 0 1 1 0 0 1 0 3 1 1 1 1 1 1 0 1 1 0 1 1 0 1
split_gain=502.074 149.997 131.388 18.356 12.8109 10.7222 8.81068 4.54344 2.5142 2.3014 2.08803 1.83014 1.782 1.42925 1.20767 1.85657 1.13139 2.59052 1.12111 1.90365 0.920615 0.730886 0.61951 0.483591 0.252788 0.139049 0.033568 0.0314849
threshold=-1.0000000180025095e-35 -0.85975876450538624 0.89663067460060131 0.34515604376792913 -0.45380596816539759 -1.3729133009910581 1.6977696418762209 5.0750000476837167 8.8750000000000018 -0.1891338303685188 0.21471916884183886 8.2249999046325701 0.69039613008499157 1.0000000180025095e-35 10.041666984558107 13.041666984558107 10.875000000000002 7.7750000953674325 13.141666412353517 10.041666984558107 -0.62807917594909657 10.175000190734865 3.4583333730697636 1.1506889462471011 6.9583332538604745 12.941666603088381 -1.1033552289009092 12.208333015441896
decision_type=2 2 2 2 2 2 2 2 2 2 2 2 2 2 2 2 2 2 2 2 2 2 2 2 2 2 2 2
left_child=1 5 3 10 7 -1 22 -3 -9 16 14 26 21 -12 -2 -16 17 -6 19 -11 -10 24 -4 -24 -5 -18 -7 -23
right_child=2 4 6 12 9 11 -8 8 20 18 13 -13 -14 -15 15 -17 25 -19 -20 -21 -22 27 23 -25 -26 -27 -28 -29
leaf_value=-0.022489268639434856 -0.00048448109376235491 -0.011945067720679867 0.01827207966419837 0.006341346420149596 -0.0026192636762121251 -0.018879704743956182 0.022692130792321491 -0.0033912349995410254 -0.0095026936158794893 -0.00028334767703006014 0.0057830733538074258 -0.012302973991010754 0.0095082585313505958 0.0020745626582299777 0.0038851831920471338 0.00036610216017985103 -0.0018594276160315917 -0.0075352095733751956 0.00028715739238345062 -0.0043766885360886085 -0.0059802188155407641 0.0058595960310072704 0.012724785573074458 0.016028874169899211 0.0083945462616868902 -0.0031163201891193449 -0.01492006355870933 0.0045292489359904861
leaf_weight=184.52203826606274 132.20392838120461 73.596630796790123 74.22200009226799 105.32305444777012 98.558820337057114 71.756210938096046 115.26201362907887 89.727222934365273 71.370244175195694 93.937031790614128 73.962752044200897 80.0170758664608 119.67075896263123 99.990260303020477 103.45013883709908 140.1134170293808 83.928961366415024 78.840631753206253 108.78909707069397 86.57845002412796 82.005908370018005 73.349538192152977 100.71781477332115 125.38147754967213 89.648857772350311 84.684162199497223 74.735748916864395 74.47998109459877
leaf_count=1139 530 329 402 453 405 402 716 387 316 377 303 410 538 408 417 563 342 323 437 348 344 314 498 674 387 345 375 318
internal_value=1.5891e-06 -0.00867395 0.00828438 0.00438013 -0.00429675 -0.0187424 0.017727 -0.00757347 -0.00616335 -0.00264469 0.00189876 -0.01552 0.00730876 0.00369919 0.00105012 0.00188025 -0.00374255 -0.00486368 -0.00131495 -0.00227303 -0.00772055 0.00649022 0.0156839 0.0146815 0.00736107 -0.00251982 -0.0170878 0.00525874
internal_weight=2790.82 1363.05 1427.78 1012.19 952.017 411.031 415.583 316.7 243.103 635.317 549.72 226.509 462.472 173.953 375.767 243.564 346.013 177.399 289.305 180.515 153.376 342.801 300.321 226.099 194.972 168.613 146.492 147.83
internal_count=12800 6279 6521 4231 3953 2326 2290 1376 1047 2577 2221 1187 2010 711 1510 980 1415 728 1162 725 660 1472 1574 1172 840 687 777 632
is_linear=0
shrinkage=0.02


Tree=65
num_leaves=28
num_cat=0
split_feature=0 0 0 0 0 0 0 1 1 1 2 0 1 0 0 1 1 1 1 1 1 2 1 1 0 0 1
split_gain=484.409 175.009 100.769 19.1657 10.7596 9.2943 8.85363 7.9506 4.86559 3.91139 5.6201 2.86138 1.89731 1.8358 1.72993 1.4075 1.01952 0.774857 0.746527 1.11405 0.719913 1.15244 0.633154 0.630164 0.493017 0.475284 0.132463
threshold=0.11304757371544839 -0.85975876450538624 0.89663067460060131 -0.34515604376792902 -1.3729133009910581 0.34515604376792913 1.6977696418762209 4.241666555404664 6.8916666507720956 6.0916666984558114 -0.014999999664723871 -1.0000000180025095e-35 10.408333301544191 -1.0583763122558592 0.69039613008499157 12.208333015441896 13.941666603088381 12.525000095367433 12.741666793823244 9.7083330154418963 5.3583333492279062 1.0000000180025095e-35 11.525000095367433 3.4583333730697636 1.1506889462471011 -0.16367168724536893 12.841666698455812
decision_type=2 2 2 2 2 2 2 2 2 2 2 2 2 2 2 2 2 2 2 2 2 2 2 2 2 2 2
left_child=1 4 5 7 -1 18 23 -3 -9 -5 -11 15 -10 -6 20 25 -17 -14 19 -2 -7 22 -22 -4 -25 -12 -13
right_child=2 3 6 9 13 14 -8 8 12 10 11 26 17 -15 -16 16 -18 -19 -20 -21 21 -23 -24 24 -26 -27 -28
leaf_value=-0.022338898100826354 0.0021039109579249066 -0.012685429791357603 0.01808108663653047 -0.0047875259747835767 -0.017445469552239828 0.0083255802284067024 0.022546018570650625 -0.00062923548922415068 -0.0082303523894324132 0.004316613666114336 -0.0020506149267861197 0.0014095407600873996 -0.0036173016804324121 -0.012864017396685277 0.0093506100687528529 -0.0048582759885240816 -0.0017954792257507391 -0.0064341918402712585 0.0013386109669414506 0.0049621259056321703 0.0039613967495724049 0.0080404512115336765 0.0065064032995032694 0.012544333204200149 0.015840260210226106 -8.3102994485698071e-06 0.00026132167497992494
leaf_weight=182.08681939542294 126.02916419506073 70.18772380053997 73.533971652388573 106.49833822250366 114.55728732049465 71.476366207003593 113.71731553971767 71.476062938570976 137.15558078885078 77.071227237582207 96.291304409503937 75.888180613517761 97.000075280666351 110.26956705749035 119.29216572642326 106.6482131332159 78.372942045331001 81.132113248109818 104.64051513373852 101.97190465033054 128.41878743469715 72.082706093788147 70.250711545348167 100.15777045488358 124.37097296118736 85.023231834173203 85.365878701210022
leaf_count=1139 511 312 402 430 640 307 716 307 590 309 390 304 409 547 538 431 316 341 425 416 552 313 300 498 674 341 342
internal_value=1.48565e-06 -0.00729864 0.00953213 -0.00335028 -0.0185612 0.00534604 0.0175406 -0.00653722 -0.00536196 -0.00128994 -0.000660162 -0.00140073 -0.00642414 -0.0153317 0.00718043 -0.00237401 -0.00359398 -0.00495748 0.00277322 0.00341426 0.00637403 0.00580157 0.0049172 0.0154934 0.0144937 -0.00110346 0.000812336
internal_weight=2780.97 1575.02 1205.94 1168.11 406.914 794.162 411.78 456.952 386.764 711.159 604.661 527.59 315.288 224.827 461.521 366.336 185.021 178.132 332.642 228.001 342.229 270.752 198.669 298.063 224.529 181.315 161.254
internal_count=12800 7148 5652 4822 2326 3362 2290 1959 1647 2863 2433 2124 1340 1187 2010 1478 747 750 1352 927 1472 1165 852 1574 1172 731 646
is_linear=0
shrinkage=0.02


Tree=66
num_leaves=25
num_cat=0
split_feature=0 0 0 0 0 0 0 0 0 0 0 2 2 0 0 0 2 0 0 0 0 3 0 0
split_gain=467.335 171.025 98.7064 18.4853 10.8006 8.98211 8.8954 3.32702 2.88733 1.83887 1.67902 0.978959 0.852987 2.43772 0.828066 0.71621 0.63769 0.478456 0.283133 0.219055 0.176871 0.134683 0.0783069 0.0551808
threshold=0.11304757371544839 -0.85975876450538624 0.89663067460060131 -0.37188962101936335 -1.3729133009910581 0.34515604376792913 1.6977696418762209 -0.62807917594909657 -0.087851781398057924 -1.0583763122558592 0.69039613008499157 -1.0000000180025095e-35 1.0000000180025095e-35 0.037611209787428386 -0.16367168724536893 0.26633311808109289 1.0000000180025095e-35 0.16367168724536899 1.0583764314651491 0.42618820071220404 -0.7555200159549712 1.0000000180025095e-35 -0.24044604599475858 0.53889256715774547
decision_type=2 2 2 2 2 2 2 2 2 2 2 2 2 2 2 2 2 2 2 2 2 2 2 2
left_child=1 4 5 7 -1 15 18 20 11 -6 16 -5 13 -10 22 17 19 -2 -4 -7 -3 -9 -13 -21
right_child=2 3 6 8 9 10 -8 21 12 -11 -12 14 -14 -15 -16 -17 -18 -19 -20 23 -22 -23 -24 -25
leaf_value=-0.022191138248830601 0.0033644850589498727 -0.010083206083909916 0.013043211659634138 -0.00096942704099732535 -0.017261561236762122 0.0067416385766269852 0.022402548604944485 -0.0057876524278261034 -0.00091718752589217386 -0.012682690255785953 0.0091954608312390055 -0.0042781489382166292 -0.0017258693118221008 0.0030956365717650074 -0.0014668492903775823 0.004122020302158593 0.0078090891669599849 0.0014051611550468988 0.016096605570736628 0.0043368166327786006 -0.007756145285550309 -0.0045018889410396879 -0.0031471677517875673 0.005618464397672409
leaf_weight=179.67090103030205 75.908754974603653 70.529071569442749 85.737780228257179 114.65024209022522 113.49429728090763 74.421165630221367 112.1849058419466 113.84609028697014 167.4835998415947 109.6441242992878 118.91637162864208 122.99015119671822 89.076890870928764 92.297212526202202 83.926967054605484 101.60398451983929 93.790034607052803 155.01610933244228 210.08413411676884 82.960102245211601 95.860216364264488 141.08035527169704 75.499287322163582 90.491626039147377
leaf_count=1139 307 337 425 463 640 321 716 478 672 547 538 501 357 370 337 419 408 626 1149 353 409 593 305 390
internal_value=1.73896e-06 -0.00717819 0.00938339 -0.00328712 -0.0183816 0.0052484 0.0173564 -0.00662615 -0.00138848 -0.0151443 0.00705444 -0.00255034 -5.907e-05 0.000521282 -0.0031808 0.00271969 0.00626007 0.00207258 0.0153052 0.00561614 -0.00885058 -0.00511667 -0.00388364 0.00506189
internal_weight=2771.16 1570.05 1201.11 1167.24 402.809 793.108 408.007 421.316 745.924 223.138 460.579 397.067 348.858 259.781 282.416 332.529 341.663 230.925 295.822 247.873 166.389 254.926 198.489 173.452
internal_count=12800 7148 5652 4822 2326 3362 2290 1817 3005 1187 2010 1606 1399 1042 1143 1352 1472 933 1574 1064 746 1071 806 743
is_linear=0
shrinkage=0.02


Tree=67
num_leaves=29
num_cat=0
split_feature=0 0 0 0 0 0 0 1 1 2 1 0 1 1 0 0 1 0 1 1 1 1 1 1 0 1 0 1
split_gain=450.829 167.127 96.6589 17.8265 10.8406 8.94098 8.67901 6.65791 2.83282 5.7874 3.42499 4.01811 2.26421 1.90033 1.62968 1.30376 1.25099 1.44774 1.10447 0.757267 0.725571 0.718642 1.0748 0.690022 0.52606 0.283244 0.108205 0.0505292
threshold=0.11304757371544839 -0.85975876450538624 0.89663067460060131 -0.37188962101936335 -1.3729133009910581 1.6977696418762209 0.34515604376792913 4.3250000476837167 6.0916666984558114 -0.014999999664723871 9.0416669845581072 -0.24044604599475858 7.2583334445953378 8.2249999046325701 0.69039613008499157 -0.62807917594909657 11.625000000000002 -1.0000000180025095e-35 13.558333396911623 10.708333015441896 10.175000190734865 12.741666793823244 9.7083330154418963 3.4583333730697636 1.1506889462471011 6.9583332538604745 -1.1033552289009092 12.208333015441896
decision_type=2 2 2 2 2 2 2 2 2 2 2 2 2 2 2 2 2 2 2 2 2 2 2 2 2 2 2 2
left_child=1 4 6 7 -1 23 21 -3 -5 -10 -11 -12 -9 26 20 -14 -13 18 -18 -17 25 22 -2 -4 -25 -8 -6 -22
right_child=2 3 5 8 13 -7 14 12 9 10 11 16 15 -15 -16 19 17 -19 -20 -21 27 -23 -24 24 -26 -27 -28 -29
leaf_value=-0.022045868720948519 0.0020105880134245299 -0.012175033971012239 0.017732016312582446 -0.0042434420355745182 -0.018364100993296981 0.022261603456517731 0.0059861385581447095 -0.0021681487297759636 0.0041383991675912517 0.0019302224808353519 -0.0058918208660911119 -0.0031979184609089405 -0.0080987836864958012 -0.011724273117778886 0.009042761815586272 -0.006654475554612892 2.7452303365792116e-05 0.0012377492685191579 -0.0032665517777198333 -0.0038387873545738167 0.0055445998558715194 0.0012611050913779124 0.0048168130579183651 0.012168807265382863 0.015464377512752902 0.0080554882511742216 -0.014378530107924404 0.0042008061797810005
leaf_weight=177.27503940463066 125.96085174381733 68.565313637256622 72.261447131633759 113.49543751776218 69.699293628334999 110.66524079442024 104.77050197124481 74.477715596556664 79.782928496599197 91.973268330097198 94.83064192533493 98.77575658261776 97.422035992145538 78.450518801808357 118.54350166022778 73.709173455834389 75.220750585198402 105.04720984399319 86.677183464169502 106.38933072984219 73.01660443842411 104.58775459229946 101.86165428161621 98.979748949408531 122.34734459221363 89.168346092104912 73.314360797405243 74.142118990421295
leaf_count=1139 511 308 402 459 402 716 453 321 320 370 386 397 434 410 538 311 303 421 349 443 314 425 416 498 674 387 375 318
internal_value=1.74087e-06 -0.00705966 0.00923641 -0.00322512 -0.0182041 0.0171732 0.00515252 -0.00650798 -0.00136144 -0.000832392 -0.0015625 -0.00226533 -0.00534155 -0.0149591 0.00693047 -0.00617159 -0.00129806 -0.000576516 -0.00175444 -0.0050516 0.00614794 0.00266731 0.00329628 0.0151175 0.0141127 0.00701009 -0.0165474 0.00493297
internal_weight=2761.41 1565.11 1196.31 1166.37 398.739 404.254 792.051 420.564 745.803 632.308 552.525 460.552 351.998 221.464 459.641 277.521 365.721 266.945 161.898 180.099 341.098 332.41 227.823 293.589 221.327 193.939 143.014 147.159
internal_count=12800 7148 5652 4822 2326 2290 3362 1817 3005 2546 2226 1856 1509 1187 2010 1188 1470 1073 652 754 1472 1352 927 1574 1172 840 777 632
is_linear=0
shrinkage=0.02


Tree=68
num_leaves=30
num_cat=0
split_feature=0 0 0 0 0 1 0 0 1 1 1 0 3 1 1 3 1 0 1 1 4 3 0 1 1 1 0 0 1
split_gain=434.952 163.327 94.6709 17.1967 10.8749 9.41664 8.98005 8.38621 3.87608 3.82716 3.53827 3.0641 2.92258 2.908 3.04936 2.54401 1.88196 1.5818 0.890054 0.715212 1.10431 0.712331 1.32832 0.982177 0.698632 0.649847 0.533213 0.134121 0.0406013
threshold=0.11304757371544839 -0.85975876450538624 0.89663067460060131 -0.29239994287490839 -1.3729133009910581 3.9916666746139531 1.6977696418762209 0.34515604376792913 6.0916666984558114 6.8916666507720956 9.1083335876464862 -0.13831529766321179 0.014999999664723875 10.458333015441896 8.8750000000000018 1.0000000180025095e-35 8.2249999046325701 0.69039613008499157 11.891666412353517 5.3583333492279062 1.0000000180025095e-35 1.0000000180025095e-35 0.21471916884183886 11.324999809265138 3.4583333730697636 11.525000095367433 1.1506889462471011 -1.1033552289009092 12.574999809265138
decision_type=2 2 2 2 2 2 2 2 2 2 2 2 2 2 2 2 2 2 2 2 2 2 2 2 2 2 2 2 2
left_child=1 4 7 5 -1 -3 24 21 -5 -7 -10 28 15 14 -11 -13 27 19 -15 -9 25 22 -2 -23 -4 -21 -26 -6 -12
right_child=2 3 6 8 16 9 -8 17 10 13 11 12 -14 18 -16 -17 -18 -19 -20 20 -22 23 -24 -25 26 -27 -28 -29 -30
leaf_value=-0.021902974318035621 0.0017078406082482874 -0.012804466233524223 0.017547756299191999 -0.0047126768695412062 -0.018188262056307202 -0.0010741102361234206 0.022123067757285751 0.007968662381824124 0.0032441507675395466 -0.0050321852197126385 -0.0038633588303950517 0.00070443871276211153 0.0034228386805109506 -0.0023349062340451772 -0.010923721296903353 -0.0034333283926322707 -0.011559726143526088 0.0088924666553818338 -0.0051320597821815465 0.0036550495424313607 0.0076633918458430842 0.0031347678747602275 0.0055228365889065691 0.00021188600520665401 0.011995649034308487 0.0062092011494473964 0.015282244862563766 -0.014192097682337765 -0.0028520792236698543
leaf_weight=174.89990033209324 75.441818088293076 66.996480047702789 71.587630644440651 93.66713947057724 68.992138385772705 89.702008560299873 109.15875723958015 71.087809979915619 89.584578037261963 82.263491228222847 74.312690213322639 141.47942690551281 76.214504078030586 78.137301474809647 69.336505711078644 99.821111187338829 78.008826270699501 118.1736719161272 129.43416577577591 127.86117921769619 71.636346012353897 95.141928479075432 73.801234900951385 87.914166763424873 98.434755384922028 69.954307317733765 121.3631500005722 72.823141723871231 74.532687336206436
leaf_count=1139 305 300 402 377 402 385 716 307 359 352 300 568 305 330 301 401 410 538 543 552 313 386 303 358 498 300 674 375 301
internal_value=1.67303e-06 -0.00694349 0.00909196 -0.00316452 -0.0180292 -0.00588351 0.0169932 0.00505824 -0.000993892 -0.00479831 -0.000352694 -0.00105453 6.00998e-05 -0.00571731 -0.00783392 -0.00102142 -0.0147775 0.00680854 -0.00411144 0.00603768 0.00547328 0.00261582 0.00364246 0.00174849 0.0149337 0.00461139 0.0139318 -0.0163621 -0.0034015
internal_weight=2751.76 1560.21 1191.56 1165.48 394.724 515.87 400.544 791.012 649.612 448.873 555.945 466.36 317.515 359.171 151.6 241.301 219.824 458.713 207.571 340.54 269.452 332.299 149.243 183.056 291.386 197.815 219.798 141.815 148.845
internal_count=12800 7148 5652 4822 2326 2211 2290 3362 2611 1911 2234 1875 1274 1526 653 969 1187 2010 873 1472 1165 1352 608 744 1574 852 1172 777 601
is_linear=0
shrinkage=0.02


Tree=69
num_leaves=32
num_cat=0
split_feature=5 5 5 5 3 2 1 1 5 5 5 1 1 1 1 5 5 1 1 1 1 1 1 1 2 1 1 1 5 1 1
split_gain=4.77733 14.0131 3.91787 3.68097 2.70808 2.58124 2.2947 2.18772 1.15768 3.23315 1.57302 1.85818 1.15075 1.05162 1.03768 1.55061 5.88622 1.21184 2.80817 0.962014 0.747125 0.710582 0.612903 0.606669 1.90336 1.51081 1.85548 2.28203 1.29709 0.186702 0.00537855
threshold=0.48000000417232519 0.45999999344348913 0.41000001132488256 0.33999998867511755 0.024999999441206459 0.014999999664723875 8.2249999046325701 8.6916666030883807 0.27999998629093176 0.31499999761581426 0.22000001370906833 6.1749999523162851 3.8249999284744267 1.8916666507720949 14.391666412353517 0.14999999105930331 0.13499999046325686 6.8916666507720956 9.991666793823244 4.241666555404664 12.074999809265138 6.8916666507720956 5.8416666984558114 5.9583332538604745 1.0000000180025095e-35 8.4749999046325701 10.875000000000002 12.074999809265138 0.05500000715255738 10.408333301544191 7.3916666507720956
decision_type=2 2 2 2 2 2 2 2 2 2 2 2 2 2 2 2 2 2 2 2 2 2 2 2 2 2 2 2 2 2 2
left_child=1 2 3 4 5 8 12 -6 10 30 14 -12 -5 -2 15 16 23 -17 -19 -4 -20 -21 -14 -1 25 -25 -27 -28 -29 -13 -10
right_child=13 -3 19 6 7 -7 -8 -9 9 -11 11 29 22 -15 -16 17 -18 18 20 21 -22 -23 -24 24 -26 26 27 28 -30 -31 -32
leaf_value=-0.0010717619808359984 0.0019237640185216164 -0.0083255650668182021 0.0042376562152956158 -0.0014363272084457683 -0.0042859080228041567 0.0032069270879214583 0.00043084419968088451 -0.0002540595651497877 -0.0027299563841423997 0.0017521289061436247 -0.00080130398939177983 0.0023732746819145646 -0.0062003433322755062 0.00598963629118319 -0.0018646866758603739 0.0011286311681218892 0.0056110662753628797 -0.0045578467445641212 0.0012738719995265089 -3.0929898961740722e-05 -0.0014101128117495752 0.0031367962679195549 -0.0031324039012578624 0.0033308366044630623 -0.0018431096700412472 -0.0016657953503171887 0.0040925282200553878 0.0017579639494562447 -0.0011037194523927736 0.0039001061374050977 -0.0035514316404739099
leaf_weight=128.47465105354786 50.56856831908226 79.610336810350418 92.091346129775047 70.06199623644352 90.624758139252663 120.2643898576498 84.040863558650017 129.1830845028162 64.208932176232338 88.297367513179779 68.986793175339699 86.515990078449249 58.237070724368095 55.511606499552727 95.100338667631149 87.267966791987419 86.69481848180294 82.224923118948936 81.849898263812065 60.469581425189972 80.112294510006905 51.222437009215355 60.575088873505592 85.832039877772331 119.33662252128124 118.8196474313736 81.419838175177574 119.68902690708637 130.24369080364704 71.663488537073135 63.019985467195511
leaf_count=520 326 550 565 394 392 509 456 537 305 442 304 379 323 369 385 373 373 350 345 365 337 304 335 347 483 480 330 481 530 310 301
internal_value=1.62682e-06 -0.000167216 9.31447e-05 -0.000138201 0.000149151 0.000397855 -0.00231321 -0.00194001 0.000200213 -0.00116514 0.000394548 0.00192212 -0.00352591 0.00412289 0.000124463 0.000284682 0.000727618 -0.000876002 -0.00159577 0.0027395 -5.47295e-05 0.00145143 -0.00471394 0.000174573 0.000421425 0.000930581 0.000460228 0.00122802 0.000269774 0.00310507 -0.00318552
internal_weight=2742.22 2636.14 2556.53 2352.75 2079.83 1860.02 272.915 219.808 1739.76 215.526 1524.23 227.166 188.874 106.08 1297.07 1201.97 870.51 331.455 244.187 203.783 161.962 111.692 118.812 783.816 655.341 536.004 450.172 331.353 249.933 158.179 127.229
internal_count=12800 12105 11555 10321 8813 7884 1508 929 7375 1048 6327 993 1052 695 5334 4949 3544 1405 1032 1234 682 669 658 3171 2651 2168 1821 1341 1011 689 606
is_linear=0
shrinkage=0.02


Tree=70
num_leaves=28
num_cat=0
split_feature=0 0 0 0 0 0 0 1 1 0 1 1 1 0 1 1 3 1 0 1 0 1 1 0 1 1 1
split_gain=419.104 134.41 117.144 15.4058 10.9925 10.9692 9.01466 4.17378 2.7821 2.46438 2.16235 5.14928 4.18789 1.88146 1.55091 1.54776 1.47209 1.46509 1.35078 1.60677 0.869382 0.803033 0.690062 0.546436 0.362708 0.852227 0.116518
threshold=-1.0000000180025095e-35 -0.85975876450538624 0.89663067460060131 0.26633311808109289 -0.45380596816539759 -1.3729133009910581 1.6977696418762209 5.4083333015441903 8.8750000000000018 0.62807923555374157 13.141666412353517 12.208333015441896 11.041666984558107 -1.0583763122558592 7.8583333492279062 4.991666555404664 0.014999999664723875 12.691666603088381 0.087851781398057951 11.958333015441896 -0.62807917594909657 14.141666412353517 3.4583333730697636 1.0583764314651491 5.3583333492279062 8.3416666984558123 9.0416669845581072
decision_type=2 2 2 2 2 2 2 2 2 2 2 2 2 2 2 2 2 2 2 2 2 2 2 2 2 2 2
left_child=1 5 3 16 7 -1 22 -3 -9 17 11 12 14 -7 15 -6 18 24 -2 -20 -10 -12 -4 -24 -5 -26 -11
right_child=2 4 6 9 10 13 -8 8 20 26 21 -13 -14 -15 -16 -17 -18 -19 19 -21 -22 -23 23 -25 25 -27 -28
leaf_value=-0.021763008889929551 0.00025660602958063313 -0.010975769004173722 0.017349666634424832 0.0073221233543183531 -0.0038735504407288392 -0.016719752802559464 0.021984172907248935 -0.0025254058255240863 -0.0088808669045706539 0.0089607002322553836 0.0006166369027628888 -0.0078785532131682538 0.002030639973828333 -0.012120566480642079 -0.0047222939113205718 6.774561647403333e-05 -0.00089923854929034185 0.002743427006269868 0.001216722525526231 0.0047236528455564392 -0.0054806868963506892 -0.002004848174077365 0.011265756101693015 0.014759123620224109 0.0034003596758215922 0.0061999878400326967 0.0068815149505597663
leaf_weight=172.43315500020981 134.54269130527973 78.403773337602615 70.854550793766975 73.193756505846977 74.135829657316208 110.32809810340405 107.55172534286976 83.112247675657272 70.537544786930084 104.20124819874763 102.6010677665472 74.399117708206177 74.950730115175247 107.68058814108372 141.69364620745182 83.495554327964783 100.72680503129959 79.83819842338562 117.24358394742012 95.160197645425797 81.500770971179008 82.798688918352127 69.867448359727859 148.41703948378563 71.343805655837059 163.61288215219975 66.948304712772369
leaf_count=1139 539 355 402 313 305 640 716 361 316 472 416 303 303 547 577 339 405 338 473 385 344 334 350 822 307 698 301
internal_value=1.58954e-06 -0.00800092 0.00763155 0.00398895 -0.00391534 -0.0178464 0.0168102 -0.00696956 -0.00555251 0.00619704 -0.00238785 -0.00313606 -0.00215647 -0.0145789 -0.00321144 -0.0018112 0.00121577 0.00525987 0.00183144 0.00281729 -0.00715301 -0.000563008 0.0147478 0.0137534 0.00588995 0.00538577 0.00823627
internal_weight=2741.57 1338.07 1403.5 1006.81 947.629 390.442 396.691 313.554 235.151 559.138 634.075 448.675 374.276 218.009 299.325 157.631 447.673 387.989 346.946 212.404 152.038 185.4 289.139 218.284 308.15 234.957 171.15
internal_count=12800 6279 6521 4231 3953 2326 2290 1376 1021 2429 2577 1827 1524 1187 1221 644 1802 1656 1397 858 660 750 1574 1172 1318 1005 773
is_linear=0
shrinkage=0.02


Tree=71
num_leaves=29
num_cat=0
split_feature=0 0 0 0 0 0 0 1 1 1 2 0 0 1 1 2 1 1 1 1 3 1 0 0 0 1 1 1
split_gain=404.267 155.632 90.7512 16.1077 11.0043 9.05089 7.81688 7.14908 4.49593 3.42859 5.12427 2.42056 1.88041 1.72436 1.56006 1.65203 1.2751 0.974602 0.751484 0.716539 2.08777 0.698303 0.563503 0.549824 0.41433 0.351278 0.28605 0.12825
threshold=0.11304757371544839 -0.85975876450538624 0.89663067460060131 -0.34515604376792902 -1.3729133009910581 1.6977696418762209 0.34515604376792913 4.241666555404664 6.8916666507720956 6.0916666984558114 -0.014999999664723871 -1.0000000180025095e-35 -1.0583763122558592 10.408333301544191 10.291666984558107 1.0000000180025095e-35 12.208333015441896 13.941666603088381 12.525000095367433 7.0250000953674325 1.0000000180025095e-35 3.4583333730697636 0.51012541353702556 1.1506889462471011 -0.16367168724536893 6.2583334445953378 12.47499990463257 12.841666698455812
decision_type=2 2 2 2 2 2 2 2 2 2 2 2 2 2 2 2 2 2 2 2 2 2 2 2 2 2 2 2
left_child=1 4 6 7 -1 21 19 -3 -9 -5 -11 16 -6 -10 15 22 24 -18 -15 -2 -21 -4 -8 -23 -12 -24 -16 -13
right_child=2 3 5 9 12 -7 14 8 13 10 11 27 -14 18 26 -17 17 -19 -20 20 -22 23 25 -25 -26 -27 -28 -29
leaf_value=-0.021624505283762217 0.0042378300236072279 -0.011864975352197542 0.017169858136466102 -0.0044395693731641966 -0.016543811068731474 0.02185016578955809 0.0047157119129077061 -0.00032392313088731482 -0.0076256403692859685 0.0041790829541844569 -0.0018532952720369483 0.0013422471267386102 -0.011948876607043973 -0.0031986269626973758 0.0057174379043935276 0.010109334492167927 -0.004573798099773028 -0.0015859615105449254 -0.0059522193210975131 0.003938466401679809 0.00033352207369556229 0.011653609094400313 0.0058264046028834579 0.014926226692773664 5.2882320596062365e-05 0.0084468315105358949 0.0037697118160059406 0.00021378668551636553
leaf_weight=170.10309410095215 74.419212490320206 68.988263830542564 70.1922677308321 106.3197066038847 109.30302736163139 106.07425147294998 70.661575004458427 71.160128265619278 135.89378668367863 77.064512297511101 96.165443629026413 75.870608121156693 107.07810641825199 96.490782797336578 97.387290135025978 77.200624972581863 106.47132915258408 78.29223008453846 80.646497637033463 116.88301496207714 140.74741320312023 97.351194947957993 68.440366849303246 119.43200647830963 84.997851684689522 69.823489412665367 73.324340865015984 85.349615037441254
leaf_count=1139 302 312 402 430 640 716 306 307 590 309 390 304 547 409 426 345 431 316 341 477 573 498 304 674 341 311 318 342
internal_value=1.7013e-06 -0.00671238 0.00880416 -0.00304753 -0.0176748 0.0166341 0.00487083 -0.00598548 -0.00487373 -0.00116216 -0.000572708 -0.00128055 -0.0144002 -0.0058994 0.00656573 0.00749815 -0.00217651 -0.00333827 -0.00450473 0.00251363 0.00198677 0.0145682 0.00644657 0.0135766 -0.000968147 0.0072513 0.00493419 0.000754783
internal_weight=2732.13 1550.19 1181.94 1163.71 386.484 393.05 788.887 453.179 384.191 710.531 604.212 527.147 216.381 313.031 456.838 286.126 365.927 184.764 177.137 332.05 257.63 286.975 208.925 216.783 181.163 138.264 170.712 161.22
internal_count=12800 7148 5652 4822 2326 2290 3362 1959 1647 2863 2433 2124 1187 1340 2010 1266 1478 747 750 1352 1050 1574 921 1172 731 615 744 646
is_linear=0
shrinkage=0.02


Tree=72
num_leaves=33
num_cat=0
split_feature=5 5 5 5 3 2 1 1 5 5 5 1 1 1 5 5 1 1 1 1 1 1 1 1 1 1 5 1 1 1 1 1
split_gain=4.28895 12.7031 3.55253 3.33486 2.61298 2.50893 2.28411 2.10716 1.08999 2.92617 1.44178 1.8046 1.0668 1.00595 1.43514 5.49942 1.17139 2.7037 0.978119 0.926168 0.688633 0.684289 0.599462 0.569885 1.46219 0.956892 2.00106 1.30465 2.0897 1.00873 0.206423 0.000446426
threshold=0.48000000417232519 0.45999999344348913 0.41000001132488256 0.33999998867511755 0.024999999441206459 0.014999999664723875 8.2249999046325701 8.6916666030883807 0.27999998629093176 0.31499999761581426 0.22000001370906833 6.1749999523162851 3.8249999284744267 14.391666412353517 0.14999999105930331 0.13499999046325686 6.8916666507720956 9.991666793823244 1.8916666507720949 4.241666555404664 6.8916666507720956 12.074999809265138 5.8416666984558114 13.458333015441896 12.841666698455812 11.108333587646486 0.10500001907348634 7.9083333015441903 5.1416666507720956 12.074999809265138 10.408333301544191 7.3916666507720956
decision_type=2 2 2 2 2 2 2 2 2 2 2 2 2 2 2 2 2 2 2 2 2 2 2 2 2 2 2 2 2 2 2 2
left_child=1 2 3 4 5 8 12 -6 10 31 13 -12 -5 14 15 23 -16 -18 -2 -4 -21 -19 -14 24 25 26 27 28 -1 -27 -13 -10
right_child=18 -3 19 6 7 -7 -8 -9 9 -11 11 30 22 -15 16 -17 17 21 -20 20 -22 -23 -24 -25 -26 29 -28 -29 -30 -31 -32 -33
leaf_value=-0.0020617175613385106 0.0018146475576366239 -0.0080452019186924711 0.0041250370569143723 -0.0014074711380341787 -0.0042202286876214315 0.0031596059089139062 0.00053652177355405239 -0.00025761747555292736 -0.0026432553034625482 0.0016539580852969046 -0.00084365542099033484 0.0022562750247921955 -0.0060705059723800761 -0.0018374498745679327 0.0011347177361313652 0.0054343007956623489 -0.0044584439426062937 0.0012383746021639381 0.0057882890456140458 -0.00010961777470181828 0.0030385291845140593 -0.0013329387102142562 -0.0030197439315653254 0.0012846009770796905 -0.0025996256412670598 0.0030838823962941872 0.0023288659258047318 -0.0023595593105091082 0.0024949172029311998 -5.9215690516249609e-05 0.0038403539012012607 -0.0034004845014275718
leaf_weight=77.704368203878403 49.204616963863373 77.190252155065536 89.96844869852066 68.836744800209999 90.278760194778442 119.96130895614624 82.80230912566185 128.99096313118935 63.765727862715721 87.313233494758606 68.661379039287567 86.134531751275063 57.298131763935089 95.061485022306442 86.997139543294907 86.393953084945679 81.983939737081528 81.668297588825226 53.9260014295578 59.199558302760124 50.166181519627571 79.946802139282227 59.623721182346344 147.02581790089607 79.0407545119524 82.360534861683846 90.302515879273415 148.55212412774563 79.368601620197296 79.032815277576447 71.419684424996376 62.588208571076393
leaf_count=313 326 550 565 394 392 509 456 537 305 442 304 379 323 385 373 373 350 345 369 365 304 337 335 594 320 334 372 598 319 321 310 301
internal_value=2.0321e-06 -0.000156809 8.88226e-05 -0.00013013 0.000142106 0.000386734 -0.00221858 -0.00191252 0.000191631 -0.00113947 0.000379791 0.00184562 -0.0034393 0.000121371 0.000279294 0.000705321 -0.000839061 -0.00154746 0.00396301 0.00263827 0.00136308 -3.43328e-05 -0.00459173 0.000171286 -8.9154e-05 0.00027491 -0.000255314 -0.00102903 0.000243159 0.00156285 0.00301348 -0.00306548
internal_weight=2722.77 2619.64 2542.45 2343.11 2074.55 1855.28 268.561 219.27 1735.32 213.667 1521.65 226.216 185.759 1295.44 1200.38 869.781 330.596 243.599 103.131 199.334 109.366 161.615 116.922 783.388 636.362 557.321 395.928 305.625 157.073 161.393 157.554 126.354
internal_count=12800 12105 11555 10321 8813 7884 1508 929 7375 1048 6327 993 1052 5334 4949 3544 1405 1032 695 1234 669 682 658 3171 2577 2257 1602 1230 632 655 689 606
is_linear=0
shrinkage=0.02


Tree=73
num_leaves=29
num_cat=0
split_feature=0 0 0 0 0 0 0 1 1 0 1 1 1 1 1 1 1 1 1 1 0 1 1 0 1 1 1 1
split_gain=389.416 128.457 111.849 14.2984 11.0964 10.3075 9.08295 3.96217 2.72329 2.36995 2.08128 4.89649 3.89889 1.87114 1.51221 2.02612 1.36798 1.15035 2.46454 2.39864 0.863219 0.799621 0.690057 0.568495 0.353102 0.832189 0.128669 0.106125
threshold=-1.0000000180025095e-35 -0.85975876450538624 0.89663067460060131 0.26633311808109289 -1.3729133009910581 -0.45380596816539759 1.6977696418762209 5.4083333015441903 8.8750000000000018 0.62807923555374157 13.141666412353517 12.208333015441896 11.041666984558107 8.5583333969116229 9.3416666984558123 6.0916666984558114 12.691666603088381 10.041666984558107 13.941666603088381 6.9583332538604745 -0.62807917594909657 14.141666412353517 3.4583333730697636 1.0583764314651491 5.3583333492279062 8.3416666984558123 9.0416669845581072 12.25833320617676
decision_type=2 2 2 2 2 2 2 2 2 2 2 2 2 2 2 2 2 2 2 2 2 2 2 2 2 2 2 2
left_child=1 4 3 17 -1 7 22 -3 -9 16 11 12 14 -6 15 -7 24 19 27 -2 -10 -12 -4 -24 -5 -26 -11 -19
right_child=2 5 6 9 13 10 -8 8 20 26 21 -13 -14 -15 -16 -17 -18 18 -20 -21 -22 -23 23 -25 25 -27 -28 -29
leaf_value=-0.021488867715898127 0.0020435382043645462 -0.010653475027288797 0.016976682127128367 0.0070686371009613972 -0.015663141415840635 -0.004174679416581074 0.021716074415219774 -0.0023631060595184854 -0.0086598458144327619 0.0086967803496385207 0.00067316614712202832 -0.0076559198748537447 0.0019664711098390806 -0.010766732130707729 -0.0052955716328262686 -0.00027398663993921212 0.0026219256617516047 0.0025658502509837665 -0.00066525037167912838 -0.0027465568354066126 -0.0052855913113564624 -0.0019427015806841527 0.010926243525479322 0.014410254670402189 0.0032149265185692178 0.0059740499177706055 0.0066327704200584373 0.0037281276756808198
leaf_weight=167.68978109955788 88.9014892578125 77.853077858686447 69.473135784268379 72.921544909477234 145.70076829195023 100.5462162643671 104.50442218780518 82.911538437008858 70.223600685596466 103.63119187951088 102.56285651028156 74.279968127608299 74.965202569961548 68.885216072201729 87.035785913467407 111.46319560706615 79.710941344499588 80.806967422366142 95.764974638819695 75.44522151350975 81.296164721250534 82.769744575023651 69.133378341794014 146.16631938517094 71.149650499224663 163.09383225440979 66.627727046608925 106.62782540917397
leaf_count=1139 357 355 402 313 819 413 716 361 316 472 416 303 303 368 355 453 338 327 385 303 344 334 350 822 307 698 301 430
internal_value=1.96659e-06 -0.00774164 0.00738071 0.00383894 -0.0174955 -0.00377115 0.0164553 -0.0067362 -0.00535618 0.00597195 -0.00229321 -0.00302765 -0.00207263 -0.0142053 -0.0030915 -0.00214563 0.00505375 0.00116887 0.00193692 -0.000161993 -0.00694187 -0.000503351 0.0143867 0.0134024 0.00566378 0.0051703 0.00797545 0.00325943
internal_weight=2722.14 1328.18 1393.96 1004.68 382.276 945.907 389.277 312.284 234.431 557.135 633.623 448.29 374.01 214.586 299.045 212.009 386.876 447.546 283.2 164.347 151.52 185.333 284.773 215.3 307.165 234.243 170.259 187.435
internal_count=12800 6279 6521 4231 2326 3953 2290 1376 1021 2429 2577 1827 1524 1187 1221 866 1656 1802 1142 660 660 750 1574 1172 1318 1005 773 757
is_linear=0
shrinkage=0.02


Tree=74
num_leaves=28
num_cat=0
split_feature=0 0 0 0 0 0 1 0 1 1 1 0 3 1 1 3 0 0 1 1 1 1 3 0 1 1 1
split_gain=375.754 148.245 86.9585 15.0958 11.132 9.1158 8.56107 7.28156 3.64207 3.47596 3.33779 2.77693 2.72457 2.69455 2.53959 2.40065 1.9219 1.5267 0.814187 0.715588 0.697743 0.679364 2.01421 0.569877 0.35541 0.0510308 0.0388229
threshold=0.11304757371544839 -0.85975876450538624 0.89663067460060131 -0.29239994287490839 -1.3729133009910581 1.6977696418762209 3.9916666746139531 0.34515604376792913 6.8916666507720956 6.0916666984558114 9.1083335876464862 -0.13831529766321179 0.014999999664723875 10.458333015441896 8.8249998092651385 1.0000000180025095e-35 -1.0583763122558592 0.69039613008499157 11.891666412353517 10.175000190734865 3.4583333730697636 7.0250000953674325 1.0000000180025095e-35 1.0583764314651491 6.9583332538604745 12.574999809265138 12.208333015441896
decision_type=2 2 2 2 2 2 2 2 2 2 2 2 2 2 2 2 2 2 2 2 2 2 2 2 2 2 2
left_child=1 4 7 6 -1 20 -3 21 -8 -5 -11 25 15 14 -10 -13 -6 19 -15 24 -4 -2 -23 -22 -9 -12 -21
right_child=2 3 5 9 16 -7 8 17 13 10 11 12 -14 18 -16 -17 -18 -19 -20 26 23 22 -24 -25 -26 -27 -28
leaf_value=-0.021354344851691246 0.0040957194224450315 -0.012141641275196582 0.01680098116146778 -0.0044278133665976403 -0.01619488115696139 0.021586173444441678 -0.00082742152552855877 0.0053738555703443467 -0.0047403286584268957 0.0031962993333871027 -0.0036903318746985122 0.00071351435468676287 0.0033286585535145514 -0.0021191389318444063 -0.010139882184059952 -0.0033067077871828986 -0.011573142580647939 0.0083786494730303303 -0.004792259110528007 0.0049352767262560325 0.010766839963525177 0.0038220659731549246 0.00028071443691812077 0.014235086975313097 0.0075175376805428074 -0.0026563577967057108 0.0037399191682299959
leaf_weight=165.40681909024715 74.347413137555122 66.022503346204758 68.823158904910088 93.550382986664772 107.25944417715073 103.05724307894707 89.359997302293777 103.77105511724949 79.088917389512062 89.578480273485184 74.237377360463142 141.42807002365589 76.204105943441391 77.894963264465332 71.497844621539116 99.762907549738884 105.74685305356979 116.88097980618477 128.89550453424454 72.347812905907631 68.786886289715767 116.77153722941875 140.68239085376263 145.0416399538517 88.361731335520744 74.45346611738205 73.644893035292625
leaf_count=1139 302 300 402 377 640 716 385 453 340 359 300 568 305 330 313 401 547 538 543 314 350 477 573 822 387 301 318
internal_value=2.06971e-06 -0.00648842 0.00852545 -0.0029351 -0.0173266 0.0162828 -0.00549332 0.004691 -0.00446104 -0.000903916 -0.000296889 -0.000979043 8.18815e-05 -0.00535994 -0.00740331 -0.000962874 -0.0140294 0.00633162 -0.00381528 0.00557891 0.0142111 0.00241672 0.00190402 0.0132295 0.00642702 -0.00321472 0.00439098
internal_weight=2712.9 1540.39 1172.52 1161.97 378.413 385.709 512.76 786.808 446.737 649.215 555.664 466.086 317.395 357.377 150.587 241.191 213.006 455.006 206.79 338.125 282.652 331.801 257.454 213.829 192.133 148.691 145.993
internal_count=12800 7148 5652 4822 2326 2290 2211 3362 1911 2611 2234 1875 1274 1526 653 969 1187 2010 873 1472 1574 1352 1050 1172 840 601 632
is_linear=0
shrinkage=0.02


Tree=75
num_leaves=23
num_cat=0
split_feature=0 0 0 0 0 0 0 0 0 0 0 3 0 0 2 0 0 0 3 0 0 0
split_gain=362.505 122.917 106.778 13.3281 11.1611 9.7079 9.14692 2.22548 1.91753 1.79901 1.69359 1.43548 1.17825 0.838036 0.610355 1.05467 0.486667 0.384587 0.304641 1.32192 0.303497 0.193357
threshold=-1.0000000180025095e-35 -0.85975876450538624 0.89663067460060131 0.26633311808109289 -1.3729133009910581 -0.45380596816539759 1.6977696418762209 0.62807923555374157 -1.0583763122558592 -0.62807917594909657 -0.1891338303685188 0.014999999664723875 0.087851781398057951 -0.062711736187338815 -1.0000000180025095e-35 0.37188957631587988 -0.11304753646254538 1.0583764314651491 1.0000000180025095e-35 -0.34515604376792902 0.16367168724536899 -0.7555200159549712
decision_type=2 2 2 2 2 2 2 2 2 2 2 2 2 2 2 2 2 2 2 2 2 2
left_child=1 4 3 11 -1 9 17 14 -6 21 18 12 -2 16 -5 -16 -12 -4 -7 -20 -14 -3
right_child=2 5 6 7 8 10 -8 -9 -10 -11 13 -13 20 -15 15 -17 -18 -19 19 -21 -22 -23
leaf_value=-0.021221691056319089 0.00026112029389188267 -0.0091889532395124426 0.011805921870776677 0.0034553346536277223 -0.016024205483450318 -0.003815834120219983 0.021458176243740329 0.0077118346886342719 -0.011408342873476163 -0.0047973000165365464 -0.0011608810543374186 -0.00096393435110139704 0.0035387704284501522 -0.0026667675051604122 0.0035855550525374547 0.0063069874914697425 0.00081688984638783461 0.014836956527337117 -0.0045752102433270795 -0.0011240553627816208 0.0019408964129116189 -0.0069568713705374374
leaf_weight=163.14719012379646 134.52450433373451 68.839580535888672 82.332533314824104 106.23373831808567 106.26519186794758 159.03285920619965 101.62488941848278 169.34421792626381 105.16373829543591 147.58573934435844 117.56651821732521 100.70283661782742 91.111938446760178 87.956834360957146 97.968151450157166 181.71223074197769 83.42217168211937 198.21952545642853 73.985385119915009 111.19000819325447 121.09615170955658 94.685928985476494
leaf_count=1139 539 337 425 450 640 655 716 773 547 630 473 405 368 354 414 792 335 1149 308 452 490 409
internal_value=2.15718e-06 -0.00749642 0.00714372 0.00370018 -0.0171602 -0.00363477 0.016112 0.00576478 -0.0138567 -0.00651903 -0.00220147 0.00112379 0.00173218 -0.00106177 0.00487504 0.00538593 -0.000340029 0.0140373 -0.00314653 -0.00253709 0.00265358 -0.00799619
internal_weight=2703.71 1318.84 1384.87 1002.69 374.576 944.265 382.177 555.258 211.429 311.111 633.154 447.435 346.733 288.946 385.914 279.68 200.989 280.552 344.208 185.175 212.208 163.526
internal_count=12800 6279 6521 4231 2326 3953 2290 2429 1187 1376 2577 1802 1397 1162 1656 1206 808 1574 1415 760 858 746
is_linear=0
shrinkage=0.02


Tree=76
num_leaves=30
num_cat=0
split_feature=0 0 0 0 0 0 1 0 1 1 1 1 3 1 1 1 1 4 1 1 1 1 3 0 0 1 1 0 1
split_gain=349.629 141.48 83.3299 14.0163 11.1884 9.18096 8.30406 6.78565 3.52708 3.34266 3.20789 2.70139 3.01869 2.59736 2.47301 1.92412 1.48876 1.63373 0.956574 0.794672 0.748707 0.65731 1.919 0.595335 0.536123 0.362041 0.313304 0.282425 0.204126
threshold=0.11304757371544839 -0.85975876450538624 0.89663067460060131 -0.29239994287490839 -1.3729133009910581 1.6977696418762209 3.9916666746139531 0.34515604376792913 6.8916666507720956 6.0916666984558114 9.1083335876464862 11.108333587646486 0.014999999664723875 10.458333015441896 8.8249998092651385 8.2249999046325701 10.291666984558107 1.0000000180025095e-35 13.708333015441896 11.891666412353517 3.4583333730697636 7.0250000953674325 1.0000000180025095e-35 1.1506889462471011 0.51012541353702556 6.2583334445953378 11.891666412353517 -1.1033552289009092 12.691666603088381
decision_type=2 2 2 2 2 2 2 2 2 2 2 2 2 2 2 2 2 2 2 2 2 2 2 2 2 2 2 2 2
left_child=1 4 7 6 -1 20 -3 21 -8 -5 -11 -12 18 14 -10 27 17 24 28 -15 -4 -2 -23 -22 -9 -26 -18 -6 -13
right_child=2 3 5 9 15 -7 8 16 13 10 11 12 -14 19 -16 -17 26 -19 -20 -21 23 22 -24 -25 25 -27 -28 -29 -30
leaf_value=-0.021090820141913783 0.0039765122454603809 -0.011863198780988651 0.016480553577714017 -0.0043262339936838623 -0.017178785770589778 0.021331993323031227 -0.0007045818557427614 0.0043123938149412693 -0.0045509934496043639 0.0031498534724513807 -0.0039521618886726772 -0.00084840377967980538 0.0029948670034246044 -0.0019789962870176907 -0.009879752090527617 -0.010480600480370861 0.0032948810073245723 0.0096108301870345674 -0.0024414802108832533 -0.0046156575485303275 0.010970126924024375 0.0036950783905087326 0.00023791572039013727 0.014233325795802193 0.0053639960265844753 0.0079458659999368346 0.0052817734453368057 -0.013109558293937536 0.00058739900588025337
leaf_weight=160.91127292811871 74.29236988723278 65.610547319054604 67.631760507822037 93.507880613207817 64.903597936034203 100.20759844779968 89.204992428421974 70.219335556030273 78.87430003285408 89.577953919768333 93.114825651049614 75.679589197039604 89.157068192958832 77.759340941905975 71.173468142747879 75.059844404459 69.095684826374054 76.422287479043007 129.16035470366478 128.62326228618622 95.162152677774429 116.66191354393959 140.63767816126347 115.67147143185139 67.867024347186089 69.147930756211281 100.48829996585846 69.904828891158104 78.864538729190826
leaf_count=1139 302 300 402 377 402 716 385 306 340 359 375 305 357 330 313 410 304 345 520 543 498 477 573 674 304 311 440 375 318
internal_value=1.96705e-06 -0.00627484 0.00825838 -0.00282572 -0.0169954 0.0159418 -0.00529588 0.00452014 -0.00428029 -0.000869759 -0.000274553 -0.000943499 -0.000175067 -0.00516627 -0.00717534 -0.0136858 0.00610844 0.00701976 -0.00118524 -0.00365076 0.0138638 0.00232553 0.00182183 0.0128774 0.00598151 0.00676257 0.00452007 -0.0152912 -0.000117564
internal_weight=2694.59 1531.09 1163.51 1160.31 370.78 378.673 511.246 784.833 445.635 649.062 555.554 465.976 372.862 356.43 150.048 209.868 453.241 283.657 283.704 206.383 278.465 331.592 257.3 210.834 207.234 137.015 169.584 134.808 154.544
internal_count=12800 7148 5652 4822 2326 2290 2211 3362 1911 2611 2234 1875 1500 1526 653 1187 2010 1266 1143 873 1574 1352 1050 1172 921 615 744 777 623
is_linear=0
shrinkage=0.02


Tree=77
num_leaves=28
num_cat=0
split_feature=0 0 0 0 0 0 0 1 1 0 0 1 1 1 1 3 1 1 0 1 0 1 1 0 0 0 1
split_gain=337.627 117.562 101.842 12.3845 11.2095 9.20814 9.12174 3.74436 2.57024 2.1146 1.93277 1.91971 4.77847 3.66832 1.50636 1.38854 1.28131 1.23311 1.06589 1.55778 0.831242 0.796579 0.754221 0.597859 0.4181 0.932124 0.140255
threshold=-1.0000000180025095e-35 -0.85975876450538624 0.89663067460060131 0.26633311808109289 -1.3729133009910581 1.6977696418762209 -0.45380596816539759 5.4083333015441903 8.8750000000000018 0.62807923555374157 -1.0583763122558592 13.141666412353517 12.208333015441896 11.041666984558107 7.8583333492279062 0.014999999664723875 12.691666603088381 4.991666555404664 0.087851781398057951 11.958333015441896 -0.62807917594909657 14.141666412353517 3.4583333730697636 1.1506889462471011 0.45380601286888128 0.37188957631587988 9.0416669845581072
decision_type=2 2 2 2 2 2 2 2 2 2 2 2 2 2 2 2 2 2 2 2 2 2 2 2 2 2 2
left_child=1 4 3 15 -1 22 7 -3 -9 16 -6 12 13 14 17 18 24 -8 -2 -20 -10 -13 -4 -24 25 -5 -11
right_child=2 6 5 9 10 -7 11 8 20 26 -12 21 -14 -15 -16 -17 -18 -19 19 -21 -22 -23 23 -25 -26 -27 -28
leaf_value=-0.020961644715630397 0.00028587950382388409 -0.010134895052703777 0.016309987204315212 0.0045502682644061668 -0.015698753459102762 0.021207540708168743 -0.0033416930721379729 -0.00206451590010189 -0.0081968083654601984 0.0081722625146560465 -0.011074539566682568 0.00077410861398842143 -0.0073992246427987849 0.0020353850124807202 -0.0043598327642638329 -0.00096604515508059985 0.0023488574313455623 0.00017892090143378246 0.00099031239931199984 0.004439773780101729 -0.0049047489204707122 -0.0018370043278242065 0.010812121188807462 0.014064102643956312 0.0042902542209942275 0.0077531048468354466 0.0061629640686276643
leaf_weight=158.69942280650139 134.5219361782074 76.942974075675011 66.999560907483101 98.260685220360756 104.3646102398634 98.805588036775589 73.778515368700027 82.541885569691658 69.584145963191986 102.48007529973984 103.97821123898029 102.47856567800045 74.121627524495125 74.926978126168251 141.27718085050583 100.69904467463493 79.428127482533455 83.398431032896042 117.10810805857182 94.997958183288574 80.884839251637459 82.710134759545326 94.656131789088249 114.75533325970173 133.05690242350101 74.1800187677145 66.006878241896629
leaf_count=1139 539 355 402 416 640 716 305 361 316 472 547 416 303 303 577 405 338 339 473 385 344 334 498 674 578 324 301
internal_value=1.99395e-06 -0.0072608 0.0069155 0.00356914 -0.0168327 0.0157743 -0.00350599 -0.00630833 -0.00496925 0.00556433 -0.0135182 -0.00211759 -0.00282374 -0.00188086 -0.00287103 0.001087 0.00469738 -0.00149487 0.00168556 0.0025623 -0.00651471 -0.00039925 0.0136938 0.0127104 0.00528873 0.00600115 0.00746663
internal_weight=2685.64 1309.69 1375.96 1000.74 367.042 375.217 942.645 309.954 233.011 553.413 208.343 632.691 447.503 373.381 298.454 447.327 384.926 157.177 346.628 212.106 150.469 185.189 276.411 209.411 305.498 172.441 168.487
internal_count=12800 6279 6521 4231 2326 2290 3953 1376 1021 2429 1187 2577 1827 1524 1221 1802 1656 644 1397 858 660 750 1574 1172 1318 740 773
is_linear=0
shrinkage=0.02


Tree=78
num_leaves=28
num_cat=0
split_feature=0 0 0 0 0 0 1 0 0 1 3 1 1 1 1 0 1 3 1 1 1 1 1 1 0 1 1
split_gain=325.717 149.285 64.078 18.3617 12.5668 9.23341 2.97698 2.87251 2.68302 2.0124 1.89133 1.63808 1.97924 1.85456 1.46303 1.32673 1.23414 1.00134 1.73628 0.993878 1.64554 0.963034 1.88333 0.759303 0.599886 0.370713 0.271231
threshold=0.21471916884183886 -0.7555200159549712 0.89663067460060131 -1.0583763122558592 -0.1891338303685188 1.6977696418762209 4.241666555404664 0.51012541353702556 -1.3729133009910581 12.691666603088381 1.0000000180025095e-35 6.5916666984558114 10.875000000000002 12.108333587646486 13.22499990463257 -1.0000000180025095e-35 9.4083333015441912 1.0000000180025095e-35 8.6916666030883807 10.041666984558107 13.041666984558107 13.141666412353517 10.041666984558107 3.4583333730697636 1.1506889462471011 8.5583333969116229 9.0416669845581072
decision_type=2 2 2 2 2 2 2 2 2 2 2 2 2 2 2 2 2 2 2 2 2 2 2 2 2 2 2
left_child=1 3 7 8 6 23 -3 9 -1 10 -2 -8 16 -14 -15 21 -13 -9 -19 -17 -21 22 -6 -4 -25 -5 -12
right_child=2 4 5 25 15 -7 11 17 -10 -11 26 12 13 14 -16 19 -18 18 -20 20 -22 -23 -24 24 -26 -27 -28
leaf_value=-0.020834083705388005 0.0066422039933362381 -0.0078089010000891839 0.016141105033956434 -0.011265810865377677 9.717326780176835e-05 0.021084736847465212 -0.00060844554283600747 0.0051603432788524034 -0.015532713634777477 0.0012511359554977408 0.0040332875846200694 -0.0040011518530019882 -0.00010204909286662964 -0.0058715536221806367 -0.0020675997598404204 -0.00057919664296378294 -0.0073965403049411514 0.0098612983327895365 0.0052109786672146809 0.0034558879904632756 0.00014328501506601915 0.00049608562519652265 -0.0039697228186574693 0.010656070812772131 0.013896544881088369 -0.0083756714374204275 0.002188456917039706
leaf_weight=156.51194158196449 118.20991359651089 70.837487906217575 66.373807027935982 102.01922903954983 93.76790563762188 97.419045656919479 71.685445442795753 122.2236260920763 103.40174297988415 89.114561706781387 74.916452914476395 120.21339493989944 78.19427964091301 75.332564488053322 92.085113614797592 132.08121356368065 76.493938624858856 80.694853276014328 67.386752888560295 103.2073830217123 139.96408042311668 108.67426019906998 86.397546857595444 94.155818954110146 113.849500015378 69.572911396622658 71.972664505243301
leaf_count=1139 506 310 402 528 377 716 300 550 640 374 318 504 323 314 380 530 323 366 302 417 563 437 348 498 674 356 305
internal_value=2.12638e-06 -0.00536801 0.00905229 -0.0154807 -0.00185494 0.0156084 -0.00398739 0.00511183 -0.0188597 0.0038869 0.00475693 -0.0034325 -0.00388539 -0.00265244 -0.00382836 2.93699e-05 -0.00538268 0.00667665 0.00784274 0.000811835 0.00156595 -0.000985779 -0.00187526 0.0135256 0.0125452 -0.010204 0.0031709
internal_weight=2676.76 1680.44 996.317 431.506 1248.93 371.798 584.842 624.519 259.914 354.214 265.099 514.005 442.319 245.612 167.418 664.092 196.707 270.305 148.082 375.253 243.171 288.84 180.165 274.379 208.005 171.592 146.889
internal_count=12800 7789 5011 2663 5126 2290 2454 2721 1779 1503 1129 2144 1844 1017 694 2672 827 1218 668 1510 980 1162 725 1574 1172 884 623
is_linear=0
shrinkage=0.02


Tree=79
num_leaves=28
num_cat=0
split_feature=0 0 0 0 0 0 1 1 0 0 1 1 1 1 3 1 1 3 1 1 1 1 1 0 1 0 1
split_gain=314.283 145.502 62.8167 16.8391 11.2374 9.25673 7.18239 3.34181 2.77976 2.46099 2.1865 2.67573 1.94864 1.9389 1.82388 1.14577 1.46404 0.970369 1.68286 0.955349 1.58229 0.763953 0.756956 0.603614 0.464033 0.334656 0.261309
threshold=0.21471916884183886 -0.85975876450538624 0.89663067460060131 -0.29239994287490839 -1.3729133009910581 1.6977696418762209 4.1250000000000009 6.5916666984558114 0.51012541353702556 -1.0000000180025095e-35 10.458333015441896 8.8249998092651385 8.2249999046325701 12.691666603088381 1.0000000180025095e-35 13.141666412353517 10.341666698455812 1.0000000180025095e-35 8.6916666030883807 10.041666984558107 13.041666984558107 3.4583333730697636 11.891666412353517 1.0583764314651491 6.8916666507720956 -1.1033552289009092 9.0416669845581072
decision_type=2 2 2 2 2 2 2 2 2 2 2 2 2 2 2 2 2 2 2 2 2 2 2 2 2 2 2
left_child=1 4 8 6 -1 21 -3 -8 13 15 11 -9 25 14 -2 16 24 -10 -19 -11 -21 -4 -12 -23 -5 -6 -16
right_child=2 3 5 9 12 -7 7 10 17 19 22 -13 -14 -15 26 -17 -18 18 -20 20 -22 23 -24 -25 -26 -27 -28
leaf_value=-0.020708060380282906 0.0065220751644041383 -0.011030038176142072 0.015973850766252601 -0.0020021612967850082 -0.016718452141034668 0.020963506280949215 -0.0002481928030288904 -0.0041541159856412326 0.005067382423152066 -0.00056777720944888727 -0.0018075092393178413 -0.0095105723629958314 -0.0099856540590665226 0.0012269701808734815 0.0039581836593916668 1.7694438928475282e-05 -0.0037718256925756617 0.009700882882626178 0.0051182169154116806 0.0033890524761631914 0.00014046093995835564 0.0099598281959991063 -0.0043771768377434657 0.013387416404015586 0.00013371297642666201 -0.012629646545061039 0.0021469039620264883
leaf_weight=154.3490936756134 118.01824294030666 67.655877649784088 65.754596471786499 74.987663969397545 63.040996447205544 96.048132784664631 76.362387835979462 88.525080934166908 122.01530508697033 132.0831823348999 77.573878452181816 70.707110702991486 73.701960250735283 89.091940030455589 74.849812284111977 147.67542789876461 123.51831312477589 80.424467697739601 67.273300752043724 103.17762489616871 139.96291129291058 67.021122917532921 128.23759061098099 139.59421040117741 85.795803293585777 68.603186950087547 71.937440887093544
leaf_count=1139 506 312 402 303 402 716 331 382 550 530 330 313 410 374 318 595 499 366 302 417 563 350 543 822 345 375 305
internal_value=2.2362e-06 -0.00527714 0.00891402 -0.0021863 -0.0165131 0.015444 -0.00502717 -0.00406149 0.00501916 -0.000386707 -0.00485349 -0.00662112 -0.0131906 0.00381418 0.00466891 -0.00141295 -0.002151 0.00656052 0.00770984 0.000795982 0.00153542 0.013359 -0.00343534 0.0123817 -0.000874796 -0.0148086 0.0031113
internal_weight=2667.99 1675.96 992.029 1316.26 359.695 368.418 509.062 441.406 623.611 807.201 365.044 159.232 205.346 353.897 264.805 431.977 284.302 269.713 147.698 375.224 243.141 272.37 205.811 206.615 160.783 131.644 146.787
internal_count=12800 7789 5011 5463 2326 2290 2211 1899 2721 3252 1568 695 1187 1503 1129 1742 1147 1218 668 1510 980 1574 873 1172 648 777 623
is_linear=0
shrinkage=0.02


Tree=80
num_leaves=28
num_cat=0
split_feature=0 0 0 0 0 0 1 0 0 1 3 1 1 1 1 0 1 3 1 1 1 1 1 1 0 1 1
split_gain=303.254 142.014 61.5718 18.1167 11.6431 9.27826 2.76034 2.75119 2.68983 1.86805 1.75881 1.51639 1.86489 1.77327 1.39251 1.21502 1.17825 0.940351 1.63107 0.918314 1.52148 0.89203 1.76652 0.768281 0.610859 0.366149 0.251745
threshold=0.21471916884183886 -0.7555200159549712 0.89663067460060131 -1.0583763122558592 -0.1891338303685188 1.6977696418762209 4.241666555404664 -1.3729133009910581 0.51012541353702556 12.691666603088381 1.0000000180025095e-35 6.5916666984558114 10.875000000000002 12.108333587646486 13.22499990463257 -1.0000000180025095e-35 9.4083333015441912 1.0000000180025095e-35 8.6916666030883807 10.041666984558107 13.041666984558107 13.141666412353517 10.041666984558107 3.4583333730697636 1.1506889462471011 8.5583333969116229 9.0416669845581072
decision_type=2 2 2 2 2 2 2 2 2 2 2 2 2 2 2 2 2 2 2 2 2 2 2 2 2 2 2
left_child=1 3 8 7 6 23 -3 -1 9 10 -2 -8 16 -14 -15 21 -13 -10 -19 -17 -21 22 -6 -4 -25 -5 -12
right_child=2 4 5 25 15 -7 11 -9 17 -11 26 12 13 14 -16 19 -18 18 -20 20 -22 -23 -24 24 -26 -27 -28
leaf_value=-0.020583497857486966 0.006404061351282706 -0.0075259852214868937 0.015808171649890925 -0.010964511542631013 0.00011345611601963466 0.020843771812602333 -0.00058565245363746774 -0.015216087260597323 0.0049760035742195683 0.0012032662843472373 0.0038844445316983168 -0.0038459148109117147 -4.9898026733807167e-05 -0.0056887378820117606 -0.0019768643206699043 -0.00055658298435068258 -0.0071634628336548324 0.0095429671545208938 0.0050270207592810704 0.0033235102395270427 0.00013769239258632144 0.00048598065191239045 -0.003825528980320167 0.010343766376419601 0.013570385991423111 -0.0081169654010430966 0.0021061254931130694
leaf_weight=152.21111644804478 117.82800643146038 70.493594378232956 65.14202031493187 100.98499695956707 93.761123850941658 94.692999891936779 71.671216502785683 101.56428079307079 121.80968606472015 89.069696709513664 74.783922120928764 119.99388927221298 78.16164630651474 75.185315445065498 92.004310920834541 132.08509017527103 76.259246021509171 80.156036034226418 67.161266773939133 103.14786241948605 139.96176274120808 108.67762869596481 86.350298315286636 93.149429082870483 112.09123748540878 69.031221359968185 71.902746587991714
leaf_count=1139 506 310 402 528 377 716 300 640 550 374 318 504 323 314 380 530 323 366 302 417 563 437 348 498 674 356 305
internal_value=2.16739e-06 -0.0051879 0.00877759 -0.0151618 -0.00178147 0.0152811 -0.00383673 -0.0185712 0.00492811 0.00374279 0.00458248 -0.0033028 -0.00373916 -0.00254262 -0.00369361 3.15966e-05 -0.0051943 0.0064463 0.00757908 0.000780439 0.00150548 -0.000939976 -0.00179627 0.0131942 0.0122199 -0.00991615 0.0030528
internal_weight=2659.33 1671.54 987.787 423.792 1247.75 365.076 583.769 253.775 622.711 353.584 264.515 513.276 441.604 245.351 167.19 663.984 196.253 269.127 147.317 375.195 243.11 288.789 180.111 270.383 205.241 170.016 146.687
internal_count=12800 7789 5011 2663 5126 2290 2454 1779 2721 1503 1129 2144 1844 1017 694 2672 827 1218 668 1510 980 1162 725 1574 1172 884 623
is_linear=0
shrinkage=0.02


Tree=81
num_leaves=28
num_cat=0
split_feature=0 0 0 0 0 0 1 1 0 1 0 1 1 3 1 1 1 3 1 1 1 1 1 0 1 0 0
split_gain=292.597 138.622 60.3448 15.6939 11.254 9.29751 6.83622 3.19023 2.63145 2.3483 2.25591 2.23189 1.93458 1.33703 1.27368 2.04129 1.61967 1.10744 1.10023 0.882714 1.46301 0.772061 0.717069 0.65804 0.653709 0.611297 0.368144
threshold=0.21471916884183886 -0.85975876450538624 0.89663067460060131 -0.29239994287490839 -1.3729133009910581 1.6977696418762209 4.1250000000000009 6.8916666507720956 0.62807923555374157 10.458333015441896 -1.0000000180025095e-35 8.8249998092651385 8.2249999046325701 1.0000000180025095e-35 12.691666603088381 11.324999809265138 5.3583333492279062 0.014999999664723875 13.558333396911623 10.041666984558107 13.041666984558107 3.4583333730697636 11.891666412353517 0.37188957631587988 11.108333587646486 1.1506889462471011 -1.1033552289009092
decision_type=2 2 2 2 2 2 2 2 2 2 2 2 2 2 2 2 2 2 2 2 2 2 2 2 2 2 2
left_child=1 4 8 6 -1 21 -3 -8 14 11 17 -9 26 -10 15 16 -2 18 24 -12 -21 -4 -11 -18 -5 -23 -6
right_child=2 3 5 10 12 -7 7 9 13 22 19 -13 -14 -15 -16 -17 23 -19 -20 20 -22 25 -24 -25 -26 -27 -28
leaf_value=-0.020460324156471473 0.0061119898285426338 -0.010728332007489998 0.015644017870066949 -0.0020444969517526938 -0.016414393047644093 0.020725464086236132 -0.00044569118004363469 -0.0041730011722559074 0.004805198965829113 -0.0017224966733562156 -0.00054560966119249546 -0.0092460680528994796 -0.0096836482572339715 0.0086688673236685471 0.0020074723110852562 0.0076451644056896801 0.0012806354156080838 0.00049308445251693622 -0.0038399720886166705 0.0032592357711345556 0.00013497859728760919 0.010193469385036534 -0.0042233271834578165 0.0036772354198515368 4.5847990014675522e-05 0.013407563036859246 -0.012311958037603755
leaf_weight=150.09821611642838 83.4241773635149 67.186627849936485 64.536158859729767 147.5035642683506 61.816694974899292 93.353767864406109 86.156084701418877 78.430247247219086 75.26147685945034 77.482153505086899 132.08694057166576 70.370153188705444 72.876247510313988 91.58122906088829 103.15654665231705 70.194342121481895 78.424873635172844 99.533454701304436 85.167696848511696 103.11811883747578 139.96063630282879 92.666792616248131 127.9920507222414 119.77888487279415 99.639097973704338 111.21657754480839 67.741903617978096
leaf_count=1139 359 312 402 596 402 716 373 340 347 330 530 313 410 426 435 301 328 399 344 417 563 498 543 525 403 674 375
internal_value=2.27461e-06 -0.00509987 0.00864304 -0.00210331 -0.0161994 0.0151195 -0.00485115 -0.00391015 0.00483865 -0.00474545 -0.000367177 -0.00666295 -0.0128708 0.00700356 0.00401759 0.00459229 0.00378283 -0.00134992 -0.00190159 0.0007652 0.00147612 0.013031 -0.00330599 0.00275122 -0.00120814 0.0120599 -0.0144891
internal_weight=2650.75 1667.16 983.595 1314.63 352.533 361.773 507.617 440.431 621.822 354.275 807.01 148.8 202.435 166.843 454.979 351.822 281.628 431.844 332.31 375.166 243.079 268.42 205.474 198.204 247.143 203.883 129.559
internal_count=12800 7789 5011 5463 2326 2290 2211 1899 2721 1526 3252 653 1187 773 1948 1513 1212 1742 1343 1510 980 1574 873 853 999 1172 777
is_linear=0
shrinkage=0.02


Tree=82
num_leaves=27
num_cat=0
split_feature=0 0 0 0 0 0 1 1 0 1 0 1 0 3 1 1 1 1 1 1 1 1 1 0 0 1
split_gain=282.322 135.26 59.133 15.1204 11.2655 9.31467 6.62362 3.07411 2.54833 2.26953 2.16851 2.16035 1.91358 1.29545 1.22822 1.97101 1.56207 1.0775 1.39872 0.848495 1.40746 0.775407 0.69037 0.633878 0.614306 0.452899
threshold=0.21471916884183886 -0.85975876450538624 0.89663067460060131 -0.29239994287490839 -1.3729133009910581 1.6977696418762209 4.1250000000000009 6.8916666507720956 0.62807923555374157 10.458333015441896 -1.0000000180025095e-35 8.8249998092651385 -1.0583763122558592 1.0000000180025095e-35 12.691666603088381 11.324999809265138 5.3583333492279062 13.141666412353517 10.341666698455812 10.041666984558107 12.991666793823244 3.4583333730697636 11.891666412353517 0.37188957631587988 1.0583764314651491 6.8916666507720956
decision_type=2 2 2 2 2 2 2 2 2 2 2 2 2 2 2 2 2 2 2 2 2 2 2 2 2 2
left_child=1 4 8 6 -1 21 -3 -8 14 11 17 -9 -6 -10 15 16 -2 18 25 -12 -21 -4 -11 -18 -23 -5
right_child=2 3 5 10 12 -7 7 9 13 22 19 -13 -14 -15 -16 -17 23 -19 -20 20 -22 24 -24 -25 -26 -27
leaf_value=-0.020338470312317149 0.0060016972689574191 -0.010560126567703429 0.015481341122767863 -0.0019072683482783028 -0.014904903809424823 0.020608512977455522 -0.00043702846335566997 -0.0040960345339030521 0.0047196787737054571 -0.0016895646422996496 -0.00053485312650850675 -0.0090913298304788337 -0.010302627188695488 0.0085264766304701603 0.0019689249412437253 0.0075106764324244617 0.0012559636127093857 6.3262875024337674e-05 -0.0036242033337272835 0.0032220989442104503 0.00015059981843913015 0.0095086574029897009 -0.0041441016157035618 0.0036087711808005913 0.012905060311099678 0.00020190605369660189
leaf_weight=148.01055704057217 83.296164885163307 66.926164984703064 63.937082648277283 74.948724254965782 99.769391506910324 92.030544482171535 86.146291688084602 78.344373270869255 75.130279764533043 77.451842188835144 132.08873480558395 70.172572761774063 101.22499345242977 91.284818261861801 103.11221061646938 70.059416443109512 78.405605912208557 147.63845211267471 123.43032139539719 101.35748118162155 141.69046375155449 66.028719797730446 127.86966490745544 119.64951768517494 136.51382860541344 85.76996374130249
leaf_count=1139 359 312 402 303 640 716 373 340 347 330 530 313 547 426 435 301 328 595 499 410 570 350 543 525 822 345
internal_value=2.23703e-06 -0.00501346 0.00851041 -0.00206353 -0.0160435 0.0149594 -0.00476323 -0.00383767 0.00475089 -0.00465849 -0.000359995 -0.00654569 -0.0127114 0.00688431 0.00394304 0.00450787 0.0037124 -0.0013236 -0.00203959 0.000750259 0.00144734 0.0128695 -0.00324343 0.00269921 0.0119016 -0.000793029
internal_weight=2642.29 1662.84 979.448 1313.84 349.005 358.51 506.911 439.985 620.938 353.838 806.924 148.517 200.994 166.415 454.523 351.411 281.351 431.787 284.149 375.137 243.048 266.48 205.322 198.055 202.543 160.719
internal_count=12800 7789 5011 5463 2326 2290 2211 1899 2721 1526 3252 653 1187 773 1948 1513 1212 1742 1147 1510 980 1574 873 853 1172 648
is_linear=0
shrinkage=0.02


Tree=83
num_leaves=23
num_cat=0
split_feature=0 0 0 0 0 0 0 0 0 0 0 2 0 3 0 0 3 2 0 0 0 0
split_gain=272.524 148.372 29.9114 29.4799 13.0528 4.71306 3.95092 2.85675 1.3195 1.26911 1.21322 0.841418 2.43113 0.70072 1.2253 0.585955 0.489775 0.467753 0.387489 0.160566 0.0951506 0.0238084
threshold=-0.62807917594909657 0.78930723667144786 0.11304757371544839 -1.0583763122558592 1.4404313564300539 -0.1891338303685188 0.34515604376792913 -1.3729133009910581 -0.7555200159549712 0.89663067460060131 1.8157399296760561 1.0000000180025095e-35 0.037611209787428386 1.0000000180025095e-35 -0.34515604376792902 -0.062711736187338815 1.0000000180025095e-35 -1.0000000180025095e-35 0.53889256715774547 -0.42618812620639795 0.24044603109359744 -0.45380596816539759
decision_type=2 2 2 2 2 2 2 2 2 2 2 2 2 2 2 2 2 2 2 2 2 2
left_child=3 2 5 7 9 13 16 -1 -5 -3 -6 12 15 19 21 -7 -4 -8 -19 -2 -18 -15
right_child=1 4 6 8 10 11 17 -9 -10 -11 -12 -13 -14 14 -16 -17 20 18 -20 -21 -22 -23
leaf_value=-0.020217868677825674 -0.0047813540022880116 0.0078474750056893011 0.0028685784729577343 -0.0095109999024084908 0.01568532224102212 6.2402174797889613e-05 0.0037231663226956397 -0.014745681141823168 -0.0062067453006386291 0.011843761670931752 0.021197842353012825 -0.0017421679416180821 0.002914562662402594 -0.0030327216185954426 -0.0007515022081670792 -0.0017441476945989052 0.00087199851132269092 0.0062351818156922431 0.0045024289057828092 -0.0034262112848096799 0.0018225564427563048 -0.0039535078183959779
leaf_weight=145.9482835829258 78.544981732964516 58.60226446390152 148.3198489099741 167.78052520751953 76.508850499987602 152.61846844851971 106.5488755851984 98.860544949769974 93.505693480372429 205.14770840108395 73.629028111696243 127.26144091784954 92.216225147247314 82.824879288673401 110.87764146924019 133.42370590567589 103.39000134170055 149.96559557318687 132.47064127027988 142.95108781754971 79.059197202324867 73.449833080172539
leaf_count=1139 337 275 608 884 542 614 468 640 409 1175 573 511 370 358 452 536 418 664 603 590 326 308
internal_value=2.37959e-06 0.0031422 0.000541224 -0.013159 0.0138585 -0.0017058 0.00364108 -0.0181454 -0.00838465 0.0110216 0.0186318 -0.000349043 0.000126358 -0.00310226 -0.00237921 -0.000786518 0.00201593 0.00500562 0.00545984 -0.00394525 0.00129919 -0.00350998
internal_weight=2633.91 2127.81 1713.92 506.095 413.888 994.168 719.754 244.809 261.286 263.75 150.138 505.52 378.258 488.648 267.152 286.042 330.769 388.985 282.436 221.496 182.449 156.275
internal_count=12800 9728 7163 3072 2565 4076 3087 1779 1293 1450 1115 2031 1520 2045 1118 1150 1352 1735 1267 927 744 666
is_linear=0
shrinkage=0.02


Tree=84
num_leaves=29
num_cat=0
split_feature=0 0 0 0 0 0 0 0 1 4 0 1 1 0 1 0 0 4 1 3 0 1 4 1 0 1 1 1
split_gain=263.681 144.101 29.2265 28.7712 13.0124 4.53568 3.81201 2.89607 2.56238 2.79321 2.70963 4.38535 2.3502 2.84044 1.42005 1.25118 1.24371 1.20295 0.63052 1.73724 0.589831 1.67002 0.451825 0.652075 0.957519 0.332134 0.517405 0.102345
threshold=-0.62807917594909657 0.78930723667144786 -1.0583763122558592 0.11304757371544839 1.4404313564300539 -0.1891338303685188 0.34515604376792913 -1.3729133009910581 6.3916666507720956 1.0000000180025095e-35 0.037611209787428386 13.75833320617676 5.5083334445953378 -0.85975876450538624 12.691666603088381 0.89663067460060131 1.8157399296760561 1.0000000180025095e-35 7.0250000953674325 1.0000000180025095e-35 -0.42618812620639795 9.3416666984558123 -1.0000000180025095e-35 6.9583332538604745 0.56811311841011058 3.8249999284744267 8.1583333015441912 11.525000095367433
decision_type=2 2 2 2 2 2 2 2 2 2 2 2 2 2 2 2 2 2 2 2 2 2 2 2 2 2 2 2
left_child=2 3 7 5 15 14 18 -1 -7 10 11 27 -4 -14 17 -3 -6 20 -5 -20 -2 -22 -8 -24 -25 -17 -27 -10
right_child=1 4 12 6 16 8 22 -9 9 -11 -12 -13 13 -15 -16 25 -18 -19 19 -21 21 -23 23 24 -26 26 -28 -29
leaf_value=-0.020098454272992675 -0.0054982059329944447 0.0077184246749832939 -0.0112074129609177 0.0035901620065795507 0.015536215598630587 -0.0036824581829719384 0.003654023041189002 -0.014587752336134952 0.002608978779805845 -0.0024752191349975477 0.0044415701333024808 -0.0034690660380508904 -0.010094326259247263 -0.0047687764459444469 -0.0011291355411194963 0.013940243881636886 0.021087730791492051 -0.001652628083427308 0.0032730114295950732 -1.7253395488811116e-05 -0.0015081909287021282 -0.005568210074295755 0.0038194679816382121 0.0048294277517830116 0.0080091273420580585 0.0091591724532947005 0.012526604861258221 0.0015059991424874073
leaf_weight=143.91151337325573 110.33268089592457 58.425672695040703 79.506853878498077 74.06496724486351 75.725378982722759 75.78927418589592 106.43277227878571 97.962934091687202 83.42829667031765 109.08957064151764 76.236533135175705 84.630025759339333 67.328511655330658 113.50517427921295 119.9579019099474 51.431109249591827 72.554476775228977 93.728784754872322 116.24521338939667 140.36353445053101 86.280193775892258 78.033143535256386 92.178815007209778 120.40293131768703 69.359308212995529 86.76721328496933 65.623571023344994 76.323106557130814
leaf_count=1139 476 275 407 302 542 305 468 640 335 438 306 340 366 520 497 310 573 394 477 573 357 321 417 532 318 493 372 307
internal_value=2.45102e-06 0.00308713 -0.0130003 0.000530819 0.0136987 -0.00167292 0.00357291 -0.0180045 -0.000342118 0.000261362 0.00120205 0.000163608 -0.00824929 -0.00684033 -0.00304349 0.0108662 0.0184971 -0.00365742 0.00197685 0.00148704 -0.00432471 -0.00348009 0.00491475 0.00536159 0.00606304 0.0116847 0.0107528 0.00210715
internal_weight=2625.62 2123.4 502.215 1712.88 410.527 993.83 719.048 241.874 505.497 429.708 320.618 244.381 260.341 180.834 488.333 262.248 148.28 368.375 330.674 256.609 274.646 164.313 388.374 281.941 189.762 203.822 152.391 159.751
internal_count=12800 9728 3072 7163 2565 4076 3087 1779 2031 1726 1288 982 1293 886 2045 1450 1115 1548 1352 1050 1154 678 1735 1267 850 1175 865 642
is_linear=0
shrinkage=0.02


Tree=85
num_leaves=23
num_cat=0
split_feature=0 0 0 0 0 0 0 0 0 0 0 2 0 3 0 0 0 0 2 0 0 0
split_gain=255.166 139.982 28.9583 27.6789 12.9591 4.36446 3.67924 2.93443 1.27627 1.27392 1.23598 0.755988 2.25143 0.659854 1.16923 0.560644 0.443242 0.524155 0.437016 0.396597 0.14612 0.0268953
threshold=-0.62807917594909657 0.78930723667144786 -1.0583763122558592 0.11304757371544839 1.4404313564300539 -0.1891338303685188 0.34515604376792913 -1.3729133009910581 -0.7555200159549712 1.8157399296760561 0.89663067460060131 1.0000000180025095e-35 0.037611209787428386 1.0000000180025095e-35 -0.34515604376792902 -0.062711736187338815 0.26633311808109289 0.16367168724536899 -1.0000000180025095e-35 0.53889256715774547 -0.42618812620639795 -0.45380596816539759
decision_type=2 2 2 2 2 2 2 2 2 2 2 2 2 2 2 2 2 2 2 2 2 2
left_child=2 3 7 5 10 13 16 -1 -4 -6 -3 12 15 20 21 -7 17 -5 -8 -20 -2 -15
right_child=1 4 8 6 9 11 18 -9 -10 -11 -12 -13 -14 14 -16 -17 -18 -19 19 -21 -22 -23
leaf_value=-0.019980167997960964 -0.0046055214509870459 0.0075913304166525261 -0.009229453419654041 0.002777422864111625 0.015388115078044865 6.7177155496474296e-05 0.0035861149082728316 -0.014431084096283043 -0.0059811963017184248 0.020979000792515988 0.01153080729697422 -0.001656010999831049 0.0027989719811095794 -0.0029163366628422354 -0.0006952649464850298 -0.0016999072533887597 0.0030452053667040149 0.00074779534845476861 0.006042873039485263 0.0043090811342292373 -0.0033069898641497572 -0.0038323282410644881
leaf_weight=141.90032303333282 78.350095331668854 58.251018792390823 166.24775406718254 75.632848829030991 74.952164441347122 152.61327613890171 106.31829926371574 97.076594620943069 93.154687285423279 71.492952905595303 202.53458561003208 127.24024373292923 92.187674194574356 82.68519626557827 110.83914843201637 133.4114698767662 100.51079954206944 154.44047953188419 149.46492379903793 131.98199537396431 142.80256648361683 73.350332513451576
leaf_count=1139 337 275 884 307 542 614 468 640 409 573 1175 511 370 358 452 536 419 626 664 603 590 308
internal_value=2.83182e-06 0.00303354 -0.0128441 0.000520784 0.013542 -0.00164072 0.0035064 -0.0178645 -0.00811765 0.0183634 0.0107153 -0.000335391 0.000115273 -0.00298576 -0.0022843 -0.00076313 0.00193867 0.00143319 0.00482615 0.00526597 -0.00380419 -0.00338998
internal_weight=2617.44 2119.06 498.379 1711.83 407.231 993.48 718.349 238.977 259.402 146.445 260.786 505.453 378.212 488.027 266.875 286.025 330.584 230.073 387.765 281.447 221.153 156.036
internal_count=12800 9728 3072 7163 2565 4076 3087 1779 1293 1115 1450 2031 1520 2045 1118 1150 1352 933 1735 1267 927 666
is_linear=0
shrinkage=0.02


Tree=86
num_leaves=28
num_cat=0
split_feature=0 0 0 0 0 0 0 0 1 2 0 1 1 0 1 1 1 0 0 0 1 3 2 0 1 1 1
split_gain=246.875 135.938 28.6981 26.6241 12.9127 4.2001 3.54905 2.9718 2.46767 2.63432 2.5204 4.21365 2.31033 2.76347 1.39509 2.30344 1.51837 1.30385 1.21764 0.979448 0.60822 1.67202 0.426426 0.595986 0.364828 0.533998 0.0982433
threshold=-0.62807917594909657 0.78930723667144786 -1.0583763122558592 0.11304757371544839 1.4404313564300539 -0.1891338303685188 0.34515604376792913 -1.3729133009910581 6.3916666507720956 1.0000000180025095e-35 0.037611209787428386 13.75833320617676 5.5083334445953378 -0.85975876450538624 10.875000000000002 8.9250001907348651 12.308333396911623 1.8157399296760561 0.89663067460060131 -0.42618812620639795 7.0250000953674325 1.0000000180025095e-35 1.0000000180025095e-35 0.51012541353702556 3.8249999284744267 8.1583333015441912 11.525000095367433
decision_type=2 2 2 2 2 2 2 2 2 2 2 2 2 2 2 2 2 2 2 2 2 2 2 2 2 2 2
left_child=2 3 7 5 18 14 20 -1 -7 10 11 26 -4 -14 15 19 -16 -6 -3 -2 -5 -22 23 -8 -20 -26 -10
right_child=1 4 12 6 17 8 22 -9 9 -11 -12 -13 13 -15 16 -17 -18 -19 24 -21 21 -23 -24 -25 25 -27 -28
leaf_value=-0.019862947823485286 -0.00430313082960116 0.0074661612253976908 -0.010925592213745436 0.0034856163411559784 0.015240990153747164 -0.0036072727105949283 0.0031834923766185749 -0.014275646247277901 0.0025723697467644282 -0.0023944165374638368 0.0043020517555169792 -0.0033859836206855329 -0.0098155985823179474 -0.0045517437642961685 0.00054245575830530652 -0.0067057243313991648 -0.0029279602063849068 0.020871585451637094 0.013646627264293304 -0.0013636251132099345 0.0031736561387512669 -5.464074696977786e-05 0.0059237788049323918 0.0051459597575245651 0.0088539701840965185 0.012216545242352978 0.0014902985308581646
leaf_weight=139.91478212922812 79.459037140011787 58.078321620821953 78.793490782380104 74.012345865368843 74.189196400344372 75.767878890037537 131.68652810156345 96.201550394296646 83.435347393155098 109.07430559396744 76.208079770207405 84.61604043841362 66.659390956163406 113.02684225142002 76.599716752767563 80.36347684264183 142.56041711568832 70.444515131413937 50.674938023090363 108.73641601204872 116.1501537412405 140.32336470484734 104.90227672457695 150.58085431158543 85.794640466570854 64.772056311368942 76.32749679684639
leaf_count=1139 346 275 407 302 542 305 579 640 335 438 306 340 366 520 316 341 592 573 310 450 477 573 476 680 493 372 307
internal_value=2.91356e-06 0.0029803 -0.0126883 0.000510795 0.013385 -0.00160909 0.00344077 -0.0177255 -0.000328737 0.000263445 0.00117698 0.00017543 -0.00798612 -0.00659106 -0.00292917 -0.00389504 -0.00172106 0.0182307 0.0105635 -0.00263693 0.00190126 0.00142061 0.00473837 0.00425925 0.0113751 0.0104417 0.00208022
internal_weight=2609.35 2114.76 494.596 1710.8 403.954 993.148 717.656 236.116 505.429 429.661 320.587 244.379 258.48 179.686 487.719 268.559 219.16 144.634 259.32 188.195 330.486 256.474 387.17 282.267 201.242 150.567 159.763
internal_count=12800 9728 3072 7163 2565 4076 3087 1779 2031 1726 1288 982 1293 886 2045 1137 908 1115 1450 796 1352 1050 1735 1259 1175 865 642
is_linear=0
shrinkage=0.02


Tree=87
num_leaves=31
num_cat=0
split_feature=5 5 3 5 5 1 2 1 5 5 5 1 1 5 5 1 1 1 1 1 1 1 5 1 1 1 1 1 1 1
split_gain=2.46916 8.02623 2.60826 1.42562 1.86901 3.09442 2.5154 1.18402 0.858341 1.68967 1.02163 1.95219 0.89586 1.10144 4.40895 1.12038 2.59053 0.816806 0.755604 0.576589 1.41569 0.751259 1.80894 1.25444 1.76194 0.879449 0.554992 0.38951 0.457378 0.140365
threshold=0.48000000417232519 0.45999999344348913 0.024999999441206459 0.41000001132488256 0.33999998867511755 8.2249999046325701 0.014999999664723875 8.6916666030883807 0.27999998629093176 0.31499999761581426 0.22000001370906833 7.0916666984558114 14.391666412353517 0.14999999105930331 0.13499999046325686 6.8916666507720956 9.991666793823244 4.058333396911622 1.8916666507720949 13.458333015441896 12.841666698455812 11.108333587646486 0.10500001907348634 7.9083333015441903 5.1416666507720956 12.074999809265138 12.074999809265138 4.1749999523162851 6.4583332538604745 10.408333301544191
decision_type=2 2 2 2 2 2 2 2 2 2 2 2 2 2 2 2 2 2 2 2 2 2 2 2 2 2 2 2 2 2
left_child=1 2 3 4 6 17 8 -4 10 -10 12 -12 13 14 19 -15 -17 -6 -2 20 21 22 23 24 -1 -23 -18 -5 -29 -13
right_child=18 -3 7 27 5 -7 -8 -9 9 -11 11 29 -14 15 -16 16 26 -19 -20 -21 -22 25 -24 -25 -26 -27 -28 28 -30 -31
leaf_value=-0.0018280928312310733 0.0012555329005000707 -0.0070490287132614904 -0.0033855208324299179 0.0031806520371336091 -0.0013122699479764712 0.0018600573706891008 0.0031543491302755008 -0.00058857237827842431 -0.0025454119658587866 0.0011584218756601006 -0.000860145859272743 0.002237496858341357 -0.0017436008968710235 0.0012159050956854962 0.0049039574758356144 -0.0043082563653373896 0.0012114497761897846 -0.0043592688159261473 0.0050835141860933932 0.0012741401427348415 -0.0025828473677090786 0.0028160271733814663 0.0022486406580322104 -0.0022613369713734696 0.0023605519542827559 -0.00012367755725215717 -0.0011202052351676683 -0.00027210960879359088 0.0025003104803909956 0.0036782627090646753
leaf_weight=77.485546618700027 40.428291469812393 62.974587649106979 111.21669287234545 70.761249765753746 60.387926667928696 69.974595963954926 118.06551942229271 132.34741704910994 120.4683592915535 80.881785020232201 81.942018583416939 68.627593532204628 94.82696270942688 85.314832627773285 84.85495437681675 80.450534284114838 80.493307575583458 90.986471906304359 44.128129698336124 146.7321821898222 78.806350007653236 82.053560763597488 89.512673050165176 148.24678622186184 79.25337915122509 78.620262295007706 78.862406030297279 44.833763659000397 47.897325873374939 69.92506305873394
leaf_count=313 326 550 546 521 388 425 509 565 606 442 373 310 385 373 373 350 345 570 369 594 320 334 372 598 319 321 337 320 336 310
internal_value=3.19652e-06 -0.000110942 7.27112e-05 0.00028972 0.000145206 -0.00158204 0.000356151 -0.00188289 0.000159189 -0.00106083 0.000323494 0.00157481 0.000106753 0.000256793 0.000629313 -0.000732748 -0.00143034 -0.00317669 0.00332457 0.000153362 -0.00010923 0.000249909 -0.000220641 -0.000955298 0.000292908 0.00139375 5.79713e-05 0.00207528 0.00118245 0.00300662
internal_weight=2601.36 2516.8 2453.83 2210.27 2046.77 221.349 1825.42 243.564 1707.36 201.35 1506.01 220.495 1285.51 1190.69 865.566 325.121 239.806 151.374 84.5564 780.711 633.979 555.172 394.498 304.986 156.739 160.674 159.356 163.492 92.7311 138.553
internal_count=12800 12105 11555 10444 9267 1383 7884 1111 7375 1048 6327 993 5334 4949 3544 1405 1032 958 695 3171 2577 2257 1602 1230 632 655 682 1177 656 620
is_linear=0
shrinkage=0.02


Tree=88
num_leaves=29
num_cat=0
split_feature=0 0 0 0 0 0 0 1 0 0 1 1 0 2 0 1 1 1 1 1 1 1 0 0 1 1 0 1
split_gain=238.444 132.169 28.392 25.5241 12.7833 5.94961 3.03357 2.21732 2.67713 1.42377 1.37653 1.36155 1.40955 1.13894 0.878445 0.91003 1.74595 0.799225 1.30703 0.783317 1.76496 1.41855 0.695071 0.526829 1.60266 0.418425 0.552296 0.308461
threshold=-0.62807917594909657 0.78930723667144786 -1.0583763122558592 0.21471916884183886 1.5152823328971865 -0.1891338303685188 -1.3729133009910581 5.5083334445953378 -0.85975876450538624 0.89663067460060131 12.691666603088381 4.1250000000000009 0.34515604376792913 1.0000000180025095e-35 -1.0000000180025095e-35 13.141666412353517 10.041666984558107 10.041666984558107 12.991666793823244 11.625000000000002 9.5916666984558123 6.9583332538604745 1.8157399296760561 -0.42618812620639795 9.3416666984558123 3.8249999284744267 1.0583764314651491 11.525000095367433
decision_type=2 2 2 2 2 2 2 2 2 2 2 2 2 2 2 2 2 2 2 2 2 2 2 2 2 2 2 2
left_child=2 3 6 5 9 10 -1 -4 -9 -3 13 -5 27 23 15 16 -7 -16 -19 20 21 -14 -6 -2 -25 -11 -27 -13
right_child=1 4 7 11 22 14 -8 8 -10 25 -12 12 19 -15 17 -17 -18 18 -20 -21 -22 -23 -24 24 -26 26 -28 -29
leaf_value=-0.019745688867333824 -0.005246994043605303 0.0073799133638908663 -0.010743390812389335 0.0065385104000492524 0.015274602290049273 0.00023243932091479805 -0.014102834064662896 -0.0096688838380130163 -0.0044781448657993887 0.013698987623397644 -0.000995970102142906 0.0010461376368903418 0.0026690146431226874 -0.0015345870868083878 -0.00058208548660451838 0.00063995024198178121 -0.0036824179973462259 0.0030529041478985037 9.2697953672711382e-05 0.0057917537314672862 0.0011187019565474044 0.0067027216260013359 0.020766826852653856 -0.0014041204409264965 -0.0053810872634558835 0.0083359835920937663 0.011703434270143155 0.0028647767869165557
leaf_weight=137.86185064911842 109.91862507164478 57.958371207118034 78.335271567106247 74.259641751646996 55.412521667778492 93.70582477748394 95.228611811995506 66.304970845580101 112.84768638014793 56.968118965625763 119.80666898190975 78.404444187879562 69.334071651101112 93.591547966003418 132.0360823571682 108.61452712118626 86.294805899262428 101.25554095208645 141.62490864098072 104.54560032486916 77.848712563514709 78.171996638178825 69.36571904271841 86.195955127477646 77.897429317235947 60.724090158939362 100.26793064177036 76.090019643306732
leaf_count=1139 476 275 407 327 422 377 640 366 520 356 497 324 315 394 530 437 348 410 570 464 347 355 573 357 321 331 608 314
internal_value=3.22038e-06 0.00292529 -0.0125273 0.000496626 0.0132334 -0.00120613 -0.0175799 -0.0078532 -0.00648479 0.0106867 -0.00287901 0.00399644 0.00358145 -0.00348401 2.76737e-05 -0.000798667 -0.00166424 0.000664663 0.00134165 0.0043211 0.00359389 0.00486778 0.0186072 -0.00413391 -0.0033341 0.011491 0.0105511 0.001967
internal_weight=2600.87 2110.29 490.578 1709.6 400.697 1150.94 233.09 257.488 179.153 275.919 487.41 558.654 484.395 367.604 663.532 288.615 180.001 374.917 242.88 329.9 225.355 147.506 124.778 274.012 164.093 217.96 160.992 154.494
internal_count=12800 9728 3072 7163 2565 4717 1779 1293 886 1570 2045 2446 2119 1548 2672 1162 725 1510 980 1481 1017 670 995 1154 678 1295 939 638
is_linear=0
shrinkage=0.02


Tree=89
num_leaves=32
num_cat=0
split_feature=5 5 5 3 5 2 5 1 1 5 5 5 1 1 5 5 1 1 1 1 1 1 5 1 1 1 5 1 5 1 1
split_gain=2.35353 7.01066 2.97261 3.25516 2.21813 2.23944 3.21187 1.83654 1.06852 1.20723 2.9325 0.983334 1.85896 0.872233 1.05022 4.16825 1.08143 2.50911 0.558635 0.543765 1.37034 0.72403 1.73608 1.19644 1.69981 0.852092 0.52987 0.436712 0.656632 0.432715 0.137981
threshold=0.47000001370906835 0.4850000143051148 0.39999999105930334 0.024999999441206459 0.35000000894069677 0.014999999664723875 0.27999998629093176 8.6916666030883807 6.9583332538604745 0.42500001192092901 0.44499999284744268 0.22000001370906833 7.0916666984558114 14.391666412353517 0.14999999105930331 0.13499999046325686 6.8916666507720956 9.991666793823244 12.074999809265138 13.458333015441896 12.841666698455812 11.108333587646486 0.10500001907348634 7.9083333015441903 5.1416666507720956 12.074999809265138 0.38499999046325689 4.741666555404664 0.30500000715255743 6.7249999046325692 10.408333301544191
decision_type=2 2 2 2 2 2 2 2 2 2 2 2 2 2 2 2 2 2 2 2 2 2 2 2 2 2 2 2 2 2 2
left_child=2 -2 3 4 5 6 11 -5 9 -4 -11 13 -13 14 15 19 -16 -18 -19 20 21 22 23 24 -1 -23 29 -8 -29 -6 -14
right_child=1 -3 8 7 26 -7 27 -9 -10 10 -12 12 30 -15 16 -17 17 18 -20 -21 -22 25 -24 -25 -26 -27 -28 28 -30 -31 -32
leaf_value=-0.0017952687973560109 0.0078740700652840355 -0.0017642967630789985 -0.0054642510842881414 -0.0041316705891905675 0.00047768476173149784 0.0027806119974054921 -0.0036816639229472837 -0.00055690439755406702 8.7293671316822436e-05 0.0018491666901853702 -0.0044673794861774729 -0.00083404615367475745 0.0021821771758275843 -0.0017226907270727913 0.0011999252430025355 0.0047758494949190957 -0.0042358962477370907 0.0012214152295719086 -0.0011189263459356828 0.0012409734790841491 -0.0025364097854435187 0.0027743850889866586 0.0022085370052228187 -0.002206453516051326 0.0023190881431892135 -0.00011993251479147481 0.0042926365515887953 -4.6935795903180476e-05 -0.0025846081224658434 0.003057926267184004 0.0036073907139333034
leaf_weight=77.473247826099396 54.455261737108231 63.612604901194572 55.115814924240112 101.32382586598396 53.474546030163765 119.91155101358891 58.709868252277374 131.23773662745953 57.09112936258316 48.739022620022297 68.877740375697613 81.784499123692513 68.504369825124741 94.815404191613197 85.217790871858597 84.682971864938736 80.334044560790062 80.423753052949905 78.786963105201721 146.72376397252083 78.791139408946037 82.01477225124836 89.471322298049927 148.21842516958714 79.248449683189392 78.585345551371574 50.872098281979561 64.186283007264137 110.23481461405754 50.274916410446167 69.822462320327759
leaf_count=313 464 517 380 476 335 520 316 558 411 358 586 373 310 385 373 373 350 345 337 594 320 334 372 598 319 321 327 317 600 308 310
internal_value=3.60086e-06 0.00273822 -0.00012896 9.35958e-05 0.00035314 0.000160279 -2.34936e-05 -0.00213633 -0.00228514 -0.0030613 -0.00186272 0.000315763 0.00154456 0.000103171 0.000251299 0.000615038 -0.00071558 -0.00140131 6.37611e-05 0.000152559 -0.000102517 0.000250872 -0.000211108 -0.000930812 0.000288218 0.00137407 0.00263893 -0.00219751 -0.00166187 0.0017622 0.00294274
internal_weight=2593.02 118.068 2474.95 2245.12 2012.56 1857.94 1738.03 232.562 229.824 172.733 117.617 1504.9 220.111 1284.79 1189.97 865.209 324.763 239.545 159.211 780.526 633.803 555.012 394.411 304.94 156.722 160.6 154.622 233.131 174.421 103.749 138.327
internal_count=12800 981 11819 10084 9050 8080 7560 1034 1735 1324 944 6327 993 5334 4949 3544 1405 1032 682 3171 2577 2257 1602 1230 632 655 970 1233 917 643 620
is_linear=0
shrinkage=0.02


Tree=90
num_leaves=32
num_cat=0
split_feature=5 5 5 5 3 5 2 5 1 1 5 1 1 5 5 1 1 1 1 1 1 1 5 1 1 1 5 1 5 1 1
split_gain=2.26918 2.05638 5.6114 4.53745 3.12896 2.13469 2.15226 3.08849 1.76537 0.995045 0.945586 1.78774 0.838431 1.00975 4.01092 1.03965 2.41251 0.708534 0.537055 0.522461 1.31752 0.695932 1.66871 1.14977 1.63425 0.819267 0.510828 0.420467 0.631383 0.416415 0.132701
threshold=0.48000000417232519 0.39999999105930334 0.45999999344348913 0.42500001192092901 0.024999999441206459 0.35000000894069677 0.014999999664723875 0.27999998629093176 8.6916666030883807 4.1250000000000009 0.22000001370906833 7.0916666984558114 14.391666412353517 0.14999999105930331 0.13499999046325686 6.8916666507720956 9.991666793823244 1.8916666507720949 12.074999809265138 13.458333015441896 12.841666698455812 11.108333587646486 0.10500001907348634 7.9083333015441903 5.1416666507720956 12.074999809265138 0.38499999046325689 4.741666555404664 0.30500000715255743 6.7249999046325692 10.408333301544191
decision_type=2 2 2 2 2 2 2 2 2 2 2 2 2 2 2 2 2 2 2 2 2 2 2 2 2 2 2 2 2 2 2
left_child=1 4 3 -3 5 6 7 10 -6 -5 12 -12 13 14 19 -15 -17 -2 -18 20 21 22 23 24 -1 -23 29 -9 -29 -7 -13
right_child=17 2 -4 9 8 26 -8 27 -10 -11 11 30 -14 15 -16 16 18 -19 -20 -21 -22 25 -24 -25 -26 -27 -28 28 -30 -31 -32
leaf_value=-0.0017604133332677482 0.0011967771785832484 -0.0036219336262287702 -0.0069373618744610448 0.0042354566018324245 -0.0040507497206965963 0.00046850250474833892 0.0027260465834199133 -0.0036116358701341047 -0.00054592460807687383 0.00057122555318545769 -0.00081770136196288837 0.002140120535858723 -0.0016889403075453155 0.001176440770391919 0.0046865436589820925 -0.004153735599099386 0.001197561812586611 0.0049325807775840317 -0.0010971479901620018 0.0012164819284668255 -0.0024869704273215048 0.0027204952640121354 0.0021654548620837679 -0.0021629837518716221 0.0022739505386336701 -0.00011759300209085465 0.004213808210222607 -4.6025884408071586e-05 -0.0025345651998666084 0.0029998756508365131 0.0035379428008122157
leaf_weight=77.466701626777649 39.808835044503212 84.682459942996502 61.834855586290359 57.039480537176132 101.32096756994724 53.471379950642586 119.90559160709381 58.690239861607552 131.23987312614918 60.992820225656033 81.790787145495415 68.492991641163826 94.815887272357941 85.220458120107651 84.609601065516472 80.324242830276489 80.424975723028183 43.351077735424042 78.783591851592064 146.7244778573513 78.790072590112686 82.006307512521744 89.466186016798019 148.21348015964031 79.244831845164299 78.585515812039375 50.82519006729126 64.18582372367382 110.20289312303066 50.261665761470795 69.808577537536621
leaf_count=313 326 578 550 435 476 335 520 316 558 458 373 310 385 373 373 350 345 369 337 594 320 334 372 598 319 321 327 317 600 308 310
internal_value=3.60564e-06 -0.00010527 -0.00176613 -0.000136365 9.18533e-05 0.000346346 0.000157164 -2.30098e-05 -0.00209441 0.00238304 0.000309662 0.0015147 0.000101181 0.000246424 0.00060312 -0.000701649 -0.00137404 0.00321435 6.25119e-05 0.00014961 -0.00010043 0.000246096 -0.000206843 -0.00091246 0.000282604 0.00134732 0.00258921 -0.00215512 -0.00162954 0.00172857 0.00288606
internal_weight=2592.58 2509.42 264.55 202.715 2244.87 2012.31 1857.75 1737.85 232.561 118.032 1504.77 220.092 1284.68 1189.86 865.107 324.753 239.533 83.1599 159.209 780.498 633.773 554.983 394.391 304.925 156.712 160.592 154.558 233.079 174.389 103.733 138.302
internal_count=12800 12105 2021 1471 10084 9050 8080 7560 1034 893 6327 993 5334 4949 3544 1405 1032 695 682 3171 2577 2257 1602 1230 632 655 970 1233 917 643 620
is_linear=0
shrinkage=0.02


Tree=91
num_leaves=29
num_cat=0
split_feature=0 0 0 0 0 0 0 0 1 2 0 1 1 0 0 1 2 0 1 3 0 1 1 1 0 1 0 1
split_gain=229.916 128.48 28.1959 24.3614 12.6208 3.98068 3.20141 3.04722 2.33979 2.59976 2.3972 4.1136 2.07443 2.48543 1.36002 1.3429 1.08617 0.708379 0.585087 1.6164 0.479182 1.556 0.457937 0.431251 0.511329 0.349094 0.222568 0.101746
threshold=-0.62807917594909657 0.78930723667144786 -1.0583763122558592 0.11304757371544839 1.5152823328971865 -0.1891338303685188 0.34515604376792913 -1.3729133009910581 6.3916666507720956 1.0000000180025095e-35 0.037611209787428386 13.75833320617676 5.5083334445953378 -0.85975876450538624 0.89663067460060131 12.691666603088381 1.0000000180025095e-35 1.8157399296760561 7.0250000953674325 1.0000000180025095e-35 -0.42618812620639795 9.3416666984558123 10.175000190734865 3.8249999284744267 1.0583764314651491 6.9583332538604745 0.48177458345890051 11.525000095367433
decision_type=2 2 2 2 2 2 2 2 2 2 2 2 2 2 2 2 2 2 2 2 2 2 2 2 2 2 2 2
left_child=2 3 7 5 14 15 18 -1 -7 10 11 27 -4 -14 -3 16 20 -6 -5 -20 -2 -22 25 -16 -25 -8 -24 -10
right_child=1 4 12 6 17 8 22 -9 9 -11 -12 -13 13 -15 23 -17 -18 -19 19 -21 21 -23 26 24 -26 -27 -28 -29
leaf_value=-0.019621763569735426 -0.0051329185533982215 0.0073093383299914147 -0.01051506368588527 0.0033801411321573889 0.015128798633445642 -0.0034939978057274283 0.004267347854173654 -0.013953307551666216 0.0025883222822719754 -0.002364810986461836 0.0042317399293603257 -0.0033130580019298619 -0.0094625048398331996 -0.0044413419278645601 0.013558114812502336 -0.00097334888968859598 -0.0015262506197556347 0.020643382598775468 0.0030796844191148275 -9.5020821349726874e-05 -0.0013974054559588098 -0.0053173918511931085 0.0026872564675457927 0.008243102269583016 0.011531629089449762 0.0060968932355965058 0.0043696390412201382 0.0014896724443074591
leaf_weight=135.72438706457615 109.72517924010754 57.860359698534012 77.747746497392654 73.934096604585648 54.822238877415657 75.728899866342545 125.66646052896976 94.373580560088158 83.418759137392044 109.0522638708353 76.184938460588455 84.603016167879105 65.80958603322506 112.74833412468433 56.533750131726265 119.77880108356476 93.571175694465637 68.135837867856026 116.04018008708954 140.2635215818882 86.182739973068237 77.848203733563423 77.099947825074196 60.529278472065926 99.481715694069862 102.04335188865662 80.821322336792946 76.312889695167542
leaf_count=1139 476 275 407 302 422 305 569 640 335 438 306 340 366 520 356 497 394 573 477 573 357 321 340 331 608 463 363 307
internal_value=3.63846e-06 0.0028688 -0.0123606 0.000480669 0.0130816 -0.00154685 0.00328789 -0.0174371 -0.000300636 0.000275902 0.00118346 0.000206349 -0.00770342 -0.00637626 0.0105527 -0.0028331 -0.00343098 0.0184661 0.00182603 0.00135503 -0.00406623 -0.00329945 0.00452389 0.0113446 0.0104048 0.00513317 0.00359215 0.00208835
internal_weight=2592.04 2105.64 486.404 1708.28 397.363 992.407 715.869 230.098 505.301 429.572 320.52 244.335 256.306 178.558 274.405 487.106 367.327 122.958 330.238 256.304 273.756 164.031 385.631 216.545 160.011 227.71 157.921 159.732
internal_count=12800 9728 3072 7163 2565 4076 3087 1779 2031 1726 1288 982 1293 886 1570 2045 1548 995 1352 1050 1154 678 1735 1295 939 1032 703 642
is_linear=0
shrinkage=0.02


Tree=92
num_leaves=32
num_cat=0
split_feature=5 5 5 3 5 2 5 1 1 5 5 5 1 1 5 5 1 1 1 1 1 1 5 1 1 1 5 1 1 5 1
split_gain=2.17194 6.78449 2.70628 3.00097 1.9967 2.08392 2.8906 1.70754 1.05538 1.1048 2.74265 0.907527 1.69653 0.78875 0.953456 3.81413 1.00368 2.34441 0.526824 0.510113 1.27996 0.669997 1.61331 1.13206 1.54362 0.788771 0.4817 0.415408 0.408735 0.593246 0.132707
threshold=0.47000001370906835 0.4850000143051148 0.39999999105930334 0.024999999441206459 0.35000000894069677 0.014999999664723875 0.27999998629093176 8.6916666030883807 6.9583332538604745 0.42500001192092901 0.44499999284744268 0.22000001370906833 7.0916666984558114 14.391666412353517 0.14999999105930331 0.13499999046325686 6.8916666507720956 9.991666793823244 12.074999809265138 13.458333015441896 12.841666698455812 11.108333587646486 0.10500001907348634 7.9083333015441903 5.1416666507720956 12.074999809265138 0.38499999046325689 6.7249999046325692 4.741666555404664 0.30500000715255743 10.408333301544191
decision_type=2 2 2 2 2 2 2 2 2 2 2 2 2 2 2 2 2 2 2 2 2 2 2 2 2 2 2 2 2 2 2
left_child=2 -2 3 4 5 6 11 -5 9 -4 -11 13 -13 14 15 19 -16 -18 -19 20 21 22 23 24 -1 -23 27 -6 -8 -30 -14
right_child=1 -3 8 7 26 -7 28 -9 -10 10 -12 12 30 -15 16 -17 17 18 -20 -21 -22 25 -24 -25 -26 -27 -28 -29 29 -31 -32
leaf_value=-0.0017026151240011401 0.0077522050479761819 -0.0018031089056631513 -0.0052799306634025321 -0.0039808600923360495 0.00041633883895497362 0.002684715858437779 -0.0035285539913693866 -0.00053118685603594255 0.00017323831635344879 0.0017935279668232845 -0.004354275898097444 -0.00079299280093827118 0.0020764754316000638 -0.001640845435376253 0.0011609620752406635 0.004569131297482194 -0.0040888180522702326 0.0011947826590988199 -0.0010789447961199832 0.0011954287627040749 -0.002458335511535333 0.002664048502997768 0.0021245209945772274 -0.0021434234465449969 0.0022188702397388156 -0.00012100934166283349 0.0041009182765127999 0.0029513402148832785 -3.5203183038544006e-05 -0.0024511232885950696 0.0034678204642235549
leaf_weight=77.43911512196064 53.493737637996674 62.709441177546978 54.545232988893986 101.07392504811287 53.061871141195297 119.78591434657574 58.365466088056564 131.14733096957207 56.48761922121048 48.185545183718204 67.814504705369473 81.633713230490685 68.358113810420036 94.796221390366554 85.124125421047211 84.448697850108147 80.203511774539948 80.341479852795601 78.727534741163254 146.69851225614548 78.778968811035156 81.97649547457695 89.421446442604065 148.19333669543266 79.227193519473076 78.565274864435196 50.382961884140968 49.898438036441803 64.027424499392509 109.6648827791214 69.703964352607727
leaf_count=313 464 517 380 476 335 520 316 558 411 358 586 373 310 385 373 373 350 345 337 594 320 334 372 598 319 321 327 308 317 600 310
internal_value=3.96047e-06 0.00265239 -0.000122781 8.87754e-05 0.000338257 0.000155729 -2.16936e-05 -0.00205382 -0.00219359 -0.00297045 -0.00181341 0.000299763 0.00148146 9.55737e-05 0.00023652 0.000583119 -0.000685325 -0.00134634 7.00297e-05 0.000141151 -0.000105941 0.000235704 -0.000208748 -0.000902528 0.000283478 0.00131639 0.00251644 0.00167772 -0.00208936 -0.00157109 0.00281842
internal_weight=2584.28 116.203 2468.08 2241.05 2008.82 1855.48 1735.7 232.221 227.033 170.545 116 1503.64 219.696 1283.94 1189.15 864.749 324.397 239.273 159.069 780.3 633.602 554.823 394.281 304.86 156.666 160.542 153.343 102.96 232.058 173.692 138.062
internal_count=12800 981 11819 10084 9050 8080 7560 1034 1735 1324 944 6327 993 5334 4949 3544 1405 1032 682 3171 2577 2257 1602 1230 632 655 970 643 1233 917 620
is_linear=0
shrinkage=0.02


Tree=93
num_leaves=29
num_cat=0
split_feature=0 0 0 0 0 0 0 0 1 4 0 1 1 0 0 1 4 0 1 3 1 1 3 0 1 1 0 1
split_gain=222.11 124.845 27.9512 23.3414 12.5163 3.86164 3.06868 3.06055 2.23881 2.52091 2.3064 3.96072 1.97996 2.36427 1.32111 1.30147 1.04099 0.703521 0.563202 1.55613 0.465037 2.37765 0.925757 0.448994 1.50444 0.440947 0.488299 0.100794
threshold=-0.62807917594909657 0.78930723667144786 -1.0583763122558592 0.11304757371544839 1.5152823328971865 -0.1891338303685188 -1.3729133009910581 0.34515604376792913 6.3916666507720956 1.0000000180025095e-35 0.037611209787428386 13.75833320617676 5.5083334445953378 -0.85975876450538624 0.89663067460060131 12.691666603088381 1.0000000180025095e-35 1.8157399296760561 7.0250000953674325 1.0000000180025095e-35 9.5916666984558123 11.625000000000002 1.0000000180025095e-35 -0.42618812620639795 9.3416666984558123 3.8249999284744267 1.0583764314651491 11.525000095367433
decision_type=2 2 2 2 2 2 2 2 2 2 2 2 2 2 2 2 2 2 2 2 2 2 2 2 2 2 2 2
left_child=2 3 6 5 14 15 -1 18 -7 10 11 27 -4 -14 -3 16 23 -6 -5 -20 22 -22 -9 -2 -25 -16 -27 -10
right_child=1 4 12 7 17 8 -8 20 9 -11 -12 -13 13 -15 25 -17 -18 -19 19 -21 21 -23 -24 24 -26 26 -28 -29
leaf_value=-0.019502089770983534 -0.0050303477243403352 0.0072132347873523706 -0.010326361665773883 0.0033141899415437036 0.015005612763184937 -0.0034131132015326939 -0.013803764460109422 0.0035042755981595369 0.0025537798156506737 -0.0023254487438301185 0.0041592131630128048 -0.0032435105231779665 -0.009292928531451819 -0.0043823316794791654 0.01341397341079934 -0.00095278573411304427 -0.0015072270597844728 0.020520297695331511 0.0030197672252146768 -9.5637688422289924e-05 0.00091413904943507139 0.0055490268075046372 0.0063721299101345674 -0.001380287720179556 -0.005235951516946581 0.0081337714524179934 0.011370260902648739 0.0014622832261541225
leaf_weight=133.74813518673182 109.5525014102459 57.726519644260406 77.266620993614197 73.894591808319092 54.329124256968498 75.702722772955894 93.53451681137085 91.728088095784187 83.421207666397095 109.04046972095966 76.166371628642082 84.589055135846138 65.40346722304821 112.61166861653328 56.099697336554527 119.75440418720245 93.54604797065258 66.967230416834354 115.97722420096397 140.25705890357494 77.572350025177002 104.07783989608288 111.56677719950676 86.165455654263496 77.789339169859886 60.302452430129051 98.752099081873894 76.314779967069626
leaf_count=1139 476 275 407 302 422 305 640 418 335 438 306 340 366 520 356 497 394 573 477 573 347 464 506 357 321 331 608 307
internal_value=3.95615e-06 0.00281631 -0.0122033 0.000468391 0.012931 -0.00151617 -0.0172979 0.00321817 -0.000288828 0.000275077 0.00116879 0.000210343 -0.00756827 -0.00626971 0.0104136 -0.00278357 -0.00337248 0.0183337 0.00178903 0.00132693 0.00442823 0.00360124 0.00512488 -0.00399487 -0.00325069 0.0111979 0.0102595 0.00205684
internal_weight=2583.86 2101.29 482.564 1707.12 394.177 992.042 227.283 715.074 505.235 429.532 320.491 244.325 255.282 178.015 272.881 486.808 367.053 121.296 330.129 256.234 384.945 181.65 203.295 273.507 163.955 215.154 159.055 159.736
internal_count=12800 9728 3072 7163 2565 4076 1779 3087 2031 1726 1288 982 1293 886 1570 2045 1548 995 1352 1050 1735 811 924 1154 678 1295 939 642
is_linear=0
shrinkage=0.02


Tree=94
num_leaves=27
num_cat=0
split_feature=0 0 0 0 0 0 0 1 0 0 1 3 1 1 1 0 0 0 0 1 1 0 1 1 1 1
split_gain=214.907 121.263 27.6642 23.6668 11.4563 5.38693 3.10188 1.928 2.30355 1.32281 1.62323 1.82856 1.26856 2.12693 1.49858 0.813502 0.789569 0.781024 0.765609 0.931691 1.76984 0.729301 0.725326 1.21119 0.465142 0.98353
threshold=-0.62807917594909657 0.82402130961418163 -1.0583763122558592 0.21471916884183886 1.5152823328971865 -0.1891338303685188 -1.3729133009910581 5.5083334445953378 -0.85975876450538624 0.51012541353702556 12.741666793823244 1.0000000180025095e-35 10.875000000000002 8.9250001907348651 12.308333396911623 1.0583764314651491 0.34515604376792913 -0.42618812620639795 -1.0000000180025095e-35 13.141666412353517 10.041666984558107 1.8157399296760561 10.041666984558107 13.041666984558107 6.5250000953674325 10.341666698455812
decision_type=2 2 2 2 2 2 2 2 2 2 2 2 2 2 2 2 2 2 2 2 2 2 2 2 2 2
left_child=2 3 6 5 15 12 -1 -4 -9 10 11 -5 13 17 -14 -3 -13 -2 19 20 -7 -6 -20 -24 -11 -26
right_child=1 4 7 9 21 18 -8 8 -10 24 -12 16 14 -15 -16 -17 -18 -19 22 -21 -22 -23 23 -25 25 -27
leaf_value=-0.019388631856413121 -0.0039396226060466021 0.0088444001543944457 -0.010174511044468102 0.0056655426322236493 0.014866108565521617 0.00029782601303607114 -0.013653031247706114 -0.009157097976609678 -0.0043027021890582199 0.0036134085484874883 0.00062658991401599601 0.00070681959981591994 0.00066784754850128362 -0.0063597303242910169 -0.002779672014698312 0.011750431451530737 0.0036448210312821187 -0.0013067011765798551 -0.00055628438091183581 0.00072006554961217021 -0.0036433480540595882 0.02041787168124205 0.0029011556718241517 5.7389714407799786e-05 0.0073769757965303816 0.0038679470929438111
leaf_weight=131.87079467624426 79.012815877795219 117.35792343318462 76.88511735200882 116.78833301365376 53.766622953116894 93.658936366438866 92.706277891993523 65.079107210040092 112.4405916929245 77.13415464758873 85.8521568775177 70.08524651825428 76.506768435239792 79.988709062337875 142.34514704346657 137.90345643460751 77.357764020562172 108.66514164209366 131.99455036222935 108.58110077679157 86.267195045948029 65.977102927863598 102.9046668112278 139.86070562899113 75.079787343740463 70.13523955643177
leaf_count=1139 346 625 407 508 422 377 640 366 520 353 363 289 316 341 592 870 343 450 530 437 348 573 417 563 347 318
internal_value=4.26044e-06 0.00276714 -0.0120542 0.000517509 0.0130411 -0.00113695 -0.0171624 -0.00744632 -0.00616453 0.00383303 0.00303406 0.0038057 -0.00273069 -0.00365337 -0.00157935 0.0104935 0.00227643 -0.00244502 3.67887e-05 -0.000734828 -0.00161108 0.0182102 0.000631561 0.00127668 0.00505273 0.00575778
internal_weight=2576.21 2097.22 478.982 1722.22 375.005 1149.79 224.577 254.405 177.52 572.433 350.084 264.231 486.519 267.667 218.852 255.261 147.443 187.678 663.267 288.507 179.926 119.744 374.76 242.765 222.349 145.215
internal_count=12800 9728 3072 7238 2490 4717 1779 1293 886 2521 1503 1140 2045 1137 908 1495 632 796 2672 1162 725 995 1510 980 1018 665
is_linear=0
shrinkage=0.02


Tree=95
num_leaves=24
num_cat=0
split_feature=0 0 0 0 0 0 0 0 0 3 0 0 0 0 3 0 3 0 0 0 3 0 0
split_gain=207.924 117.759 27.3746 22.7757 11.4222 5.18222 3.13401 1.27882 1.00165 1.00019 0.808562 0.754807 0.736024 0.752253 0.605291 1.05613 0.517942 0.455337 0.424389 0.421851 0.166402 0.0871641 0.0552963
threshold=-0.62807917594909657 0.82402130961418163 -1.0583763122558592 0.21471916884183886 1.5152823328971865 -0.1891338303685188 -1.3729133009910581 0.51012541353702556 -0.7555200159549712 1.0000000180025095e-35 1.0583764314651491 1.8157399296760561 -1.0000000180025095e-35 -0.062711736187338815 1.0000000180025095e-35 -0.34515604376792902 0.014999999664723875 -0.11304753646254538 0.34515604376792913 0.087851781398057951 1.0000000180025095e-35 -0.42618812620639795 -0.45380596816539759
decision_type=2 2 2 2 2 2 2 2 2 2 2 2 2 2 2 2 2 2 2 2 2 2 2
left_child=2 3 6 5 10 14 -1 9 -4 -5 -3 -6 13 17 21 22 19 -7 -11 -14 -9 -2 -16
right_child=1 4 8 7 11 12 -8 20 -10 18 -12 -13 16 -15 15 -17 -18 -19 -20 -21 -22 -23 -24
leaf_value=-0.019275969211731109 -0.0041192716550840424 0.0087080207339581862 -0.0083350124613378648 0.0041951119991338708 0.014727381736898538 -0.0008365276590381989 -0.013503401754052994 0.0041364791871464366 -0.0054214976834676964 0.0010491568033781356 0.011600489762201904 0.020316452514144278 0.00019595338553234955 -0.0022422759278162684 -0.0025477711363423635 -0.00050266270250588947 -0.00073794771921966112 0.001076653595648088 0.0029278087677864452 0.0017256472882773814 0.005571610984210649 -0.0030512500866102812 -0.003559726733958238
leaf_weight=130.01905027031898 77.782504484057426 116.84848618507385 161.32783798873425 152.38523657619953 53.212066769599915 117.3792866319418 91.889300242066383 100.73114265501499 92.211337372660637 99.158689349889755 136.92793722450733 65.00014478713274 134.4144574701786 87.781219616532326 82.21497942507267 110.69222973287106 85.291997790336609 83.328306138515472 98.25359645485878 155.02576354146004 121.22729380428791 142.44431893527508 73.086675092577934
leaf_count=1139 337 625 884 660 422 473 640 461 409 408 870 573 539 354 358 452 343 335 435 628 557 590 308
internal_value=4.32294e-06 0.00271854 -0.0119065 0.000507741 0.0128905 -0.00111504 -0.0170276 0.00376264 -0.0073261 0.00297705 0.0103472 0.0180875 3.60417e-05 -0.000720542 -0.00267886 -0.00200935 0.000619233 -3.94413e-05 0.00200416 0.00102149 0.00496306 -0.00346215 -0.00306321
internal_weight=2568.63 2093.19 475.448 1721.2 371.989 1149.44 221.908 571.756 253.539 349.798 253.776 118.212 663.221 288.489 486.221 265.994 374.732 200.708 197.412 289.44 221.958 220.227 155.302
internal_count=12800 9728 3072 7238 2490 4717 1779 2521 1293 1503 1495 995 2672 1162 2045 1118 1510 808 843 1167 1018 927 666
is_linear=0
shrinkage=0.02


Tree=96
num_leaves=27
num_cat=0
split_feature=0 0 0 0 0 0 0 1 0 1 0 1 3 2 0 0 0 1 1 2 1 0 1 1 0 1
split_gain=201.131 114.354 27.0927 21.9132 11.3852 4.98507 3.16503 1.89463 2.23907 1.25404 1.23554 1.56237 1.7221 0.992119 0.803173 0.780027 0.74293 0.742857 1.26872 1.31123 2.55845 1.48563 0.454874 0.958395 0.413097 1.43971
threshold=-0.62807917594909657 0.82402130961418163 -1.0583763122558592 0.21471916884183886 1.5152823328971865 -0.1891338303685188 -1.3729133009910581 5.5083334445953378 -0.85975876450538624 12.691666603088381 0.51012541353702556 12.741666793823244 1.0000000180025095e-35 1.0000000180025095e-35 1.0583764314651491 1.8157399296760561 0.34515604376792913 5.4083333015441903 8.3416666984558123 -1.0000000180025095e-35 11.841666698455812 1.0000000180025095e-35 6.5250000953674325 10.341666698455812 -0.42618812620639795 9.3416666984558123
decision_type=2 2 2 2 2 2 2 2 2 2 2 2 2 2 2 2 2 2 2 2 2 2 2 2 2 2
left_child=2 3 6 5 14 9 -1 -4 -9 13 11 12 -5 24 -3 -6 -14 -7 -19 -20 -21 -22 -12 -24 -2 -26
right_child=1 4 7 10 15 17 -8 8 -10 -11 22 -13 16 -15 -16 -17 -18 18 19 20 21 -23 23 -25 25 -27
leaf_value=-0.019164055256362066 -0.0048093880803069776 0.0085734251972391096 -0.0099158751414148549 0.0054863577626538809 0.014589411390447556 -0.0017612697810528901 -0.013354854658930508 -0.0089004241678163117 -0.0041054671412051073 -0.00083236940446309443 0.0034569501361381835 0.00055970506734839647 0.00067286945452130252 -0.0013873854298120194 0.011451930252666024 0.020215989114779759 0.0035237848217918324 0.002645769764207859 0.0014906877825379447 -0.0031095771561873852 -0.0010495528280582364 0.0020693692515306537 0.0071690436157755008 0.0037087299705474449 -0.0012734914671327434 -0.0050448268152108178
leaf_weight=128.19284242391586 109.17862272262573 116.34575219452381 76.224946692585945 116.47549356520176 52.665416963398457 78.909468367695808 91.08356049656868 64.467558890581131 111.9997112005949 119.61597433686256 76.901327773928642 85.783536314964294 70.064891770482063 93.411489546298981 135.96583384275436 64.036339104175568 77.200714349746704 76.708036974072456 147.83035318553448 118.84288030862808 125.16564819216728 115.72216978669167 74.744183138012886 69.926709175109863 86.08147919178009 77.647008314728737
leaf_count=1139 476 625 407 508 422 318 640 366 520 497 353 363 289 394 870 573 343 308 595 479 504 468 347 318 357 321
internal_value=4.40806e-06 0.00267055 -0.011759 0.000497959 0.0127411 -0.00109356 -0.0168935 -0.00720588 -0.00593729 -0.00262797 0.00369293 0.00292073 0.00367868 -0.0032066 0.0102025 0.0179654 0.00219459 3.5274e-05 0.00028309 -8.29663e-05 -0.000734322 0.000453475 0.00487403 0.00556988 -0.00381466 -0.00310132
internal_weight=2561.19 2089.22 471.969 1720.21 369.013 1149.11 219.276 252.692 176.467 485.935 571.097 349.525 263.741 366.319 252.312 116.702 147.266 663.179 584.269 507.561 359.731 240.888 221.572 144.671 272.907 163.728
internal_count=12800 9728 3072 7238 2490 4717 1779 1293 886 2045 2521 1503 1140 1548 1495 995 632 2672 2354 2046 1451 972 1018 665 1154 678
is_linear=0
shrinkage=0.02


Tree=97
num_leaves=25
num_cat=0
split_feature=0 0 0 0 0 0 0 0 0 3 0 0 0 0 3 0 3 0 0 0 0 3 0 0
split_gain=194.583 111.037 26.7976 21.0875 11.3452 4.79554 3.19493 1.1943 0.965146 0.920618 0.804947 0.797355 0.688461 0.723398 0.569997 1.00796 0.501995 0.436949 0.403241 0.390091 0.176155 0.709425 0.0783441 0.0566487
threshold=-0.62807917594909657 0.82402130961418163 -1.0583763122558592 0.21471916884183886 1.5152823328971865 -0.1891338303685188 -1.3729133009910581 0.51012541353702556 -0.7555200159549712 1.0000000180025095e-35 1.8157399296760561 1.0583764314651491 -1.0000000180025095e-35 -0.062711736187338815 1.0000000180025095e-35 -0.34515604376792902 0.014999999664723875 -0.11304753646254538 0.087851781398057951 0.34515604376792913 0.69039613008499157 1.0000000180025095e-35 -0.42618812620639795 -0.45380596816539759
decision_type=2 2 2 2 2 2 2 2 2 2 2 2 2 2 2 2 2 2 2 2 2 2 2 2
left_child=2 3 6 5 11 14 -1 9 -4 -5 -6 -3 13 17 22 23 18 -7 -14 -11 21 -9 -2 -16
right_child=1 4 8 7 10 12 -8 20 -10 19 -12 -13 16 -15 15 -17 -18 -19 -20 -21 -22 -23 -24 -25
leaf_value=-0.019052843516445591 -0.0039663402287235718 0.0084405914103571657 -0.0080828191907941875 0.004036146078221654 0.01445218069449446 -0.00081037541419716084 -0.013207372608950598 0.0026152273082973659 -0.0052238962338808474 0.0010163219615298071 0.020116432104876184 0.011304736687237539 0.00018771450756613803 -0.0021896582310160558 -0.0024485204049974336 -0.00045737257978615436 -0.00073733134777231163 0.001063816902371691 0.0016833113437435406 0.002818820854362834 0.0057876398047592486 0.0055010813956972568 -0.0029458339397319157 -0.0034524066651275796
leaf_weight=126.39209345728159 77.604638859629631 115.84971928596497 159.96073527634144 152.03654576838017 52.12662647664547 117.3641244918108 90.289016917347908 68.007891952991486 91.888393849134445 99.131853997707367 63.085659466683865 135.01710946857929 134.41001771390438 87.760129541158676 82.091613411903381 110.65942938625813 85.288867428898811 83.328725978732109 154.98845741152763 98.077349841594696 70.338423386216164 82.845488011837006 142.30557575821877 72.994720369577408
leaf_count=1139 337 625 884 660 422 473 640 306 409 408 573 870 539 354 358 452 343 335 628 435 338 374 590 308
internal_value=4.47261e-06 0.00262353 -0.0116139 0.000488557 0.012593 -0.00107245 -0.0167602 0.00362501 -0.0070891 0.00286579 0.017844 0.0100593 3.45884e-05 -0.000697186 -0.002578 -0.00192847 0.000598655 -2.93824e-05 0.000994743 0.00193205 0.00478735 0.00425132 -0.00333846 -0.00295896
internal_weight=2553.84 2085.31 468.53 1719.23 366.079 1148.8 216.681 570.438 251.849 349.246 115.212 250.867 663.14 288.453 485.656 265.746 374.687 200.693 289.398 197.209 221.192 150.853 219.91 155.086
internal_count=12800 9728 3072 7238 2490 4717 1779 2521 1293 1503 995 1495 2672 1162 2045 1118 1510 808 1167 843 1018 680 927 666
is_linear=0
shrinkage=0.02


Tree=98
num_leaves=27
num_cat=0
split_feature=0 0 0 0 0 0 0 1 0 1 1 1 1 0 3 0 0 1 1 4 1 0 0 1 1 1
split_gain=188.216 107.811 26.5102 20.2913 11.3022 4.61302 3.23454 1.86065 2.17482 1.21144 2.03707 1.4972 1.20833 1.96679 2.88063 0.829552 0.791129 0.714501 1.2188 1.2678 2.46009 1.40296 0.704597 0.651211 0.520664 0.230356
threshold=-0.62807917594909657 0.82402130961418163 -1.0583763122558592 0.21471916884183886 1.5152823328971865 -0.1891338303685188 -1.5152822732925413 5.5083334445953378 -0.85975876450538624 10.875000000000002 8.9250001907348651 12.308333396911623 5.4083333015441903 0.48177458345890051 1.0000000180025095e-35 1.8157399296760561 1.0583764314651491 5.4083333015441903 8.3416666984558123 -1.0000000180025095e-35 11.841666698455812 1.0000000180025095e-35 -0.42618812620639795 11.47499990463257 5.0750000476837167 10.175000190734865
decision_type=2 2 2 2 2 2 2 2 2 2 2 2 2 2 2 2 2 2 2 2 2 2 2 2 2 2
left_child=2 3 6 5 16 9 -1 -4 -9 10 22 -11 -5 14 -14 -6 -3 -7 -19 -20 -21 -22 -2 -16 -8 -15
right_child=1 4 7 12 15 17 24 8 -10 11 -12 -13 13 25 23 -17 -18 18 19 20 21 -23 -24 -25 -26 -27
leaf_value=-0.019562527722580599 -0.0036728640504695193 0.0083094980163521664 -0.0096635475442397589 0.0053715412599302298 0.014315672057487294 -0.0017281889208816334 -0.01615563230593588 -0.0086499111716305133 -0.0039153130256361869 0.00083898007322889378 -0.0060832258512180607 -0.0026068127659226161 0.004335128041696795 0.0054048392682725125 -0.0011007830866987989 0.020017732798465117 0.011158894250427473 0.0025927581130323406 0.0014654818430597377 -0.0030515927151945526 -0.0010181626689683026 0.0020130474192925898 -0.0011712617852700417 0.0014596753842092602 -0.011647783853355036 0.0036987261599871952
leaf_weight=100.4505772665143 78.681474253535271 115.36037865281105 75.580513849854469 118.51058338582516 51.595648534595966 78.898554742336273 46.527039632201195 63.872712284326553 111.57196551561356 76.386541903018951 79.688599243760109 142.09108683466911 113.84282977879047 97.421545416116714 78.591628551483154 62.148072592914104 134.08171398937702 76.699591025710106 147.82409217953682 118.83685649931431 125.15051704645157 115.68883253633976 108.52961693704128 76.401108071208 67.144719079136848 85.026425540447235
leaf_count=922 346 625 407 529 422 318 357 366 520 316 341 592 493 452 337 573 870 308 595 479 504 468 450 324 500 386
internal_value=4.62552e-06 0.00257722 -0.011469 0.000479245 0.0124459 -0.00105179 -0.0166274 -0.00697229 -0.00571707 -0.002529 -0.00343147 -0.00140537 0.00355808 0.00306026 0.00194923 0.0177233 0.0099177 3.38505e-05 0.000276905 -8.18981e-05 -0.000722446 0.000442487 -0.00225035 0.000163869 -0.0137403 0.00465846
internal_weight=2546.6 2081.46 465.148 1718.27 363.186 1148.48 214.122 251.025 175.445 485.377 266.9 218.478 569.794 451.284 268.836 113.744 249.442 663.098 584.2 507.5 359.676 240.839 187.211 154.993 113.672 182.448
internal_count=12800 9728 3072 7238 2490 4717 1779 1293 886 2045 1137 908 2521 1992 1154 995 1495 2672 2354 2046 1451 972 796 661 857 838
is_linear=0
shrinkage=0.02


Tree=99
num_leaves=35
num_cat=0
split_feature=3 2 1 1 1 1 1 1 5 1 1 1 5 1 5 5 5 5 1 5 5 1 1 1 5 5 5 5 5 5 5 5 1 1
split_gain=1.92399 1.64279 6.97184 3.2487 2.85757 2.00874 1.41087 1.40912 1.51137 1.46695 1.83731 1.75752 1.38358 1.36339 1.02184 2.2507 1.98897 1.00032 2.06008 0.927593 1.50897 1.65123 0.86404 0.742569 2.16776 0.737256 0.646489 1.60849 0.999992 0.939572 0.563461 1.25748 0.298504 0.00910918
threshold=0.024999999441206459 1.0000000180025095e-35 5.3583333492279062 5.1416666507720956 3.3916667699813847 2.0416666269302373 1.0916666984558108 13.708333015441896 0.045000016689300544 11.375000000000002 12.074999809265138 8.6916666030883807 0.05500000715255738 13.141666412353517 0.10500001907348634 0.23000000417232516 0.37500000000000006 0.17500001192092898 10.458333015441896 0.30500000715255743 0.22000001370906833 7.5416667461395273 6.3916666507720956 5.5750000476837167 0.13499999046325686 0.10000000894069673 0.10500001907348634 0.15500000119209292 0.23500001430511477 0.3249999880790711 0.47000001370906835 0.42500001192092901 12.691666603088381 9.5250000953674334
decision_type=2 2 2 2 2 2 2 2 2 2 2 2 2 2 2 2 2 2 2 2 2 2 2 2 2 2 2 2 2 2 2 2 2 2
left_child=1 3 4 5 -3 6 -1 9 -9 11 -11 19 -4 32 -7 -16 -17 25 33 20 21 -5 -21 -2 -25 -13 -14 -28 -29 -30 31 -18 -12 -19
right_child=23 2 12 7 -6 14 -8 8 -10 10 13 17 26 -15 15 16 30 18 -20 22 -22 -23 -24 24 -26 -27 27 28 29 -31 -32 -33 -34 -35
leaf_value=-0.0021462270053937572 6.1080038509617077e-06 0.0021451886913465205 -0.0023347099549319824 -0.00064958249193395744 0.0082501062756491737 -0.0049348461142990864 0.0022724711575893919 0.00081639027936466699 -0.0028066899843266725 0.0039198698889995271 -0.0010852315017569497 -0.00088177384912190753 0.0022259527827839334 0.0025744388758536718 0.0013346618673601009 -0.0051485281579040426 0.0004694776337759557 -0.0029508004968789264 0.00098471697234427591 0.0015241758359937083 0.0040674800138910203 0.0030992077027869602 -0.0016649557731688023 -0.0002816526531954989 -0.0047904922558321536 0.0016585258639008711 -0.0026347905833296642 0.0027635016581698357 -0.0020855318531851426 0.0015717321385357969 0.00073932510402196323 -0.0044043583239568715 0.00059124847140402611 -0.0039180787349411125
leaf_weight=44.239469200372696 73.195876516401768 62.735591426491737 86.784576967358589 122.90954713523388 61.786482833325863 51.646129220724106 75.382245667278767 80.600535869598389 103.25829836726189 103.18960659950972 91.010442137718201 108.86320425570011 65.58324159681797 103.86625611037016 65.279455423355103 87.564301878213882 39.291473053395748 56.518972918391228 62.070849403738976 57.389047853648663 76.179676026105881 73.565805196762085 77.532314285635948 91.218225613236427 78.553407117724419 75.772538080811501 64.988751381635666 72.927685111761093 53.482209339737892 54.962778531014919 39.594955123960972 43.054548159241676 76.449042037129402 58.033167280256748
leaf_count=345 387 399 349 514 356 209 515 324 432 460 396 440 266 441 287 480 280 306 316 411 356 308 540 368 384 324 275 320 262 372 368 378 326 306
internal_value=4.37391e-06 0.000183946 0.00116639 -0.000106939 0.00525691 -0.00157962 0.000629892 0.000389637 -0.0012267 0.000651244 0.00167409 0.000149943 -0.00013093 0.000797551 -0.00238821 -0.00187737 -0.00288136 -0.000863212 -0.00193033 0.00104779 0.00171506 0.000771154 -0.000306004 -0.00168058 -0.00239938 0.000167339 0.000493141 1.76427e-05 0.000986423 -0.000237038 -0.00119653 -0.00212281 -0.000321935 -0.00349966
internal_weight=2539.48 2296.51 523.251 1773.26 124.522 446.053 119.622 1327.21 183.859 1143.35 374.515 768.835 398.729 271.326 326.431 274.785 209.505 361.259 176.623 407.576 272.655 196.475 134.921 242.968 169.772 184.636 311.945 246.361 181.373 108.445 121.941 82.346 167.459 114.552
internal_count=12800 11661 2599 9062 755 2862 860 6200 756 5444 1623 3821 1844 1163 2002 1793 1506 1692 928 2129 1178 822 951 1139 752 764 1495 1229 954 634 1026 658 722 612
is_linear=0
shrinkage=0.02


Tree=100
num_leaves=26
num_cat=0
split_feature=0 0 0 0 0 0 0 1 0 1 1 0 3 4 0 0 1 1 4 1 0 1 0 1 1
split_gain=181.876 104.778 26.2535 19.5021 11.236 4.48209 3.26032 1.8026 2.10104 1.22385 1.15626 1.89863 2.75022 0.935433 0.846115 0.772296 0.670251 1.16778 1.21185 2.36622 1.3469 0.631592 0.378269 1.38658 0.223944
threshold=-0.62807917594909657 0.82402130961418163 -1.0583763122558592 0.21471916884183886 1.5152823328971865 -0.1891338303685188 -1.3729133009910581 5.5083334445953378 -0.85975876450538624 12.691666603088381 5.4083333015441903 0.48177458345890051 1.0000000180025095e-35 1.0000000180025095e-35 1.8157399296760561 1.0583764314651491 5.4083333015441903 8.3416666984558123 -1.0000000180025095e-35 11.841666698455812 1.0000000180025095e-35 11.47499990463257 -0.42618812620639795 9.3416666984558123 10.175000190734865
decision_type=2 2 2 2 2 2 2 2 2 2 2 2 2 2 2 2 2 2 2 2 2 2 2 2 2
left_child=2 3 6 5 15 9 -1 -4 -9 13 -5 12 -12 22 -6 -3 -7 -18 -19 -20 -21 -14 -2 -24 -13
right_child=1 4 7 10 14 16 -8 8 -10 -11 11 24 21 -15 -16 -17 17 18 19 20 -22 -23 23 -25 -26
leaf_value=-0.018833616779836512 -0.0046071461427977627 0.0081927562313747898 -0.0095060213092851252 0.0052636035679342278 0.014185103875155074 -0.0016703659818591348 -0.012910790076590541 -0.0085057723218094732 -0.0038436051819087103 -0.00071782999065441941 0.004242563644757935 0.0053083198905488948 -0.0010799316560139505 -0.0012967194636363502 0.019915717041949079 0.011013513551751978 0.0025387724449956353 0.0014334145728870848 -0.0029899942818236765 -0.00099435775240414893 0.00197591848433971 0.001441612445195457 -0.0011785186848590101 -0.0048791289902774372 0.0036271652575415076
leaf_weight=122.88742177188396 108.82728366553783 114.92446373403072 75.178484529256821 118.28663070499897 51.091787256300449 78.884263470768929 88.706950783729553 63.531196385622025 111.40891215205193 119.48338232934475 113.69134989380836 97.22295093536377 78.613510653376579 93.308343082666397 61.185581743717194 133.15409065783024 76.69250400364399 147.823078379035 118.83390229940414 125.13966393470764 115.66458235681057 76.388106003403664 86.007294908165932 77.516816318035126 84.913298100233078
leaf_count=1139 476 625 407 529 422 318 640 366 520 497 493 452 337 394 573 870 308 595 479 504 468 324 357 321 386
internal_value=4.26073e-06 0.00252973 -0.0113219 0.000467056 0.0123027 -0.00103363 -0.0164947 -0.00684976 -0.00561372 -0.00249019 0.00348769 0.00300054 0.00190909 -0.00306228 0.0176019 0.00978275 3.64118e-05 0.000271809 -7.94188e-05 -0.000705731 0.000436868 0.000165273 -0.0036533 -0.00297051 0.00457246
internal_weight=2539.37 2077.65 461.713 1717.3 360.356 1148.18 211.594 250.119 174.94 485.143 569.116 450.829 268.693 365.66 112.277 248.079 663.038 584.154 507.461 359.638 240.804 155.002 272.351 163.524 182.136
internal_count=12800 9728 3072 7238 2490 4717 1779 1293 886 2045 2521 1992 1154 1548 995 1495 2672 2354 2046 1451 972 661 1154 678 838
is_linear=0
shrinkage=0.02


Tree=101
num_leaves=27
num_cat=0
split_feature=0 0 0 0 0 0 0 1 0 1 0 1 1 0 3 2 1 1 2 1 0 0 1 0 1 1
split_gain=175.935 101.721 25.9502 18.7636 11.1953 4.31158 3.3013 1.99276 1.92784 1.75403 2.04492 1.17822 1.11501 1.83206 2.64756 0.900907 0.644411 1.12278 1.16457 2.27401 1.29465 0.616026 0.565547 0.365176 1.33518 0.216556
threshold=-0.62807917594909657 0.82402130961418163 -1.0583763122558592 0.21471916884183886 1.6977696418762209 -0.1891338303685188 -1.5152822732925413 3.1583334207534794 1.1033552885055544 5.5083334445953378 -0.85975876450538624 12.691666603088381 5.4083333015441903 0.48177458345890051 1.0000000180025095e-35 1.0000000180025095e-35 5.4083333015441903 8.3416666984558123 -1.0000000180025095e-35 11.841666698455812 1.0000000180025095e-35 0.31866706907749182 5.0750000476837167 -0.42618812620639795 9.3416666984558123 10.175000190734865
decision_type=2 2 2 2 2 2 2 2 2 2 2 2 2 2 2 2 2 2 2 2 2 2 2 2 2 2
left_child=2 3 6 5 7 11 -1 -3 -9 -4 -11 15 -5 14 -14 23 -7 -18 -19 -20 -21 -16 -8 -2 -25 -15
right_child=1 4 9 12 -6 16 22 8 -10 10 -12 -13 13 25 21 -17 17 18 19 20 -22 -23 -24 24 -26 -27
leaf_value=-0.019356478239905061 -0.004522593319292563 0.013783371424383326 -0.0093644844795986656 0.0051684505398893769 0.019068759792769528 -0.0016379247598387406 -0.015898918290604618 0.0069765336075567628 0.011028243899195118 -0.0083794028848016185 -0.0037732543654872392 -0.00070380253902402855 0.004163825906388828 0.0052143967850310762 0.0015239262955803817 -0.0012716707465830399 0.0024894523983625583 0.0014051346599746695 -0.0029311364188678675 -0.00097484345945144507 0.0019374189885812962 -0.00097649559592972578 -0.011339365570432939 -0.0011557174467369767 -0.0047880249158635717 0.0035606501390278151
leaf_weight=97.579175382852554 108.68349440395832 57.509756334125996 74.822295591235161 118.09382529556751 75.103493213653564 78.877421438694 45.56646004319191 107.55675768852234 117.37363365292549 63.232712939381599 111.25522002577782 119.46756334602833 113.56354008615017 97.032634019851685 70.26962998509407 93.283015117049217 76.687343463301659 147.82247641682625 118.83584803342819 125.13192538917065 115.64370872080326 84.727818533778191 65.962596110999584 85.989691495895386 77.450656324625015 84.807975441217422
leaf_count=922 476 389 407 529 716 318 357 593 792 366 520 497 493 452 289 394 308 595 479 504 468 372 500 357 321 386
internal_value=4.25425e-06 0.00248495 -0.0111806 0.000458123 0.012158 -0.00101367 -0.0163632 0.0101992 0.00916937 -0.0067381 -0.00551852 -0.0024428 0.00342302 0.00294455 0.00187252 -0.00300443 3.5704e-05 0.000266522 -7.78789e-05 -0.000691889 0.000428344 0.000162068 -0.0134495 -0.0035848 -0.00291406 0.00449024
internal_weight=2532.33 2073.91 458.418 1716.37 357.544 1147.87 209.108 282.44 224.93 249.31 174.488 484.874 568.495 450.402 268.561 365.407 662.999 584.121 507.434 359.611 240.776 154.997 111.529 272.124 163.44 181.841
internal_count=12800 9728 3072 7238 2490 4717 1779 1774 1385 1293 886 2045 2521 1992 1154 1548 2672 2354 2046 1451 972 661 857 1154 678 838
is_linear=0
shrinkage=0.02


Tree=102
num_leaves=27
num_cat=0
split_feature=0 0 0 0 0 0 0 1 0 1 0 1 1 1 1 0 3 0 1 1 2 1 0 1 1 1
split_gain=170.206 98.7457 25.652 18.0526 11.1603 4.14751 3.32545 1.9655 1.89454 1.73232 1.17832 1.15338 1.89865 1.50353 1.07526 1.76784 2.54872 0.637819 0.619568 1.07951 1.11913 2.18541 1.25027 0.604776 0.569774 0.209399
threshold=-0.62807917594909657 0.82402130961418163 -1.0583763122558592 0.21471916884183886 1.6977696418762209 -0.1891338303685188 -1.5152822732925413 3.1583334207534794 1.1033552885055544 10.458333015441896 -0.89663067460060109 10.875000000000002 8.9250001907348651 12.308333396911623 5.4083333015441903 0.48177458345890051 1.0000000180025095e-35 -0.42618812620639795 5.4083333015441903 8.3416666984558123 -1.0000000180025095e-35 11.841666698455812 -1.0000000180025095e-35 11.47499990463257 5.0750000476837167 10.175000190734865
decision_type=2 2 2 2 2 2 2 2 2 2 2 2 2 2 2 2 2 2 2 2 2 2 2 2 2 2
left_child=2 3 6 5 7 11 -1 -3 -9 10 -4 12 17 -13 -5 16 -16 -2 -7 -20 -21 -22 -23 -18 -8 -17
right_child=1 4 9 14 -6 18 24 8 -10 -11 -12 13 -14 -15 15 25 23 -19 19 20 21 22 -24 -25 -26 -27
leaf_value=-0.019253656743173825 -0.0034937418898893947 0.01363130279483977 -0.010077206833407381 0.0050749313017548594 0.018965487883617779 -0.0016061130076231501 -0.015762248810740415 0.0068640290555663699 0.010886808422863626 -0.0036252094864711354 -0.0063141303743064472 0.00094738139875990223 -0.0058420973192799064 -0.0025057015026164757 0.0040864987759062291 0.0051220229912233763 -0.001059091765530029 -0.0011115686107849843 0.002441094753219727 0.0013774139262361987 -0.0028734502624066433 -0.0012275486146702422 0.0016602702368796957 0.0014083221431295326 -0.011203923469576388 0.0034952972618503379
leaf_weight=96.163215145468712 78.454723089933395 57.015609547495842 59.449485808610916 117.90341266989708 74.023962251842022 78.870607540011406 45.064728401601315 107.16998139023781 116.55479934811592 64.14457793533802 124.91896705329418 76.312661617994308 79.422843649983406 141.94478517770767 113.43733654916286 96.844910830259323 78.63973231613636 108.47394028306007 76.682046294212341 147.82174158096313 118.83725146949291 103.40696987509727 137.34033913910389 76.364620640873909 65.454131074249744 84.704236522316933
leaf_count=922 346 389 350 529 716 318 357 593 792 317 626 316 341 592 493 452 337 450 308 595 479 417 555 324 500 386
internal_value=3.98487e-06 0.00244089 -0.0110413 0.00044936 0.0120144 -0.000994094 -0.0162333 0.0100604 0.00903768 -0.00662804 -0.00762265 -0.00239629 -0.00327767 -0.00130071 0.00335946 0.00288952 0.0018366 -0.00213778 3.50099e-05 0.000261339 -7.6369e-05 -0.000678318 0.000419986 0.000158962 -0.0133097 0.00440941
internal_weight=2525.42 2070.23 455.195 1715.46 354.764 1147.57 206.682 280.74 223.725 248.513 184.368 484.609 266.352 218.257 567.894 449.991 268.442 186.929 662.959 584.088 507.406 359.585 240.747 155.004 110.519 181.549
internal_count=12800 9728 3072 7238 2490 4717 1779 1774 1385 1293 976 2045 1137 908 2521 1992 1154 796 2672 2354 2046 1451 972 661 857 838
is_linear=0
shrinkage=0.02


Tree=103
num_leaves=29
num_cat=0
split_feature=0 0 0 0 0 0 0 1 1 2 0 1 1 1 0 0 1 1 0 1 0 1 1 0 1 0 1 1
split_gain=164.652 95.8511 25.356 17.3856 11.1246 3.35678 2.79572 2.68077 2.17282 1.91 2.30401 2.74697 2.10263 1.69981 1.97284 1.47619 1.36844 1.06655 0.919547 0.8817 1.85206 0.795834 2.17495 0.741748 0.715335 0.562262 0.435077 0.0134027
threshold=-0.62807917594909657 0.82402130961418163 -1.0583763122558592 0.11304757371544839 1.5152823328971865 -1.3729133009910581 -0.24044604599475858 13.641666412353517 6.1749999523162851 1.0000000180025095e-35 0.037611209787428386 13.75833320617676 11.108333587646486 5.5083334445953378 -0.85975876450538624 0.34515604376792913 11.891666412353517 8.0083332061767596 1.8157399296760561 11.691666603088381 -0.42618812620639795 11.625000000000002 9.5916666984558123 1.0583764314651491 6.9583332538604745 0.56811311841011058 7.8583333492279062 5.9583332538604745
decision_type=2 2 2 2 2 2 2 2 2 2 2 2 2 2 2 2 2 2 2 2 2 2 2 2 2 2 2 2
left_child=2 3 5 6 23 -1 19 15 -8 10 11 12 -10 -4 -15 16 17 -5 -6 20 -2 22 24 -3 25 -17 -22 -7
right_child=1 4 13 7 18 27 8 -9 9 -11 -12 -13 -14 14 -16 21 -18 -19 -20 -21 26 -23 -24 -25 -26 -27 -28 -29
leaf_value=-0.018513150167479155 -0.0035799278662045873 0.0078153065558641995 -0.0091122060189298467 0.0026936236883852299 0.013785715391300801 -0.014084472395344357 -0.0033535100526579154 -0.00044718254412995693 -0.00081322909926482417 -0.0020103718153083824 0.0038920857011011528 -0.0027760326555831476 0.0032684318158983116 -0.0081418687383728889 -0.003608298357057138 0.0048900072490259587 0.0043356908582157403 -0.00028056792385349833 0.01963388573486962 -0.0038077215846178377 0.00078447311394565916 0.0058665239938989408 0.0006767054299500056 0.010577688713508376 0.0061142012148747539 0.0021742833063627615 -0.0013657735325816284 -0.010382609279915276
leaf_weight=117.87743400037289 128.06208898127079 113.51000967621803 74.179634049534798 91.121826007962227 49.560799218714237 42.318031437695026 81.641927063465118 89.302738606929779 94.048627898097038 122.53043715655804 76.602926224470139 92.657246381044388 105.38952796161175 62.672047019004822 110.89129585027695 65.130631655454636 74.958667680621147 99.333517238497734 58.558642521500587 141.65133196115494 73.155730664730072 80.138205423951149 79.157116785645485 130.39569619297981 79.611792683601379 66.492422744631767 73.556406602263451 44.095620214939117
leaf_count=1139 563 625 407 374 422 321 330 374 379 493 308 373 425 366 520 295 309 408 573 593 305 363 358 870 369 312 307 319
internal_value=3.73225e-06 0.00239758 -0.0109026 0.000440756 0.011872 -0.0161039 -0.0012828 0.00278889 -0.000373654 0.000133186 0.000852563 3.43909e-05 0.00135469 -0.00651895 -0.00531943 0.00324329 0.00207945 0.00115561 0.0172522 -0.00252574 -0.00184211 0.00406133 0.00352644 0.00936614 0.00457797 0.00357117 -0.000297456 -0.0124731
internal_weight=2518.6 2066.57 452.034 1714.54 352.025 204.291 989.296 725.247 572.871 491.229 368.698 292.095 199.438 247.743 173.563 635.944 265.414 190.455 108.119 416.426 274.774 370.53 290.392 243.906 211.235 131.623 146.712 86.4137
internal_count=12800 9728 3072 7238 2490 1779 4076 3162 2308 1978 1485 1177 804 1293 886 2788 1091 782 995 1768 1175 1697 1334 1495 976 607 612 640
is_linear=0
shrinkage=0.02


Tree=104
num_leaves=28
num_cat=0
split_feature=0 0 0 0 0 0 0 1 0 1 1 0 1 0 3 1 4 0 1 1 1 4 1 0 1 1 1
split_gain=159.282 93.0319 25.054 16.745 11.093 3.84044 3.38457 1.96713 1.85176 1.66201 1.16523 1.1468 1.0353 1.67264 2.44833 0.974298 0.875541 0.605792 0.589997 0.568903 1.04423 1.06282 2.08982 1.17132 0.356559 0.487454 0.199363
threshold=-0.62807917594909657 0.82402130961418163 -1.0583763122558592 0.21471916884183886 1.6977696418762209 -0.1891338303685188 -1.5152822732925413 3.1583334207534794 1.1506889462471011 10.458333015441896 12.691666603088381 -0.89663067460060109 5.4083333015441903 0.48177458345890051 1.0000000180025095e-35 7.4749999046325692 1.0000000180025095e-35 0.31866706907749182 5.0750000476837167 5.4083333015441903 8.3416666984558123 -1.0000000180025095e-35 11.841666698455812 -1.0000000180025095e-35 10.875000000000002 6.8916666507720956 10.175000190734865
decision_type=2 2 2 2 2 2 2 2 2 2 2 2 2 2 2 2 2 2 2 2 2 2 2 2 2 2 2
left_child=2 3 6 5 7 10 -1 -3 15 11 16 -4 -5 14 -14 -9 24 -16 -8 -7 -21 -22 -23 -24 25 -2 -15
right_child=1 4 9 12 -6 19 18 8 -10 -11 -12 -13 13 26 17 -17 -18 -19 -20 20 21 22 23 -25 -26 -27 -28
leaf_value=-0.01905314302218758 -0.0027044302613649152 0.01336730516027964 -0.009818804047396372 0.0049232000540756927 0.018762464072253911 -0.0015401019104250571 -0.015495989906544825 0.0046799975155704015 0.010848354433004926 -0.0034712385465908808 -0.00057988383592873964 -0.0061028449081010515 0.0039619049062255152 0.0049537088402966147 0.0014619095933572981 0.0086304380809822286 -0.0011604158193287474 -0.0010182287412308284 -0.010921191738217591 0.0023936933487285874 0.0013343064110716075 -0.0028156814003029956 -0.0011895926995288124 0.0016058797170817357 -0.0021602468651549843 -0.0048270881031269178 0.0033692167717039186
leaf_weight=93.438195653259754 90.051539897918701 56.151702024042606 58.823091059923172 117.59178450703621 71.933949254453182 78.843011155724525 44.093612968921661 57.183607459068298 101.43415024876595 63.908450976014137 119.32224914431572 124.23628082871437 113.22340236604214 96.501082107424736 70.232293605804443 62.630154922604561 93.15577532351017 84.672215491533279 64.394475042819977 76.667838141322136 147.8127079308033 118.83267129957676 103.3899891525507 137.2939136326313 74.379403159022331 107.16894152760506 84.501931563019753
leaf_count=922 386 389 350 529 716 318 357 322 708 317 497 626 493 452 289 355 394 372 500 308 595 479 417 555 310 458 386
internal_value=3.70745e-06 0.00235523 -0.0107656 0.000432558 0.0117306 -0.000957334 -0.0159752 0.00978594 0.00876539 -0.00641205 -0.00230763 -0.00739012 0.00323886 0.00277799 0.00175417 0.0068528 -0.00286658 0.000110545 -0.0130274 3.27719e-05 0.000249651 -8.24852e-05 -0.000669148 0.000405128 -0.00343901 -0.00389476 0.00425889
internal_weight=2511.87 2062.97 448.894 1713.64 349.334 1146.92 201.926 277.4 221.248 246.968 484.078 183.059 566.723 449.131 268.128 119.814 364.756 154.905 108.488 662.84 583.997 507.329 359.517 240.684 271.6 197.22 181.003
internal_count=12800 9728 3072 7238 2490 4717 1779 1774 1385 1293 2045 976 2521 1992 1154 677 1548 661 857 2672 2354 2046 1451 972 1154 844 838
is_linear=0
shrinkage=0.02


Tree=105
num_leaves=29
num_cat=0
split_feature=0 0 0 0 0 0 0 1 0 0 1 1 1 1 2 2 0 1 1 1 2 1 5 1 1 0 1 1
split_gain=154.076 90.3367 24.7542 18.5171 9.15328 3.69393 3.40662 1.64645 1.90199 1.60683 1.12157 1.06933 1.05207 1.60184 1.47567 0.843041 0.83049 0.654174 0.54695 1.00402 1.02142 2.01794 1.52621 0.343503 0.469722 0.292519 0.134012 0.028532
threshold=-0.62807917594909657 0.89663067460060131 -1.0583763122558592 0.21471916884183886 1.6977696418762209 -0.1891338303685188 -1.3729133009910581 5.5083334445953378 -0.85975876450538624 0.69039613008499157 12.691666603088381 3.1583334207534794 5.3583333492279062 7.8583333492279062 -1.0000000180025095e-35 1.0000000180025095e-35 1.1506889462471011 11.041666984558107 5.4083333015441903 8.3416666984558123 -1.0000000180025095e-35 13.22499990463257 0.045000016689300544 10.875000000000002 6.8916666507720956 1.0000000180025095e-35 12.891666412353517 5.9583332538604745
decision_type=2 2 2 2 2 2 2 2 2 2 2 2 2 2 2 2 2 2 2 2 2 2 2 2 2 2 2 2
left_child=2 3 6 5 11 10 -1 -4 -9 12 15 -3 -5 -14 -15 23 -13 -16 -7 -20 -21 22 -22 24 -2 -23 -19 -8
right_child=1 4 7 9 -6 18 27 8 -10 -11 -12 16 13 14 17 -17 -18 26 19 20 21 25 -24 -25 -26 -27 -28 -29
leaf_value=-0.018300957571018527 -0.0026531992344117545 0.013283872005932831 -0.0088660070497957981 0.0047836259142157844 0.018660693766295505 -0.001510188405468377 -0.013800576691086181 -0.0079099852036156031 -0.0034494504274772677 0.0055755348788238948 -0.00056853902982829723 0.007451808661245324 -0.00025197334002453474 0.00084992918217682834 0.0051819109332552149 -0.0011379729023224001 0.010710173913937977 0.0021987278083794087 0.0023472034147690932 0.0013079858025741955 -0.0036722606668347637 0.00015202659717486071 -0.00012537774256907668 -0.0021190338452545228 -0.0047376778785190084 0.0018266433545401641 0.0035780181483414629 -0.010114943097136014
leaf_weight=114.64347425103188 89.993754416704178 48.924700386822224 73.553223103284836 93.693814486265182 70.90104117244482 78.836309224367142 41.490578047931194 62.127066373825073 110.53915099799633 109.43361441791058 119.30925767123699 86.092790201306343 73.764419049024582 93.441567659378052 91.661413252353668 93.132800921797752 100.72100590914488 72.444869130849838 76.662302896380424 147.81166595220566 103.16581390798092 87.466994315385818 90.374130174517632 74.348695427179337 107.0466084331274 78.48137067258358 71.748246014118195 43.471129208803177
leaf_count=1139 386 355 407 416 716 318 321 366 520 538 497 511 328 402 408 394 708 320 308 595 415 352 367 310 458 317 309 319
internal_value=3.57928e-06 0.00231346 -0.0106294 0.000555967 0.0122909 -0.000938836 -0.0158469 -0.0063061 -0.00512659 0.00337724 -0.00226358 0.0102343 0.00287254 0.00240687 0.0030004 -0.00281225 0.0093034 0.00383807 3.21061e-05 0.000244763 -8.09234e-05 -0.000656082 -0.00203425 -0.00337428 -0.00382187 0.000956318 0.0029246 -0.0121908
internal_weight=2505.28 2059.46 445.825 1752.82 306.64 1146.63 199.605 246.219 172.666 606.188 483.831 235.738 496.754 403.061 329.296 364.522 186.814 235.855 662.799 583.962 507.3 359.488 193.54 271.389 197.04 165.948 144.193 84.9617
internal_count=12800 9728 3072 7438 2290 4717 1779 1293 886 2721 2045 1574 2183 1767 1439 1548 1219 1037 2672 2354 2046 1451 782 1154 844 669 629 640
is_linear=0
shrinkage=0.02


Tree=106
num_leaves=30
num_cat=0
split_feature=3 2 1 1 1 1 1 5 1 2 1 5 1 1 1 1 1 1 1 5 5 5 5 1 1 5 1 5 1
split_gain=1.89413 1.51766 6.74351 3.10932 2.96312 1.9194 1.43395 1.44144 1.36475 1.28789 1.32396 2.87738 1.25181 1.86318 1.58434 2.33361 1.28488 1.25763 1.94256 1.23777 2.23523 1.89875 1.07453 2.0206 0.753341 0.702673 0.702137 0.501121 0.267217
threshold=0.024999999441206459 1.0000000180025095e-35 5.3583333492279062 5.1416666507720956 3.3916667699813847 2.0416666269302373 13.708333015441896 0.045000016689300544 1.0916666984558108 0.014999999664723875 8.1583333015441912 0.15500000119209292 11.375000000000002 12.074999809265138 6.8916666507720956 5.9583332538604745 13.141666412353517 7.5416667461395273 8.6916666030883807 0.10000000894069673 0.23000000417232516 0.37500000000000006 0.17500001192092898 10.458333015441896 8.6916666030883807 0.22500000894069674 10.341666698455812 0.45999999344348913 12.691666603088381
decision_type=2 2 2 2 2 2 2 2 2 2 2 2 2 2 2 2 2 2 2 2 2 2 2 2 2 2 2 2 2
left_child=1 3 4 5 -3 8 12 -8 -1 10 -4 -12 14 -14 15 -5 28 -16 25 -7 -21 -22 26 -24 -2 -19 -20 -23 -15
right_child=24 2 9 6 -6 19 7 -9 -10 -11 11 -13 13 16 17 -17 -18 18 22 20 21 27 23 -25 -26 -27 -28 -29 -30
leaf_value=-0.0021748000699363147 -0.0028894476264126503 0.0020040345347051031 -0.0033194505822170439 -0.00048381848707867883 0.0083140881139672149 -0.0052662871430053295 0.00074940959620617713 -0.0027916966018469076 0.0022922813606206498 0.0017527341844077119 -0.0019116276893158144 0.0026425197067681439 0.0038656263931812992 -0.0010993496007467292 -0.0028490948650509869 0.0038432487560295719 0.0024412690528089983 0.0033082661964105716 0.0013393099272434384 0.0012894306073236844 -0.0050974443371350452 -7.3551142724318124e-05 -0.0034657499556321769 0.0010141379634577624 -0.00063901466409858453 0.00040234106070405833 -0.0011321738932184105 -0.0027647545798259376 0.00049091778972173007
leaf_weight=41.516921997070312 109.20110978186131 60.411590829491615 63.693246819078922 97.377974979579449 60.076590478420258 48.388640642166138 80.57166463136673 103.01808255910873 71.970042020082474 104.15045389533043 137.07083916664124 90.342723943293095 102.50958973914385 90.526284620165825 68.954264752566814 99.305158600211143 103.49512914568186 74.185608148574829 106.20407888293266 68.022549420595169 85.287482529878616 69.522193402051926 112.18822690844536 61.061250574886799 131.18216335773468 60.215800181031227 78.039035230875015 44.105908378958702 76.180869244039059
leaf_count=345 572 399 342 542 356 196 324 432 515 475 563 464 460 396 357 547 441 312 441 300 480 564 612 316 567 371 323 462 326
internal_value=3.47134e-06 0.000183639 0.00113442 -9.87265e-05 0.00523467 -0.00157337 0.000384232 -0.00124629 0.000648727 -0.000135545 -0.000818472 -9.5174e-05 0.000650817 0.00159642 0.000182592 0.00171761 0.000713453 -0.000359911 -8.50588e-07 -0.00237215 -0.00181226 -0.00287521 -0.000771906 -0.00189327 -0.00167675 0.00203132 0.000291558 -0.00114792 -0.000375434
internal_weight=2498.78 2258.39 515.745 1742.65 120.488 428.814 1313.83 183.59 113.487 395.257 291.107 227.414 1130.24 372.712 757.531 196.683 270.202 560.848 491.894 315.327 266.938 198.916 357.493 173.249 240.383 134.401 184.243 113.628 166.707
internal_count=12800 11661 2599 9062 755 2862 6200 756 860 1844 1369 1027 5444 1623 3821 1089 1163 2732 2375 2002 1806 1506 1692 928 1139 683 764 1026 722
is_linear=0
shrinkage=0.02


Tree=107
num_leaves=30
num_cat=0
split_feature=0 0 0 0 0 0 0 1 0 0 1 1 1 1 1 1 1 1 2 0 5 0 0 1 1 1 1 1 1
split_gain=148.826 87.8009 24.4938 17.8241 9.12799 3.59677 3.43632 1.57983 1.84676 1.57067 1.42552 2.09531 2.99351 1.35467 1.33512 1.06567 1.0076 1.53967 1.41896 0.810946 0.638567 1.00793 0.842932 0.634038 0.609976 0.421088 0.286178 0.134507 0.122589
threshold=-0.62807917594909657 0.89663067460060131 -1.0583763122558592 0.21471916884183886 1.6977696418762209 -0.087851781398057924 -1.5152822732925413 5.5083334445953378 -0.85975876450538624 0.69039613008499157 13.525000095367433 12.375000000000002 11.275000095367433 7.9083333015441903 5.8416666984558114 3.1583334207534794 5.3583333492279062 7.8583333492279062 -1.0000000180025095e-35 1.1506889462471011 0.029999986290931705 -1.0000000180025095e-35 0.16367168724536899 11.041666984558107 5.0750000476837167 9.9416666030883807 11.691666603088381 12.891666412353517 11.958333015441896
decision_type=2 2 2 2 2 2 2 2 2 2 2 2 2 2 2 2 2 2 2 2 2 2 2 2 2 2 2 2 2
left_child=2 3 6 5 15 10 -1 -4 -9 16 11 12 13 14 -2 -3 -5 -18 -19 -17 21 -7 28 -20 -8 -15 -23 -25 -22
right_child=1 4 7 9 -6 20 24 8 -10 -11 -12 -13 -14 25 -16 19 17 18 23 -21 22 26 -24 27 -26 -27 -28 -29 -30
leaf_value=-0.018852862160562069 -0.0026442164480742405 0.013146853282564371 -0.0087074541963096976 0.0046862287451934484 0.018559854731478441 -0.0020707109657628199 -0.015233599227521429 -0.0077855079554464959 -0.0033836725264973872 0.0054884805008005803 0.00019435793840561622 -0.0048798550411263079 0.0018665051442399011 -0.0047726621248585215 0.00077961511690795098 0.0073419118835202392 -0.0002480090557897779 0.00083215969849195878 0.005086783120956959 0.010567994284851476 0.0012584868190215141 -0.00035692031031729236 -0.00056207378964579673 0.0021409321417397704 -0.010641518044264085 -0.0026395845713539181 0.0012515999907731672 0.0035159853575526135 0.0024317825376688595
leaf_weight=90.770208515226841 112.04483626782894 48.508233368396759 73.151211261749268 93.535367831587791 69.890670411288738 87.693384900689125 43.155339501798153 61.83542862534523 110.38975727558136 109.19261226058006 106.4036290794611 102.93067239224911 75.643305659294128 85.854695543646812 74.632705852389336 85.742892384529114 73.766963019967079 93.420327946543694 91.513881057500839 99.990491785109043 74.287333160638809 79.058819636702538 82.449400991201401 72.375130206346512 63.363365173339844 82.939318954944611 96.462819293141365 71.684957474470139 85.969210684299469
leaf_count=922 480 355 407 416 716 354 357 366 520 538 436 428 311 364 310 511 328 402 408 708 300 317 334 320 500 348 387 309 348
internal_value=3.3998e-06 0.00227046 -0.010489 0.000542943 0.0121527 -0.000923343 -0.015718 -0.00619161 -0.00503533 0.00331296 -0.00191669 -0.00233645 -0.00170947 -0.00247662 -0.00128163 0.0101001 0.0028142 0.00235844 0.00294083 0.00917277 0.00033674 -0.000344719 0.00107256 0.00376301 -0.0127484 -0.00376773 0.000531228 0.00286394 0.00191011
internal_weight=2498.66 2055.99 442.665 1751.86 304.132 1146.37 197.289 245.376 172.225 605.489 640.449 534.046 431.115 355.472 186.678 234.242 496.297 402.761 328.994 185.733 505.921 263.215 242.706 235.574 106.519 168.794 175.522 144.06 160.257
internal_count=12800 9728 3072 7438 2290 4717 1779 1293 886 2721 2677 2241 1813 1502 790 1574 2183 1767 1439 1219 2040 1058 982 1037 857 712 704 629 648
is_linear=0
shrinkage=0.02


Tree=108
num_leaves=31
num_cat=0
split_feature=0 0 0 0 0 0 0 1 1 2 0 1 1 1 1 1 1 1 0 0 0 0 1 1 1 1 1 0 1 1
split_gain=144.06 89.8074 17.0201 15.8188 11.7354 3.86005 2.91431 2.15213 1.99844 1.76789 2.12549 2.69997 1.98461 1.49734 2.12553 2.54022 1.49297 2.46045 1.78311 1.42287 1.14844 1.02152 0.989261 0.974716 2.37443 0.599239 0.444511 0.423061 0.371659 0.0412071
threshold=-0.7555200159549712 0.78930723667144786 0.11304757371544839 -1.3729133009910581 1.5152823328971865 -0.24044604599475858 -1.0583763122558592 13.641666412353517 6.1749999523162851 1.0000000180025095e-35 0.037611209787428386 13.75833320617676 11.108333587646486 4.4749999046325692 11.691666603088381 13.175000190734865 4.1250000000000009 11.47499990463257 0.26633311808109289 -0.39889180660247797 0.89663067460060131 1.8157399296760561 12.47499990463257 6.9583332538604745 9.5916666984558123 3.8249999284744267 8.8750000000000018 1.0583764314651491 8.5583333969116229 5.9583332538604745
decision_type=2 2 2 2 2 2 2 2 2 2 2 2 2 2 2 2 2 2 2 2 2 2 2 2 2 2 2 2 2 2
left_child=3 2 5 -1 20 13 29 16 -7 10 11 12 -10 -2 19 -16 -4 18 -18 26 -3 -6 -19 -20 -25 -22 -15 -27 -8 -5
right_child=1 4 7 6 21 8 28 -9 9 -11 -12 -13 -14 14 15 -17 17 22 23 -21 25 -23 -24 24 -26 27 -28 -29 -30 -31
leaf_value=-0.018089073581013311 -0.005479189910923 0.005715173640510318 0.0053816336079023711 -0.013517958567057065 0.013253388561336262 -0.0032002611736418837 -0.0079831512770195973 -0.00038085161098963435 -0.00074768251050133516 -0.0019179197207042898 0.0037571508629652317 -0.0027357310770967373 0.0032188822127255786 -0.0013137619277597365 -0.0065221994045231556 -0.0014281890500878951 -0.00072009455871130726 0.0061467857028381714 0.00057167330339877613 0.00062605508561211693 0.01170694320693866 0.019269952032934908 0.0029955228897657633 0.0054142970432354024 0.00083415730053040024 0.006553347404209096 -0.003360119155143775 0.0094867633360359999 -0.0054505036933660198 -0.009853130639952648
leaf_weight=111.48734068125486 67.916255876421928 55.582189992070198 85.633723199367523 40.681068569421768 47.590656027197838 81.568211898207664 90.786812081933022 89.004958584904671 94.001555010676384 122.47929595410824 76.566109344363213 92.634043276309967 105.38788709044456 92.739469826221466 82.376788452267647 75.720820412039757 98.162772551178932 78.245514094829559 80.25145822763443 103.58105160295963 51.155538335442543 55.259508207440376 94.616929978132248 93.533021420240402 87.691893607378006 57.082381471991539 83.648362144827843 90.565962627530098 63.421089112758636 42.868600353598595
leaf_count=1139 311 275 379 321 422 330 528 373 379 493 308 373 425 403 349 317 398 344 368 429 356 573 405 428 392 331 368 608 356 319
internal_value=3.25686e-06 0.0019475 0.000111882 -0.0118699 0.0110717 -0.00146819 -0.00882711 0.00251936 -0.000341084 0.000144889 0.000836995 5.10061e-05 0.00136 -0.00273742 -0.00228937 -0.00413074 0.00293684 0.00252502 0.00156774 -0.00122763 0.00864602 0.0167919 0.00447592 0.00242558 0.00323134 0.00940035 -0.002311 0.00845541 -0.00702467 -0.0119119
internal_weight=2492.24 2143 1785.76 349.245 357.236 1078.62 237.758 707.14 572.637 491.069 368.59 292.023 199.389 505.983 438.066 158.098 618.135 532.502 359.639 279.969 254.386 102.85 172.862 261.476 181.225 198.804 176.388 147.648 154.208 83.5497
internal_count=12800 10137 7572 2663 2565 4485 1524 3087 2308 1978 1485 1177 804 2177 1866 666 2714 2335 1586 1200 1570 995 749 1188 820 1295 771 939 884 640
is_linear=0
shrinkage=0.02


Tree=109
num_leaves=31
num_cat=0
split_feature=3 2 1 1 1 1 1 5 5 2 1 1 1 1 1 1 1 5 5 5 1 5 1 1 1 1 1 5 5 1
split_gain=1.82992 1.44996 6.5179 2.97379 2.91995 1.83969 1.3673 1.3831 1.32203 1.24565 1.15321 1.74512 1.54108 2.23682 1.2337 1.869 1.22298 1.15115 2.14259 1.8289 1.14916 1.03655 1.96365 0.946931 2.95562 0.730498 0.677954 0.645371 0.46821 0.267406
threshold=0.024999999441206459 1.0000000180025095e-35 5.3583333492279062 5.1416666507720956 3.3916667699813847 2.0416666269302373 13.708333015441896 0.045000016689300544 0.44499999284744268 0.014999999664723875 11.375000000000002 12.074999809265138 6.8916666507720956 5.9583332538604745 7.5416667461395273 8.6916666030883807 13.141666412353517 0.10000000894069673 0.23000000417232516 0.37500000000000006 13.341666698455812 0.17500001192092898 10.458333015441896 11.158333301544191 8.0916666984558123 8.6916666030883807 10.341666698455812 0.22500000894069674 0.45999999344348913 12.691666603088381
decision_type=2 2 2 2 2 2 2 2 2 2 2 2 2 2 2 2 2 2 2 2 2 2 2 2 2 2 2 2 2 2
left_child=1 3 4 5 -3 8 10 -8 -1 20 12 -12 13 -5 -14 27 29 -7 -19 -20 23 26 -23 24 -4 -2 -17 -16 -21 -13
right_child=25 2 9 6 -6 17 7 -9 -10 -11 11 16 14 -15 15 21 -18 18 19 28 -22 22 -24 -25 -26 -27 -28 -29 -30 -31
leaf_value=0.002534244607168566 -0.002849789054562752 0.0019407131272947955 -0.0038139550600452621 -0.00045787538563683237 0.0082362588293015664 -0.0051239305965338766 0.00073834883753431057 -0.002730875832050833 -0.0017789244526975286 0.0017251363883412424 0.0037436237848448607 -0.0010986362426027266 -0.0028208771095545016 0.0037923020189082131 0.0032265159727076437 0.0013226416031228497 0.0023762216247857747 0.0012478243941960506 -0.005024917551755043 -7.3403308709309623e-05 0.0015103868702363767 -0.0034120853745494943 0.0010156877552165685 -0.0032428357620829418 0.0018406013398913051 -0.00062947836216133493 -0.0011065621640005171 0.00043173354488014167 -0.0027072473398083679 0.00049355723280464117
leaf_weight=62.681218519806862 108.54505716264248 59.657690033316612 61.498109258711338 96.731463275849819 59.524781920015812 48.345630317926407 80.554052397608757 102.96688094735146 48.852939419448376 103.8860041052103 102.26724307239056 90.348036870360374 68.628433845937252 98.686694897711277 74.108840137720108 106.12928350269794 103.37039775401354 67.872525200247765 84.558675676584244 68.171559385955334 64.696962431073189 111.49452105164528 60.757084228098392 77.393311709165573 86.620465330779552 131.00084587931633 78.008562579751015 59.663069389760494 42.824777036905289 76.05756414681673
leaf_count=357 572 399 332 542 356 196 324 432 503 475 460 396 357 547 312 441 441 300 480 564 269 612 316 344 424 567 323 371 462 326
internal_value=3.37325e-06 0.000181085 0.00111256 -9.57495e-05 0.00516901 -0.00154894 0.000375556 -0.00121656 0.000646981 -0.000134103 0.000636686 0.00154471 0.000185865 0.00170515 -0.000349641 6.41832e-06 0.000689731 -0.00233363 -0.00178679 -0.00284201 -0.000806907 -0.000750663 -0.00185658 -0.00147915 -0.000526677 -0.00165083 0.000292696 0.00200475 -0.00111953 -0.000373687
internal_weight=2485.9 2246.36 513.277 1733.08 119.182 423.307 1309.77 183.521 111.534 394.095 1126.25 372.043 754.208 195.418 558.79 490.161 269.776 311.773 263.428 195.555 290.209 356.389 172.252 225.512 148.119 239.546 184.138 133.772 110.996 166.406
internal_count=12800 11661 2599 9062 755 2862 6200 756 860 1844 5444 1623 3821 1089 2732 2375 1163 2002 1806 1506 1369 1692 928 1100 756 1139 764 683 1026 722
is_linear=0
shrinkage=0.02


Tree=110
num_leaves=30
num_cat=0
split_feature=0 0 0 0 0 0 0 1 1 1 3 0 1 1 1 0 0 1 1 5 0 1 1 3 1 0 1 1 1
split_gain=139.303 87.2692 17.1947 15.7274 10.9012 3.71581 2.89021 2.37399 1.91814 1.88121 2.15848 1.71381 1.44973 2.04115 2.44701 1.35682 1.26643 1.27832 1.02378 0.992052 1.38455 0.78813 2.025 0.744066 0.722864 0.561225 0.363484 0.0578942 0.0473316
threshold=-0.7555200159549712 0.82402130961418163 0.11304757371544839 -1.3729133009910581 1.6977696418762209 -0.24044604599475858 -1.0583763122558592 13.641666412353517 3.1583334207534794 6.1749999523162851 0.014999999664723875 1.1033552885055544 4.4749999046325692 11.691666603088381 13.175000190734865 -0.39889180660247797 0.34515604376792913 11.891666412353517 8.0083332061767596 0.024999991059303287 -0.087851781398057924 11.625000000000002 9.5916666984558123 1.0000000180025095e-35 6.9583332538604745 0.56811311841011058 8.5583333969116229 6.0916666984558114 5.9583332538604745
decision_type=2 2 2 2 2 2 2 2 2 2 2 2 2 2 2 2 2 2 2 2 2 2 2 2 2 2 2 2 2
left_child=3 2 5 -1 8 12 28 16 -3 -7 19 -10 -2 15 -15 23 17 18 -4 -11 -21 22 24 -14 25 -18 -8 -13 -5
right_child=1 4 7 6 -6 9 26 -9 11 10 -12 27 13 14 -16 -17 21 -19 -20 20 -22 -23 -24 -25 -26 -27 -28 -29 -30
leaf_value=-0.017979292322721181 -0.0053912295623251552 0.012835227055483929 0.0025069563619986406 -0.013381910343240709 0.018364456913973079 -0.0031140255570908221 -0.0078489269578771222 -0.00050613164187131201 0.006196736537470624 -0.001876485355230132 0.002518475038876995 0.0084367782886206697 -0.00084686617265504677 -0.0064053005331282586 -0.0014034772368862111 0.00060018986093548479 0.0045306739928413003 0.0040723735561518214 -0.00040728682508248625 -0.0009346549659392015 0.0022650667542256282 0.0055196658595202197 0.00045110352279425782 -0.003466034920702828 0.0057562644138803255 0.0018338656447655483 -0.0053460220159331729 0.011207763566751164 -0.009726821147468789
leaf_weight=109.88199330866337 67.796869352459908 54.404275335371494 90.950576022267342 40.296337872743607 67.963637597858906 81.528816714882851 90.340700551867485 89.23680217564106 104.85891725122929 146.1555914580822 114.03748545050621 53.40339283645153 82.172176048159599 82.252591520547867 75.701353639364243 103.60328541696072 64.675711408257484 74.772276982665062 99.202809736132622 148.3145903646946 82.525689527392387 79.587264329195023 78.83134825527668 94.090943515300751 78.997022747993469 66.018486186861992 63.206737160682678 58.414165005087852 42.580885991454124
leaf_count=1139 311 389 374 321 716 330 528 374 593 588 457 384 360 349 317 429 295 309 408 601 332 363 358 411 369 312 356 408 319
internal_value=3.29582e-06 0.00191117 0.000153818 -0.0117269 0.0111877 -0.00144502 -0.0086946 0.0025379 0.00926712 -0.000339252 0.000132222 0.00826202 -0.00269093 -0.00225017 -0.00405564 -0.00120963 0.00296725 0.00188985 0.000998184 -0.000599077 0.00021888 0.00372825 0.0031995 -0.0022682 0.00421871 0.00321659 -0.00690061 0.0100559 -0.0117774
internal_weight=2485.8 2139.5 1800.45 346.307 339.044 1078.18 236.425 722.272 271.081 572.562 491.033 216.676 505.617 437.82 157.954 279.866 633.035 264.926 190.153 376.996 230.84 368.11 288.523 176.263 209.691 130.694 153.547 111.818 82.8772
internal_count=12800 10137 7647 2663 2490 4485 1524 3162 1774 2308 1978 1385 2177 1866 666 1200 2788 1091 782 1521 933 1697 1334 771 976 607 884 792 640
is_linear=0
shrinkage=0.02


Tree=111
num_leaves=32
num_cat=0
split_feature=0 0 0 0 0 0 0 1 1 2 0 1 1 1 1 1 0 1 1 1 1 0 0 0 1 1 1 1 1 1 1
split_gain=134.914 84.6628 15.7666 15.6217 11.578 3.57702 2.84832 1.95736 1.80916 1.70304 2.00615 2.56577 1.89765 1.45059 2.29965 1.68415 1.54911 2.05763 1.39949 1.96542 2.3589 1.30525 1.10381 1.0708 0.972731 0.591297 0.42417 0.418706 0.354017 0.131767 0.0529602
threshold=-0.7555200159549712 0.78930723667144786 0.11304757371544839 -1.3729133009910581 1.5152823328971865 -0.24044604599475858 -1.0583763122558592 13.641666412353517 6.1749999523162851 1.0000000180025095e-35 0.037611209787428386 13.75833320617676 11.108333587646486 4.1250000000000009 11.47499990463257 10.408333301544191 0.26633311808109289 6.9583332538604745 4.4749999046325692 11.691666603088381 13.175000190734865 -0.39889180660247797 0.89663067460060131 1.8157399296760561 12.47499990463257 3.8249999284744267 8.8750000000000018 8.1583333015441912 8.5583333969116229 8.9250001907348651 5.9583332538604745
decision_type=2 2 2 2 2 2 2 2 2 2 2 2 2 2 2 2 2 2 2 2 2 2 2 2 2 2 2 2 2 2 2
left_child=3 2 5 -1 22 18 30 13 -7 10 11 12 -10 -4 15 16 -15 -18 -2 21 -21 26 -3 -6 -16 -24 -20 -27 -8 -19 -5
right_child=1 4 7 6 23 8 28 -9 9 -11 -12 -13 -14 14 24 -17 17 29 19 20 -22 -23 25 -25 -26 27 -28 -29 -30 -31 -32
leaf_value=-0.017873250430798987 -0.0052960150864574109 0.0055294251481823606 0.0052331956018453031 -0.013246762461127649 0.012992789857275911 -0.0030541478111535932 -0.0077286926898307295 -0.00034244237587272144 -0.00073950861399574134 -0.0018949399993847321 0.0036467692345385377 -0.0026714164898790044 0.0031389722705487469 -0.00030202209742510362 0.0059613357442954568 -0.0012224087031915897 0.0004853564530379876 0.0053057846613300264 -0.0012519469984364673 -0.0062894534529345592 -0.0013765124199029977 0.00058835423884226923 0.011435453832933437 0.019093592580407503 0.0028410218861127214 0.0069051199035686786 -0.0032507053142293019 0.0097741322560582905 -0.0052570991351307281 0.0036513457296322876 -0.0096022657062156003
leaf_weight=108.35053937882185 67.672659188508987 55.310621812939644 85.425414904952049 39.917539589107037 46.662006840109825 81.504135370254517 89.946314260363579 89.037411317229271 93.994922816753387 122.46426373720169 76.53544045984745 92.610096454620361 105.40725141763687 74.615614220499992 78.00410595536232 71.839712277054787 80.124215230345726 66.429892286658287 92.652556136250496 82.130351290106773 75.680000066757202 103.61380380392075 50.400018528103828 53.703649565577507 94.429808005690575 85.464250728487968 83.497236862778664 60.687313571572304 63.026017531752586 66.136004760861397 42.299354262650013
leaf_count=1139 311 275 379 321 422 330 528 373 379 493 308 373 425 302 344 311 368 305 403 349 317 429 356 573 405 551 368 388 356 300 319
internal_value=3.35187e-06 0.00187731 0.000103675 -0.0115918 0.0108083 -0.00141735 -0.00857172 0.00242295 -0.000332574 0.000129743 0.000809118 4.56319e-05 0.00132153 0.00282183 0.00241616 0.00149059 0.00217273 0.00303564 -0.00264041 -0.00220748 -0.0039801 -0.00118641 0.00840132 0.0165665 0.00430473 0.00914565 -0.00222524 0.0082123 -0.00679136 0.00454693 -0.0116443
internal_weight=2479.57 2136.03 1783.8 343.54 352.228 1077.76 235.189 706.042 572.516 491.012 368.548 292.012 199.402 617.005 531.579 359.145 287.306 212.69 505.247 437.574 157.81 279.764 251.862 100.366 172.434 196.552 176.15 146.152 152.972 132.566 82.2169
internal_count=12800 10137 7572 2663 2565 4485 1524 3087 2308 1978 1485 1177 804 2714 2335 1586 1275 973 2177 1866 666 1200 1570 995 749 1295 771 939 884 605 640
is_linear=0
shrinkage=0.02


Tree=112
num_leaves=24
num_cat=0
split_feature=0 0 0 0 0 0 0 0 3 0 0 0 5 3 0 0 3 2 0 3 3 0 0
split_gain=130.66 82.1779 17.9045 15.5132 9.01834 3.44332 2.80631 2.54558 0.793231 0.761558 0.693095 0.691308 0.505495 0.499267 0.78433 0.491181 0.849254 0.321071 1.78205 0.284378 0.116794 0.232305 0.0903139
threshold=-0.7555200159549712 0.89663067460060131 0.11304757371544839 -1.3729133009910581 1.6977696418762209 -0.24044604599475858 -1.0583763122558592 0.37188957631587988 0.014999999664723875 0.69039613008499157 -0.62807917594909657 1.4404313564300539 0.03499999642372132 1.0000000180025095e-35 -0.34515604376792902 -0.037611247040331357 1.0000000180025095e-35 -1.0000000180025095e-35 0.53889256715774547 1.0000000180025095e-35 1.0000000180025095e-35 0.21471916884183886 -0.45380596816539759
decision_type=2 2 2 2 2 2 2 2 2 2 2 2 2 2 2 2 2 2 2 2 2 2 2
left_child=3 2 5 -1 11 10 -5 8 20 17 -2 -3 15 -12 22 -7 -17 -9 -19 -14 21 -4 -15
right_child=1 4 7 6 -6 12 -8 9 -10 -11 13 -13 19 14 -16 16 -18 18 -20 -21 -22 -23 -24
leaf_value=-0.017767489274243639 -0.0041883143164126169 0.0087546571716978893 0.00064124467782174872 -0.01151205797822529 0.018166273212831922 0.0014817448843893141 -0.0066835636179787827 0.00198350866699132 -0.00039915163949041948 0.0051699505783741441 -0.0030021517677902465 0.012156087677530653 -0.00026497267593862472 -0.0018426282525623328 8.5628427281398686e-05 0.0011313052567272905 -0.0013540643023679405 0.0050992482647822411 0.0013419244517466347 -0.0015763175426336074 0.002351490190236844 0.0021839533590813846 -0.0029406055510771928
leaf_weight=106.84268410503864 90.092629104852676 179.85755187273026 74.899830266833305 81.566553071141243 66.053101487457752 86.89163826406002 152.40600617229939 81.190479278564453 77.698414757847786 108.31277886033058 185.05745458602905 48.660850778222084 125.84175050258636 81.299793481826782 75.908035799860954 95.195029124617577 124.79106841981411 122.61924308538437 88.025227934122086 139.73933683335781 122.7807179838419 85.182359725236893 72.520531997084618
leaf_count=1139 409 1175 305 640 716 350 884 360 321 538 790 399 510 358 312 383 501 557 407 564 509 365 308
internal_value=3.51578e-06 0.00184416 0.00026758 -0.0114577 0.0116134 -0.00139026 -0.00845016 0.00261294 0.00138273 0.00370907 -0.00259084 0.00957814 -0.000326067 -0.00222544 -0.00157924 0.00022659 -0.000278063 0.00313537 0.00355651 -0.000961581 0.00187155 0.00147896 -0.00239138
internal_weight=2473.43 2132.62 1838.05 340.815 294.572 1077.34 233.973 760.709 360.561 400.148 504.878 228.518 572.459 414.786 229.728 306.878 219.986 291.835 210.644 265.581 282.863 160.082 153.82
internal_count=12800 10137 7847 2663 2290 4485 1524 3362 1500 1862 2177 1574 2308 1768 978 1234 884 1324 964 1074 1179 670 666
is_linear=0
shrinkage=0.02


Tree=113
num_leaves=30
num_cat=0
split_feature=0 0 0 0 0 1 0 0 1 0 3 3 1 1 1 1 1 3 1 0 1 1 1 0 0 1 0 1 0
split_gain=126.493 79.7474 17.2205 15.4095 8.98515 3.41477 2.76135 2.73838 2.68126 1.95738 1.61966 1.4048 1.3394 3.97647 1.99665 1.86637 1.29187 3.26884 1.92724 1.47179 1.26473 1.069 0.929449 0.797279 0.753904 0.353826 0.18612 0.0803022 0.018348
threshold=-0.7555200159549712 0.89663067460060131 0.11304757371544839 -1.3729133009910581 1.6977696418762209 3.308333277702332 -1.0583763122558592 -0.13831529766321179 13.641666412353517 0.65891757607460033 0.014999999664723875 1.0000000180025095e-35 13.525000095367433 12.375000000000002 11.324999809265138 9.4083333015441912 11.47499990463257 1.0000000180025095e-35 6.0916666984558114 0.26633311808109289 13.22499990463257 3.1583334207534794 9.5916666984558123 1.1506889462471011 -0.42618812620639795 8.5583333969116229 0.75551995635032665 5.9583332538604745 -1.8157398104667661
decision_type=2 2 2 2 2 2 2 2 2 2 2 2 2 2 2 2 2 2 2 2 2 2 2 2 2 2 2 2 2
left_child=3 2 5 28 21 -2 27 12 9 16 11 20 13 14 15 24 18 -18 -4 -20 -9 -3 -21 -23 -7 -8 -11 -5 -1
right_child=1 4 8 6 -6 7 25 10 -10 26 -12 -13 -14 -15 -16 -17 17 -19 19 22 -22 23 -24 -25 -26 -27 -28 -29 -30
leaf_value=-0.019876919381164645 -0.0054760951318252515 0.012500884275099546 0.0036954668277126668 -0.012995126143774361 0.018066626155779152 -0.0021349483144633649 -0.0075070102812858901 -0.0007617900931447296 -0.00066064354842134895 0.0061307835705891054 0.0024621929037108555 -0.0020702233268622798 0.00046530023857993671 -0.0058634903910144906 0.0015498563709843694 -0.0041137864527619871 0.0069571530066171658 0.0012248677070600515 -0.0015324056658224028 0.0030865606263256063 0.0025869406452394801 0.0067409989508709417 7.6076594204721134e-05 0.009916364481761461 0.00014532265535542566 -0.0050578017712406042 0.0042033904887648936 -0.0093300717742864948 -0.015105750208579025
leaf_weight=49.186824604868889 73.244947925209999 46.589655958116055 133.86727398633957 39.221459865570068 65.109605334699154 114.12494897842407 89.221753284335136 106.34926605224609 90.196228995919228 61.056004449725151 95.576587602496147 128.93122498691082 81.214063391089439 98.47887995839119 73.149899080395699 115.00760504603386 74.343599006533623 85.306589379906654 77.638993442058563 92.187929347157478 75.508610412478447 83.844971671700478 72.855855748057365 96.69117946177721 115.38535565137863 62.621950477361679 72.608002543449402 41.691015757620335 56.17139095813036
leaf_count=545 320 355 585 321 716 508 528 428 379 296 383 519 336 415 304 492 322 366 315 415 304 511 322 708 476 356 362 319 594
internal_value=3.57819e-06 0.00181111 0.00026251 -0.011323 0.0114779 -0.00136339 -0.00832764 -0.00105298 0.00256386 0.00299871 0.000213452 -0.000489423 -0.00191232 -0.00228679 -0.00141954 -0.00205532 0.00244247 0.00394725 0.00178699 0.000712646 0.000641641 0.00944788 0.00177445 0.00853167 -0.0009972 -0.00657581 0.0051612 -0.0113773 -0.017662
internal_weight=2467.38 2129.27 1837.03 338.114 292.235 1076.97 232.756 1003.73 760.06 669.864 406.366 310.789 597.361 516.147 417.668 344.518 536.2 159.65 376.55 242.683 181.858 227.126 165.044 180.536 229.51 151.844 133.664 80.9125 105.358
internal_count=12800 10137 7847 2663 2290 4485 1524 4165 3362 2983 1634 1251 2531 2195 1780 1476 2325 688 1637 1052 732 1574 737 1219 984 884 658 640 1139
is_linear=0
shrinkage=0.02


Tree=114
num_leaves=30
num_cat=0
split_feature=0 0 0 0 0 1 0 0 1 0 3 3 1 1 1 1 1 1 3 1 0 1 1 0 0 1 0 1 0
split_gain=122.521 77.3971 16.5656 15.3052 8.94651 3.28983 2.71923 2.60199 2.58161 1.89258 1.70295 1.29259 1.28961 1.28011 3.91935 2.52519 2.22886 1.2448 3.1528 1.86513 1.34429 1.05755 0.931261 0.805964 0.784134 0.344407 0.180332 0.0849094 0.0405345
threshold=-0.7555200159549712 0.89663067460060131 0.11304757371544839 -1.3729133009910581 1.6977696418762209 3.3916667699813847 -1.0583763122558592 -0.13831529766321179 13.641666412353517 0.65891757607460033 0.014999999664723875 1.0000000180025095e-35 13.22499990463257 13.525000095367433 11.691666603088381 10.708333015441896 9.4083333015441912 11.47499990463257 1.0000000180025095e-35 4.991666555404664 0.26633311808109289 3.1583334207534794 9.5916666984558123 -0.42618812620639795 1.1506889462471011 8.5583333969116229 0.75551995635032665 5.9583332538604745 -1.8157398104667661
decision_type=2 2 2 2 2 2 2 2 2 2 2 2 2 2 2 2 2 2 2 2 2 2 2 2 2 2 2 2 2
left_child=3 2 5 28 21 -2 27 13 9 17 11 12 -9 14 15 16 23 19 -19 -4 -21 -3 -22 -7 -23 -8 -11 -5 -1
right_child=1 4 8 6 -6 7 25 10 -10 26 -12 -13 -14 -15 -16 -17 -18 18 -20 20 22 24 -24 -25 -26 -27 -28 -29 -30
leaf_value=-0.019796256738839196 -0.0053184257827728378 0.012363319839516345 0.0041561974994638821 -0.012862187722149421 0.01796723733372135 -0.0021300847845858255 -0.0073910636842668409 -0.00084603137032446404 -0.00064763550234822013 0.0060270973381490759 0.0025160017200785028 -0.0020296603305699633 0.0025364971855137237 0.00045618357068731553 -0.0050243758377792385 0.0022071830711884893 -0.0049537473971107355 0.0068338600576249697 0.0012012800116938881 -0.0010772522816203099 0.002938459888474145 0.0066350699965562103 7.4597506401640799e-05 0.00023470574148570764 0.0097862145559133203 -0.0049730944042355799 0.0041291407093258454 -0.0092089796941479292 -0.014986724948805565
leaf_weight=48.415407635271549 75.2014279961586 46.192165449261665 94.452324464917183 38.858640544116497 64.180792942643166 113.43703797459602 88.844191744923592 106.09926886856556 90.207766801118851 60.900235131382942 95.326962560415268 128.91787630319595 75.509809568524361 81.220272704958916 143.09338140487671 71.109934821724892 72.218875870108604 74.208625510334969 85.281524956226349 89.962898418307304 119.07199132442474 83.51516880095005 72.854190781712532 114.44463294744492 96.050655014812946 62.450633764266968 72.472699284553528 41.423451073467731 55.507739819586277
leaf_count=545 329 355 413 321 716 505 528 427 379 296 382 519 304 336 601 297 313 322 366 365 537 511 322 472 708 356 362 319 594
internal_value=3.29055e-06 0.0017789 0.00025763 -0.0111919 0.0113443 -0.00133711 -0.00820874 -0.00102812 0.00251599 0.0029431 0.000206702 -0.000513782 0.000572673 -0.00186753 -0.00223484 -0.00113838 -0.00194049 0.0023963 0.00387422 0.0017528 0.000923889 0.00932024 0.00186333 -0.000950752 0.00840986 -0.00647089 0.00507202 -0.0112469 -0.0175589
internal_weight=2461.43 2125.93 1835.99 335.5 289.939 1076.58 231.577 1001.38 759.412 669.204 405.854 310.527 181.609 595.524 514.304 371.21 300.101 535.832 159.49 376.341 281.889 225.758 191.926 227.882 179.566 151.295 133.373 80.2821 103.923
internal_count=12800 10137 7847 2663 2290 4485 1524 4156 3362 2983 1632 1250 731 2524 2188 1587 1290 2325 688 1637 1224 1574 859 977 1219 884 658 640 1139
is_linear=0
shrinkage=0.02


Tree=115
num_leaves=30
num_cat=0
split_feature=0 0 0 0 0 1 0 0 1 0 1 1 1 1 1 1 1 0 0 1 0 0 0 0 0 1 0 1 0
split_gain=118.67 75.1104 15.9357 15.1981 8.90573 3.17078 2.67707 2.53373 2.4857 1.8297 1.23947 3.74491 2.44908 2.12138 1.19932 1.80133 1.24279 1.14106 1.12953 1.04637 0.804625 0.962976 0.852607 0.696389 0.571087 0.335191 0.174719 0.0892883 0.0625881
threshold=-0.7555200159549712 0.89663067460060131 0.11304757371544839 -1.3729133009910581 1.6977696418762209 3.308333277702332 -1.0583763122558592 -0.13831529766321179 13.641666412353517 0.65891757607460033 13.525000095367433 11.691666603088381 10.708333015441896 9.4083333015441912 11.47499990463257 4.1250000000000009 12.47499990463257 0.26633311808109289 0.45380601286888128 3.4583333730697636 -0.062711736187338815 -1.0000000180025095e-35 0.062711661681532874 -0.42618812620639795 1.1506889462471011 8.5583333969116229 0.75551995635032665 5.9583332538604745 -1.8157398104667661
decision_type=2 2 2 2 2 2 2 2 2 2 2 2 2 2 2 2 2 2 2 2 2 2 2 2 2 2 2 2 2
left_child=3 2 5 28 19 -2 27 10 9 14 11 12 13 23 15 -4 -16 -17 -19 -3 -9 -22 -23 -7 -21 -8 -11 -5 -1
right_child=1 4 8 6 -6 7 25 20 -10 26 -12 -13 -14 -15 16 17 -18 18 -20 24 21 22 -24 -25 -26 -27 -28 -29 -30
leaf_value=-0.019716101351167487 -0.0052796899419081849 0.012000513426265909 0.0045840337824478482 -0.012730000131869253 0.017868082080872469 -0.0020535354280336103 -0.0072765807308485956 0.0015599240024525333 -0.00063488521367204779 0.0059250098081771773 0.00044724609828646246 -0.0049302531396329839 0.002163355686413234 -0.0048634894483607569 0.0057584074422455311 -0.0007228110549069263 0.0021486810025189368 0.0032483724623603599 0.0003053713402789055 0.0066161825740416623 -0.0021839694577152208 0.0013703511930408189 -0.00126362152550386 0.00013873697729460357 0.0094845690803885344 -0.0048896351384338475 0.0040561022560432012 -0.0090889576450481225 -0.014867945307258252
leaf_weight=47.655767329037189 73.052948147058487 51.763100303709507 69.432059764862061 38.501285284757614 63.266520813107491 113.97235672175884 88.472385838627815 120.81015768647194 90.219061270356178 60.7465730458498 81.226352378726006 142.94830887019634 71.139748081564903 72.126011475920677 70.725458160042763 98.160878166556358 88.60612840950489 110.1954031586647 98.346576035022736 81.332679390907288 81.510820358991623 126.1827384531498 77.833852663636208 115.39082083106041 91.315563343465328 62.282098844647408 72.33953370153904 41.160128884017467 54.854734785854816
leaf_count=545 320 402 304 321 716 508 528 486 379 296 336 601 297 313 310 398 378 488 447 498 329 506 313 476 674 356 362 319 594
internal_value=3.03158e-06 0.00174725 0.000252871 -0.0110617 0.0112117 -0.00131131 -0.00809113 -0.00101239 0.00246903 0.00288853 -0.0018396 -0.00220022 -0.00113219 -0.00191894 0.00235105 0.00171935 0.00380252 0.00104534 0.00187656 0.00919383 0.000205627 -0.000374258 0.000362959 -0.000958955 0.00822454 -0.00636738 0.00498425 -0.0111174 -0.017456
internal_weight=2455.57 2122.64 1834.97 332.926 287.678 1076.19 230.416 1003.14 758.772 668.553 596.804 515.577 372.629 301.489 535.467 376.135 159.332 306.703 208.542 224.411 406.338 285.527 204.017 229.363 172.648 150.754 133.086 79.6614 102.511
internal_count=12800 10137 7847 2663 2290 4485 1524 4165 3362 2983 2531 2195 1594 1297 2325 1637 688 1333 935 1574 1634 1148 819 984 1172 884 658 640 1139
is_linear=0
shrinkage=0.02


Tree=116
num_leaves=25
num_cat=0
split_feature=0 0 0 0 0 0 0 0 3 0 0 0 3 0 5 0 3 2 0 3 3 0 0 0
split_gain=114.935 72.886 15.3309 15.0884 8.86296 3.03186 2.63489 2.26037 0.740655 0.725379 0.67173 0.651229 0.480491 0.72736 0.455254 0.471349 0.806484 0.303307 1.76184 0.271326 0.135264 0.209632 0.0979252 0.0844993
threshold=-0.7555200159549712 0.89663067460060131 0.11304757371544839 -1.3729133009910581 1.6977696418762209 -0.24044604599475858 -1.0583763122558592 0.37188957631587988 0.014999999664723875 1.4404313564300539 0.69039613008499157 -0.62807917594909657 1.0000000180025095e-35 -0.34515604376792902 0.03499999642372132 -0.037611247040331357 1.0000000180025095e-35 -1.0000000180025095e-35 0.53889256715774547 1.0000000180025095e-35 1.0000000180025095e-35 0.21471916884183886 -0.45380596816539759 -1.8157398104667661
decision_type=2 2 2 2 2 2 2 2 2 2 2 2 2 2 2 2 2 2 2 2 2 2 2 2
left_child=3 2 5 23 9 11 -5 8 20 -3 17 -2 -13 22 15 -7 -17 -9 -19 -16 21 -4 -14 -1
right_child=1 4 7 6 -6 14 -8 10 -10 -11 -12 12 13 -15 19 16 -18 18 -20 -21 -22 -23 -24 -25
leaf_value=-0.019636421214473752 -0.0039644352171815224 0.0082462293457364541 0.00053019193335605635 -0.010988797810267797 0.017769133891555933 0.0014659207705452282 -0.0062652597845113131 0.0018065365269392365 -0.00045638942772345932 0.011676526639769026 0.004837334512427318 -0.0028229546144431707 -0.001657547604569268 0.00017219185846674496 -0.00021166013830241779 0.0011152245439017912 -0.001306966287118496 0.0048661510483323902 0.0011294807436748493 -0.0014918435975995931 0.002247031076628036 0.0019932368541214574 -0.002773297301734486 -0.014749402759190993
leaf_weight=46.907800681889057 89.704490572214127 175.93405670672655 74.829804539680481 79.050345562398434 62.366648226976395 86.879444628953934 150.22259619832039 80.945109322667122 77.649988204240799 47.151750296354294 107.4016121327877 184.60115313529968 81.048491150140762 75.843770906329155 125.78646537661552 95.174623176455498 124.7620717138052 122.0613656938076 87.659664794802666 139.66961608827114 122.64440640807152 84.956898793578148 72.353696152567863 54.2122553139925
leaf_count=545 409 1175 305 640 716 350 884 360 321 399 538 790 358 312 510 383 501 557 407 564 509 365 308 594
internal_value=2.74918e-06 0.0017161 0.000248166 -0.0109323 0.0110799 -0.0012861 -0.00797482 0.00242297 0.00126433 0.00906857 0.00345948 -0.00241475 -0.00206139 -0.00142903 -0.000288031 0.000236348 -0.000258192 0.00292078 0.00332971 -0.000891347 0.00173729 0.0013231 -0.00221272 -0.0173533
internal_weight=2449.82 2119.43 1833.97 330.393 285.452 1075.82 229.273 758.149 360.081 223.086 398.068 503.552 413.847 229.246 572.272 306.816 219.937 290.666 209.721 265.456 282.431 159.787 153.402 101.12
internal_count=12800 10137 7847 2663 2290 4485 1524 3362 1500 1574 1862 2177 1768 978 2308 1234 884 1324 964 1074 1179 670 666 1139
is_linear=0
shrinkage=0.02


Tree=117
num_leaves=33
num_cat=0
split_feature=3 2 1 1 1 1 1 1 5 2 1 5 5 5 1 1 1 1 1 1 1 5 1 1 1 1 5 1 1 5 5 1
split_gain=1.81829 1.36194 6.32618 2.95035 2.84429 1.83458 1.3266 1.31468 1.25629 1.18302 1.16273 1.00375 2.07279 1.80579 0.997245 1.58495 1.47002 2.17211 1.25678 1.8099 1.14811 1.02822 1.93105 0.897894 2.93365 0.722161 2.08593 0.649923 0.543953 0.330269 0.30507 0.279237
threshold=0.024999999441206459 1.0000000180025095e-35 5.3583333492279062 3.3916667699813847 5.1416666507720956 2.0416666269302373 1.0916666984558108 13.708333015441896 0.045000016689300544 0.014999999664723875 13.341666698455812 0.10000000894069673 0.23000000417232516 0.37500000000000006 11.375000000000002 12.074999809265138 6.8916666507720956 5.9583332538604745 7.5416667461395273 8.6916666030883807 13.141666412353517 0.17500001192092898 10.458333015441896 11.158333301544191 8.0916666984558123 5.5750000476837167 0.13499999046325686 10.341666698455812 4.058333396911622 0.45499998331069952 0.20499998331069949 12.691666603088381
decision_type=2 2 2 2 2 2 2 2 2 2 2 2 2 2 2 2 2 2 2 2 2 2 2 2 2 2 2 2 2 2 2 2
left_child=1 4 3 -3 5 6 -1 14 -9 10 23 -7 -13 -14 16 -16 17 -6 -18 30 31 27 -23 24 -4 -2 -27 -21 29 -15 -20 -17
right_child=25 2 9 -5 7 11 -8 8 -10 -11 -12 12 13 28 15 20 18 -19 19 21 -22 22 -24 -25 -26 26 -28 -29 -30 -31 -32 -33
leaf_value=-0.0022077409881196817 5.9206497300012173e-05 0.001848822569608867 -0.0038479200907394167 0.0082823286396987647 -0.00045090036369136105 -0.0049398314806005155 0.0023762913661517608 0.00067169510022495056 -0.002636204777842821 0.0016872924142768936 0.0015384307247982255 0.0011719898882153971 -0.005062053140264873 0.0010756854608100915 0.0035783997788554579 -0.0011215528328659635 -0.002836209730553629 0.0037844699768914258 0.002934080298400997 0.0013370989685406237 0.0022939673036148083 -0.0033843796491626475 0.0010443797653880385 -0.0031952657169417266 0.0018319633906950211 -0.00029631543075470004 -0.0047554683780790669 -0.0010432632018718883 -0.0032119091103957878 -0.0015848534266387632 0.00097408086717769055 0.00051082097246265775
leaf_weight=37.830428995192051 69.553302191197872 57.280065141618252 60.28711611777544 57.848153248429298 94.506190493702888 48.251635894179344 67.355563051998615 80.536051705479622 102.84579744935036 103.03358034044504 64.602909177541733 67.410651177167892 82.369264610111713 40.198893912136555 101.41374056041241 89.65454676002264 67.469074867665768 96.539702892303467 68.566294550895691 105.91690218448639 102.89482671022415 109.21500051766634 59.778376065194607 76.848274476826191 85.532855615019798 91.126377657055855 76.230386644601822 77.928591504693031 30.943169273436069 31.472616769373417 63.112172432243824 75.604293763637543
leaf_count=345 387 399 332 356 542 196 515 324 432 475 269 300 480 350 460 396 357 547 288 441 441 612 316 344 424 368 384 323 302 374 395 326
internal_value=2.54312e-06 0.000181782 0.00109119 0.00516767 -8.92734e-05 -0.00154613 0.0007172 0.000368615 -0.0011919 -0.000131463 -0.00079094 -0.0023375 -0.00180507 -0.00289088 0.0006275 0.00147356 0.000203862 0.00170636 -0.000320444 4.00952e-05 0.000656929 -0.000707264 -0.00182389 -0.00147444 -0.000536591 -0.00165493 -0.00235962 0.00032774 -0.00108462 -0.000103927 0.0020233 -0.00037758
internal_weight=2444.16 2207.25 505.433 115.128 1701.81 405.832 105.186 1295.98 183.382 390.305 287.271 300.646 252.395 184.984 1112.6 369.567 743.032 191.046 551.986 484.517 268.154 352.839 168.993 222.668 145.82 236.91 167.357 183.845 102.615 71.6715 131.678 165.259
internal_count=12800 11661 2599 755 9062 2862 860 6200 756 1844 1369 2002 1806 1506 5444 1623 3821 1089 2732 2375 1163 1692 928 1100 756 1139 752 764 1026 724 683 722
is_linear=0
shrinkage=0.02


Tree=118
num_leaves=32
num_cat=0
split_feature=3 2 1 1 1 1 1 1 5 2 1 5 5 5 1 1 1 1 1 1 1 5 1 1 1 1 1 1 5 5 1
split_gain=1.74792 1.30987 6.08597 2.83896 2.73583 1.76405 1.27614 1.26363 1.20753 1.13728 1.11803 0.966599 1.99318 1.73517 0.958501 1.52388 1.41302 2.08837 1.20849 1.7401 1.10356 0.988132 1.85635 0.862985 2.82044 0.727065 0.624732 0.523477 0.317914 0.293421 0.268428
threshold=0.024999999441206459 1.0000000180025095e-35 5.3583333492279062 3.3916667699813847 5.1416666507720956 2.0416666269302373 1.0916666984558108 13.708333015441896 0.045000016689300544 0.014999999664723875 13.341666698455812 0.10000000894069673 0.23000000417232516 0.37500000000000006 11.375000000000002 12.074999809265138 6.8916666507720956 5.9583332538604745 7.5416667461395273 8.6916666030883807 13.141666412353517 0.17500001192092898 10.458333015441896 11.158333301544191 8.0916666984558123 8.6916666030883807 10.341666698455812 4.058333396911622 0.45499998331069952 0.20499998331069949 12.691666603088381
decision_type=2 2 2 2 2 2 2 2 2 2 2 2 2 2 2 2 2 2 2 2 2 2 2 2 2 2 2 2 2 2 2
left_child=1 4 3 -3 5 6 -1 14 -9 10 23 -7 -13 -14 16 -16 17 -6 -18 29 30 26 -23 24 -4 -2 -21 28 -15 -20 -17
right_child=25 2 9 -5 7 11 -8 8 -10 -11 -12 12 13 27 15 20 18 -19 19 21 -22 22 -24 -25 -26 -27 -28 -29 -30 -31 -32
leaf_value=-0.0021658878691252488 -0.0028340138066889876 0.0018133282831223714 -0.003772745714317322 0.0081249325328314123 -0.00044206273894510135 -0.0048467705708305966 0.0023302046029994379 0.00065858204491406596 -0.002584477618131944 0.0016542958692651129 0.001508581840602179 0.0011492574759964223 -0.0049631754652403907 0.0010552226405546954 0.0035088809628503236 -0.0010995928274112807 -0.0027810262236104698 0.003711048575276603 0.0028773615379276331 0.00131085096793828 0.0022490494240154958 -0.0033181416502557856 0.0010241767825561669 -0.0031327649222056158 0.0017961920029402082 -0.00060590440623238886 -0.001022924785315986 -0.0031508401635971985 -0.0015551287716375709 0.00095514284678735787 0.00050086499098930045
leaf_weight=37.828889019787312 106.4775385633111 57.272474348545074 60.298345260322094 57.828356690704823 94.507617257535458 48.233123749494553 67.353539027273655 80.536628916859627 102.8461484387517 103.02686311304569 64.603095203638077 67.408728674054146 82.369875617325306 40.197660081088543 101.39433955401182 89.656074769794941 67.471359133720398 96.520469404757023 68.559016093611717 105.91703318059444 102.89082391560078 109.20728836208582 59.777875922620296 76.853664927184582 85.531369864940643 130.43910852074623 77.928223505616188 30.950727798044682 31.470944322645664 63.115870147943497 75.604729443788528
leaf_count=345 572 399 332 356 542 196 515 324 432 475 269 300 480 350 460 396 357 547 288 441 441 612 316 344 424 567 323 302 374 395 326
internal_value=2.43544e-06 0.000178181 0.00107005 0.00506898 -8.76488e-05 -0.00151649 0.000702942 0.000361432 -0.00116848 -0.000129032 -0.000775586 -0.00229252 -0.00177014 -0.00283486 0.000615252 0.00144474 0.00019992 0.00167308 -0.000314111 3.94472e-05 0.000644045 -0.000693366 -0.00178805 -0.00144578 -0.000526367 -0.00162263 0.000321249 -0.0010643 -0.000102129 0.00198406 -0.00037017
internal_weight=2444.08 2207.16 505.414 115.101 1701.75 405.813 105.182 1295.93 183.383 390.313 287.286 300.631 252.398 184.989 1112.55 369.546 743.005 191.028 551.977 484.505 268.152 352.83 168.985 222.683 145.83 236.917 183.845 102.619 71.6686 131.675 165.261
internal_count=12800 11661 2599 755 9062 2862 860 6200 756 1844 1369 2002 1806 1506 5444 1623 3821 1089 2732 2375 1163 1692 928 1100 756 1139 764 1026 724 683 722
is_linear=0
shrinkage=0.02


Tree=119
num_leaves=25
num_cat=0
split_feature=0 0 0 0 0 0 0 0 3 0 0 0 3 0 5 0 3 2 0 3 3 0 0 0
split_gain=110.979 70.8519 15.0377 14.8222 8.80757 2.90663 2.62387 2.21175 0.709323 0.703954 0.667902 0.600977 0.475882 0.70017 0.424199 0.453533 0.773062 0.284643 1.68142 0.260819 0.130049 0.193841 0.10058 0.093751
threshold=-0.7555200159549712 0.89663067460060131 -1.3729133009910581 0.11304757371544839 1.6977696418762209 -0.24044604599475858 -1.0583763122558592 0.37188957631587988 0.014999999664723875 1.4404313564300539 0.69039613008499157 -0.62807917594909657 1.0000000180025095e-35 -0.34515604376792902 0.03499999642372132 -0.037611247040331357 1.0000000180025095e-35 -1.0000000180025095e-35 0.53889256715774547 1.0000000180025095e-35 1.0000000180025095e-35 0.21471916884183886 -1.8157398104667661 -0.45380596816539759
decision_type=2 2 2 2 2 2 2 2 2 2 2 2 2 2 2 2 2 2 2 2 2 2 2 2
left_child=2 3 22 5 9 11 -4 8 20 -3 17 -2 -13 23 15 -7 -17 -9 -19 -16 21 -5 -1 -14
right_child=1 4 6 7 -6 14 -8 10 -10 -11 -12 12 13 -15 19 16 -18 18 -20 -21 -22 -23 -24 -25
leaf_value=-0.019553215736823767 -0.0038669530632857202 0.0081386275704131549 -0.010856761657565654 0.00052659865153177577 0.017670879424722598 0.0014198749780722109 -0.0061350480910991956 0.0017864634015527605 -0.00045121956747421431 0.011533732177970943 0.0047784140678070386 -0.0027933104797895005 -0.0016315635603440437 0.00016468050069757544 -0.00020841859534798351 0.0010737425791062123 -0.0012979140454532536 0.0047681471692408084 0.001115520073244344 -0.0014636873690897503 0.0021953654333105831 0.0019345429934943853 -0.014635876986645287 -0.0027246047297962094
leaf_weight=46.142489567399025 89.526600107550621 175.11509425193071 78.430139847099781 74.820298463106155 61.487401708960533 86.886437326669693 149.53624847531319 80.914838641881943 77.64909528195858 46.712303660809994 107.23116789758205 184.51679913699627 81.01211903989315 75.846067950129509 125.76655153930187 95.161444395780563 124.75650373101234 121.82169239223003 87.630824401974678 139.64756891131401 122.58015370368958 84.88556832075119 53.602976888418198 72.309345230460167
leaf_count=545 409 1175 640 305 716 350 884 360 321 399 538 790 358 312 510 383 501 557 407 564 509 365 594 308
internal_value=2.35466e-06 0.0016824 -0.0107913 0.000239026 0.0109535 -0.00126965 -0.00783981 0.00237851 0.00123253 0.00895024 0.00340457 -0.00237527 -0.0020354 -0.00140627 -0.00029247 0.000213776 -0.000271238 0.002868 0.00326496 -0.000874885 0.0016956 0.00128961 -0.0172503 -0.00217551
internal_weight=2443.99 2116.28 327.712 1832.96 283.315 1075.43 227.966 757.534 359.935 221.827 397.599 503.211 413.684 229.168 572.219 306.804 219.918 290.367 209.453 265.414 282.286 159.706 99.7455 153.321
internal_count=12800 10137 2663 7847 2290 4485 1524 3362 1500 1574 1862 2177 1768 978 2308 1234 884 1324 964 1074 1179 670 1139 666
is_linear=0
shrinkage=0.02


Tree=120
num_leaves=31
num_cat=0
split_feature=0 0 0 0 0 1 0 1 0 0 3 3 1 1 1 1 1 1 1 0 1 1 1 0 0 1 0 1 0 0
split_gain=107.444 68.7313 14.9287 14.2553 8.76371 3.01727 2.57811 2.28978 2.23328 1.72857 1.53159 1.23093 1.21514 3.62639 2.33528 2.0391 1.15479 1.15466 1.76416 1.29571 1.19818 1.07691 0.857297 0.761431 0.623902 0.347203 0.191049 0.134199 0.122231 0.00798986
threshold=-0.7555200159549712 0.89663067460060131 -1.3729133009910581 0.11304757371544839 1.6977696418762209 3.308333277702332 -1.0583763122558592 13.641666412353517 -0.13831529766321179 0.65891757607460033 0.014999999664723875 1.0000000180025095e-35 13.525000095367433 11.691666603088381 10.708333015441896 9.4083333015441912 13.22499990463257 11.47499990463257 6.0916666984558114 0.26633311808109289 12.47499990463257 3.1583334207534794 9.5916666984558123 1.1506889462471011 -0.42618812620639795 8.5583333969116229 0.75551995635032665 5.9583332538604745 -1.8157398104667661 1.3729134202003481
decision_type=2 2 2 2 2 2 2 2 2 2 2 2 2 2 2 2 2 2 2 2 2 2 2 2 2 2 2 2 2 2
left_child=2 3 28 5 21 -2 27 9 12 17 11 16 13 14 15 24 -10 18 -5 -20 -19 -3 -21 -23 -7 -8 -11 -4 -1 -25
right_child=1 4 6 7 -6 8 25 -9 10 26 -12 -13 -14 -15 -16 -17 -18 20 19 22 -22 23 -24 29 -26 -27 -28 -29 -30 -31
leaf_value=-0.019474423211086358 -0.0051210114626042118 0.011891758537049154 -0.012370741547427845 0.0034260772856951178 0.017572279343504905 -0.0019045396685345342 -0.0069459999215151641 -0.00064474741740651569 -0.0007753300867199606 0.0057359014622880098 0.0023764456122347252 -0.0019737307037877168 0.00053215724310848235 -0.004777503136818355 0.002179622195802448 -0.0046978760591800403 0.0024242864702210196 0.0055631786423631837 -0.0015354296876136067 0.0028320876089353692 0.0020191493010812207 0.0061842829434112269 -6.0071071335142486e-05 0.01037382155304158 0.00017143286535165048 -0.0045647552324548047 0.0038420402554815883 -0.0086810998967314194 -0.014517772514747567 0.0077180664320621178
leaf_weight=45.417977355420589 72.86675326526165 44.840788260102272 37.546580649912357 133.28862039744854 60.615769378840923 113.67497964203358 87.394242718815804 90.192899316549301 106.33421461284161 60.449844866991043 95.571214407682419 128.89805215597153 81.158994093537331 142.67978285253048 71.119227394461632 71.929193541407585 75.506440028548241 70.494000241160393 77.636386796832085 91.771751761436462 88.456250697374344 82.119025215506554 72.698379844427109 48.375502035021782 115.34817641973495 61.625146731734276 71.943618983030319 40.278755277395248 52.980816625058651 45.204265311360359
leaf_count=545 320 355 321 585 716 508 528 379 428 296 383 519 336 601 297 313 304 310 315 415 378 511 322 348 476 356 362 319 594 360
internal_value=2.15502e-06 0.00165211 -0.0106625 0.00023449 0.0108225 -0.00124508 -0.00772407 0.0023337 -0.00095364 0.00273733 0.000189607 -0.000493877 -0.00173117 -0.0020887 -0.00103758 -0.00180722 0.00056518 0.00221547 0.00159598 0.000568631 0.00364051 0.00882606 0.00156835 0.00791861 -0.000866538 -0.00603476 0.00477925 -0.0107265 -0.017148 0.00927929
internal_weight=2438.42 2113.17 325.244 1832.02 281.155 1075.09 226.845 756.932 1002.22 666.739 406.31 310.739 595.91 514.751 372.072 300.952 181.841 534.345 375.395 242.107 158.95 220.54 164.47 175.699 229.023 149.019 132.393 77.8253 98.3988 93.5798
internal_count=12800 10137 2663 7847 2290 4485 1524 3362 4165 2983 1634 1251 2531 2195 1594 1297 732 2325 1637 1052 688 1574 737 1219 984 884 658 640 1139 708
is_linear=0
shrinkage=0.02


Tree=121
num_leaves=31
num_cat=0
split_feature=0 0 0 0 0 1 0 1 0 0 3 3 1 1 1 1 1 1 1 1 1 0 0 0 0 1 0 0 1 0
split_gain=104.053 66.6936 14.81 13.7125 8.71268 2.9065 2.5353 2.20444 2.14792 1.67072 1.47202 1.18322 1.16883 3.51343 1.934 1.70752 1.11252 1.70495 1.1561 1.11015 1.0624 1.0213 1.06497 0.749089 0.600104 0.337593 0.185021 0.143711 0.13709 0.00927851
threshold=-0.7555200159549712 0.89663067460060131 -1.3729133009910581 0.11304757371544839 1.6977696418762209 3.308333277702332 -1.0583763122558592 13.641666412353517 -0.13831529766321179 0.65891757607460033 0.014999999664723875 1.0000000180025095e-35 13.525000095367433 12.375000000000002 11.324999809265138 9.4083333015441912 11.47499990463257 4.1250000000000009 12.47499990463257 13.22499990463257 3.1583334207534794 0.26633311808109289 0.45380601286888128 1.1506889462471011 -0.42618812620639795 8.5583333969116229 0.75551995635032665 -1.8157398104667661 5.9583332538604745 1.3729134202003481
decision_type=2 2 2 2 2 2 2 2 2 2 2 2 2 2 2 2 2 2 2 2 2 2 2 2 2 2 2 2 2 2
left_child=2 3 27 5 20 -2 28 9 12 16 11 19 13 14 15 24 17 -5 -18 -10 -3 -19 -23 -22 -7 -8 -11 -1 -4 -25
right_child=1 4 6 7 -6 8 25 -9 10 26 -12 -13 -14 -15 -16 -17 18 21 -20 -21 23 22 -24 29 -26 -27 -28 -29 -30 -31
leaf_value=-0.01939601339792443 -0.0050276595984228966 0.011758239793564553 -0.012241307561039512 0.0043571489407008314 0.017473819282292007 -0.0018682261046115251 -0.0068371840179276763 -0.00063205445595399781 -0.00076011474743913792 0.0056383125835927986 0.0023299203709331805 -0.00193505835820348 0.00052172472536298636 -0.0054198360867765529 0.001687904283681351 -0.0038342489341009396 0.0054635249742973737 -0.00076094023010813306 0.0019805827595429015 0.0023770400825786531 0.0060856154809391418 0.0030334665213041061 0.000174459911967655 0.010243008752593062 0.00016805827009898895 -0.0044873728436738373 0.0037737097506967483 -0.014399884675602641 -0.0085658243931930073 0.0076099590098688231
leaf_weight=44.704811252653599 72.773410081863403 44.469440080225468 37.209268145263195 69.165492877364159 59.758084803819656 113.60642068088055 87.044827938079834 90.20413114130497 106.33351412415504 60.302313774824142 95.569998472929001 128.88471952080727 81.166158720850945 97.949225410819054 73.042305573821068 114.53452618420124 70.381821885704994 98.134514957666397 88.414495781064034 75.506819307804108 81.8169284760952 109.79123854637146 98.111770674586296 48.042352944612503 115.35120922327042 61.470147415995598 71.818860724568367 52.368816539645195 40.033794984221458 44.960397534072399
leaf_count=545 320 355 321 304 716 508 528 379 428 296 383 519 336 415 304 492 310 398 378 304 511 488 447 348 476 356 362 594 319 360
internal_value=2.04512e-06 0.00162277 -0.0105361 0.000230137 0.0106942 -0.00122104 -0.00761184 0.00229001 -0.000935093 0.00268641 0.000186022 -0.000484063 -0.00169787 -0.00204871 -0.00123387 -0.00186134 0.0021735 0.00156537 0.00357305 0.000554236 0.00870548 0.000910227 0.00169879 0.00780472 -0.000849754 -0.00593715 0.00469613 -0.0170458 -0.0106006 0.00915711
internal_weight=2432.92 2110.09 322.832 1831.04 279.047 1074.72 225.758 756.325 1001.94 666.121 406.295 310.725 595.65 514.484 416.534 343.492 533.999 375.203 158.796 181.84 219.289 306.038 207.903 174.82 228.958 148.515 132.121 97.0736 77.2431 93.0028
internal_count=12800 10137 2663 7847 2290 4485 1524 3362 4165 2983 1634 1251 2531 2195 1780 1476 2325 1637 688 732 1574 1333 935 1219 984 884 658 1139 640 708
is_linear=0
shrinkage=0.02


Tree=122
num_leaves=31
num_cat=0
split_feature=0 0 0 0 0 1 0 1 0 0 3 1 1 1 1 3 1 1 1 0 1 1 1 0 0 1 0 0 1 0
split_gain=100.765 64.7113 14.689 13.1911 8.65973 2.80023 2.4926 2.12237 2.03821 1.61453 1.55471 1.1279 3.53729 2.22826 1.93154 1.08388 1.13708 1.07168 1.66 1.2063 1.11546 1.04783 0.827043 0.736742 0.6493 0.328204 0.179175 0.165011 0.139779 0.0105127
threshold=-0.7555200159549712 0.89663067460060131 -1.3729133009910581 0.11304757371544839 1.6977696418762209 3.3916667699813847 -1.0583763122558592 13.641666412353517 -0.13831529766321179 0.65891757607460033 0.014999999664723875 11.691666603088381 13.491666793823244 10.708333015441896 9.4083333015441912 1.0000000180025095e-35 13.22499990463257 11.47499990463257 6.0916666984558114 0.26633311808109289 12.47499990463257 3.1583334207534794 9.5916666984558123 1.1506889462471011 -0.42618812620639795 8.5583333969116229 0.75551995635032665 -1.8157398104667661 5.9583332538604745 1.3729134202003481
decision_type=2 2 2 2 2 2 2 2 2 2 2 2 2 2 2 2 2 2 2 2 2 2 2 2 2 2 2 2 2 2
left_child=2 3 27 5 21 -2 28 9 11 17 15 13 -13 14 24 16 -10 18 -5 -20 -19 -3 -21 -23 -7 -8 -11 -1 -4 -25
right_child=1 4 6 7 -6 8 25 -9 10 26 -12 12 -14 -15 -16 -17 -18 20 19 22 -22 23 -24 29 -26 -27 -28 -29 -30 -31
leaf_value=-0.019317957680347532 -0.0048823452739647534 0.011625612131119137 -0.012112597430874662 0.0033125060500978822 0.017375478338138486 -0.0018692813860442413 -0.006729768557894136 -0.00061961286946665456 -0.00084524226984368164 0.0055422371539283885 0.0023862054377856139 -0.0047308520411592937 0.00042217736509017362 0.0021687056594875452 -0.0045420856972155487 -0.0018971435245692351 0.0023307212560267198 0.0053655816044429249 -0.0014902800058861491 0.002747164931898543 0.0019427394151661811 0.005988254026523164 -9.3885248405702515e-05 0.010113313300821127 0.00025512669681982363 -0.0044111546225801069 0.0037065057062604647 -0.014282208527186247 -0.0084516048222392521 0.0075029469460349317
leaf_weight=44.002878181636333 74.725845396518707 44.103739462792873 36.87717704474926 133.0688362121582 58.914196684956551 112.93278151750565 86.700904548168182 90.215126052498817 106.08378219604492 60.156859591603279 95.319609686732292 138.11640393733978 85.49060083925724 71.123583048582077 71.765655025839806 128.87140926718712 75.506980255246162 70.27087689936161 77.656160026788712 91.636746183037758 88.373395964503288 81.519761011004448 72.661963880062103 47.714262716472149 114.41360940039158 61.317724704742432 71.696123540401459 51.766852281987667 39.79280898720026 44.720578230917454
leaf_count=545 329 355 321 585 716 505 528 379 427 296 382 583 354 297 313 519 304 310 315 415 378 511 322 348 472 356 362 594 319 360
internal_value=1.96572e-06 0.00159395 -0.0104105 0.000225903 0.0105668 -0.00119748 -0.00750087 0.0022472 -0.000912826 0.00263651 0.000179589 -0.00165739 -0.00277444 -0.000971449 -0.00172757 -0.000508835 0.000486354 0.00213244 0.00153553 0.000539099 0.0035068 0.00858609 0.00150468 0.00769207 -0.000807257 -0.00584088 0.00461434 -0.0169438 -0.0104757 0.00903605
internal_weight=2427.52 2107.06 320.458 1830.09 276.973 1074.35 224.689 755.736 999.624 665.521 405.782 593.843 223.607 370.236 299.112 310.462 181.591 533.668 375.024 241.955 158.644 218.058 164.299 173.955 227.346 148.019 131.853 95.7697 76.67 92.4348
internal_count=12800 10137 2663 7847 2290 4485 1524 3362 4156 2983 1632 2524 937 1587 1290 1250 731 2325 1637 1052 688 1574 737 1219 977 884 658 1139 640 708
is_linear=0
shrinkage=0.02


Tree=123
num_leaves=26
num_cat=0
split_feature=0 0 0 0 0 0 0 0 3 3 0 2 0 5 0 0 0 3 0 3 0 0 0 3 0
split_gain=97.5765 62.784 14.5656 12.6921 8.6049 3.46682 2.45002 1.15228 1.02072 0.959235 0.758776 0.63775 1.01254 0.600561 1.37532 0.974828 0.564432 0.457891 0.649997 0.276358 0.186122 0.134069 0.0999819 0.00691945 0.00278287
threshold=-0.7555200159549712 0.89663067460060131 -1.3729133009910581 0.21471916884183886 1.6977696418762209 -0.24044604599475858 -1.0583763122558592 0.51012541353702556 0.024999999441206459 1.0000000180025095e-35 1.4404313564300539 -1.0000000180025095e-35 0.37188957631587988 0.029999986290931705 -1.0000000180025095e-35 -0.087851781398057924 -0.62807917594909657 1.0000000180025095e-35 -0.34515604376792902 1.0000000180025095e-35 -1.8157398104667661 0.11304757371544839 -0.45380596816539759 1.0000000180025095e-35 -0.85975876450538624
decision_type=2 2 2 2 2 2 2 2 2 2 2 2 2 2 2 2 2 2 2 2 2 2 2 2 2
left_child=2 3 20 5 10 16 -4 11 13 -9 -3 -5 -13 14 -7 19 -2 -18 22 -15 -1 -17 -19 -16 -8
right_child=1 4 6 7 -6 8 24 9 -10 -11 -12 12 -14 15 23 21 17 18 -20 -21 -22 -23 -24 -25 -26
leaf_value=-0.01924022904585717 -0.0036610926640219584 0.0076483389356245702 -0.010351569937070801 0.00045850606870682589 0.017277236602118946 -0.0027295881273167529 -0.0062240648473729371 0.0022239929152017639 -0.0021919628836043737 0.00475722867302205 0.011107453536092968 0.0012788508673174895 0.0039003867512719574 -0.0010461803330652549 0.0006260201590774046 0.0022773935905807657 -0.0026290319378157517 -0.0014636361668680258 0.00024174754236602679 0.00041863913901033043 -0.014164739851502106 0.0011935376585263135 -0.0025713129212039027 0.00034150659958434381 -0.00488059517457978
leaf_weight=43.312062337994576 89.164027631282806 171.41961976885796 76.106001019477844 97.83097916841507 58.083947651088238 78.384945392608643 87.047898828983307 115.16421175003052 77.84468699991703 138.42777612805367 45.427416794002056 145.22775669395924 100.8859051913023 104.1443333029747 75.842656090855598 75.031902149319649 184.0868062376976 80.779879584908485 75.78557214140892 98.50311866402626 51.174797601997852 139.78151167929173 72.151811107993126 80.09550017118454 60.482366189360619
leaf_count=545 409 1175 640 419 716 317 547 550 313 668 399 621 463 423 305 302 790 358 312 399 594 569 308 321 337
internal_value=1.85455e-06 0.00156559 -0.0102858 0.000221706 0.0104403 -0.000938715 -0.00739115 0.00260863 -5.73859e-05 0.00363321 0.00846788 0.00183657 0.00237624 0.000203479 -0.000603625 0.000657229 -0.00221445 -0.00188583 -0.00127005 -0.000337026 -0.0168419 0.00158963 -0.00201267 0.000486059 -0.00574593
internal_weight=2422.19 2104.06 318.123 1829.13 274.931 1231.6 223.636 597.537 729.629 253.592 216.847 343.945 246.114 651.784 234.323 417.461 501.968 412.804 228.717 202.647 94.4869 214.813 152.932 155.938 147.53
internal_count=12800 10137 2663 7847 2290 5126 1524 2721 2949 1218 1574 1503 1084 2636 943 1693 2177 1768 978 822 1139 871 666 626 884
is_linear=0
shrinkage=0.02


Tree=124
num_leaves=31
num_cat=0
split_feature=0 0 0 0 0 1 0 0 1 1 3 0 0 0 3 1 1 1 2 1 1 1 1 1 1 1 0 1 0 1
split_gain=94.4614 60.8879 14.444 12.2081 8.55308 3.38273 3.00682 2.40323 1.58659 1.50324 1.23906 1.85082 1.37668 1.11529 1.36593 1.10909 3.21056 1.94553 1.51572 1.05308 0.696276 1.80906 0.938505 0.639517 1.47205 0.579842 0.541121 0.325569 0.207035 0.16103
threshold=-0.7555200159549712 0.89663067460060131 -1.3729133009910581 0.21471916884183886 1.6977696418762209 3.0249999761581425 -0.13831529766321179 -1.0583763122558592 7.1749999523162851 9.7750000953674334 0.014999999664723875 0.087851781398057951 -0.037611247040331357 0.62807923555374157 1.0000000180025095e-35 13.525000095367433 12.375000000000002 11.324999809265138 1.0000000180025095e-35 3.4583333730697636 12.691666603088381 11.324999809265138 5.3583333492279062 6.0916666984558114 8.9250001907348651 7.9083333015441903 1.1506889462471011 8.5583333969116229 -1.8157398104667661 5.9583332538604745
decision_type=2 2 2 2 2 2 2 2 2 2 2 2 2 2 2 2 2 2 2 2 2 2 2 2 2 2 2 2 2 2
left_child=2 3 28 5 19 -2 15 29 -8 -10 11 12 -11 20 -15 16 17 18 23 -3 21 22 -5 -7 -25 -24 -21 -9 -1 -4
right_child=1 4 7 13 -6 6 8 27 9 10 -12 -13 -14 14 -16 -17 -18 -19 -20 26 -22 -23 25 24 -26 -27 -28 -29 -30 -31
leaf_value=-0.019162800118811329 -0.0050503141613960937 0.011168058551901073 -0.011874714391419244 0.0035082346487733773 0.017179074609637406 -0.0042243258119126397 0.0030252870689947242 -0.0065340551142816453 -0.0025589216336505127 0.00061232227339796908 0.0024557168197242955 0.0020261857363821942 -0.0026378390645959964 0.0018820114793828239 0.0057043233296392342 0.00052838487154425497 -0.005204908322628714 0.0017310528881204559 0.00046639875301827813 0.0058571739524130332 0.00055972853772586232 0.0053524431185714176 -0.00054888872852850432 -7.8411685700503978e-05 -0.0035677365675343608 0.0017324625932145599 0.0086198154068801106 -0.0042397776585494634 -0.014047474701590514 -0.0081991901922213294
leaf_weight=42.632247164845467 72.587156742811203 49.171520955860615 36.272196993231773 79.960177153348923 57.267181642353535 69.035124257206917 77.172552078962326 86.074262320995331 76.746745944023132 91.188035160303116 93.298371076583862 102.64506968855858 117.77959236502647 70.563916563987732 85.067815110087395 81.157306954264641 97.686731949448586 73.006578490138054 86.25856514275074 79.054109513759613 101.17920227348804 67.547364667057991 67.365129292011261 90.252833127975464 102.42170558869839 125.28964421153069 87.413445346057415 60.974338561296463 50.592527814209461 39.26636566221714
leaf_count=545 317 402 321 359 716 302 311 528 308 368 375 419 474 347 426 336 415 304 370 498 435 301 300 384 443 553 674 356 594 319
internal_value=1.51625e-06 0.00153726 -0.0101613 0.000217419 0.010313 -0.00092058 -0.000653604 -0.00728137 0.000401496 -2.96672e-05 0.000459948 -0.000149445 -0.00122719 0.00255974 0.00401714 -0.00163467 -0.00197386 -0.00120304 -0.00182501 0.00834851 0.00203001 0.00246151 0.00171144 -0.00257806 -0.00195086 0.000937305 0.00739297 -0.00565238 -0.0167401 -0.0102249
internal_weight=2416.93 2101.12 315.812 1828.21 272.906 1231.24 1158.65 222.587 558.83 481.658 404.911 311.613 208.968 596.973 155.632 599.819 518.662 420.975 347.968 215.639 441.342 340.162 272.615 261.71 192.675 192.655 166.468 147.049 93.2248 75.5386
internal_count=12800 10137 2663 7847 2290 5126 4809 1524 2255 1944 1636 1261 842 2721 773 2554 2218 1803 1499 1574 1948 1513 1212 1129 827 853 1172 884 1139 640
is_linear=0
shrinkage=0.02


Tree=125
num_leaves=31
num_cat=0
split_feature=0 0 0 0 0 0 0 1 1 2 1 1 1 1 1 1 0 1 1 5 5 1 0 0 0 1 0 1 1 0
split_gain=91.4612 59.0554 14.3162 11.7637 8.49673 3.62588 2.36106 1.1911 1.68787 2.31982 1.16235 1.43078 1.21065 1.16038 1.12518 1.0411 0.951987 0.931275 1.80004 1.30364 1.55537 1.59086 0.718953 0.712833 0.618399 0.316348 0.227742 0.21067 0.162831 0.0460945
threshold=-0.7555200159549712 0.89663067460060131 -1.3729133009910581 0.26633311808109289 1.6977696418762209 -0.24044604599475858 -1.0583763122558592 4.4749999046325692 8.4083333015441912 -1.0000000180025095e-35 10.291666984558107 6.9583332538604745 5.0750000476837167 11.741666793823244 11.691666603088381 3.1583334207534794 0.53889256715774547 14.441666603088381 11.791666984558107 0.019999995827674869 0.045000016689300544 6.9583332538604745 1.1506889462471011 0.42618820071220404 -1.0000000180025095e-35 8.5583333969116229 -1.8157398104667661 13.458333015441896 5.9583332538604745 1.3729134202003481
decision_type=2 2 2 2 2 2 2 2 2 2 2 2 2 2 2 2 2 2 2 2 2 2 2 2 2 2 2 2 2 2
left_child=2 3 26 5 15 7 28 -2 -9 -10 11 12 -5 -12 -11 -3 -13 18 19 -7 -21 -22 -17 -15 -20 -8 -1 -26 -4 -24
right_child=1 4 6 10 -6 17 25 8 9 14 13 16 -14 23 -16 22 -18 -19 24 20 21 -23 29 -25 27 -27 -28 -29 -30 -31
leaf_value=-0.019085645564619506 -0.0045990612804654362 0.011267817735333991 -0.01174805874679179 0.0035397835384161002 0.017080975141318407 0.0015971967802124462 -0.0064305715554129226 0.00019008870212361528 0.00021337374785046563 -0.0020886653665967568 -0.00052580315057016943 0.0032939724453639758 8.070899679524754e-05 0.0011495996888075772 -0.0050107183764541742 0.0056726855502223497 0.0067489948884459144 -0.0018800745196739506 0.0004039535321618997 -0.0033431648768127726 0.0019338921636955801 -0.0015480494956254301 0.0097758142973026971 0.003991846301073858 0.0014369451455247095 -0.0041673101990048877 -0.013930410607518269 0.0028906216922268686 -0.0080883832403868313 0.0071286864674387634
leaf_weight=41.963313385844231 66.692933112382889 43.129528641700745 35.954755954444408 106.02288594841957 56.463738918304443 82.297476679086685 85.745739564299583 127.90487213432789 87.469712883234024 106.06058871746063 70.032423213124275 73.761632114648819 64.873221501708031 72.523747459053993 113.24695910513401 80.562360137701035 66.746723547577858 88.617693066596985 140.1560133099556 93.155688107013702 80.44103217124939 142.55655904114246 46.870857529342175 71.241790995001793 86.258070603013039 60.830207332968712 50.01991793513298 87.251767814159393 39.037925720214844 43.8904964402318
leaf_count=545 311 355 321 500 716 331 528 547 376 461 319 330 307 316 482 511 326 357 567 375 327 579 348 331 352 356 594 353 319 360
internal_value=1.2141e-06 0.00150963 -0.0100384 0.000213304 0.0101876 -0.000806121 -0.00717414 -0.0021362 -0.001739 -0.00253931 0.00273419 0.003514 0.00224282 0.00157632 -0.00362921 0.00823158 0.00500692 2.99494e-05 0.000272238 -0.000618878 -0.00120216 -0.000285997 0.00734603 0.0025935 0.00140097 -0.00556004 -0.0166384 0.00219256 -0.0101026 0.00867701
internal_weight=2411.78 2098.23 313.552 1827.31 270.917 1302.11 221.569 501.375 434.682 306.777 525.202 311.404 170.896 213.798 219.308 214.453 140.508 800.734 712.117 398.451 316.153 222.998 171.324 143.766 313.666 146.576 91.9832 173.51 74.9927 90.7614
internal_count=12800 10137 2663 7847 2290 5418 1524 2177 1866 1319 2429 1463 807 966 943 1574 656 3241 2884 1612 1281 906 1219 647 1272 884 1139 705 640 708
is_linear=0
shrinkage=0.02


Tree=126
num_leaves=31
num_cat=0
split_feature=0 0 0 0 0 0 0 1 1 1 4 1 1 3 1 1 3 5 0 1 1 0 0 1 0 1 0 1 0 1
split_gain=88.5558 57.2846 14.1863 11.3191 8.45118 3.48826 2.31908 1.5055 1.14939 1.62381 2.23283 1.12086 1.38184 2.22615 1.11705 1.08398 0.940095 0.994888 1.04482 0.975861 1.02517 0.922298 0.847787 1.21498 0.687407 0.680675 0.814739 0.307347 0.248235 0.164452
threshold=-0.7555200159549712 0.89663067460060131 -1.3729133009910581 0.26633311808109289 1.8157399296760561 -0.24044604599475858 -1.0583763122558592 3.4583333730697636 4.4749999046325692 8.4083333015441912 -1.0000000180025095e-35 10.291666984558107 6.9583332538604745 1.0000000180025095e-35 11.741666793823244 11.691666603088381 0.024999999441206459 0.084999993443489089 -1.0000000180025095e-35 12.991666793823244 10.041666984558107 0.53889256715774547 -0.062711736187338815 11.108333587646486 0.42618820071220404 6.0916666984558114 1.1033552885055544 8.5583333969116229 -1.8157398104667661 5.9583332538604745
decision_type=2 2 2 2 2 2 2 2 2 2 2 2 2 2 2 2 2 2 2 2 2 2 2 2 2 2 2 2 2 2
left_child=2 3 28 5 7 8 29 -3 -2 -10 -11 12 13 -5 -13 -12 17 18 22 20 -20 -14 23 -7 -16 -9 -27 -8 -1 -4
right_child=1 4 6 11 -6 16 27 25 9 10 15 14 21 -15 24 -17 -18 -19 19 -21 -22 -23 -24 -25 -26 26 -28 -29 -30 -31
leaf_value=-0.019008739936363345 -0.0045170563035898401 0.011468511609947236 -0.011622116081083543 -0.00029633014567843088 0.017973184533586369 -0.0020036238274462386 -0.0063284423154968822 0.0054099225827776492 0.00018633703182055429 0.00020919101833607919 -0.002048796457976869 -0.00051548949590451921 0.0032331388660695975 0.0042591267053665449 0.0011275731776395482 -0.0049180205576814942 -0.0019249415960800481 0.0021493492306009629 0.0003158786919169684 -0.00066689458005587856 0.0031302448865029682 0.0066363932203215717 -0.0026526748500801216 0.0010567107543145672 0.0039198037801630517 0.0059234862828380719 0.010131495446609122 -0.0040959484627556162 -0.013813545433286632 -0.0079786246083609364
leaf_weight=41.305140778422356 66.583063304424286 53.041855186223984 35.642324425280094 77.930443063378334 44.604585148394108 87.58776880800724 85.422488614916801 69.481859467923641 127.91063891351223 87.474308058619499 106.00152103602886 70.044821694493294 73.684928730130196 92.821100249886513 72.500944763422012 113.11293764412403 85.724934235215187 95.234399229288101 117.60613271594048 123.5995367616415 91.202494323253632 66.557509213685989 78.353814229369164 121.38476994633675 71.137942880392075 45.747834846377373 56.097082160413265 60.688508823513985 49.456840738654137 38.813247591257095
leaf_count=545 311 462 321 368 573 355 528 528 547 376 461 319 330 439 316 482 345 391 473 499 371 326 317 490 331 288 439 356 594 319
internal_value=1.10934e-06 0.00148267 -0.00991647 0.000209329 0.0100639 -0.000790511 -0.00706815 0.00834658 -0.00209562 -0.00170556 -0.00249096 0.00268361 0.00345005 0.00220067 0.00154649 -0.00356106 2.94267e-05 0.000268472 -2.65462e-05 0.000734928 0.00156316 0.00491889 -0.000906487 -0.000232818 0.00254528 0.00725886 0.00839178 -0.00546899 -0.0165367 -0.00998118
internal_weight=2406.76 2095.43 311.329 1826.45 268.973 1301.78 220.567 224.369 501.082 434.499 306.589 524.678 310.994 170.752 213.684 219.114 800.694 714.969 619.735 332.408 208.809 140.242 287.326 208.973 143.639 171.327 101.845 146.111 90.762 74.4556
internal_count=12800 10137 2663 7847 2290 5418 1524 1717 2177 1866 1319 2429 1463 807 966 943 3241 2896 2505 1343 844 656 1162 845 647 1255 727 884 1139 640
is_linear=0
shrinkage=0.02


Tree=127
num_leaves=27
num_cat=0
split_feature=0 0 0 0 0 0 0 0 3 5 0 0 0 0 0 3 0 0 0 0 0 0 2 0 0 0
split_gain=85.7389 55.5624 14.0544 10.8918 8.39847 3.35548 2.27732 1.28352 0.903662 0.956439 1.00457 0.82121 0.815281 1.16204 0.5571 0.403392 0.6241 0.268504 0.230127 0.341079 0.35091 0.334676 0.221903 0.328397 0.100756 0.0200687
threshold=-0.7555200159549712 0.89663067460060131 -1.3729133009910581 0.26633311808109289 1.8157399296760561 -0.24044604599475858 -1.0583763122558592 1.4404313564300539 0.024999999441206459 0.084999993443489089 -1.0000000180025095e-35 0.69039613008499157 -0.062711736187338815 -0.13831529766321179 -0.62807917594909657 1.0000000180025095e-35 -0.34515604376792902 -1.8157398104667661 0.31866706907749182 0.51012541353702556 0.59782731533050548 0.39889179170131689 -1.0000000180025095e-35 0.11304757371544839 -0.45380596816539759 -0.85975876450538624
decision_type=2 2 2 2 2 2 2 2 2 2 2 2 2 2 2 2 2 2 2 2 2 2 2 2 2 2
left_child=2 3 17 5 7 14 -4 -3 9 10 12 18 13 -7 -2 -16 24 -1 -5 21 -21 -20 -12 -24 -17 -8
right_child=1 4 6 11 -6 8 25 -9 -10 -11 22 -13 -14 -15 15 16 -18 -19 19 20 -22 -23 23 -25 -26 -27
leaf_value=-0.018932058597908002 -0.0034923757525431444 0.007179479002830216 -0.0098606672906670894 0.0033164836630734246 0.017884193383984608 -0.0018563206365315049 -0.0058606109916535818 0.011070896376168909 -0.0018872819918243976 0.0021074785724364735 -0.00017147148341253217 0.0042148771586631838 -0.0026015799261585332 0.0011130021614030984 -0.0024288233714440184 -0.0013375635527804175 0.00032670397069247027 -0.013696877625790058 0.0022673598552368445 0.0036663578314920522 0.0016342628345683682 0.00064095643124521134 0.00038967496229897017 0.0018594997832718861 -0.0024382303313590019 -0.0045207967322124362
leaf_weight=40.657606728374958 88.855284601449966 167.96474623680115 73.927127867937088 67.086068317294121 43.946582846343517 94.050911128520966 85.852314814925194 55.157780952751637 85.726701855659485 95.223797485232353 83.101028501987457 105.67595274746418 78.334305480122566 114.91547791659832 183.58996322751045 80.604112103581429 75.723605185747147 48.903171256184578 98.619275093078613 76.460072591900826 70.027185723185539 106.29341006278992 144.56300750374794 104.71866129338741 72.020562574267387 59.80134342610836
leaf_count=545 409 1175 640 285 573 382 547 542 345 391 335 538 317 463 790 358 312 594 449 349 331 477 581 427 308 337
internal_value=9.8774e-07 0.00145615 -0.00979542 0.000205392 0.00994081 -0.000775276 -0.00696338 0.00823128 2.8811e-05 0.0002632 -2.60701e-05 0.00263396 -0.000888937 -0.00022835 -0.0020558 -0.00173055 -0.00115293 -0.0164351 0.0022166 0.00198904 0.00273003 0.00143805 0.00072062 0.00101701 -0.00188177 -0.00537921
internal_weight=2401.8 2092.66 309.142 1825.59 267.069 1301.43 219.581 223.123 800.634 714.907 619.683 524.162 287.301 208.966 500.794 411.938 228.348 89.5608 418.486 351.4 146.487 204.913 332.383 249.282 152.625 145.654
internal_count=12800 10137 2663 7847 2290 5418 1524 1717 3241 2896 2505 2429 1162 845 2177 1768 978 1139 1891 1606 680 926 1343 1008 666 884
is_linear=0
shrinkage=0.02


Tree=128
num_leaves=32
num_cat=0
split_feature=3 2 1 1 1 1 1 5 5 2 1 5 5 1 5 1 1 1 1 1 1 1 1 5 1 1 1 1 1 1 5
split_gain=1.74422 1.12439 5.92338 2.86272 2.63743 1.79877 1.2974 1.24959 1.13776 1.06123 1.1582 0.86368 4.02927 1.56339 2.13918 0.963872 0.862494 1.32754 2.03699 1.319 1.24882 1.69326 1.08468 1.04262 1.87056 0.825812 2.82089 0.72088 0.613076 0.300587 0.225736
threshold=0.024999999441206459 1.0000000180025095e-35 5.3583333492279062 3.3916667699813847 5.1416666507720956 2.0416666269302373 13.708333015441896 0.44499999284744268 0.045000016689300544 0.014999999664723875 13.341666698455812 0.10000000894069673 0.17500001192092898 3.5083333253860478 0.35000000894069677 4.1749999523162851 11.375000000000002 6.8916666507720956 5.9583332538604745 12.074999809265138 7.5416667461395273 8.6916666030883807 12.691666603088381 0.17500001192092898 10.458333015441896 11.158333301544191 8.0916666984558123 8.6916666030883807 10.341666698455812 13.141666412353517 0.20499998331069949
decision_type=2 2 2 2 2 2 2 2 2 2 2 2 2 2 2 2 2 2 2 2 2 2 2 2 2 2 2 2 2 2 2
left_child=1 4 3 -3 5 7 16 -1 -8 10 25 -7 -13 14 -14 -15 17 18 -6 -18 -19 30 -21 28 -25 26 -4 -2 -23 -24 -22
right_child=27 2 9 -5 6 11 8 -9 -10 -11 -12 12 13 15 -16 -17 19 20 -20 22 21 23 29 24 -26 -27 -28 -29 -30 -31 -32
leaf_value=0.0026113308926114585 -0.0028563756516780266 0.0016926056171750745 -0.0038590993707260319 0.0081536529175671515 -0.00044138059255770137 -0.0047162122123963887 0.00059104472976497717 -0.0019145537092901716 -0.0025592576589712301 0.0015662630835822987 0.0015312158157538872 0.0038524958239611728 -0.0084837728389216948 0.00077480294522174072 -0.0021675233409006061 -0.0029366587132976761 0.003345229544755599 -0.002803642830407837 0.0037129995909239233 -0.0011182719841198339 0.0028078647035152948 0.0013821218498834896 0.00058279260158115094 -0.0033361022814731721 0.0010665632143806716 -0.0031378076534445166 0.0017631960668743913 -0.00062144828839466452 -0.0009327843691188906 0.0022620290483872114 0.0010873121506282768
leaf_weight=59.087426356971264 104.14336660131812 54.591723099350929 58.94384590536356 55.946988232433796 92.015694007277489 48.143957704305649 80.514837458729744 38.809419110417366 102.64660747349262 102.03032018244267 64.4586121737957 40.261571422219276 36.708318665623665 48.460236348211765 52.449762996286154 62.129206340759993 100.49007542431355 66.184684794396162 94.138017557561398 88.932044215500355 68.383708655834198 105.63274502754211 75.148161895573139 106.58746980875731 58.6723273396492 76.21115792542696 84.282261811196804 129.76430505514145 77.789944589138031 102.36616019904613 60.961291342973709
leaf_count=357 572 399 332 356 542 196 324 503 432 475 269 177 199 379 578 473 460 357 547 396 288 441 326 612 316 344 424 567 323 441 395
internal_value=7.62685e-07 0.000178708 0.00101211 0.00504953 -7.04827e-05 -0.00151509 0.00036674 0.000814717 -0.00118301 -0.000164377 -0.000792963 -0.00230678 -0.00178849 -0.00295242 -0.00489714 -0.00132542 0.000627105 0.000228262 0.00167663 0.00141544 -0.000271492 8.93141e-05 0.000668118 -0.000636511 -0.00177896 -0.00148334 -0.000571907 -0.00163229 0.000400894 0.00156556 0.00202586
internal_weight=2396.89 2162.98 496.465 110.539 1666.51 386.05 1280.46 97.8968 183.161 385.926 283.896 288.153 240.009 199.748 89.1581 110.589 1097.3 730.366 186.154 366.936 544.212 478.027 266.446 348.682 165.26 219.437 143.226 233.908 183.423 177.514 129.345
internal_count=12800 11661 2599 755 9062 2862 6200 860 756 1844 1369 2002 1806 1629 777 852 5444 3821 1089 1623 2732 2375 1163 1692 928 1100 756 1139 764 767 683
is_linear=0
shrinkage=0.02


Tree=129
num_leaves=31
num_cat=0
split_feature=0 0 0 0 0 0 0 1 1 1 4 1 1 3 1 1 0 1 1 1 1 1 0 0 0 3 1 0 1 1
split_gain=82.8515 53.9466 13.9267 10.5069 8.35595 3.2304 2.24388 1.50764 1.11224 1.56021 2.14463 1.0823 1.35224 2.13846 1.08347 1.04516 0.901839 0.876566 1.71376 1.27683 0.747097 0.68638 0.810322 0.663592 0.568611 0.312232 0.307251 0.286123 0.217776 0.18307
threshold=-0.7555200159549712 0.89663067460060131 -1.3729133009910581 0.26633311808109289 1.8157399296760561 -0.24044604599475858 -1.0583763122558592 3.4583333730697636 4.4749999046325692 8.4083333015441912 -1.0000000180025095e-35 10.291666984558107 6.9583332538604745 1.0000000180025095e-35 11.741666793823244 11.691666603088381 0.53889256715774547 14.441666603088381 11.791666984558107 6.9583332538604745 9.2916669845581072 6.0916666984558114 1.1033552885055544 0.42618820071220404 -1.0000000180025095e-35 1.0000000180025095e-35 8.5583333969116229 -1.8157398104667661 13.458333015441896 5.9583332538604745
decision_type=2 2 2 2 2 2 2 2 2 2 2 2 2 2 2 2 2 2 2 2 2 2 2 2 2 2 2 2 2 2
left_child=2 3 27 5 7 8 29 -3 -2 -10 -11 12 13 -5 -13 -12 -14 18 19 -7 -21 -9 -23 -16 -20 -22 -8 -1 -26 -4
right_child=1 4 6 11 -6 17 26 21 9 10 15 14 16 -15 23 -17 -18 -19 24 20 25 22 -24 -25 28 -27 -28 -29 -30 -31
leaf_value=-0.018850704828637817 -0.0044054102036827567 0.01124985764934525 -0.011390304912097936 -0.00034190472138241515 0.017799641442090428 0.00086929280279030962 -0.0061350391569856512 0.005186955731029467 0.00021662243952679392 0.00023770457571299866 -0.0019736107142514724 -0.00056155175765710543 0.0031297846743659724 0.0041257684148177289 0.0010620616570783529 -0.0047912588303531409 0.0064940658941454212 -0.001828256142828523 0.00040518204324554476 -0.002873372973004335 0.00032838821254593532 0.0057176716982293456 0.0099043154805384011 0.0038054452262780685 0.0013570978598846689 -0.0014314972145648894 -0.0039206267346294068 -0.013579129273754462 0.0028283008946565821 -0.0077356367853678443
leaf_weight=39.982984680682421 66.416520595550537 52.292814120650291 35.075171545147896 77.861900269985199 43.331154242157936 146.2719729244709 84.805601462721825 68.822482742369175 127.84819185733795 87.43334025144577 105.87768365442753 69.984937325119972 73.55517540872097 92.547481998801231 72.433077856898308 112.92157995700836 66.313639521598816 88.613992154598236 140.15257883071899 92.981238350272179 73.81027327477932 45.388670966029167 55.39522248506546 70.967279747128487 86.205371037125587 85.277840062975883 60.338033944368362 48.352126061916351 87.222794875502586 38.321169853210449
leaf_count=545 311 462 321 368 573 593 528 528 547 376 461 319 330 439 316 482 326 357 567 374 300 288 439 331 352 345 356 594 353 319
internal_value=6.97307e-07 0.00142834 -0.00966836 0.000199024 0.00982086 -0.000764084 -0.00685212 0.00811773 -0.00202099 -0.00163763 -0.00240815 0.00258565 0.00333959 0.00210415 0.00146854 -0.00345802 0.0047939 2.48173e-05 0.000259948 -0.000609649 -0.00146794 0.00703218 0.00816678 0.0024534 0.00136146 -0.000621044 -0.00528028 -0.0163297 0.00212082 -0.00973797
internal_weight=2396.8 2089.93 306.875 1824.7 265.23 1301.03 218.54 221.899 500.497 434.081 306.233 523.663 310.278 170.409 213.385 218.799 139.869 800.536 711.922 398.341 252.069 169.606 100.784 143.4 313.581 159.088 145.144 88.3351 173.428 73.3963
internal_count=12800 10137 2663 7847 2290 5418 1524 1717 2177 1866 1319 2429 1463 807 966 943 656 3241 2884 1612 1019 1255 727 647 1272 645 884 1139 705 640
is_linear=0
shrinkage=0.02


Tree=130
num_leaves=31
num_cat=0
split_feature=0 0 0 0 0 0 0 1 1 2 1 1 3 1 1 1 0 1 1 5 5 1 0 0 0 0 1 1 1 0
split_gain=80.2091 52.3174 13.7908 10.1099 8.30429 3.10747 2.20237 1.07315 1.50092 2.0641 1.04358 1.30572 2.06016 1.04293 1.01327 1.00685 0.873511 0.842602 1.64755 1.26883 1.45765 1.5245 0.704888 0.639841 0.546899 0.305937 0.298345 0.209437 0.183871 0.089554
threshold=-0.7555200159549712 0.89663067460060131 -1.3729133009910581 0.26633311808109289 1.6977696418762209 -0.24044604599475858 -1.0583763122558592 4.4749999046325692 8.4083333015441912 -1.0000000180025095e-35 10.291666984558107 6.9583332538604745 1.0000000180025095e-35 11.741666793823244 3.1583334207534794 11.691666603088381 0.53889256715774547 14.441666603088381 11.791666984558107 0.019999995827674869 0.045000016689300544 6.9583332538604745 1.1506889462471011 0.42618820071220404 -1.0000000180025095e-35 -1.8157398104667661 8.5583333969116229 13.458333015441896 5.9583332538604745 1.3729134202003481
decision_type=2 2 2 2 2 2 2 2 2 2 2 2 2 2 2 2 2 2 2 2 2 2 2 2 2 2 2 2 2 2
left_child=2 3 25 5 14 7 28 -2 -9 -10 11 12 -5 -12 -3 -11 -13 18 19 -7 -21 -22 -16 -15 -20 -1 -8 -26 -4 -24
right_child=1 4 6 10 -6 17 26 8 9 15 13 16 -14 23 22 -17 -18 -19 24 20 21 -23 29 -25 27 -27 -28 -29 -30 -31
leaf_value=-0.018774417875167756 -0.0043266552767295303 0.010785526043262269 -0.011266392590368031 -0.00033519460139400835 0.01670463249015831 0.0015885215138172503 -0.0060368083254687226 0.00021234596304831982 0.00023304340542218492 -0.0019358905320573916 -0.00055053032065735649 0.0030718678933481782 0.0040513084658648528 0.0010416907969199292 0.0052628312233003053 -0.0047025051400312089 0.0063853150449989802 -0.0017925212201609052 0.00039717813737909571 -0.0032463348408310329 0.0018874881162331692 -0.0015216610117821272 0.0093519881585055788 0.0037365843095394902 0.0013307929389059275 -0.013462855703925471 -0.0038530574335328316 0.0027737009407619389 -0.0076292699167651579 0.0066566475109728386
leaf_weight=39.356965713202953 66.31043104827404 41.852955400943756 34.776739723980427 77.872146978974342 53.502294488251209 82.285253465175629 84.49752302467823 127.85477592051029 87.438467815518379 105.82141119241714 69.998198479413986 73.481600478291512 92.401707172393799 72.41187983751297 79.328878097236156 112.7908476293087 66.130121514201164 88.612833485007286 140.15762589871883 93.128512442111969 80.406110316514969 142.52686269581318 45.831684112548828 70.867494508624077 86.190830752253532 47.817008033394814 60.204661354422569 87.200567349791527 38.108375206589699 42.871479704976082
leaf_count=545 311 355 321 368 716 331 528 547 376 461 319 330 439 316 511 482 326 357 567 375 327 579 348 331 352 594 356 353 319 360
internal_value=5.86343e-07 0.00140275 -0.00954918 0.000195283 0.00969963 -0.000749328 -0.00674987 -0.00198256 -0.00160612 -0.00236225 0.00253775 0.0032787 0.00206461 0.00144071 0.00777314 -0.00339299 0.00470937 2.43057e-05 0.000254842 -0.000597758 -0.00117336 -0.00028622 0.00690479 0.0024077 0.00133495 -0.0162282 -0.00519315 0.0020798 -0.00961925 0.0082248
internal_weight=2392.04 2087.27 304.761 1823.89 263.387 1300.72 217.587 500.216 433.906 306.051 523.163 309.886 170.274 213.278 209.885 218.612 139.612 800.509 711.896 398.347 316.061 222.933 168.032 143.279 313.549 87.174 144.702 173.391 72.8851 88.7032
internal_count=12800 10137 2663 7847 2290 5418 1524 2177 1866 1319 2429 1463 807 966 1574 943 656 3241 2884 1612 1281 906 1219 647 1272 1139 884 705 640 708
is_linear=0
shrinkage=0.02


Tree=131
num_leaves=31
num_cat=0
split_feature=0 0 0 0 0 0 0 1 1 1 2 1 1 3 1 1 0 3 1 0 1 1 1 1 1 0 0 3 1 1
split_gain=77.648 50.734 13.6531 9.72759 8.26145 2.98944 2.16113 1.46525 1.03538 1.44387 1.98656 1.00621 1.26074 1.98467 1.00389 0.969934 0.846007 0.840126 0.687357 0.788182 0.663952 1.56379 0.972417 1.27904 1.14821 0.616916 0.325502 0.306222 0.289658 0.184513
threshold=-0.7555200159549712 0.89663067460060131 -1.3729133009910581 0.26633311808109289 1.8157399296760561 -0.24044604599475858 -1.0583763122558592 3.4583333730697636 4.4749999046325692 8.4083333015441912 -1.0000000180025095e-35 10.291666984558107 6.9583332538604745 1.0000000180025095e-35 11.741666793823244 11.691666603088381 0.53889256715774547 0.024999999441206459 6.0916666984558114 1.1033552885055544 6.9583332538604745 9.2916669845581072 13.708333015441896 14.324999809265138 11.841666698455812 0.42618820071220404 -1.8157398104667661 1.0000000180025095e-35 8.5583333969116229 5.9583332538604745
decision_type=2 2 2 2 2 2 2 2 2 2 2 2 2 2 2 2 2 2 2 2 2 2 2 2 2 2 2 2 2 2
left_child=2 3 26 5 7 8 29 -3 -2 -10 -11 12 13 -5 -13 -12 -14 20 -9 -20 -7 -22 24 -24 -23 -16 -1 -26 -8 -4
right_child=1 4 6 11 -6 17 28 18 9 10 15 14 16 -15 25 -17 -18 -19 19 -21 21 22 23 -25 27 -27 -28 -29 -30 -31
leaf_value=-0.01869828560263043 -0.0042492254021015289 0.010997676314633191 -0.011143191332315948 -0.0003286166785193561 0.017627092650238676 0.0015345212959888834 -0.0059398854374392018 0.0049830533673445657 0.00020815384279197655 0.00022847370137222577 -0.0018988756111059082 -0.00053972720497522564 0.003014981723716283 0.0039781098734580564 0.0010217056455030934 -0.0046153465621340123 0.0062782103913138557 -0.0018236121955252525 0.0055433288678305393 0.0096761544555469155 -0.0025179970349085731 -0.0002505943918588947 -0.0025431125224247971 0.00080343103349853745 0.0029454381539978352 0.0036689020714134424 -0.013346780017724302 0.0012218427078819827 -0.0037865349734637348 -0.0075239434923240313
leaf_weight=38.741207253187895 66.205878749489784 51.450010471045971 34.483096659183502 77.882189810276031 42.102653659880161 129.43299458920956 84.194480150938034 68.225323833525181 127.86122736334801 87.443492695689201 105.76606206595898 70.011192262172699 73.409149497747421 92.25815050303936 72.391058072447777 112.66151583194733 65.949076816439629 85.723972722887993 45.086905777454376 54.701922006905079 84.749905377626419 147.39753100275993 84.607054844498634 95.162860319018364 90.118495926260948 70.769226878881454 47.290918760001659 83.275235369801521 60.073570817708969 37.899132139980793
leaf_count=545 311 462 321 368 573 525 528 528 547 376 461 319 330 439 316 482 326 345 288 439 341 598 342 384 368 331 594 338 356 319
internal_value=4.95494e-07 0.00137763 -0.00943091 0.000191651 0.0095795 -0.000734809 -0.00664882 0.00789038 -0.00194485 -0.00157521 -0.00231721 0.0024907 0.00321887 0.00202578 0.0014134 -0.00332915 0.00462623 2.38919e-05 0.00682068 0.00795446 0.000249946 -3.83779e-05 0.000389796 -0.000782241 0.00104738 0.00236283 -0.0161267 0.00214102 -0.00510726 -0.00950142
internal_weight=2387.33 2084.64 302.682 1823.08 261.567 1300.41 216.65 219.464 499.938 433.732 305.871 522.67 309.499 170.14 213.171 218.428 139.358 800.468 168.014 99.7888 714.744 585.311 500.561 179.77 320.791 143.16 86.0321 173.394 144.268 72.3822
internal_count=12800 10137 2663 7847 2290 5418 1524 1717 2177 1866 1319 2429 1463 807 966 943 656 3241 1255 727 2896 2371 2030 726 1304 647 1139 706 884 640
is_linear=0
shrinkage=0.02


Tree=132
num_leaves=33
num_cat=0
split_feature=3 2 1 1 1 1 1 1 5 5 5 5 5 5 5 1 5 1 1 1 1 1 1 1 5 1 1 5 1 1 1 5
split_gain=1.69972 1.05891 5.70707 3.71936 2.48347 1.71077 1.2374 1.22303 1.09049 0.980828 0.933953 1.57771 1.36539 0.870422 3.92618 1.57805 1.99119 0.957344 0.817671 1.30777 1.28315 1.94892 1.23127 1.63449 1.0656 1.91084 1.03923 0.725859 0.719785 0.580896 0.287663 0.22569
threshold=0.024999999441206459 1.0000000180025095e-35 4.991666555404664 3.3916667699813847 5.1416666507720956 2.0416666269302373 1.0916666984558108 13.708333015441896 0.045000016689300544 0.05500000715255738 0.10000000894069673 0.1449999809265137 0.23500001430511477 0.10000000894069673 0.17500001192092898 3.5083333253860478 0.35000000894069677 4.1749999523162851 11.375000000000002 12.074999809265138 6.8916666507720956 5.9583332538604745 7.5416667461395273 8.6916666030883807 0.17500001192092898 10.458333015441896 12.691666603088381 0.3249999880790711 8.6916666030883807 10.341666698455812 13.141666412353517 0.20499998331069949
decision_type=2 2 2 2 2 2 2 2 2 2 2 2 2 2 2 2 2 2 2 2 2 2 2 2 2 2 2 2 2 2 2 2
left_child=1 4 3 -3 5 6 -1 18 -9 -4 -11 -12 -13 -7 -15 16 -16 -17 20 -20 21 -6 -22 31 29 -26 -21 -14 -2 -25 -28 -24
right_child=28 2 9 -5 7 13 -8 8 -10 10 11 12 27 14 15 17 -18 -19 19 26 22 -23 23 24 25 -27 30 -29 -30 -31 -32 -33
leaf_value=-0.0021914060104314386 -0.0028437114147162141 0.0016077862732984788 -0.0019435329440155064 0.0094136191614843934 -0.00042838052929168125 -0.0046687666340524863 0.0024663454643913695 0.00058873019023579747 -0.0024961017893119493 0.0026521653381156563 -0.002876098809390474 0.0026321709323567596 -0.0023560782160559793 0.0038366915693249693 -0.0083236829862128672 0.00085488757632943744 -0.0021690469090578177 -0.0028691919874235974 0.0033026255810833169 -0.0011160055866182431 -0.0027926262200600577 0.0036498466102520806 0.0027760046783881871 0.0013768826247177023 -0.0033679551479249025 0.0010941565425614779 0.000551950701952508 0.00093479547589478439 -0.0006057633506146669 -0.00087710136340287076 0.0021953198691261199 0.0010523456563986346
leaf_weight=33.570070412009954 103.39526395499706 53.743517018854618 86.878504931926727 44.343080349266529 91.358619377017021 48.1268040984869 62.098854750394821 80.505751669406891 102.53156272321939 59.247782424092293 59.978711351752281 85.809783071279526 52.547218382358551 40.194560512900352 36.483914196491241 47.704549469053745 50.757801849395037 61.256496135145426 100.25103006511927 88.730235196650028 65.785929013043642 93.448056615889072 68.330626204609871 105.55396783351898 105.74544902890921 58.404449857771397 75.020361512899399 51.114067755639553 129.57019820809364 77.782901600003242 102.18882794305682 60.274404026567936
leaf_count=345 572 399 350 284 542 196 515 324 432 241 252 385 273 177 199 379 578 473 460 396 357 547 288 441 612 316 326 415 567 323 441 395
internal_value=3.81786e-07 0.00017675 0.000987743 0.00525425 -6.58962e-05 -0.00148032 0.000820542 0.000357226 -0.00114759 -9.1284e-05 0.00043916 -0.000103374 0.000795231 -0.00225429 -0.00172769 -0.00289484 -0.00487174 -0.00125272 0.000610893 0.00137885 0.000221181 0.00165079 -0.000270662 8.80457e-05 -0.000625713 -0.00178628 0.000634411 -0.000746411 -0.00161477 0.000421457 0.00151353 0.00199665
internal_weight=2382.73 2149.77 493.663 98.0866 1656.11 380.193 95.6689 1275.91 183.037 395.576 308.698 249.45 189.471 284.524 236.397 196.203 87.2417 108.961 1092.87 366.19 726.684 184.807 541.878 476.092 347.487 164.15 265.939 103.661 232.965 183.337 177.209 128.605
internal_count=12800 11661 2599 683 9062 2862 860 6200 756 1916 1566 1325 1073 2002 1806 1629 777 852 5444 1623 3821 1089 2732 2375 1692 928 1163 688 1139 764 767 683
is_linear=0
shrinkage=0.02


Tree=133
num_leaves=30
num_cat=0
split_feature=0 0 0 1 0 1 0 0 1 1 1 0 1 1 1 1 1 1 1 1 1 1 1 1 1 0 1 1 0
split_gain=75.343 52.2467 11.1038 10.114 9.44623 2.83025 2.67017 2.54643 1.88187 1.79037 1.35758 1.30138 1.08067 1.01102 2.33827 1.5384 0.945367 1.32634 0.520175 0.797922 0.522524 0.492307 1.10401 0.96508 0.669264 0.638384 0.340391 1.11947 0.098698
threshold=-0.93476513028144825 0.82402130961418163 -0.087851781398057924 8.1583333015441912 1.6977696418762209 3.4583333730697636 -1.5998135805130003 0.26633311808109289 5.2083332538604745 3.1583334207534794 13.525000095367433 1.1506889462471011 7.4749999046325692 12.375000000000002 11.425000190734865 7.8583333492279062 14.391666412353517 13.458333015441896 6.9583332538604745 10.041666984558107 12.425000190734865 5.3583333492279062 7.5416667461395273 10.291666984558107 11.741666793823244 0.42618820071220404 10.458333015441896 9.4083333015441912 1.3729134202003481
decision_type=2 2 2 2 2 2 2 2 2 2 2 2 2 2 2 2 2 2 2 2 2 2 2 2 2 2 2 2 2
left_child=3 2 5 6 9 -2 -1 16 -7 -3 13 12 -11 14 15 -10 17 18 -4 -20 -21 -9 -23 -24 -25 -26 27 -17 -13
right_child=1 4 7 -5 -6 8 -8 21 10 11 -12 28 -14 -15 -16 26 -18 -19 19 20 -22 22 23 24 25 -27 -28 -29 -30
leaf_value=-0.017860332386302202 -0.0057223933042962749 0.010669650492003252 0.0012510307647567837 -0.0033668358576942458 0.016512979815969525 0.0015307669183538264 -0.011573788372746436 0.0035328681570873537 -0.00068473103612513495 0.0023575864945114874 0.0001731317080326901 0.0091288921540296913 0.006422530812205493 -0.0038961556209147368 0.0012582522512608911 -0.0024161146602055344 -0.0017276593620242869 0.0025838778008904629 -0.0018292943102338267 0.0012658471033685104 -0.00085278706125027518 -0.00039598119568127435 0.0039083497261873231 -7.7746246718187232e-05 0.0010135949557368068 0.0037431067251689483 -0.0022381202817772423 -0.0058421732628735693 0.0064466058114750324
leaf_weight=55.315653916448355 68.676318883895874 47.709478087723255 108.46996416151524 48.24918569996953 52.064904574304819 71.485921397805214 100.93737350404263 100.00021862983704 128.5441622287035 53.012879133224487 110.94987516105175 45.294575661420822 57.674985229969025 116.85601653158665 80.888027146458626 92.508131921291351 76.988466262817383 106.54671494662762 95.964011445641518 110.69593621790409 77.549432352185249 66.841871365904808 111.65019677579403 66.102004334330559 72.378279581665993 66.824228912591934 80.348885029554367 69.682520180940628 42.429007716476917
leaf_count=769 343 389 439 387 716 337 934 468 574 322 461 348 355 505 350 420 310 431 386 451 315 314 521 299 316 311 349 320 360
internal_value=3.59913e-07 0.00109401 -0.000143038 -0.0115458 0.00884213 -0.00188821 -0.0139969 0.00120791 -0.00152345 0.00709939 -0.00184818 0.00614299 0.00455206 -0.00224167 -0.00179862 -0.00246813 0.000307532 0.000627032 8.56731e-05 -0.000364726 0.000393266 0.00227459 0.00193013 0.00242008 0.00158082 0.00235836 -0.00339999 -0.0039413 0.00800418
internal_weight=2382.64 2178.14 1879.95 204.502 298.186 819.94 156.253 1060.01 751.264 246.121 679.778 198.411 110.688 568.828 451.972 371.084 576.215 499.226 392.679 284.209 188.245 483.797 383.797 316.955 205.305 139.203 242.54 162.191 87.7236
internal_count=12800 10710 8220 2090 2490 3659 1703 4561 3316 1774 2979 1385 677 2518 2013 1663 2332 2022 1591 1152 766 2229 1761 1447 926 627 1089 740 708
is_linear=0
shrinkage=0.02


Tree=134
num_leaves=29
num_cat=0
split_feature=0 0 0 1 0 1 0 0 1 1 0 1 1 1 1 1 1 1 0 1 1 1 1 2 1 1 1 1
split_gain=73.0455 50.6156 10.3033 9.94885 9.8098 2.73164 2.69345 2.24935 1.81003 1.30631 1.30623 0.973007 2.24974 1.48193 0.908768 1.27504 0.499993 0.76687 0.516648 0.47757 0.933093 0.419739 1.28265 0.973556 0.896185 0.32842 1.08083 0.124931
threshold=-0.93476513028144825 0.78930723667144786 -0.087851781398057924 8.1583333015441912 1.6977696418762209 3.4583333730697636 -1.5998135805130003 0.26633311808109289 5.2083332538604745 13.525000095367433 1.4404313564300539 12.375000000000002 11.425000190734865 7.8583333492279062 14.391666412353517 13.458333015441896 6.9583332538604745 10.041666984558107 0.11304757371544839 5.5750000476837167 8.1583333015441912 5.3583333492279062 7.7750000953674325 -1.0000000180025095e-35 11.041666984558107 10.458333015441896 9.4083333015441912 3.5083333253860478
decision_type=2 2 2 2 2 2 2 2 2 2 2 2 2 2 2 2 2 2 2 2 2 2 2 2 2 2 2 2
left_child=3 2 5 6 10 -2 -1 14 -7 11 19 12 13 -10 15 16 -4 -18 -19 27 -21 -9 -23 -24 -25 26 -15 -3
right_child=1 4 7 -5 -6 8 -8 21 9 -11 -12 -13 -14 25 -16 -17 17 18 -20 20 -22 22 23 24 -26 -27 -28 -29
leaf_value=-0.01777358395060144 -0.0056235217439670913 0.0058375709378781495 0.0012264813052206588 -0.0033095576004375945 0.016414892124271444 0.0015002487272707931 -0.01144295850470999 0.0033596755017580851 -0.00067135984530027168 0.00016972611202871726 0.01016384361301903 -0.0038230104773605248 0.00123337672628448 -0.0023703841587489529 -0.0016939300014134487 0.0025334988502887352 -0.0017933572829874297 -0.00054207380346048631 0.0015471277432901598 0.0029449127083700285 0.0065811683462106444 -0.00056436753886784788 0.00054817357633531833 0.0045622833465995237 0.0019371913875626853 -0.0021955900929769359 -0.005738744597898672 0.0084134792066255636
leaf_weight=54.491978198289871 68.522821828722954 42.866705551743507 108.46835115551949 48.138285342603922 51.347678504884243 71.521619156002998 100.0811185836792 95.374892592430115 128.52230313420296 110.95280277729034 42.732487723231316 116.74932046234608 80.909163400530815 92.446198433637619 76.990822747349739 106.5320243537426 95.969309717416763 105.25687710940838 82.982372507452965 53.720316290855408 73.902612671256065 70.813574746251106 82.955752983689308 94.801249518990517 124.25358882546425 80.306369081139565 69.556953638792038 46.983409024775028
leaf_count=769 343 316 439 387 716 337 934 446 574 461 399 505 350 420 310 431 386 424 342 349 476 331 370 443 564 349 320 309
internal_value=5.56923e-07 0.0010744 -0.000176092 -0.0114215 0.00850893 -0.00185237 -0.0138732 0.00114022 -0.00149424 -0.00181293 0.0068355 -0.00219913 -0.00176445 -0.00242163 0.000301439 0.000614707 8.39442e-05 -0.000357629 0.000385501 0.00609484 0.00511961 0.00216682 0.00184537 0.00241039 0.00310426 -0.00333688 -0.00386896 0.00733841
internal_weight=2378.15 2175.44 1863.89 202.711 311.553 819.488 154.573 1044.4 750.965 679.443 260.206 568.49 451.741 370.832 576.2 499.209 392.677 284.209 188.239 217.473 127.623 468.199 372.824 302.011 219.055 242.31 162.003 89.8501
internal_count=12800 10710 8145 2090 2565 3659 1703 4486 3316 2979 1849 2518 2013 1663 2332 2022 1591 1152 766 1450 825 2154 1708 1377 1007 1089 740 625
is_linear=0
shrinkage=0.02


Tree=135
num_leaves=30
num_cat=0
split_feature=0 0 0 0 0 0 0 0 2 0 0 0 3 0 0 0 0 0 0 2 0 3 0 0 0 3 0 0 0
split_gain=70.8142 49.0287 10.2671 9.25846 7.15943 2.48184 2.35702 1.15468 0.821271 0.639323 0.948165 0.547183 0.411503 0.975285 0.860298 1.20786 0.427449 0.38429 0.361107 0.331332 0.576448 0.255313 0.204206 0.198784 0.175391 0.113794 0.0924803 0.0665634 0.065701
threshold=-0.93476513028144825 0.82402130961418163 -0.087851781398057924 1.6977696418762209 -1.3729133009910581 -0.62807917594909657 0.26633311808109289 1.4404313564300539 -0.014999999664723871 -0.29239994287490839 -0.21471925079822538 -1.0583763122558592 1.0000000180025095e-35 1.0000000180025095e-35 1.0000000180025095e-35 0.11304757371544839 0.11304757371544839 -1.8157398104667661 0.62807923555374157 -1.0000000180025095e-35 0.37188957631587988 1.0000000180025095e-35 0.48177458345890051 1.0583764314651491 1.2540397644042971 1.0000000180025095e-35 -0.45380596816539759 -0.7555200159549712 -0.37188962101936335
decision_type=2 2 2 2 2 2 2 2 2 2 2 2 2 2 2 2 2 2 2 2 2 2 2 2 2 2 2 2 2
left_child=4 2 5 7 17 27 12 23 -7 26 -11 21 13 -4 -14 -16 -15 -1 19 -8 -21 -6 -22 -3 -25 -12 -10 -2 -28
right_child=1 3 6 -5 11 8 18 -9 9 10 25 -13 14 16 15 -17 -18 -19 -20 20 22 -23 -24 24 -26 -27 28 -29 -30
leaf_value=-0.018477702785103096 -0.0043337828097417255 0.0052372464960424268 -0.00091807315635854692 0.016316754597409715 -0.0070666740740929638 0.00069305064149366392 0.00087266476849256092 0.010043754268016916 -0.0025628102400595217 0.0007989950264187971 -0.0021647677583584001 -0.0057454498371193223 0.0013146047491590668 0.0028483933026172167 -0.0026298975850022415 0.00037872412708408294 0.00085108672800169531 -0.01300478206060432 0.0031777611049341424 0.00095312075427139947 0.0036642434362047045 -0.010831053722999329 0.0021620968264407913 0.0080033284747605109 0.0054436955292411935 -0.0010548473522212925 -0.00133940906259993 -0.0032423240242896285 -0.0021990201945962539
leaf_weight=37.012387488037348 95.825550109148026 103.78812837600708 81.171853065490723 50.642517250031233 36.189596898853779 77.824529618024826 102.35021564364433 42.405777528882027 124.46477967500687 97.276761084794998 88.799697801470757 47.225686922669411 101.48183889687061 74.190501853823662 90.751120626926422 124.71886821091175 103.85509337484837 45.783869132399559 115.3708753734827 94.360922262072563 82.897144630551338 34.7386569455266 88.029475897550583 53.21415214240551 44.515223175287247 74.315577253699303 89.785351112484932 88.380401775240898 82.368306413292885
leaf_count=545 573 625 327 716 328 327 450 399 554 399 360 311 409 299 364 507 426 594 573 414 384 312 408 407 343 301 390 409 346
internal_value=7.17114e-07 0.00105509 -0.00013802 0.00861227 -0.0112978 -0.00181719 0.00116142 0.00689301 -0.00121694 -0.00148532 -0.000753605 -0.00791165 0.000295515 0.000883381 -0.000187792 -0.000900972 0.00170575 -0.0158295 0.00218887 0.00186302 0.00223572 -0.00915683 0.00292457 0.0061378 0.00696998 -0.00167799 -0.00211833 -0.00385056 -0.00177123
internal_weight=2373.73 2172.78 1878.22 294.566 200.95 819.041 1059.18 243.923 634.835 557.01 260.392 118.154 576.169 259.217 316.952 215.47 178.046 82.7963 483.009 367.638 265.288 70.9283 170.927 201.518 97.7294 163.115 296.618 184.206 172.154
internal_count=12800 10710 8220 2490 2090 3659 4561 1774 2677 2350 1060 951 2332 1052 1280 871 725 1139 2229 1656 1206 640 792 1375 750 661 1290 982 736
is_linear=0
shrinkage=0.02


Tree=136
num_leaves=28
num_cat=0
split_feature=0 0 0 1 0 0 0 1 1 1 1 1 1 1 2 1 1 1 1 1 0 0 0 1 1 1 1
split_gain=68.6902 47.5211 10.7983 9.8059 8.05418 2.80699 2.80654 2.63138 1.75024 1.45525 1.24125 0.945205 2.16097 1.43396 0.940883 0.849005 0.905204 0.767173 1.28779 0.728622 0.770124 0.558857 0.782136 0.545292 0.361001 0.316822 1.04637
threshold=-0.93476513028144825 0.89663067460060131 -0.087851781398057924 8.2249999046325701 1.8157399296760561 0.34515604376792913 -1.5998135805130003 3.4583333730697636 5.2083332538604745 3.4583333730697636 13.525000095367433 12.375000000000002 11.425000190734865 7.8583333492279062 1.0000000180025095e-35 14.391666412353517 13.458333015441896 11.625000000000002 5.5750000476837167 6.0916666984558114 1.1033552885055544 0.11304757371544839 0.037611209787428386 9.7083330154418963 9.0416669845581072 10.458333015441896 9.4083333015441912
decision_type=2 2 2 2 2 2 2 2 2 2 2 2 2 2 2 2 2 2 2 2 2 2 2 2 2 2 2
left_child=3 2 7 6 9 15 -1 -2 -9 -3 11 12 13 -10 17 16 21 18 -7 -11 -21 22 -4 -23 -20 26 -15
right_child=1 4 5 -5 -6 14 -8 8 10 19 -12 -13 -14 25 -16 -17 -18 -19 24 20 -22 23 -24 -25 -26 -27 -28
leaf_value=-0.017614121905504227 -0.0054899178726131384 0.010574069085002006 0.00050420173904751223 -0.0029643122986741173 0.017288191785916153 0.0034457936652716411 -0.011161394052189862 0.001513008529623921 -0.00061726972875746674 0.0045326022835673208 0.00018710170970360901 -0.0037230511359327353 0.0012438210844160839 -0.0022889607406161847 0.0040761270086586646 -0.001407489732880484 0.0022769137238499468 0.0036816791589896853 0.0012640614723257568 0.0051885117640305045 0.0092637089491155993 2.9829143036833681e-06 -0.0019430543666713533 0.0018500490866713546 -0.0006261290486650774 -0.0021205352016320138 -0.0056040482755996528
leaf_weight=53.055581666529179 68.298944532871246 50.048276394605637 137.73081801831722 46.382879164069891 39.801104731857777 76.209446936845779 99.805139236152172 71.492364227771759 128.40917953848839 66.910807706415653 110.93039281666279 116.5898409485817 80.887662872672081 92.316232189536095 113.87552055716515 84.442092806100845 116.80011034011841 74.243551790714264 77.301154971122742 44.476010978221893 53.460682295262814 123.72085730731487 81.571786016225815 130.31211404502392 80.636212408542633 80.220535680651665 69.379627093672752
leaf_count=771 343 462 555 374 573 363 945 337 574 528 461 505 350 420 553 341 474 345 374 288 439 511 328 542 375 349 320
internal_value=4.72588e-07 0.00103615 -4.6783e-05 -0.0111778 0.00911692 0.00124957 -0.0135996 -0.00178274 -0.00143154 0.00745805 -0.00174523 -0.00212208 -0.0016938 -0.00233868 0.00252441 0.00044645 0.000715587 0.00192886 0.0013466 0.00639661 0.00755391 0.000322355 -0.000415413 0.000957529 0.000303247 -0.00323985 -0.00376247
internal_weight=2369.31 2170.07 1915.37 199.244 254.697 1096.84 152.861 818.525 750.226 214.896 678.733 567.803 451.213 370.326 422.266 674.578 590.136 308.39 234.147 164.848 97.9367 473.336 219.303 254.033 157.937 241.916 161.696
internal_count=12800 10710 8420 2090 2290 4761 1716 3659 3316 1717 2979 2518 2013 1663 2010 2751 2410 1457 1112 1255 727 1936 883 1053 749 1089 740
is_linear=0
shrinkage=0.02


Tree=137
num_leaves=33
num_cat=0
split_feature=3 2 1 1 1 1 1 5 5 2 5 1 5 5 5 1 1 1 1 1 1 1 5 1 1 1 5 1 1 5 1 5
split_gain=1.66097 0.97546 5.52338 2.74137 2.46213 1.71825 1.25082 1.17809 1.06625 1.03607 1.50429 2.25342 0.806204 3.77031 1.52089 1.09009 0.726518 1.2241 1.90716 1.19133 1.57701 1.1677 1.1026 1.84874 1.0333 0.710294 2.24215 0.684637 0.590686 0.319756 0.259364 0.211414
threshold=0.024999999441206459 1.0000000180025095e-35 5.3583333492279062 3.3916667699813847 5.1416666507720956 2.0416666269302373 13.708333015441896 0.44499999284744268 0.045000016689300544 0.014999999664723875 0.05500000715255738 10.041666984558107 0.10000000894069673 0.17500001192092898 0.37500000000000006 3.8249999284744267 11.375000000000002 6.8916666507720956 5.9583332538604745 7.5416667461395273 8.6916666030883807 12.074999809265138 0.17500001192092898 10.458333015441896 12.691666603088381 5.5750000476837167 0.13499999046325686 4.058333396911622 10.341666698455812 0.45499998331069952 13.141666412353517 0.20499998331069949
decision_type=2 2 2 2 2 2 2 2 2 2 2 2 2 2 2 2 2 2 2 2 2 2 2 2 2 2 2 2 2 2 2 2
left_child=1 4 3 -3 5 7 16 -1 -8 10 -4 -12 -7 -14 15 -15 17 18 -6 -19 31 -18 28 -24 -23 -2 -27 29 -22 -16 -26 -21
right_child=25 2 9 -5 6 12 8 -9 -10 -11 11 -13 13 14 27 -17 21 19 -20 20 22 24 23 -25 30 26 -28 -29 -30 -31 -32 -33
leaf_value=0.0025837345128966877 0.00014394322180332598 0.0015700040229761388 -0.0035114866647099185 0.0079823879751837641 -0.00041356924694996289 -0.0045838211286486179 0.00055722613146541198 -0.0019597344860852258 -0.0024942099941647373 0.0015411432893988636 -0.0023393817377894118 0.0017152653678768116 0.003705724065147669 -0.0065174233834623205 0.001468045921756315 -0.002333819915214138 0.0031637901394941203 -0.0027198290923529673 0.0036403441736740138 0.0027573875368734698 0.0014478219049054528 -0.0011085547378255041 -0.003330862154089822 0.0010738154516878662 0.00059944840996243611 -0.00017233902627220563 -0.0048255722072370671 -0.0034731465661659946 -0.00082700252553693707 -0.0013927945515828585 0.0021650207655242999 0.0010781703367480609
leaf_weight=57.751229412853718 66.535543706268072 52.677455462515354 61.44945202767849 54.657178375869989 90.452754214406013 48.092869207262993 80.494345590472221 35.125049475580454 102.4451896995306 101.33017702400684 93.676133912056684 126.41545070335269 40.102224603295326 52.480117030441761 35.347688920795918 52.305020950734615 100.01154236495495 65.347832053899765 92.565097570419312 68.243013754487038 105.38345615565777 88.519512541592121 104.79973291233182 58.040685683488846 74.831907145678997 91.043134093284607 74.231419298797846 26.555223029106855 77.703490480780602 24.925727736204863 101.97762632742524 59.514791563153267
leaf_count=357 387 399 248 356 542 196 324 503 432 475 539 582 177 310 350 293 460 357 547 288 441 396 612 316 326 368 384 302 323 374 441 395
internal_value=6.35314e-07 0.000175876 0.0009569 0.00492162 -5.80286e-05 -0.00148292 0.000361676 0.000860342 -0.00116006 -0.000174374 -0.000798327 -1.60133e-05 -0.00226131 -0.00174416 -0.00291125 -0.00451194 0.000619348 0.000250182 0.00165397 -0.000230798 0.000122571 0.00134362 -0.000579734 -0.00176694 0.000639005 -0.00159972 -0.002295 -0.000921441 0.000483865 0.000278227 0.00151653 0.00200381
internal_weight=2365.03 2133.22 490.206 107.335 1643.02 372.685 1270.33 92.8763 182.94 382.871 281.541 220.092 279.809 231.716 191.614 104.785 1087.39 722.051 183.018 539.033 473.685 365.341 345.927 162.84 265.329 231.81 165.275 86.8286 183.087 60.2734 176.81 127.758
internal_count=12800 11661 2599 755 9062 2862 6200 860 756 1844 1369 1121 2002 1806 1629 603 5444 3821 1089 2732 2375 1623 1692 928 1163 1139 752 1026 764 724 767 683
is_linear=0
shrinkage=0.02


Tree=138
num_leaves=33
num_cat=0
split_feature=3 2 1 1 1 1 1 5 5 5 5 5 5 5 5 1 5 1 5 1 1 1 1 1 1 1 5 1 1 1 1 5
split_gain=1.59669 0.938306 5.3293 3.46159 2.36863 1.65254 1.20228 1.1334 1.02487 0.871835 0.938102 1.50145 1.32723 0.776307 3.62767 1.5017 1.83051 0.943727 0.723164 0.712416 0.69829 1.17669 1.83376 1.14559 1.51624 1.12273 1.05965 1.77728 0.993251 0.567778 0.249289 0.203343
threshold=0.024999999441206459 1.0000000180025095e-35 4.991666555404664 3.3916667699813847 5.1416666507720956 2.0416666269302373 13.708333015441896 0.44499999284744268 0.045000016689300544 0.05500000715255738 0.10000000894069673 0.1449999809265137 0.23500001430511477 0.10000000894069673 0.17500001192092898 3.5083333253860478 0.35000000894069677 4.1749999523162851 0.3249999880790711 8.6916666030883807 11.375000000000002 6.8916666507720956 5.9583332538604745 7.5416667461395273 8.6916666030883807 12.074999809265138 0.17500001192092898 10.458333015441896 12.691666603088381 10.341666698455812 13.141666412353517 0.20499998331069949
decision_type=2 2 2 2 2 2 2 2 2 2 2 2 2 2 2 2 2 2 2 2 2 2 2 2 2 2 2 2 2 2 2 2
left_child=1 4 3 -3 5 7 20 -1 -8 -4 -11 -12 -13 -7 -15 16 -16 -17 -14 -2 21 22 -6 -23 31 -22 29 -28 -27 -26 -30 -25
right_child=19 2 9 -5 6 13 8 -9 -10 10 11 12 18 14 15 17 -18 -19 -20 -21 25 23 -24 24 26 28 27 -29 30 -31 -32 -33
leaf_value=0.0025338214894384732 -0.002797908197081843 0.0015399188304734677 -0.0018471094609874541 0.0091311721024939924 -0.00040547017906326444 -0.0044975386377934133 0.00054634958418105228 -0.001922638030046601 -0.0024452906440455562 0.0026181861361367228 -0.0028494494792806269 0.0025479882944715888 -0.0024003030890244709 0.0036355858799787134 -0.0081186356552716207 0.00087368680552729052 -0.0021405684837748303 -0.0028594870491669799 0.00090755012344419716 -0.0005661422423379951 0.0031023463007425257 -0.0026669625831476878 0.0035698719255211672 0.0027040962358955822 0.0014193968490338418 -0.0010868563744081436 -0.0032657112631301493 0.0010530640475479702 0.00058776695409630596 -0.00081088369324904658 0.0021226449793160908 0.0010572441433511178
leaf_weight=57.750480271875858 102.50791158154607 52.671615477651358 86.852972999215126 43.767631839960814 90.454242646694183 48.073752745985985 80.494695603847504 35.12530080974102 102.4447862431407 59.213547840714455 59.90252773463726 85.507894530892372 52.235386565327644 40.097000181674957 36.10855108499527 46.73528640717268 48.702711071819067 60.085027497261763 50.011687431484461 129.30912641808391 99.992291744798422 65.349967356771231 92.544258590787649 68.23564875125885 105.38405753672123 88.520926162600517 104.79264413192868 58.040153611451387 74.832493491470814 77.702874183654785 101.97318159043789 59.5184619538486
leaf_count=357 572 399 350 284 542 196 324 503 432 241 252 385 273 177 199 379 578 473 415 567 460 357 547 288 441 396 612 316 326 323 441 395
internal_value=5.4317e-07 0.000172369 0.000938412 0.00510063 -5.70368e-05 -0.00145463 0.000354634 0.000843403 -0.00113727 -0.000101712 0.000401045 -0.000145788 0.000737746 -0.00221799 -0.00171065 -0.00285529 -0.00481415 -0.00124014 -0.000795976 -0.0015685 0.000607267 0.000245339 0.00162176 -0.000226224 0.000120307 0.00131736 -0.000568341 -0.00173223 0.000626479 0.000474322 0.00148685 0.00196498
internal_weight=2364.94 2133.12 490.163 96.4392 1642.96 372.678 1270.28 92.8758 182.939 393.724 306.871 247.657 187.755 279.802 231.729 191.632 84.8113 106.82 102.247 231.817 1087.34 722.022 182.999 539.024 473.674 365.319 345.92 162.833 265.327 183.087 176.806 127.754
internal_count=12800 11661 2599 683 9062 2862 6200 860 756 1916 1566 1325 1073 2002 1806 1629 777 852 688 1139 5444 3821 1089 2732 2375 1623 1692 928 1163 764 767 683
is_linear=0
shrinkage=0.02


Tree=139
num_leaves=31
num_cat=0
split_feature=0 0 0 0 0 0 0 0 2 0 0 0 0 3 0 0 0 0 0 0 2 3 0 0 0 3 0 0 0 0
split_gain=66.4823 46.173 9.50095 9.09057 7.08869 2.32171 2.19386 1.11967 0.822991 0.624783 0.90081 0.559144 0.414694 0.381813 0.950567 0.834784 1.11633 0.421896 0.367125 0.32847 0.793404 0.274423 0.232918 0.172224 0.183915 0.108359 0.0836846 0.0657749 0.0587493 0.0359591
threshold=-0.93476513028144825 0.82402130961418163 -0.087851781398057924 1.6977696418762209 -1.3729133009910581 -0.62807917594909657 0.26633311808109289 1.4404313564300539 -0.014999999664723871 -0.29239994287490839 -0.21471925079822538 -1.0583763122558592 -1.8157398104667661 1.0000000180025095e-35 1.0000000180025095e-35 1.0000000180025095e-35 0.11304757371544839 0.11304757371544839 0.62807923555374157 0.31866706907749182 -1.0000000180025095e-35 1.0000000180025095e-35 0.39889179170131689 1.0583764314651491 1.2540397644042971 1.0000000180025095e-35 -0.45380596816539759 -0.7555200159549712 -0.37188962101936335 0.51012541353702556
decision_type=2 2 2 2 2 2 2 2 2 2 2 2 2 2 2 2 2 2 2 2 2 2 2 2 2 2 2 2 2 2
left_child=4 2 5 7 12 27 13 23 -7 26 -11 21 -1 14 -4 -15 -17 -16 19 -8 -21 -6 -22 -3 -25 -12 -10 -2 -28 -24
right_child=1 3 6 -5 11 8 18 -9 9 10 25 -13 -14 15 17 16 -18 -19 -20 20 22 -23 29 24 -26 -27 28 -29 -30 -31
leaf_value=-0.018321092839118053 -0.0041994348557544362 0.0050983432925497518 -0.00093312035593344402 0.016133947160268586 -0.0068364108004729 0.00073862745624455998 0.0030453520661140121 0.0098186766621784858 -0.0024931095379143158 0.00079417753420439174 -0.0020950814331656452 -0.0055152968265783529 -0.012779486948012533 0.0012929261720576587 0.002792098272409573 -0.0025517129867606131 0.00034121049637682576 0.00080883803004550448 0.0031017656439857205 -0.00019023412167332805 0.0030362319628976344 -0.010622044087705805 0.001227744160209835 0.0077849536278931054 0.0052324076997814998 -0.0010129962789542414 -0.0013240368216684846 -0.0031279438124749022 -0.0021428410100518703 0.0019510043249846318
leaf_weight=35.833540756255388 95.386886581778526 103.2744697406888 81.166090488433838 49.361059080809355 35.744791336357594 77.776816084980965 66.835604161024094 41.799408636987209 124.288160353899 97.267265170812607 88.752236664295197 46.788958638906479 44.826314520090818 101.47993648052216 74.164936140179634 90.741986215114594 124.67756149172783 103.8067681491375 115.14980149269104 82.456259772181511 72.932620093226433 34.262361384928226 74.106318801641464 52.641213782131672 44.096128925681114 74.289999678730965 89.756028816103935 88.16228574514389 82.309333667159081 70.711017057299614
leaf_count=545 573 625 327 716 328 327 285 399 554 399 360 311 594 409 299 364 507 426 573 366 337 312 339 407 343 301 390 409 346 329
internal_value=5.21468e-07 0.00101646 -0.000136779 0.00839782 -0.0110494 -0.00175325 0.00111367 0.00669924 -0.00117317 -0.00144198 -0.000718918 -0.00767959 -0.0156251 0.000278531 0.000844905 -0.000187003 -0.00088965 0.00165715 0.00210608 0.00177859 0.00147828 -0.00893271 0.00210608 0.00595657 0.00675097 -0.00162028 -0.00206802 -0.00372404 -0.00173584 0.00160266
internal_weight=2364.85 2167.39 1876.22 291.172 197.456 817.989 1058.23 241.811 634.44 556.663 260.31 116.796 80.6599 576.037 259.138 316.899 215.42 177.972 482.192 367.042 300.206 70.0072 217.75 200.012 96.7373 163.042 296.354 183.549 172.065 144.817
internal_count=12800 10710 8220 2490 2090 3659 4561 1774 2677 2350 1060 951 1139 2332 1052 1280 871 725 2229 1656 1371 640 1005 1375 750 661 1290 982 736 668
is_linear=0
shrinkage=0.02


Tree=140
num_leaves=30
num_cat=0
split_feature=0 0 0 1 0 0 0 0 1 1 1 1 1 1 1 1 4 1 1 1 1 0 5 1 4 3 1 0 1
split_gain=64.4825 44.7318 10.0072 9.69368 7.95997 2.79954 2.65752 2.23968 1.44494 1.18346 1.01577 0.968408 1.33253 2.41964 1.27379 0.88221 1.34817 0.826329 0.788881 0.892417 0.734402 0.750959 0.54067 1.24328 0.958896 0.535401 0.491404 0.48118 0.327413
threshold=-0.93476513028144825 0.89663067460060131 -0.087851781398057924 8.2249999046325701 1.8157399296760561 -1.5998135805130003 0.34515604376792913 -0.62807917594909657 3.4583333730697636 9.5916666984558123 5.8916666507720956 13.525000095367433 12.375000000000002 11.275000095367433 7.9083333015441903 10.291666984558107 1.0000000180025095e-35 5.8416666984558114 14.391666412353517 13.458333015441896 6.0916666984558114 1.1033552885055544 0.029999986290931705 9.5916666984558123 1.0000000180025095e-35 1.0000000180025095e-35 6.9583332538604745 0.21471916884183886 11.891666412353517
decision_type=2 2 2 2 2 2 2 2 2 2 2 2 2 2 2 2 2 2 2 2 2 2 2 2 2 2 2 2 2
left_child=3 2 7 5 8 -1 18 9 -3 10 -2 12 13 14 17 16 26 -9 19 22 -10 -22 23 -4 27 -16 -8 -24 -17
right_child=1 4 6 -5 -6 -7 15 11 20 -11 -12 -13 -14 -15 25 28 -18 -19 -20 -21 21 -23 24 -25 -26 -27 -28 -29 -30
leaf_value=-0.017437561865074561 -0.0042346609823919103 0.010364363513067109 0.0012696572221827203 -0.0027492247606195298 0.017125295904167299 -0.010939790186066277 0.0013128131904648077 -0.0016297727350434931 0.0043298104677182364 -0.0057518218512081802 -0.00050389935336424231 0.00058515323797412244 -0.0035422777440303394 0.0022119680965446923 -0.001613162814106568 0.00014897032139120795 0.0055269776614000629 0.0010689520431941453 -0.0013673149540116799 0.0022294817700808825 0.0050223601527089635 0.0090484655442489657 0.00061608625916808463 -0.0021495666260660179 -0.0011375139451765522 -0.0039553000251604312 0.0033765921897918757 0.0024691199842894044 0.0019884110076245432
leaf_weight=51.46541603654623 56.65571328997612 49.371219873428345 75.491624772548676 45.978514801710844 38.746785823255777 98.364046819508076 107.03427025675774 110.31338161230087 66.328320354223251 67.22733747959137 59.337774962186813 106.00303906202316 101.26307378709316 75.317713677883148 73.675297796726227 65.19220270216465 69.331393763422966 74.382169425487518 84.446721494197845 116.77172237634659 44.19132162630558 52.828808911144733 129.99117894470692 92.621057331562042 75.946311488747597 93.312494337558746 85.395130202174187 99.06257700920105 94.534478902816772
leaf_count=771 325 462 304 374 573 945 513 480 528 347 310 436 428 311 315 304 345 310 341 474 288 439 528 373 312 397 408 419 440
internal_value=3.11813e-07 0.000998216 -4.76566e-05 -0.0109307 0.00889343 -0.013372 0.00120077 -0.00171998 0.00724845 -0.00365768 -0.00236704 -0.0011505 -0.00149968 -0.00100102 -0.00169774 0.00244268 0.00315622 -0.000543111 0.00041959 0.000679155 0.00619271 0.00735311 0.000288736 -0.000617276 0.000788888 -0.00295327 0.00225398 0.00143193 0.00124877
internal_weight=2360.58 2164.77 1913.31 195.808 251.466 149.829 1095.82 817.488 212.72 183.221 115.993 634.267 528.264 427.001 351.683 421.487 261.761 184.696 674.331 589.884 163.348 97.0201 473.113 168.113 305 166.988 192.429 229.054 159.727
internal_count=12800 10710 8420 2090 2290 1716 4761 3659 1717 982 635 2677 2241 1813 1502 2010 1266 790 2751 2410 1255 727 1936 677 1259 712 921 947 744
is_linear=0
shrinkage=0.02


Tree=141
num_leaves=28
num_cat=0
split_feature=0 0 0 1 0 0 0 1 1 1 1 1 1 1 1 3 0 0 1 1 1 0 0 0 1 1 1
split_gain=62.5 43.3422 9.62549 9.52774 7.89233 2.75997 2.55936 2.47078 1.67877 1.41817 1.18442 0.886462 1.96306 1.32267 0.87407 1.3311 1.2661 1.09014 0.758321 0.857829 0.715878 0.735397 0.480851 0.753719 0.527794 0.302151 0.986106
threshold=-0.93476513028144825 0.89663067460060131 -0.087851781398057924 8.1583333015441912 1.8157399296760561 -1.8157398104667661 0.34515604376792913 3.4583333730697636 5.2083332538604745 3.4583333730697636 13.525000095367433 12.375000000000002 11.425000190734865 7.8583333492279062 12.47499990463257 1.0000000180025095e-35 0.62807923555374157 0.53889256715774547 14.391666412353517 13.458333015441896 6.0916666984558114 1.1033552885055544 0.11304757371544839 0.037611209787428386 9.7083330154418963 10.458333015441896 9.4083333015441912
decision_type=2 2 2 2 2 2 2 2 2 2 2 2 2 2 2 2 2 2 2 2 2 2 2 2 2 2 2
left_child=3 2 7 5 9 -1 18 -2 -9 -3 11 12 13 -10 15 17 -17 -8 19 22 -11 -22 23 -4 -24 26 -15
right_child=1 4 6 -5 -6 -7 14 8 10 20 -12 -13 -14 25 -16 16 -18 -19 -20 -21 21 -23 24 -25 -26 -27 -28
leaf_value=-0.018662342908440609 -0.0052892222158482738 0.010241765086204281 0.00050163430212577344 -0.0028443583371753566 0.017036471403336178 -0.011383717950578194 0.0032390125820607606 0.001536782872849055 -0.00057162353177614975 0.0042581493978862935 0.00023186908370628981 -0.0035755292113393809 0.0011903099483896824 -0.0021728402732502485 0.00032902936846152268 0.0025284263242292106 0.0059083489886035409 -5.6689518122196608e-05 -0.0013405453815997213 0.0021859832384117394 0.0049411075414270396 0.0089298918229486143 -6.5659425862154314e-05 -0.0019008620157877579 0.0017513223269311504 -0.0020021631182977956 -0.0053937888125228563
leaf_weight=34.021834548562765 67.935701459646225 48.990764334797859 137.71819059550762 47.228284329175949 38.185904197394848 112.9116130694747 70.955954357981682 71.419488504528999 128.27665695548058 66.13134128600359 110.86992418766022 116.34445884823799 80.881824240088463 92.113399624824524 69.064599737524986 115.72868828475475 76.207354202866554 89.1210046261549 84.450286373496056 116.7534264922142 44.053936794400215 52.489674128592014 123.6148008108139 81.559379309415817 130.17314901947975 80.085849165916443 69.068191006779671
leaf_count=533 343 462 555 387 573 1170 333 337 574 528 461 505 350 420 318 533 391 435 341 474 288 439 511 328 542 349 320
internal_value=4.8446e-07 0.00098029 -4.67944e-05 -0.0108094 0.00877945 -0.013297 0.0011778 -0.00168747 -0.0013476 0.00714431 -0.00165522 -0.00202389 -0.00160907 -0.00222487 0.00239735 0.00279901 0.0039175 0.00142611 0.000411353 0.000665872 0.00609842 0.00724699 0.000283082 -0.000401068 0.000872715 -0.00309194 -0.00360225
internal_weight=2356.36 2162.19 1912.34 194.162 249.852 146.933 1095.35 816.995 749.06 211.666 677.64 566.77 450.426 369.544 421.078 352.013 191.936 160.077 674.269 589.819 162.675 96.5436 473.066 219.278 253.788 241.267 161.182
internal_count=12800 10710 8420 2090 2290 1703 4761 3659 3316 1717 2979 2518 2013 1663 2010 1692 924 768 2751 2410 1255 727 1936 883 1053 1089 740
is_linear=0
shrinkage=0.02


Tree=142
num_leaves=29
num_cat=0
split_feature=0 0 1 0 0 0 0 1 1 1 1 0 1 3 0 1 1 1 1 3 1 1 1 0 1 0 0 1
split_gain=60.5771 41.9932 9.3607 9.25728 7.82352 2.78337 2.46492 2.38408 1.61455 1.3916 1.13958 0.87066 0.842173 1.28394 1.22533 1.05551 0.828182 1.37529 1.66007 0.90296 0.728898 0.824649 0.697729 0.72 0.521326 0.462261 0.724496 0.507451
threshold=-0.93476513028144825 0.89663067460060131 8.1583333015441912 -0.087851781398057924 1.8157399296760561 -1.8157398104667661 0.34515604376792913 3.4583333730697636 5.2083332538604745 3.4583333730697636 13.525000095367433 -0.29239994287490839 12.47499990463257 1.0000000180025095e-35 0.62807923555374157 6.9583332538604745 9.4083333015441912 10.875000000000002 12.308333396911623 1.0000000180025095e-35 14.391666412353517 13.458333015441896 6.0916666984558114 1.1033552885055544 10.341666698455812 0.11304757371544839 0.037611209787428386 9.7083330154418963
decision_type=2 2 2 2 2 2 2 2 2 2 2 2 2 2 2 2 2 2 2 2 2 2 2 2 2 2 2 2
left_child=2 3 5 7 9 -1 20 -2 -9 -3 11 16 13 15 -15 -8 19 -18 -19 -10 21 25 -11 -24 -13 26 -5 -27
right_child=1 4 -4 6 -6 -7 12 8 10 22 -12 24 -14 14 -16 -17 17 18 -20 -21 -22 -23 23 -25 -26 27 -28 -29
leaf_value=-0.01859221302807415 -0.0051972380104213945 0.010119980329890118 -0.0027950981597126556 0.00049173389804132756 0.016947583934464838 -0.01125661816914689 -0.00051129129611538426 0.0015061437102383934 0.00016738467672951639 0.0041874976065676053 0.00022730588567994713 0.00034676706666210351 0.00032267083706458139 0.0024809400448053374 0.0058089421320514905 0.0027542997505372864 -0.0057103047658368811 -0.0002329832827298799 -0.0044384558958453597 -0.002825543260243773 -0.0013143022933777926 0.002143331900516974 0.0048609792525912436 0.0088123434752762127 -0.0017534258080741676 -6.4366425663640241e-05 -0.0018636943298358946 0.0017173909251395304
leaf_weight=33.480155248194933 67.792170584201813 48.616575509309769 47.135605208575726 137.72138597071171 37.634503740817308 111.93524725362659 66.910763874650002 71.455231368541718 75.517666548490524 65.937883235514164 110.87387415766716 80.534242704510689 69.056545212864876 115.62425372004509 75.997596636414528 93.080589517951012 66.813305959105492 79.39409439265728 69.632110789418221 83.996939122676849 84.453706607222557 116.73521786928177 43.918860405683517 52.156100168824196 110.56904280185699 123.61604611575603 81.562068253755569 130.13010141253471
leaf_count=533 343 462 387 555 573 1170 322 337 357 528 461 326 318 533 391 446 320 356 316 392 341 474 288 439 451 511 328 542
internal_value=6.21113e-07 0.000962646 -0.0106888 -4.59423e-05 0.00866641 -0.0131749 0.00115522 -0.00165537 -0.00132172 0.00704127 -0.0016236 -0.00198541 0.00235285 0.00274749 0.0038472 0.00139913 -0.00254365 -0.00335038 -0.00223073 -0.0014241 0.000403224 0.000652783 0.00600528 0.00714201 -0.000873943 0.000277467 -0.000393289 0.000855667
internal_weight=2352.28 2159.73 192.551 1911.47 248.264 145.415 1094.89 816.579 748.787 210.629 677.331 566.457 420.67 351.613 191.622 159.991 375.354 215.84 149.026 159.515 674.219 589.765 162.013 96.075 191.103 473.03 219.283 253.746
internal_count=12800 10710 2090 8420 2290 1703 4761 3659 3316 1717 2979 2518 2010 1692 924 768 1741 992 672 749 2751 2410 1255 727 777 1936 883 1053
is_linear=0
shrinkage=0.02


Tree=143
num_leaves=29
num_cat=0
split_feature=0 0 1 0 0 0 0 0 1 1 1 1 1 1 1 1 4 1 1 1 1 0 5 1 4 1 0 1
split_gain=58.7099 40.6842 9.19728 8.90386 7.75358 2.87707 2.37376 2.14185 1.36523 1.1264 0.982232 0.882873 1.31891 1.66667 1.37869 0.825394 1.25748 0.773959 0.700618 0.792751 0.679948 0.704773 0.493579 1.19729 0.924915 0.461035 0.455216 0.341567
threshold=-0.93476513028144825 0.89663067460060131 8.2249999046325701 -0.087851781398057924 1.8157399296760561 -1.5998135805130003 0.34515604376792913 -0.62807917594909657 3.4583333730697636 9.5916666984558123 5.8916666507720956 13.141666412353517 12.208333015441896 11.041666984558107 7.9083333015441903 10.291666984558107 1.0000000180025095e-35 5.8416666984558114 14.391666412353517 13.458333015441896 6.0916666984558114 1.1033552885055544 0.029999986290931705 9.5916666984558123 1.0000000180025095e-35 5.4583332538604745 0.21471916884183886 11.891666412353517
decision_type=2 2 2 2 2 2 2 2 2 2 2 2 2 2 2 2 2 2 2 2 2 2 2 2 2 2 2 2
left_child=2 3 5 7 8 -1 18 9 -3 10 -2 12 13 14 17 16 25 -9 19 22 -10 -22 23 -5 26 -8 -24 -17
right_child=1 4 -4 6 -6 -7 15 11 20 -11 -12 -13 -14 -15 -16 27 -18 -19 -20 -21 21 -23 24 -25 -26 -27 -28 -29
leaf_value=-0.017188992164045937 -0.00410476368260308 0.0099990113443566651 -0.0026032848347954957 0.0012578843200901017 0.016858621020330554 -0.010549029817490964 0.0033693152656627239 -0.0015386434413968658 0.0041178461244205065 -0.0055702721282181933 -0.00043344625304860392 0.00029880000653303296 -0.0039738346671757121 0.0014998935443992915 -0.0030550927919638432 3.3703384845818942e-05 0.0052970178993177307 0.0010736692138738526 -0.0012885749599126359 0.0021015109475813172 0.0047819643850405269 0.0086958198254624246 0.00058867556475342955 -0.0020973007875997093 -0.0011415874356157276 0.0013254397608407533 0.0023912822277596395 0.0019103901488476899
leaf_weight=49.317782063037157 56.415950208902359 48.248571991920471 45.713556859642267 75.496405720710754 37.092452049255371 95.936152651906013 73.023679107427597 110.15282249450684 65.747889287769794 66.900217726826668 59.238885968923569 145.14235080778599 70.238630324602127 81.686369508504868 151.98270313441753 65.04587359726429 68.913290724158287 74.373752221465111 84.456988275051117 116.71710565686226 43.786059960722923 51.82801753282547 129.96122978627682 92.62687923014164 75.93803882598877 118.8971826583147 98.971495002508163 94.383582875132561
leaf_count=771 325 462 374 304 573 945 349 480 528 347 310 599 300 337 651 304 345 310 341 474 288 439 528 373 312 572 419 440
internal_value=6.99852e-07 0.00094527 -0.0105688 -4.51714e-05 0.00855431 -0.0130063 0.00113304 -0.00162406 0.00693934 -0.00352264 -0.00226363 -0.00106765 -0.00147326 -0.00103636 -0.00165725 0.00230908 0.00300056 -0.000485524 0.000395257 0.000639951 0.00591326 0.00703819 0.000271964 -0.000593567 0.000750025 0.00212984 0.00138193 0.00115462
internal_weight=2348.23 2157.27 190.967 1910.56 246.703 145.254 1094.43 816.132 209.611 182.555 115.655 633.577 488.434 418.196 336.509 420.264 260.834 184.527 674.168 589.711 161.362 95.6141 472.994 168.123 304.871 191.921 228.933 159.429
internal_count=12800 10710 2090 8420 2290 1716 4761 3659 1717 982 635 2677 2078 1778 1441 2010 1266 790 2751 2410 1255 727 1936 677 1259 921 947 744
is_linear=0
shrinkage=0.02


Tree=144
num_leaves=31
num_cat=0
split_feature=0 0 0 0 0 1 0 1 0 2 1 0 1 3 1 1 1 1 1 1 1 1 1 2 1 1 0 0 0 1
split_gain=56.947 40.7388 9.18586 9.03617 3.66638 2.75684 2.87444 3.07972 2.41666 2.06758 1.15761 1.04914 0.944381 0.759515 0.722997 0.652988 1.47854 1.43754 1.34053 0.702139 0.586001 0.369373 1.26743 0.899941 0.863872 0.310159 0.290762 0.209062 0.196429 0.118896
threshold=-1.0583763122558592 0.78930723667144786 -0.24044604599475858 1.6977696418762209 -1.5152822732925413 3.9916666746139531 -0.85975876450538624 8.9250001907348651 0.26633311808109289 -1.0000000180025095e-35 3.1583334207534794 1.1506889462471011 5.0750000476837167 0.024999999441206459 6.8416666984558114 13.708333015441896 14.324999809265138 11.891666412353517 6.9583332538604745 9.2916669845581072 6.3916666507720956 5.3583333492279062 7.7750000953674325 -1.0000000180025095e-35 11.041666984558107 12.891666412353517 -0.37188962101936335 -0.53889259696006764 1.3729134202003481 10.75833320617676
decision_type=2 2 2 2 2 2 2 2 2 2 2 2 2 2 2 2 2 2 2 2 2 2 2 2 2 2 2 2 2 2
left_child=4 2 5 10 -1 -2 -7 20 13 -9 -3 14 -6 15 -12 17 -17 18 -4 -20 -8 -10 -23 -24 -25 -19 27 -11 -13 -21
right_child=1 3 8 -5 12 6 7 9 21 26 11 28 -14 -15 -16 16 -18 25 19 29 -22 22 23 24 -26 -27 -28 -29 -30 -31
leaf_value=-0.016009227469594739 -0.0057005337279488798 0.0090135491225571285 0.001522651301894874 0.015662282721114491 -0.011867616218692931 -0.0055320472893542454 0.0021597204182496853 0.00022742572308532088 0.0029709679440365041 -0.0036195551368468581 0.0020355165807471164 0.0082897446984290628 -0.0068135254015157356 -0.0017159730496276297 0.0052857507086407898 -0.0026753931710997558 0.00092271267814438343 0.0030391893403701425 -0.0024294890376317514 0.00038207066787176248 -0.00011043550287822906 -0.00084472557942952568 0.00032748648655684921 0.0042180949301640772 0.0016432084541258484 0.0012800887917414417 -0.0044478461499672314 -0.001983844939855138 0.0054513273306033925 -0.0007243639927524485
leaf_weight=59.818422224372625 78.536326974630356 46.518379308283329 129.29786162078381 46.245004337280989 32.783944383263588 67.672523215413094 77.834133669734001 86.367831692099571 94.574382737278938 68.862429022789001 49.594251602888107 43.335681281983852 51.0782320946455 85.695292368531227 71.863470613956451 84.562024310231209 95.149766579270363 78.221044689416885 84.728478953242302 76.171285554766655 105.27773334085941 70.412570089101791 82.641829669475555 94.092682272195816 123.57440049946308 90.527095898985863 77.32196369767189 75.628826171159744 40.402803905308247 75.415368914604187
leaf_count=922 427 396 525 716 357 447 352 381 446 331 303 348 500 345 442 342 384 320 341 309 469 331 370 443 564 368 323 331 360 307
internal_value=8.73755e-07 0.000801883 -0.000277858 0.00765226 -0.0121095 -0.00223169 -0.00172572 -0.00118112 0.0007087 -0.00239605 0.00606879 0.00532065 -0.00901972 4.0942e-05 0.00401307 0.000255992 -0.000781161 0.00060641 -0.000100636 -0.000994128 0.000867433 0.00185138 0.00155135 0.00211503 0.00278455 0.00212154 -0.00341046 -0.00280217 0.00707935 -0.000170653
internal_weight=2344.21 2200.53 1902.57 297.96 143.681 637.502 558.965 491.293 1265.06 308.181 251.715 205.196 83.8622 799.768 121.458 714.073 179.712 534.361 365.613 236.315 183.112 465.296 370.721 300.309 217.667 168.748 221.813 144.491 83.7385 151.587
internal_count=12800 11021 8456 2565 1779 3061 2634 2187 5395 1366 1849 1453 857 3241 745 2896 726 2170 1482 957 821 2154 1708 1377 1007 688 985 662 708 616
is_linear=0
shrinkage=0.02


Tree=145
num_leaves=29
num_cat=0
split_feature=0 0 0 0 0 5 0 0 5 0 2 0 3 0 3 0 0 3 0 0 0 0 0 0 3 5 0 0
split_gain=55.2885 39.4261 9.08986 8.57788 3.65183 3.15541 2.15192 1.62095 1.05804 0.708237 0.616858 0.510283 1.43702 0.602957 0.379678 0.56499 0.340014 0.820736 0.283206 0.273435 0.122287 0.232847 0.120598 0.105376 0.57883 0.0943714 0.072514 0.000415531
threshold=-1.0583763122558592 0.82402130961418163 -0.24044604599475858 1.8157399296760561 -1.5152822732925413 0.084999993443489089 -0.62807917594909657 1.4404313564300539 0.064999997615814223 0.11304757371544839 -1.0000000180025095e-35 0.062711661681532874 0.014999999664723875 -0.062711736187338815 1.0000000180025095e-35 -0.34515604376792902 0.51012541353702556 1.0000000180025095e-35 0.31866706907749182 -0.78930723667144764 1.0583764314651491 1.2540397644042971 -0.45380596816539759 0.69039613008499157 1.0000000180025095e-35 0.074999988079071059 0.34515604376792913 -0.42618812620639795
decision_type=2 2 2 2 2 2 2 2 2 2 2 2 2 2 2 2 2 2 2 2 2 2 2 2 2 2 2 2
left_child=4 2 6 7 -1 8 10 20 9 11 -2 12 13 -4 27 22 17 26 -19 -12 -3 -22 -16 24 -18 -10 -7 -8
right_child=1 3 5 -5 -6 16 14 -9 25 -11 19 -13 -14 -15 15 -17 23 18 -20 -21 21 -23 -24 -25 -26 -27 -28 -29
leaf_value=-0.01591124610423789 -0.0054981143585084722 0.004629489088413017 0.00061558968975766759 0.016686327945569408 -0.0089078324600902585 0.0029340459253811351 -0.0022144480490705882 0.0095936380189089367 -0.0011133286557869309 0.002005720220639579 -0.0038019392791381768 -0.0014783084926540816 0.0023783589576827509 -0.0012134068415157878 -0.00088548381206893473 0.00064593355966449228 0.00067126863163856148 0.0013546437712278648 -9.5526115688893828e-05 -0.0020656973221760432 0.0071628868402558721 0.0045495907719764091 -0.0020482158425310986 0.0031723437367215282 0.0032247276067798279 -0.0021682119228843924 0.0019359943468690475 -0.001793929578258188
leaf_weight=59.003578584641218 60.690799176692963 101.57480474561453 122.49561880528927 36.070265095680952 83.29179035872221 86.342480257153511 75.318815767765045 49.887398138642311 77.076664835214615 75.141289368271828 91.1316948980093 81.715324833989143 93.21636563539505 169.97625002264977 79.927033916115761 75.463370651006699 65.533919245004654 102.4248711168766 110.75394862890244 75.743562698364258 51.04689259827137 42.778668090701103 71.60072848200798 65.839541003108025 79.031461164355278 74.034878447651863 76.168484106659889 107.02560447156429
leaf_count=922 344 625 495 573 857 366 337 542 313 307 582 329 374 685 358 312 306 424 500 367 407 343 308 338 374 302 357 453
internal_value=8.39319e-07 0.000787439 -0.000241763 0.00775074 -0.0119921 0.000729907 -0.00219035 0.00631241 -0.000183297 0.000230259 -0.0037434 -6.24991e-05 0.000243546 -0.000448392 -0.00131295 -0.000756619 0.00180765 0.00143298 0.000607344 -0.00304767 0.00538597 0.00609121 -0.00145443 0.00245686 0.00209216 -0.00165172 0.00249548 -0.00198977
internal_weight=2340.31 2198.01 1916.65 281.358 142.295 1279.75 636.902 245.288 693.656 542.545 227.566 467.404 385.688 292.472 409.336 226.991 586.095 375.69 213.179 166.875 195.4 93.8256 151.528 210.405 144.565 151.112 162.511 182.344
internal_count=12800 11021 8531 2490 1779 5470 3061 1917 2805 2190 1293 1883 1554 1180 1768 978 2665 1647 924 949 1375 750 666 1018 680 615 723 790
is_linear=0
shrinkage=0.02


Tree=146
num_leaves=29
num_cat=0
split_feature=0 0 0 0 0 0 0 1 1 0 1 1 1 1 1 1 3 0 0 1 0 1 1 0 1 3 1 1
split_gain=53.6573 38.1693 9.42931 7.54855 3.64031 2.97591 2.12099 1.333 1.23684 1.24496 0.954145 0.847349 1.27699 1.61529 1.31565 0.790732 1.23091 1.14121 1.06838 0.679844 0.683026 0.675105 0.793631 0.477311 0.459028 0.687862 0.51392 0.721118
threshold=-1.0583763122558592 0.89663067460060131 -0.087851781398057924 1.8157399296760561 -1.5152822732925413 -0.62807917594909657 0.34515604376792913 3.4583333730697636 5.5083334445953378 -0.85975876450538624 5.0750000476837167 13.141666412353517 12.208333015441896 11.041666984558107 5.2083332538604745 12.47499990463257 1.0000000180025095e-35 0.62807923555374157 0.53889256715774547 6.0916666984558114 1.1033552885055544 14.391666412353517 13.458333015441896 -0.3186670690774917 12.47499990463257 0.014999999664723875 10.941666603088381 8.4749999046325701
decision_type=2 2 2 2 2 2 2 2 2 2 2 2 2 2 2 2 2 2 2 2 2 2 2 2 2 2 2 2
left_child=4 2 5 7 -1 8 21 -3 -2 -10 -6 12 13 14 -7 16 18 -18 -8 -9 -21 22 24 -16 25 26 27 -4
right_child=1 3 6 -5 10 11 15 19 9 -11 -12 -13 -14 -15 23 -17 17 -19 -20 20 -22 -23 -24 -25 -26 -27 -28 -29
leaf_value=-0.01581312645466228 -0.0059714087072053083 0.009684885391387581 0.0013971057281632932 0.01659707945526458 -0.011658518608790859 0.00044121053880740455 0.0030493750141659367 0.003845455924035904 -0.0050473599503473143 -0.0013527676041608979 -0.0065881962518540508 0.00032627311002013311 -0.0038718873582785154 0.0015163693701598317 -0.0031794210032131454 0.00022119005031652795 0.0023323874693472503 0.0055498079234220657 -0.00021604193871228698 0.0045433300607597947 0.0083947493997689211 -0.0012764383217833033 0.0020791092920720987 -0.0013718142089596834 -0.0010568561180305013 -0.0010423760574644334 0.0023683727424539816 -0.00089869764551798103
leaf_weight=58.202781654894352 66.043963357806206 47.298712946474552 136.49308161437511 35.554890181869268 32.248934857547283 91.909315288066864 70.67451736330986 64.989902094006538 55.653840854763985 105.42786812782288 50.470383785665035 145.09205174446106 70.132201641798019 81.665710300207138 130.340560734272 68.922013074159622 115.28306815028191 75.443749338388443 88.809481039643288 43.386422038078308 50.984548576176167 84.453396201133728 116.69193254411221 113.93466879427433 86.056161940097809 83.902318462729454 77.65482223033905 88.730057895183563
leaf_count=922 407 462 560 573 357 404 333 528 366 520 500 599 300 337 572 318 533 391 435 288 439 341 474 465 352 341 322 361
internal_value=1.02194e-06 0.000773305 -0.000158541 0.00822784 -0.0118734 -0.00172285 0.00107335 0.00664267 -0.00367765 -0.0026755 -0.00879347 -0.00101217 -0.00140983 -0.000980124 -0.00159195 0.00218702 0.00257045 0.00364945 0.00125086 0.00563088 0.00675512 0.000376369 0.000616659 -0.00235431 0.000248502 0.000542878 0.000985978 0.00049269
internal_weight=2336.45 2195.53 1953.31 242.214 140.922 860.2 1093.11 206.66 227.126 161.082 82.7193 633.075 487.982 417.85 336.185 419.133 350.211 190.727 159.484 159.361 94.371 673.982 589.528 244.275 472.836 386.78 302.878 225.223
internal_count=12800 11021 8731 2290 1779 3970 4761 1717 1293 886 857 2677 2078 1778 1441 2010 1692 924 768 1255 727 2751 2410 1037 1936 1584 1243 921
is_linear=0
shrinkage=0.02


Tree=147
num_leaves=29
num_cat=0
split_feature=0 0 0 0 0 0 0 0 2 2 2 3 0 0 0 0 0 0 0 0 3 0 0 0 0 0 0 0
split_gain=52.0898 36.9629 9.07049 7.47453 3.62369 2.87306 2.04245 1.22303 0.7752 0.756075 0.602446 0.52159 1.03574 0.669278 1.15999 0.53794 0.50866 0.507369 0.889559 0.255369 0.10499 0.0857933 0.0702733 0.0628467 0.0625134 0.0377655 0.148543 0.0274073
threshold=-1.0583763122558592 0.89663067460060131 -0.087851781398057924 1.8157399296760561 -1.5152822732925413 -0.62807917594909657 0.34515604376792913 1.4404313564300539 -0.014999999664723871 1.0000000180025095e-35 -1.0000000180025095e-35 1.0000000180025095e-35 1.0000000180025095e-35 1.0000000180025095e-35 0.11304757371544839 0.16367168724536899 0.51012541353702556 -0.29239994287490839 -0.21471925079822538 -0.78930723667144764 1.0000000180025095e-35 -0.45380596816539759 0.65891757607460033 0.21471916884183886 -0.37188962101936335 1.2540397644042971 1.0583764314651491 -1.8157398104667661
decision_type=2 2 2 2 2 2 2 2 2 2 2 2 2 2 2 2 2 2 2 2 2 2 2 2 2 2 2 2
left_child=4 2 5 7 27 10 11 25 -7 16 -2 12 -4 -13 -15 -14 -8 21 -19 -12 -20 -10 -18 -16 -23 26 -3 -1
right_child=1 3 6 -5 -6 8 9 -9 17 -11 19 13 15 14 23 -17 22 18 20 -21 -22 24 -24 -25 -26 -27 -28 -29
leaf_value=-0.017749094295256049 -0.0053485252006575945 0.0048661796587302275 -0.00092884675466466506 0.016507713064092863 -0.0086832835304058026 0.00086203013672891721 0.00062301004466533535 0.0093925816671451261 -0.0022417391526130767 0.0035454910395295099 -0.0036581373106558531 0.001239671131866407 0.002672139181943456 -0.0024675826049467037 0.00068022757691589737 0.00068515139527222343 0.0017761164825925828 0.00089980285731841938 -0.0019653700384112791 -0.0019789357468685299 -0.00090642994465336827 -0.0010831139582931637 0.0026914049952401521 -6.230513849328663e-05 -0.0019026535355694579 0.0043623182593701421 0.0069599071661094053 -0.012077114007154381
leaf_weight=31.848065581172705 60.401903867721558 63.506321907043457 81.16169136762619 35.048353776335716 82.168480098247528 77.644637763500214 125.82662566006184 49.233062095940113 123.72459930181503 112.41636499762535 90.667930871248245 101.49084869027138 109.96247537434101 90.734616115689278 82.715447649359703 109.80694271624088 84.136693120002747 97.167405679821968 88.673060581088066 75.596186712384224 74.233121573925018 89.410889148712158 96.377017304301262 98.072900474071503 82.055335760116577 42.426709793508053 50.541831731796265 25.567761685699224
leaf_count=545 344 425 327 573 857 327 579 542 554 553 582 409 446 364 336 461 388 399 360 367 301 390 490 408 346 343 407 377
internal_value=1.04051e-06 0.000759442 -0.000155582 0.00811946 -0.0117567 -0.00169051 0.00105276 0.00654508 -0.000992579 0.00214628 -0.0036136 0.000368957 0.000985503 -0.000131048 -0.000648719 0.00169448 0.00161315 -0.00125408 -0.00060317 -0.00292724 -0.00149968 -0.00181963 0.00228893 0.000281149 -0.00149272 0.00554192 0.005898 -0.0157149
internal_weight=2332.62 2193.03 1952.28 240.756 139.584 859.575 1092.7 205.708 632.909 418.757 226.666 673.945 300.931 373.014 271.523 219.769 306.34 555.264 260.074 166.264 162.906 295.191 180.514 180.788 171.466 156.475 114.048 57.4158
internal_count=12800 11021 8731 2290 1779 3970 4761 1717 2677 2010 1293 2751 1234 1517 1108 907 1457 2350 1060 949 661 1290 878 744 736 1175 832 922
is_linear=0
shrinkage=0.02


Tree=148
num_leaves=31
num_cat=0
split_feature=3 2 1 5 1 1 1 5 2 5 1 5 5 5 1 1 1 1 1 1 1 1 1 5 1 1 1 1 1 5
split_gain=1.57607 0.827707 5.17405 2.96632 2.30317 1.6079 1.2195 1.09082 1.00995 1.33612 2.24717 1.00593 0.74726 3.45601 1.58135 1.86964 0.978985 0.719508 0.654061 1.136 1.74935 1.16771 1.47259 1.09403 1.77327 0.975267 0.982092 0.563453 0.20132 0.171111
threshold=0.024999999441206459 1.0000000180025095e-35 5.3583333492279062 0.22500000894069674 5.1416666507720956 2.0416666269302373 13.708333015441896 0.44499999284744268 0.014999999664723875 0.05500000715255738 10.041666984558107 0.045000016689300544 0.10000000894069673 0.17500001192092898 3.5083333253860478 2.9083334207534794 4.1749999523162851 8.6916666030883807 11.375000000000002 6.8916666507720956 5.9583332538604745 7.5416667461395273 8.6916666030883807 0.17500001192092898 10.458333015441896 12.074999809265138 12.691666603088381 10.341666698455812 13.141666412353517 0.20499998331069949
decision_type=2 2 2 2 2 2 2 2 2 2 2 2 2 2 2 2 2 2 2 2 2 2 2 2 2 2 2 2 2 2
left_child=1 4 3 -3 5 7 18 -1 9 -4 -11 -8 -7 -14 15 -15 -16 -2 19 20 -6 -21 29 27 -25 -20 -27 -24 -28 -23
right_child=17 2 8 -5 6 12 11 -9 -10 10 -12 -13 13 14 16 -17 -18 -19 25 21 -22 22 23 24 -26 26 28 -29 -30 -31
leaf_value=0.0025187805475658624 -0.0028159311539880821 0.0087881005694605933 -0.0033649313621223753 0.0019092430536471622 -0.00037063590730411603 -0.0044428262817312889 0.00052462292069672479 -0.002040177467957008 0.0015087671247340909 -0.0024133940033461737 0.0016638735593263009 -0.0024407783283758732 0.0035122385575396447 -0.0022607033037236042 0.0010154990397088347 -0.0085240680598142517 -0.0028602674719650878 -0.00055999047750824552 0.0029726699312858373 -0.0026859620572834675 0.0035510435007742713 0.0026570896563215545 0.0014659766506437595 -0.003277701908067511 0.0010711744442057124 -0.0010512110216059924 0.00069775809992671733 -0.0007588064074631883 0.0020881027489160716 0.0011216539937127378
leaf_weight=56.264583848416805 100.65572881698608 42.039688959717751 61.421424627304077 61.683919832110405 88.693943582475185 48.035773053765297 80.475321292877197 31.000709615647793 100.51719915121794 91.855352856218815 125.55696919560432 102.27475137263536 39.932055205106735 47.605475425720215 44.802310097962618 32.296991981565952 57.781651500612497 128.74966945126653 99.414377700537443 64.349518418312073 90.685374300926924 68.063594087958336 105.10952709615231 102.82835514843464 57.158348985016346 88.043161123991013 74.487576652318239 77.539703324437141 101.62039248645306 57.944696594029665
leaf_count=357 572 184 248 571 542 196 324 503 475 539 582 432 177 478 379 299 473 567 460 357 547 288 441 612 316 396 326 323 441 395
internal_value=9.53032e-07 0.000173454 0.000898022 0.00481078 -4.39298e-05 -0.00145545 0.000358897 0.000889802 -0.000191439 -0.000810729 -6.50432e-05 -0.0011434 -0.00221315 -0.0016963 -0.00286177 -0.00493872 -0.00118052 -0.00156561 0.000615712 0.000261968 0.00162927 -0.000202567 0.000148393 -0.000532627 -0.00172994 0.00130362 0.000657842 0.000523505 0.00151447 0.00197958
internal_weight=2328.89 2099.48 483.075 103.724 1616.41 357.72 1258.69 87.2653 379.351 278.834 217.412 182.75 270.454 222.418 182.486 79.9025 102.584 229.405 1075.94 712.373 179.379 532.994 468.644 342.636 159.987 363.566 264.151 182.649 176.108 126.008
internal_count=12800 11661 2599 755 9062 2862 6200 860 1844 1369 1121 756 2002 1806 1629 777 852 1139 5444 3821 1089 2732 2375 1692 928 1623 1163 764 767 683
is_linear=0
shrinkage=0.02


Tree=149
num_leaves=32
num_cat=0
split_feature=3 2 1 5 1 1 1 5 2 5 1 5 5 5 1 1 1 1 5 1 1 1 1 1 5 1 1 1 1 1 5
split_gain=1.51472 0.796456 4.97886 2.855 2.21606 1.54649 1.17218 1.04961 0.971001 1.28511 2.15975 0.966892 0.719456 3.3255 1.52205 1.79891 0.941481 0.699189 2.2475 0.62865 1.09203 1.68209 1.12289 1.41588 1.05142 1.70476 0.93772 0.944037 0.541599 0.193498 0.16458
threshold=0.024999999441206459 1.0000000180025095e-35 5.3583333492279062 0.22500000894069674 5.1416666507720956 2.0416666269302373 13.708333015441896 0.44499999284744268 0.014999999664723875 0.05500000715255738 10.041666984558107 0.045000016689300544 0.10000000894069673 0.17500001192092898 3.5083333253860478 2.9083334207534794 4.1749999523162851 5.5750000476837167 0.13499999046325686 11.375000000000002 6.8916666507720956 5.9583332538604745 7.5416667461395273 8.6916666030883807 0.17500001192092898 10.458333015441896 12.074999809265138 12.691666603088381 10.341666698455812 13.141666412353517 0.20499998331069949
decision_type=2 2 2 2 2 2 2 2 2 2 2 2 2 2 2 2 2 2 2 2 2 2 2 2 2 2 2 2 2 2 2
left_child=1 4 3 -3 5 7 19 -1 9 -4 -11 -8 -7 -14 15 -15 -16 -2 -19 20 21 -6 -22 30 28 -26 -21 -28 -25 -29 -24
right_child=17 2 8 -5 6 12 11 -9 -10 10 -12 -13 13 14 16 -17 -18 18 -20 26 22 -23 23 24 25 -27 27 29 -30 -31 -32
leaf_value=0.0024701648395096297 0.00021511416901744175 0.0086216560550215014 -0.0033004018949462323 0.0018725848988391108 -0.00036338091861991994 -0.0043592167262527714 0.00051438293094655603 -0.0020018060325695465 0.0014792694141838817 -0.0023658779201504612 0.0016312024296472605 -0.0023929140261792306 0.0034457972731062624 -0.0022172716251117131 0.00099608672416885572 -0.0083603020340140416 -0.0028046498944348892 -0.00010636538325822551 -0.004780463600585985 0.0029149387791610119 -0.0026337760131468664 0.0034823708761921503 0.0026057438854928307 0.0014371951927490726 -0.0032136181014375594 0.0010504844549071831 -0.0010306396793709858 0.00068416083420165985 -0.00074401815851303846 0.0020472401879653396 0.0010999013201202881
leaf_weight=56.263863652944565 65.144075013697147 42.032933950424194 61.409116461873055 61.672903310507536 88.69536068290472 48.016512081027031 80.475616559386253 31.001380313187838 100.51109679043293 91.866217255592346 125.55042342841625 102.27410507947206 39.92659555375576 47.60637529566884 44.800931241363287 32.310094483196735 57.788534920662642 91.011120155453682 73.249983035027981 99.395439933985472 64.351662833243608 90.663876932114363 68.056164473295212 105.11022095382214 102.82126802206039 57.157837737351656 88.04438329488039 74.48835776746273 77.539038360118866 101.61570965126157 57.94837474822998
leaf_count=357 387 184 248 571 542 196 324 503 475 539 582 432 177 478 379 299 473 368 384 460 357 547 288 441 612 316 396 326 323 441 395
internal_value=8.8716e-07 0.000170005 0.000880789 0.00471942 -4.32373e-05 -0.00142781 0.000351911 0.000872221 -0.00018789 -0.000795123 -6.3876e-05 -0.00112095 -0.00217092 -0.00166389 -0.00280696 -0.00484437 -0.00115756 -0.00153488 -0.00222315 0.000603706 0.000256896 0.00159756 -0.00019855 0.000145622 -0.000522161 -0.00169597 0.00127814 0.000644953 0.000513188 0.00148484 0.00194123
internal_weight=2328.8 2099.39 483.043 103.706 1616.35 357.714 1258.64 87.2652 379.337 278.826 217.417 182.75 270.449 222.433 182.506 79.9165 102.589 229.405 164.261 1075.89 712.344 179.359 532.985 468.633 342.628 159.979 363.544 264.148 182.649 176.104 126.005
internal_count=12800 11661 2599 755 9062 2862 6200 860 1844 1369 1121 756 2002 1806 1629 777 852 1139 752 5444 3821 1089 2732 2375 1692 928 1623 1163 764 767 683
is_linear=0
shrinkage=0.02


Tree=150
num_leaves=33
num_cat=0
split_feature=0 0 0 0 0 5 1 0 1 1 4 0 1 5 1 1 1 3 0 0 0 0 1 3 1 5 1 0 0 0 5 0
split_gain=50.3331 36.067 8.30594 8.12452 3.60711 2.84809 2.67663 2.56472 3.01008 2.03691 2.03028 1.21748 1.06612 1.02306 0.956262 0.676377 1.74189 1.50146 1.52671 1.03242 1.12944 0.655992 0.659382 1.49257 1.54485 1.45632 0.546694 0.311153 0.193226 0.133915 0.0887314 0.0427698
threshold=-1.0583763122558592 0.82402130961418163 1.8157399296760561 -0.24044604599475858 -1.5152822732925413 0.084999993443489089 3.9916666746139531 -0.85975876450538624 8.9250001907348651 3.1583334207534794 -1.0000000180025095e-35 1.1506889462471011 7.4749999046325692 0.064999997615814223 5.0750000476837167 4.1749999523162851 7.1749999523162851 1.0000000180025095e-35 0.39889179170131689 0.48177458345890051 0.31866706907749182 0.11304757371544839 7.5416667461395273 0.014999999664723875 12.208333015441896 0.029999986290931705 6.3916666507720956 -0.37188962101936335 -0.53889259696006764 1.3729134202003481 0.074999988079071059 -1.9672712087631223
decision_type=2 2 2 2 2 2 2 2 2 2 2 2 2 2 2 2 2 2 2 2 2 2 2 2 2 2 2 2 2 2 2 2
left_child=4 3 9 6 31 13 -2 -8 26 -3 -10 12 -11 21 -6 -7 -17 18 -18 20 -19 22 -5 24 -24 -26 -9 28 -12 -13 -15 -1
right_child=1 2 -4 5 14 15 7 8 10 11 27 29 -14 30 -16 16 17 19 -20 -21 -22 -23 23 -25 25 -27 -28 -29 -30 -31 -32 -33
leaf_value=-0.018297997673842551 -0.0055099975047591589 0.0097891320506087853 0.016433977754480675 -0.0015802523101075586 -0.011431291169363653 0.0034433324713992047 -0.00520320183417642 0.0022040997675321786 0.00032631199915104741 0.0013472552770568424 -0.003445266943392475 0.0079523203076168579 0.0053847230350019606 -0.0011053520876079281 -0.0063583332280335771 -0.0008992505912758836 0.005315569449333985 0.0016227324820972731 0.0015718400441922071 0.0028151961440960956 -0.001762333268176758 0.0019312852477827054 0.0014427199806123605 0.0025291474058554259 -0.0031090105282853059 0.00052310536032953233 7.495956625066573e-06 -0.004343460406966918 -0.0018736224195032506 0.005449566343596308 -0.0021305571771731355 -0.012576728539765266
leaf_weight=24.562318157404661 78.014020308852196 47.519865043461323 34.637173634022474 89.830858111381531 31.680264368653297 76.927098631858826 66.8073790371418 77.723517119884491 86.198178321123123 51.280504934489727 68.582376718521118 42.576676897704601 55.438235908746719 77.055048108100891 49.859957955777645 101.37258595228195 84.150853723287582 79.549828991293907 93.05882029235363 75.601128190755844 74.329164817929268 75.090508475899696 110.4823397397995 89.822172075510025 100.48303447663784 76.702855139970779 105.05842556059361 77.220924377441406 75.487567901611328 45.629088766872883 74.01529885828495 31.968317240476608
leaf_count=408 427 441 573 363 357 359 447 352 381 322 331 348 355 313 500 471 368 329 440 365 333 307 445 360 405 310 469 323 331 451 302 514
internal_value=8.00425e-07 0.000743333 0.00746007 -0.000236016 -0.0116227 0.000682515 -0.0020814 -0.00158326 -0.00107085 0.00605403 -0.00227365 0.00505329 0.00350511 -0.000184777 -0.00855578 0.00170778 0.00143253 0.00201531 0.00338909 0.000934329 -1.401e-05 0.000221945 -5.97768e-05 0.00030847 -0.000397594 -0.0015484 0.000955294 -0.00328025 -0.00265871 0.00680717 -0.00162892 -0.0156029
internal_weight=2328.72 2190.65 277.082 1913.56 138.071 1278.47 635.092 557.078 490.271 242.444 307.489 194.925 106.719 693.482 81.5402 584.989 508.062 406.69 177.21 229.48 153.879 542.412 467.321 377.49 287.668 177.186 182.782 221.291 144.07 88.2058 151.07 56.5306
internal_count=12800 11021 2490 8531 1779 5470 3061 2634 2187 1917 1366 1476 677 2805 857 2665 2306 1835 808 1027 662 2190 1883 1520 1160 715 821 985 662 799 615 922
is_linear=0
shrinkage=0.02


Tree=151
num_leaves=32
num_cat=0
split_feature=0 0 0 0 0 1 0 0 1 1 2 1 1 2 1 1 1 3 1 0 1 0 1 1 0 1 0 0 1 1 0
split_gain=48.8839 34.9335 8.44609 7.33153 3.59356 2.6616 1.95448 1.93757 1.30367 1.20641 1.47551 3.86673 1.1996 1.29875 0.954914 0.943426 0.837017 0.932311 0.818462 1.55006 0.668777 0.665547 0.584502 1.49288 0.467748 0.421406 0.409074 0.37864 1.14536 0.217665 0.0598717
threshold=-1.0583763122558592 0.89663067460060131 -0.087851781398057924 1.8157399296760561 -1.5152822732925413 3.3916667699813847 0.37188957631587988 -0.85975876450538624 3.4583333730697636 7.2583334445953378 -1.0000000180025095e-35 11.275000095367433 10.991666793823244 1.0000000180025095e-35 14.391666412353517 5.0750000476837167 11.891666412353517 0.014999999664723875 9.4083333015441912 -0.51012541353702534 6.0916666984558114 1.1033552885055544 9.8916664123535174 7.5416667461395273 -0.24044604599475858 12.891666412353517 0.11304757371544839 0.51012541353702556 6.5250000953674325 5.2083332538604745 -1.8157398104667661
decision_type=2 2 2 2 2 2 2 2 2 2 2 2 2 2 2 2 2 2 2 2 2 2 2 2 2 2 2 2 2 2 2
left_child=4 2 5 8 30 -2 14 -7 -3 29 11 -11 13 27 16 -6 17 22 -12 -20 -10 -22 23 -4 -21 -18 -27 -8 -29 -9 -1
right_child=1 3 6 -5 15 7 12 9 20 10 18 -13 -14 -15 -16 -17 25 -19 19 24 21 -23 -24 -25 -26 26 -28 28 -30 -31 -32
leaf_value=-0.01758348094014512 -0.005310889948998595 0.0093989772424502502 -0.00018699454493004608 0.016344372402671659 -0.011313976152129509 -0.0044228415673989181 0.00072682139486065155 0.0014013286708194227 0.0036103138912219534 -0.003297774072471853 -0.00032414018976230862 0.0028579203218769759 0.00044307943165458434 0.0052223292981870405 -0.0015703413877269541 -0.0062656748867811309 0.0027532390933459635 -0.0018050248017275486 -0.0050647425124606916 -0.0025082748560877406 0.0043178584075677677 0.0081161544930135783 -0.00071668635885227354 0.0033884866272486931 -0.00072688505092291262 0.0018195506908727549 -0.00012649320784027216 0.00067872363153131108 0.0043329796541464885 -9.7929038617310796e-05 -0.011838042428035572
leaf_weight=30.797402258962393 70.520922467112541 46.45934472233057 119.49346040189266 34.146434355527163 31.392234571278095 70.255957707762718 63.872671455144882 69.05936099588871 64.346508473157883 69.870742753148079 86.651743501424789 92.48249363899231 116.63564343750477 68.898442089557648 86.027861744165421 49.617392145097256 77.616311967372894 82.139953657984734 72.340284451842308 135.36763149499893 43.0105831772089 50.220323666930199 91.715933710336685 74.483789399266243 107.20135876536369 97.330488428473473 76.037460163235664 65.934102848172188 71.565552070736885 84.61563840508461 25.00104932487011
leaf_count=545 372 462 497 573 357 473 294 319 528 311 382 389 549 347 348 500 322 337 344 578 288 439 380 306 436 392 317 321 351 366 377
internal_value=6.10105e-07 0.000730022 -0.00015624 0.00792715 -0.011509 -0.00163861 0.00101011 -0.00129728 0.00637351 -0.000979833 -0.00140688 0.000200848 0.0021485 0.00287581 0.000380905 -0.00844741 0.000656352 4.70646e-05 -0.00205466 -0.00252579 0.00537488 0.00649135 0.000588407 0.0012065 -0.00173339 0.00154187 0.000974327 0.0020295 0.00261554 0.000585164 -0.0155079
internal_weight=2325.11 2188.3 1950.12 238.183 136.808 858.366 1091.75 787.845 204.037 717.589 563.914 162.353 386.906 270.271 704.845 81.0096 618.817 367.833 401.561 314.909 157.577 93.2309 285.693 193.977 242.569 250.984 173.368 201.372 137.5 153.675 55.7985
internal_count=12800 11021 8731 2290 1779 3970 4761 3598 1717 3125 2440 700 1862 1313 2899 857 2551 1520 1740 1358 1255 727 1183 803 1014 1031 709 966 672 685 922
is_linear=0
shrinkage=0.02


Tree=152
num_leaves=33
num_cat=0
split_feature=0 0 0 0 0 1 0 0 1 1 2 1 1 2 1 1 1 3 1 0 1 0 1 1 1 1 1 0 0 1 1 0
split_gain=47.4727 33.823 8.12504 7.25526 3.57897 2.56819 1.8822 1.87129 1.27689 1.16048 1.41923 3.71809 1.15622 1.25453 0.930549 0.917975 0.804695 0.89623 0.78784 1.49642 0.650929 0.650428 0.561979 1.43581 0.459515 1.14997 0.405546 0.393218 0.364887 1.10472 0.209163 0.0773715
threshold=-1.0583763122558592 0.89663067460060131 -0.087851781398057924 1.8157399296760561 -1.5152822732925413 3.3916667699813847 0.37188957631587988 -0.85975876450538624 3.4583333730697636 7.2583334445953378 -1.0000000180025095e-35 11.275000095367433 10.991666793823244 1.0000000180025095e-35 5.0750000476837167 14.391666412353517 11.891666412353517 0.014999999664723875 9.4083333015441912 -0.51012541353702534 6.0916666984558114 1.1033552885055544 9.8916664123535174 7.5416667461395273 13.491666793823244 11.691666603088381 12.891666412353517 0.11304757371544839 0.51012541353702556 6.5250000953674325 5.2083332538604745 -1.9672712087631223
decision_type=2 2 2 2 2 2 2 2 2 2 2 2 2 2 2 2 2 2 2 2 2 2 2 2 2 2 2 2 2 2 2 2
left_child=4 2 5 8 31 -2 15 -7 -3 30 11 -11 13 28 -6 16 17 22 -12 -20 -10 -22 23 -4 25 -21 -18 -28 -8 -30 -9 -1
right_child=1 3 6 -5 14 7 12 9 20 10 18 -13 -14 -15 -16 -17 26 -19 19 24 21 -23 -24 -25 -26 -27 27 -29 29 -31 -32 -33
leaf_value=-0.018160857759149388 -0.0052192748798582838 0.0092829898436199536 -0.00018331311633528296 0.016254624273948116 -0.011197176855054872 -0.0043488202015364626 0.00071290684101818188 0.0013735085321122124 0.0035490228092917215 -0.0032364513907721794 -0.00031782918842147178 0.0028006126446868192 0.00043443957712866973 0.005132559271956931 -0.0061740063457978349 -0.0015395702735398712 0.0027005368397519025 -0.0017695346559583386 -0.004975455787116864 -0.00051494662537935785 0.0042465237743942426 0.0080058674537104406 -0.00070260246838808817 0.0033234566868648313 -0.00036487304568260564 -0.0038146446075406895 0.001783926044523378 -0.00012402520925821502 0.00066573278386870632 0.0042563121198373449 -9.6017899749042536e-05 -0.012354496418043842
leaf_weight=23.807299342006445 70.360354647040367 46.12739222496748 119.4955046325922 33.66417209059 31.109024368226528 70.058798357844353 63.856163814663887 69.089188486337662 64.184791699051857 69.809247776865959 86.64468614757061 92.527880907058716 116.61609636247158 68.73803973197937 49.379119418561459 86.03226725757122 77.587734386324883 82.151619121432304 72.202980369329453 80.506294682621956 42.893217504024506 49.924456268548965 91.723337590694427 74.461741000413895 73.375103697180748 88.597373574972153 97.328634172677994 76.039257749915123 65.915506988763809 71.43489933013916 84.613809183239937 31.26824950799346
leaf_count=408 372 462 497 573 357 473 294 319 528 311 382 389 549 347 500 348 322 337 344 339 288 439 380 306 302 373 392 317 321 351 366 514
internal_value=4.53131e-07 0.000716965 -0.000153249 0.00782141 -0.0113957 -0.00160777 0.000990802 -0.00127266 0.00627894 -0.000960983 -0.00138001 0.000196723 0.00210861 0.00282334 -0.0083399 0.000373504 0.000643588 4.61996e-05 -0.00201562 -0.00247813 0.00529068 0.0063948 0.000577013 0.00118314 -0.00169988 -0.00226812 0.00151191 0.000955227 0.00199169 0.00256745 0.000573689 -0.0154128
internal_weight=2321.52 2185.96 1949.17 236.794 135.564 857.786 1091.38 787.425 203.13 717.367 563.664 162.337 386.561 269.945 80.4881 704.82 618.788 367.832 401.326 314.682 157.002 92.8177 285.681 193.957 242.479 169.104 250.956 173.368 201.207 137.35 153.703 55.0755
internal_count=12800 11021 8731 2290 1779 3970 4761 3598 1717 3125 2440 700 1862 1313 857 2899 2551 1520 1740 1358 1255 727 1183 803 1014 712 1031 709 966 672 685 922
is_linear=0
shrinkage=0.02


Tree=153
num_leaves=30
num_cat=0
split_feature=0 0 0 0 0 0 0 1 1 0 1 1 1 1 1 1 1 4 1 0 1 1 1 1 3 1 1 1 0
split_gain=46.1017 32.7462 7.81654 7.17823 3.56356 2.48699 1.81461 1.25041 1.20588 1.11342 0.917637 0.793777 1.22916 2.2179 1.39631 0.737889 0.730417 1.05912 0.633475 0.635525 0.55582 0.780686 0.471874 0.466812 0.597611 0.486908 0.731472 0.373891 0.0928509
threshold=-1.0583763122558592 0.89663067460060131 -0.087851781398057924 1.8157399296760561 -1.5152822732925413 -0.62807917594909657 0.34515604376792913 3.4583333730697636 5.5083334445953378 -0.85975876450538624 5.0750000476837167 13.141666412353517 11.691666603088381 10.708333015441896 7.9083333015441903 5.8416666984558114 10.291666984558107 1.0000000180025095e-35 6.0916666984558114 1.1033552885055544 14.391666412353517 13.458333015441896 5.4583332538604745 12.47499990463257 0.014999999664723875 10.941666603088381 8.4749999046325701 11.891666412353517 -1.9672712087631223
decision_type=2 2 2 2 2 2 2 2 2 2 2 2 2 2 2 2 2 2 2 2 2 2 2 2 2 2 2 2 2
left_child=4 2 5 7 28 8 20 -3 -2 -10 -6 12 13 14 15 -7 17 22 -9 -20 21 23 -8 24 25 26 -4 -18 -1
right_child=1 3 6 -5 10 11 16 18 9 -11 -12 -13 -14 -15 -16 -17 27 -19 19 -21 -22 -23 -24 -25 -26 -27 -28 -29 -30
leaf_value=-0.018091045292856954 -0.0056486811305698301 0.0091678407017063285 0.0013240780684635781 0.016164726444084489 -0.011080898018282782 -0.0014147210573369809 0.003112767263189748 0.0034886417853650042 -0.0046499355004655527 -0.0011415594914750778 -0.006083325644170981 0.00036576299675046477 -0.0032084245174980085 0.0023727579898191282 -0.0031022217886786741 0.0011371912033958449 -0.00024818977955656368 0.0047797652768902703 0.0041762161970409174 0.0078966030118825421 -0.0011717401026773296 0.0019965745830099351 0.0010512892602907082 -0.0011352847345408095 -0.0009989700822885376 0.0022377540337711302 -0.00098824448924507164 0.0017123603170039485 -0.012245855019366456
leaf_weight=23.432674530893564 65.236570507287979 45.801049947738647 136.3682346791029 33.190260477364063 30.830565221607685 109.87602001428604 72.597128644585609 64.026012863963842 54.809504568576813 104.92127022147179 49.145070925354958 145.00779505074024 105.2993051558733 70.770667478442192 126.98545730113983 74.315241068601608 64.671581640839577 67.971210807561874 42.777871668338776 49.633575320243835 84.454452201724052 116.64379332959652 118.17184746265411 86.002873182296753 83.901033103466034 77.551221653819084 88.693664833903313 93.987773343920708 30.935840860009193
leaf_count=408 407 462 560 573 357 480 349 528 366 520 500 599 446 294 548 310 304 345 288 439 341 474 572 352 341 322 361 440 514
internal_value=2.50606e-07 0.000704105 -0.000150346 0.00771661 -0.0112829 -0.00157756 0.000971863 0.00618544 -0.003375 -0.00238803 -0.00823323 -0.000929366 -0.00131472 -0.000778655 -0.00150595 -0.000383951 0.00200478 0.00265776 0.00520756 0.00629936 0.000327786 0.000545975 0.00185994 0.00018098 0.000478197 0.000891619 0.000412147 0.000920074 -0.0153176
internal_weight=2318.01 2183.67 1948.24 235.429 134.344 857.222 1091.01 202.239 224.967 159.731 79.9756 632.254 487.247 381.947 311.177 184.191 417.4 258.74 156.437 92.4114 673.615 589.161 190.769 472.517 386.514 302.613 225.062 158.659 54.3685
internal_count=12800 11021 8731 2290 1779 3970 4761 1717 1293 886 857 2677 2078 1632 1338 790 2010 1266 1255 727 2751 2410 921 1936 1584 1243 921 744 922
is_linear=0
shrinkage=0.02


Tree=154
num_leaves=32
num_cat=0
split_feature=0 0 0 0 0 1 0 0 0 1 1 1 2 1 1 1 3 1 0 0 1 1 5 1 1 1 1 1 1 0 0
split_gain=44.7684 31.7017 7.53453 7.1005 3.54726 2.49552 2.22128 1.29087 1.23303 0.904698 0.890402 0.841895 3.59603 1.74709 0.769245 1.31348 1.62143 0.999723 0.761872 0.501809 0.492211 0.947059 0.511582 1.37421 1.5259 1.3426 1.24981 0.461782 1.97707 0.443537 0.108747
threshold=-1.0583763122558592 0.89663067460060131 -0.1891338303685188 1.8157399296760561 -1.5152822732925413 3.4583333730697636 0.26633311808109289 -0.85975876450538624 1.4404313564300539 5.0750000476837167 5.7083332538604745 10.458333015441896 -1.0000000180025095e-35 8.9250001907348651 10.291666984558107 6.9583332538604745 1.0000000180025095e-35 11.741666793823244 0.53889256715774547 0.42618820071220404 6.9583332538604745 9.3416666984558123 0.014999985694885256 14.324999809265138 12.574999809265138 11.275000095367433 13.458333015441896 5.4583332538604745 8.1583333015441912 -0.45380596816539759 -1.8157398104667661
decision_type=2 2 2 2 2 2 2 2 2 2 2 2 2 2 2 2 2 2 2 2 2 2 2 2 2 2 2 2 2 2 2
left_child=4 2 5 8 30 -2 20 -7 27 -6 -9 13 -13 -12 15 16 -8 -16 -17 -19 -4 -22 -23 24 25 -24 -26 -3 -29 -14 -1
right_child=1 3 6 -5 9 7 14 10 -10 -11 11 12 29 -15 17 18 -18 19 -20 -21 21 22 23 -25 26 -27 -28 28 -30 -31 -32
leaf_value=-0.017359301452633941 -0.0055123320013813829 0.0064897385588288158 0.0011585693860469389 0.016074671776107573 -0.010965144611744908 -0.0039669334476443432 -0.00090425271543573662 0.00090375391847558094 0.0089665047099340405 -0.0059936311528620565 -0.00095580609428440972 0.0029230264191958551 -0.0033115030659740924 -0.004702195927482819 -0.0010992658505942512 0.002361230663676145 0.0030096113038207114 0.00060365428367464987 0.0054459421463406692 0.002989128924885101 -0.0021004355905074501 -0.0011107326484297237 -0.00051053228420680421 0.0027012810634029854 -0.0033480478551591109 0.0031207275490640384 0.00010805399945900453 0.00064397706368560042 0.0065735501336678772 -0.0013319055683345446 -0.011500627660199851
leaf_weight=29.440339542925358 64.046760261058807 62.908666387200356 134.63994102180004 32.724574070423841 30.556789837777615 68.831377014517784 76.985900789499283 75.962673857808113 47.883685406297445 48.915179222822189 137.04945124685764 78.041206896305084 73.751601874828339 77.45766393840313 69.272268041968346 72.497611835598946 90.149940773844719 71.909637898206711 64.483254015445709 69.726092338562012 85.049749657511711 100.4226101487875 82.712786287069321 85.047172546386719 74.43424753844738 77.328476369380951 92.241682440042496 40.345948196947575 50.224187672138214 125.23832981288433 24.233395595103502
leaf_count=545 351 506 546 573 357 467 368 352 542 500 606 334 339 363 319 330 439 316 326 331 342 404 335 343 303 317 374 297 372 526 377
internal_value=5.75507e-08 0.000691488 -0.000147492 0.00761277 -0.0111705 -0.00180456 0.000784674 -0.00141527 0.00609302 -0.00812742 -0.00109294 -0.00140392 -0.000667877 -0.00233955 0.00178821 0.00243006 0.00121744 0.00084857 0.00387082 0.00180327 7.55315e-05 -0.000171678 0.00015552 0.000468215 -0.00012597 0.00126088 -0.00145677 0.00509271 0.00400311 -0.00209125 -0.0152223
internal_weight=2314.51 2181.37 1947.28 234.087 133.146 700.379 1246.9 636.332 201.362 79.472 567.501 491.538 277.031 214.507 515.025 304.117 167.136 210.908 136.981 141.636 731.877 597.237 512.187 411.764 326.717 160.041 166.676 153.479 90.5701 198.99 53.6737
internal_count=12800 11021 8731 2290 1779 3338 5393 2987 1717 857 2520 2168 1199 969 2429 1463 807 966 656 647 2964 2418 2076 1672 1329 652 677 1175 669 865 922
is_linear=0
shrinkage=0.02


Tree=155
num_leaves=32
num_cat=0
split_feature=0 0 0 0 0 1 0 0 1 1 2 1 1 2 1 1 1 3 1 0 1 0 1 1 5 3 0 0 1 1 0
split_gain=43.4698 30.6871 7.25752 7.02239 3.52994 2.36366 1.67928 1.6758 1.22023 1.09359 1.30592 3.47897 1.08628 1.15938 0.891737 0.878352 0.778173 0.844008 0.771033 1.40385 0.63255 0.626231 0.538979 1.43358 0.473786 0.451409 0.426921 0.343581 1.05504 0.208597 0.126324
threshold=-1.0583763122558592 0.89663067460060131 -0.087851781398057924 1.8157399296760561 -1.5152822732925413 3.3916667699813847 -0.85975876450538624 0.37188957631587988 3.4583333730697636 7.2583334445953378 -1.0000000180025095e-35 11.275000095367433 10.991666793823244 1.0000000180025095e-35 5.0750000476837167 14.391666412353517 11.891666412353517 0.014999999664723875 9.4083333015441912 -0.51012541353702534 6.0916666984558114 1.1033552885055544 9.8916664123535174 7.5416667461395273 0.029999986290931705 1.0000000180025095e-35 -0.24044604599475858 0.51012541353702556 6.5250000953674325 5.2083332538604745 -1.9672712087631223
decision_type=2 2 2 2 2 2 2 2 2 2 2 2 2 2 2 2 2 2 2 2 2 2 2 2 2 2 2 2 2 2 2
left_child=4 2 5 8 30 -2 -7 15 -3 29 11 -11 13 27 -6 16 17 22 -12 -20 -10 -22 23 -4 -18 -26 -21 -9 -29 -8 -1
right_child=1 3 7 -5 14 6 9 12 20 10 18 -13 -14 -15 -16 -17 24 -19 19 26 21 -23 -24 -25 25 -27 -28 28 -30 -31 -32
leaf_value=-0.017953911957689462 -0.0049964885586696742 0.0089612698930652841 -0.00022415124475198494 0.015984454159799752 -0.010849921553914382 -0.0041269120284016378 0.0013830084317698864 0.0006491089342631495 0.0033245219596188093 -0.0031259551751376857 -0.00024461814141193283 0.0027156861985819865 0.00037108432069699396 0.0049142626209586343 -0.0059049208606679528 -0.0015164926974066267 0.0003540521653836054 -0.0017303509154966929 -0.0048047729464717236 -0.0023690151836608993 0.0040272608472384525 0.0077164262119867209 -0.00070607803690432753 0.0032799088204935596 0.0032725975903056571 0.0010873198316468417 -0.00066711015019766643 0.00059112340692144721 0.0041021382409346645 -8.4990717015868294e-05 -0.012024329595709399
leaf_weight=22.715782601386309 69.931099236011505 45.220479629933834 119.46888881921768 32.266988135874271 30.287631243467331 69.47094738483429 69.061319813132286 63.780090019106865 63.590016450732946 69.686813563108444 86.56208960711956 92.596500173211098 116.47190165519714 68.342521205544472 48.689376376569271 86.032219752669334 95.557893633842468 82.150474324822426 71.934295669198036 135.11117129027843 42.533966705203056 49.153060134500265 91.712311789393425 74.429649412631989 73.379782021045685 81.958653405308723 107.15200710296631 65.807954251766205 71.167730912566185 84.592355981469154 30.271898988634348
leaf_count=408 372 462 497 573 357 473 319 294 528 311 382 389 549 347 500 348 385 337 344 578 288 439 380 306 307 339 436 321 351 366 514
internal_value=-1.35867e-07 0.00067906 -0.000144688 0.00750973 -0.0110583 -0.001521 -0.00119996 0.000936833 0.00600145 -0.000905546 -0.0013127 0.000199683 0.00199337 0.00268761 -0.00802246 0.000354745 0.000619013 3.15794e-05 -0.00192307 -0.00238102 0.00503649 0.00612752 0.000546873 0.00114067 0.00147301 0.00214809 -0.0016279 0.0018886 0.0024481 0.00058411 -0.0151269
internal_weight=2311.09 2179.12 1946.36 232.765 131.965 856.099 786.168 1090.26 200.498 716.697 563.043 162.283 385.57 269.098 78.977 704.69 618.658 367.761 400.76 314.197 155.277 91.687 285.611 193.899 250.896 155.338 242.263 200.756 136.976 153.654 52.9877
internal_count=12800 11021 8731 2290 1779 3970 3598 4761 1717 3125 2440 700 1862 1313 857 2899 2551 1520 1740 1358 1255 727 1183 803 1031 646 1014 966 672 685 922
is_linear=0
shrinkage=0.02


Tree=156
num_leaves=32
num_cat=0
split_feature=0 0 0 0 0 1 0 0 0 1 2 1 1 1 0 1 3 0 0 1 1 1 1 1 1 1 1 1 0 1 0
split_gain=42.2091 29.7045 6.98164 6.94339 3.5119 2.28032 1.6214 1.61705 1.21538 1.05191 1.25605 3.34523 0.878761 0.742126 1.35506 0.698585 1.07383 1.08207 1.05621 0.526753 0.733534 0.453186 1.92315 0.435729 0.575838 0.414366 1.09245 0.386002 0.967923 0.215509 0.141165
threshold=-1.0583763122558592 0.89663067460060131 -0.087851781398057924 1.8157399296760561 -1.5152822732925413 3.3916667699813847 -0.85975876450538624 0.34515604376792913 1.4404313564300539 7.2583334445953378 -1.0000000180025095e-35 11.275000095367433 5.0750000476837167 9.4083333015441912 -0.51012541353702534 12.47499990463257 1.0000000180025095e-35 0.53889256715774547 0.62807923555374157 14.391666412353517 13.458333015441896 5.4583332538604745 8.1583333015441912 12.47499990463257 7.5416667461395273 13.491666793823244 11.691666603088381 9.5916666984558123 0.13831529766321185 5.4083333015441903 -1.9672712087631223
decision_type=2 2 2 2 2 2 2 2 2 2 2 2 2 2 2 2 2 2 2 2 2 2 2 2 2 2 2 2 2 2 2
left_child=4 2 5 8 30 -2 -7 19 21 29 11 -11 -6 -12 -15 16 17 -9 -18 20 23 -3 -23 24 -4 26 -16 -26 -29 -8 -1
right_child=1 3 7 -5 12 6 9 15 -10 10 13 -13 -14 14 25 -17 18 -19 -20 -21 -22 22 -24 -25 27 -27 -28 28 -30 -31 -32
leaf_value=-0.01788399568585693 -0.0049098155184868408 0.0063040885738420331 -0.00052521079144538635 0.015894067448956613 -0.010735234152865951 -0.0040572005245417004 -0.0001928939791579396 0.0028403965183619651 0.0087751713032794797 -0.0030677301268700777 -0.00023985096957530072 0.0026613167846056308 -0.0058171924661727893 -0.0047197635279292846 -0.00042918872468126058 5.0187458506702311e-05 0.0020081713041736034 -0.00044966327973325576 0.0051078792225928132 -0.0011484045587390069 0.0019301472430381472 0.00053318805620111221 0.00639210359869737 -0.0011016155837856344 0.0022283754749005671 -0.00032920521885455341 -0.0036454777251321599 -0.0010016624659953065 0.0020305448694578842 0.0012917701953542703 -0.011916188212427464
leaf_weight=22.359896443784237 69.779132649302483 62.357564777135849 146.71909911930561 31.81737894564867 30.023021534085274 69.287544503808022 75.146212249994278 70.35437598824501 47.296671979129314 69.627834275364876 86.556731685996056 92.638865247368813 48.467596098780632 71.802693486213684 80.409172058105469 68.689486637711525 114.50472937524319 88.34725259244442 74.491052895784378 84.454656705260277 116.60231301188469 40.183481797575951 49.813867427408695 86.005231097340584 75.037107169628143 73.345820978283882 88.42220850288868 83.239737719297409 81.437199011445045 78.535256698727608 29.957021117210388
leaf_count=408 372 506 601 573 357 473 346 333 542 311 382 389 500 344 339 318 533 435 391 341 474 297 372 352 306 302 373 336 341 339 514
internal_value=-2.92798e-07 0.000666912 -0.000141906 0.00740779 -0.0109468 -0.00149233 -0.00117715 0.000918957 0.00591116 -0.000888113 -0.00128761 0.000195591 -0.00791837 -0.00188648 -0.00233602 0.00189563 0.00225783 0.00102606 0.00327059 0.000311308 0.000523775 0.00491988 0.00384458 0.000169995 0.000457222 -0.0015964 -0.00213662 0.0010579 0.000504218 0.000572656 -0.0150314
internal_weight=2307.71 2176.9 1945.43 231.469 130.808 855.551 785.772 1089.88 199.652 716.485 562.803 162.267 78.4906 400.537 313.98 416.387 347.697 158.702 188.996 673.495 589.041 152.355 89.9973 472.438 386.433 242.177 168.831 239.714 164.677 153.681 52.3169
internal_count=12800 11021 8731 2290 1779 3970 3598 4761 1717 3125 2440 700 857 1740 1358 2010 1692 768 924 2751 2410 1175 669 1936 1584 1014 712 983 677 685 922
is_linear=0
shrinkage=0.02


Tree=157
num_leaves=31
num_cat=0
split_feature=0 0 0 0 0 5 1 0 1 1 1 1 1 0 1 5 1 1 3 1 0 1 1 4 0 1 3 1 0 5
split_gain=40.9825 28.7561 7.62138 6.2248 3.49302 2.32257 2.29013 2.12146 2.61616 1.6515 1.78204 1.50273 1.0964 0.981258 1.00617 0.959365 0.865777 0.727447 1.46343 1.2054 0.913998 0.713275 0.645354 1.06356 1.21577 2.86488 0.505531 0.337882 0.155788 0.0830123
threshold=-1.0583763122558592 0.82402130961418163 1.6977696418762209 -0.24044604599475858 -1.5152822732925413 0.084999993443489089 3.9916666746139531 -0.85975876450538624 8.9250001907348651 10.458333015441896 11.691666603088381 3.1583334207534794 13.175000190734865 1.1506889462471011 7.4749999046325692 0.064999997615814223 5.0750000476837167 11.525000095367433 1.0000000180025095e-35 4.1749999523162851 0.37188957631587988 8.1583333015441912 7.1749999523162851 1.0000000180025095e-35 0.037611209787428386 13.75833320617676 1.0000000180025095e-35 5.7083332538604745 -1.9672712087631223 0.074999988079071059
decision_type=2 2 2 2 2 2 2 2 2 2 2 2 2 2 2 2 2 2 2 2 2 2 2 2 2 2 2 2 2 2
left_child=4 3 11 6 28 15 -2 -8 26 -10 -11 -3 -12 14 -13 22 -6 19 -19 -7 -21 -22 -5 24 25 -24 -9 -15 -1 -17
right_child=1 2 -4 5 16 17 7 8 9 10 12 13 -14 27 -16 29 -18 18 -20 20 21 -23 23 -25 -26 -27 -28 -29 -30 -31
leaf_value=-0.017814019502889217 -0.0050243897683697504 0.0086698114890151456 0.014634213395209476 0.001650249804826873 -0.010621088230131892 0.0032204979948807495 -0.0046970735825709008 0.0020653043903928734 -0.0047380141131575714 0.001284414160356178 -0.0039387341128464199 0.00093632026728221636 -0.00064654495152414982 0.0077037977359485279 0.0048677048593269261 -0.001079463704828429 -0.0057304436983628753 0.0044741343930101455 0.00099690217297309465 -0.0010425776136942073 0.0024932660933579417 0.00011716984919629574 0.001329508708473055 -0.0017886643255083715 0.0020713215486275857 -0.003404067399993087 -2.8208238934921736e-05 0.0045340151151647759 -0.011808231045782887 -0.0020722641702475516
leaf_weight=22.010150574147701 76.907939255237579 42.381562195718288 40.331123571842909 98.870548903942108 29.76289476826787 76.520291164517403 65.504048734903336 86.98374505341053 68.052698776125908 75.728815242648125 85.091070830821991 50.589789249002934 77.319122180342674 34.848417520523071 54.350742653012276 77.020257234573364 48.249772541224957 84.203413128852844 113.93140798807144 106.79011519253254 93.132702991366386 108.23906974494457 134.66237297654152 112.01395182311535 116.95993514358997 79.77339631319046 95.709891885519028 44.830720856785774 29.647697441279888 73.959319174289703
leaf_count=408 427 389 716 400 357 359 447 394 325 331 378 322 332 309 355 313 500 380 502 457 454 513 542 452 475 321 427 399 514 302
internal_value=-5.41515e-07 0.00065488 0.00677232 -0.00020872 -0.0108356 0.000594937 -0.00182995 -0.00137033 -0.000907268 -0.00203246 -0.00122627 0.0052599 -0.00239834 0.00439259 0.00302542 -0.000187617 -0.00781514 0.00152324 0.0025046 0.00100744 0.000440691 0.00122981 0.000206263 -0.000121678 0.000449124 -0.000446638 0.000980122 0.00607504 -0.0149358 -0.00158653
internal_weight=2304.38 2174.71 267.332 1907.37 129.671 1276.08 631.297 554.389 488.885 306.192 238.139 227.001 162.41 184.62 104.941 693.26 78.0127 582.817 198.135 384.682 308.162 201.372 542.28 443.41 331.396 214.436 182.694 79.6791 51.6578 150.98
internal_count=12800 11021 2490 8531 1779 5470 3061 2634 2187 1366 1041 1774 710 1385 677 2805 857 2665 882 1783 1424 967 2190 1790 1338 863 821 708 922 615
is_linear=0
shrinkage=0.02


Tree=158
num_leaves=31
num_cat=0
split_feature=0 0 0 0 0 1 0 0 0 1 1 1 2 1 1 1 1 1 0 0 1 1 5 1 1 1 1 1 1 1
split_gain=39.7899 27.8427 6.80019 6.45747 3.47999 2.20372 1.91017 1.1713 1.10147 0.875764 0.791718 0.827933 3.2196 1.53774 0.709254 1.27335 1.00446 0.95911 0.709632 0.484695 0.483593 0.954377 0.47039 1.37802 1.50232 1.27876 1.17782 0.431887 1.8528 0.416623
threshold=-1.0583763122558592 0.89663067460060131 1.8157399296760561 -0.1891338303685188 -1.8157398104667661 3.4583333730697636 0.26633311808109289 1.4404313564300539 -0.85975876450538624 8.1583333015441912 5.7083332538604745 10.458333015441896 -1.0000000180025095e-35 8.9250001907348651 10.291666984558107 6.9583332538604745 5.0750000476837167 11.741666793823244 0.53889256715774547 0.42618820071220404 6.9583332538604745 9.3416666984558123 0.014999985694885256 14.324999809265138 12.574999809265138 11.275000095367433 13.458333015441896 5.4583332538604745 8.4083333015441912 12.691666603088381
decision_type=2 2 2 2 2 2 2 2 2 2 2 2 2 2 2 2 2 2 2 2 2 2 2 2 2 2 2 2 2 2
left_child=4 3 7 5 -1 -2 20 27 -7 -6 -10 13 -13 -12 15 16 -8 -16 -17 -19 -5 -22 -23 24 25 -24 -26 -3 -29 -14
right_child=1 2 -4 6 9 8 14 -9 10 -11 11 12 29 -15 17 18 -18 19 -20 -21 21 22 23 -25 26 -27 -28 28 -30 -31
leaf_value=-0.017059792400448751 -0.0051750347292354231 0.0061163955340089154 0.015719505316975961 0.0011424600249284045 -0.009807169413892548 -0.0036794147604799882 0.0022853911049472227 0.0085615857605713282 0.00086983318499440042 -0.0048308411637185428 -0.00093709307751326301 0.0028174199461224458 -0.0027771232881362139 -0.0044585204115880732 -0.0011506247136613601 0.0022415024620608573 -0.00087851473799140849 0.00051665581301953926 0.0052220479784373889 0.0028603241641742124 -0.0021123779707018916 -0.0010618400573779616 -0.00049504228548803231 0.0026885898096027931 -0.0032992121116141911 0.0030495154177478979 5.72657083795916e-05 0.00059609116214189635 0.0063372072743300145 -0.00091932445273508901
leaf_weight=27.74332432076335 63.441919520497322 61.803566358983517 30.973538134247065 134.63747371733189 75.65491408854723 68.091620296239853 103.07490415871143 46.648717999458313 75.999360337853432 25.155078001320362 137.01291432976723 78.126671880483627 105.7343178242445 77.067173346877098 69.199744090437889 72.331760928034782 63.553620249032974 71.811106592416763 64.093589559197426 69.531237155199051 85.041905418038368 100.41420297324657 82.701717481017113 85.035617679357529 74.426510006189346 77.283870697021484 92.203535988926888 42.07090562582016 47.450641229748726 92.755213990807533
leaf_count=545 351 506 573 546 983 467 500 542 352 251 606 334 464 363 319 330 307 316 326 331 342 404 335 343 303 317 374 313 356 401
internal_value=-7.75841e-07 0.000643078 0.00720829 -0.000136901 -0.0107249 -0.00167382 0.00072611 0.00573279 -0.00130874 -0.00868356 -0.00101196 -0.00130576 -0.000576247 -0.00223431 0.00165851 0.00227601 0.00108254 0.000756619 0.003697 0.00169341 6.89434e-05 -0.000176122 0.000152411 0.000452306 -0.000142739 0.00123373 -0.00146328 0.00476045 0.00371114 -0.0019268
internal_weight=2301.07 2172.52 228.947 1943.57 128.553 698.229 1245.34 197.974 634.787 100.81 566.696 490.696 276.616 214.08 513.596 303.054 166.629 210.542 136.425 141.342 731.745 597.107 512.065 411.651 326.616 159.986 166.63 151.325 89.5215 198.49
internal_count=12800 11021 2290 8731 1779 3338 5393 1717 2987 1234 2520 2168 1199 969 2429 1463 807 966 656 647 2964 2418 2076 1672 1329 652 677 1175 669 865
is_linear=0
shrinkage=0.02


Tree=159
num_leaves=32
num_cat=0
split_feature=3 2 1 5 1 1 1 5 2 5 1 5 5 1 1 1 1 1 1 5 2 1 1 1 1 5 5 5 1 1 1
split_gain=1.48393 0.753175 4.75756 4.47836 2.06571 1.56673 1.17654 1.00504 0.948822 1.2179 2.30436 0.88114 3.00723 1.57213 1.51307 0.92299 0.793686 0.707194 0.606807 1.56222 2.82873 3.53257 1.75313 1.78923 2.11206 1.41947 1.30942 1.2374 0.464502 0.384326 0.0138907
threshold=0.024999999441206459 1.0000000180025095e-35 5.3583333492279062 0.22000001370906833 5.1416666507720956 2.0416666269302373 13.708333015441896 0.045000016689300544 0.014999999664723875 0.05500000715255738 10.041666984558107 0.084999993443489089 0.16500000655651095 3.5083333253860478 2.9083334207534794 4.1749999523162851 1.1749999523162844 8.6916666030883807 6.3250000476837167 0.14999999105930331 -1.0000000180025095e-35 10.525000095367433 7.8583333492279062 9.4583330154418963 10.991666793823244 0.25499999523162847 0.10000000894069673 0.05500000715255738 11.691666603088381 11.158333301544191 11.041666984558107
decision_type=2 2 2 2 2 2 2 2 2 2 2 2 2 2 2 2 2 2 2 2 2 2 2 2 2 2 2 2 2 2 2
left_child=1 4 3 -3 5 16 18 -8 9 -4 -11 -7 -13 14 -14 -15 -1 -2 25 26 21 -21 -22 -24 -25 -6 27 28 -20 -29 -28
right_child=17 2 8 -5 6 11 7 -9 -10 10 -12 12 13 15 -16 -17 -18 -19 19 20 22 -23 23 24 -26 -27 30 29 -30 -31 -32
leaf_value=-0.0014065332432482639 -0.0027799891668997597 0.009681398801325701 -0.0032155488624827124 0.0011447906061594129 -2.9075320249249173e-05 -0.0048070747423719518 0.00052945124697608445 -0.0024357364631223677 0.0014771999802510943 -0.0024621758533149886 0.0016910888560993215 0.0030118173664244524 -0.0024005132310202537 0.0010350012123376284 -0.0081666598314867507 -0.0027464137386264166 0.0025249082563662596 -0.0005323806460041402 0.00069840860485378216 -0.0050760191049301663 0.003413610073575938 0.0010369943272488715 -0.0028440423685490062 0.0036600459273705278 -0.00077530851543756215 0.0043230950829879194 0.0031171948485146195 -0.001802768748168016 0.0027634127339382941 0.00018295306035567306 0.002373790548621189
leaf_weight=32.318055395036936 99.041785418987274 40.230507865548134 61.387113764882088 60.315156873315573 66.683946058154106 40.760616675019264 80.449505388736725 102.12907745689154 99.825616337358952 90.390736386179924 124.73723406717181 43.091253221035004 45.622330207377672 44.408292453736067 31.33624667301774 57.054364424198866 49.926981426775455 128.30569908767939 97.177744939923286 91.136020369827747 70.707887750118971 62.679607145488262 67.573658317327499 67.706375036388636 110.45323342084885 52.415813103318214 73.515443995594978 74.351678058505058 79.825233459472656 78.986295908689499 73.319610327482224
leaf_count=387 572 176 248 579 286 166 324 432 475 539 582 189 482 385 302 478 473 567 391 543 482 314 424 387 569 458 320 303 323 326 318
internal_value=-7.27806e-07 0.000168198 0.000863717 0.00468268 -4.07544e-05 -0.00140721 0.000337776 -0.00113761 -0.000175942 -0.00077907 -6.06017e-05 -0.00215862 -0.00163263 -0.00277528 -0.00489578 -0.00110335 0.000983338 -0.00152723 0.000592002 0.000420594 -0.000396859 -0.00260364 0.000685428 -0.000120807 0.000932188 0.00192608 0.00122449 0.000519213 0.00165016 -0.000790713 0.00278287
internal_weight=2297.86 2070.52 476.886 100.546 1593.63 344.518 1249.11 182.579 376.341 276.515 215.128 262.273 221.512 178.421 76.9586 101.463 82.245 227.347 1066.53 947.433 470.257 153.816 316.441 245.733 178.16 119.1 477.176 330.341 177.003 153.338 146.835
internal_count=12800 11661 2599 755 9062 2862 6200 756 1844 1369 1121 2002 1836 1647 784 863 860 1139 5444 4700 2719 857 1862 1380 956 744 1981 1343 714 629 638
is_linear=0
shrinkage=0.02


Tree=160
num_leaves=34
num_cat=0
split_feature=3 2 1 5 1 1 1 5 2 1 5 5 1 5 1 1 1 1 1 5 1 5 2 1 1 1 1 5 5 5 1 1 1
split_gain=1.42632 0.724675 4.57828 4.30985 1.98809 1.50728 1.1311 0.966046 0.91224 1.17979 0.848694 2.89344 1.51313 1.50331 0.887657 0.801311 2.89248 0.763697 0.702803 2.2637 0.583785 1.50178 2.7194 3.39653 1.68558 1.7206 2.03048 1.36592 1.2596 1.18962 0.446665 0.369519 0.0133876
threshold=0.024999999441206459 1.0000000180025095e-35 5.3583333492279062 0.22000001370906833 5.1416666507720956 2.0416666269302373 13.708333015441896 0.045000016689300544 0.014999999664723875 13.341666698455812 0.084999993443489089 0.16500000655651095 3.5083333253860478 0.35000000894069677 4.1749999523162851 11.158333301544191 8.0916666984558123 1.1749999523162844 5.5750000476837167 0.13499999046325686 6.3250000476837167 0.14999999105930331 -1.0000000180025095e-35 10.525000095367433 7.8583333492279062 9.4583330154418963 10.991666793823244 0.25499999523162847 0.10000000894069673 0.05500000715255738 11.691666603088381 11.158333301544191 11.041666984558107
decision_type=2 2 2 2 2 2 2 2 2 2 2 2 2 2 2 2 2 2 2 2 2 2 2 2 2 2 2 2 2 2 2 2 2
left_child=1 4 3 -3 5 17 20 -8 9 15 -7 -12 13 -13 -14 16 -4 -1 -2 -20 27 28 23 -23 -24 -26 -27 -6 29 30 -22 -31 -30
right_child=18 2 8 -5 6 10 7 -9 -10 -11 11 12 14 -15 -16 -17 -18 -19 19 -21 21 22 24 -25 25 26 -28 -29 32 31 -32 -33 -34
leaf_value=-0.0013800339257925398 0.00027662972083401539 0.0094975927868194837 -0.0039736638576428054 0.0011227625636597567 -2.8510702191715025e-05 -0.0047174568791621529 0.0005191172361408002 -0.0023879718695393043 0.0014483210129724224 0.001579956237668769 0.0029545115634398906 -0.0076694648343887612 0.0010152300237535486 -0.0020104816243388976 -0.0026930462399531417 -0.0031167534523322275 0.0018395862546491252 0.0024764230144111981 -6.7213203139597017e-05 -0.0047705614766759613 0.00068472235758481052 -0.0049774146600151271 0.0033472946983536256 0.0010168782835856417 -0.0027890552438004064 0.0035886666621336573 -0.00076008250668406594 0.0042411332636203766 0.0030575323863197617 -0.0017677298012705944 0.0027097329329920611 0.00017938510305252805 0.0023281106795546114
leaf_weight=32.318256981670856 63.869633603841066 40.227636635303497 56.142035230994225 60.307845696806908 66.68403747677803 40.742428123950958 80.449809640645981 102.12845557183027 99.819713231176138 64.113498814404011 43.087342798709869 36.249863132834435 44.406629092991352 40.725072398781776 57.060864206403494 74.875120166689157 81.376776896417141 49.925567757338285 90.986130699515343 72.491459328681231 97.177719593048096 91.122390642762184 70.706190723925829 62.680715054273605 67.567271433770657 67.711730927228928 110.4525952078402 52.399019103497267 73.490248411893845 74.348599269986153 79.818129912018776 78.986023873090744 73.302469700574875
leaf_count=387 387 176 332 579 286 166 324 432 475 269 189 206 385 578 478 344 424 473 368 384 391 543 482 314 424 387 569 458 320 303 323 326 318
internal_value=-6.91745e-07 0.000164931 0.00084718 0.00459371 -4.00361e-05 -0.00138057 0.000331336 -0.00111527 -0.000172694 -0.000764082 -0.00211758 -0.0016015 -0.00272217 -0.00480221 -0.00108189 -0.00147979 -0.000556614 0.000964217 -0.00149727 -0.00218529 0.000580623 0.000412497 -0.000388987 -0.00255281 0.00067216 -0.000118386 0.000914159 0.00188924 0.00120075 0.000509067 0.001618 -0.000775333 0.00272948
internal_weight=2297.75 2070.4 476.863 100.535 1593.54 344.516 1249.03 182.578 376.327 276.507 262.272 221.53 178.442 76.9749 101.467 212.394 137.519 82.2438 227.347 163.478 1066.45 947.364 470.241 153.803 316.438 245.732 178.164 119.083 477.123 330.33 176.996 153.335 146.793
internal_count=12800 11661 2599 755 9062 2862 6200 756 1844 1369 2002 1836 1647 784 863 1100 756 860 1139 752 5444 4700 2719 857 1862 1380 956 744 1981 1343 714 629 638
is_linear=0
shrinkage=0.02


Tree=161
num_leaves=31
num_cat=0
split_feature=0 0 0 0 0 1 5 0 1 2 1 1 1 1 1 1 5 1 0 1 1 2 0 1 1 0 1 0 5 1
split_gain=38.5342 27.0388 7.6842 5.58978 3.47309 2.16887 2.01277 1.9814 2.49487 1.56962 1.26189 1.65557 1.10589 1.00382 1.3075 0.964723 0.883167 0.864872 0.814048 0.648926 0.627709 0.980986 1.16564 2.72829 0.434477 0.388966 0.330662 0.151558 0.076237 0.0165062
threshold=-1.0583763122558592 0.78930723667144786 1.6977696418762209 -0.24044604599475858 -1.8157398104667661 3.9916666746139531 0.084999993443489089 -0.85975876450538624 8.9250001907348651 -1.0000000180025095e-35 11.525000095367433 4.1250000000000009 12.691666603088381 7.1749999523162851 9.5916666984558123 3.1583334207534794 0.064999997615814223 8.1583333015441912 1.1506889462471011 6.8416666984558114 7.1749999523162851 1.0000000180025095e-35 0.037611209787428386 13.75833320617676 6.3916666507720956 -0.37188962101936335 5.7083332538604745 -0.53889259696006764 0.074999988079071059 3.9416667222976689
decision_type=2 2 2 2 2 2 2 2 2 2 2 2 2 2 2 2 2 2 2 2 2 2 2 2 2 2 2 2 2 2
left_child=4 3 15 5 -1 -2 16 -7 24 -10 11 -8 -12 -13 -15 -3 20 29 19 -17 -5 22 23 -22 -9 27 -20 -11 -18 -6
right_child=1 2 -4 6 17 7 10 8 9 25 12 13 -14 14 -16 18 28 -19 26 -21 21 -23 -24 -25 -26 -27 -28 -29 -30 -31
leaf_value=-0.016978515060912077 -0.0048816261979518364 0.0077445050600754607 0.01444100761088939 0.0016177608823584172 -0.0076651626052881994 -0.0045435734433068196 0.0034158142861095454 0.0020828578816846147 0.00031350289996540071 -0.002885211592028375 0.0046238366031090645 -0.0015755831001606627 0.0015033791920853394 0.0024729259667552158 -0.00071408225866088752 0.001310083321608166 -0.001040426192417085 -0.004740517153151008 0.0075138159195678646 0.0043830418445679519 0.0012749523718049488 -0.0017309522692899534 0.0020072892038904967 -0.0033446622624493734 0.00012219746530637844 -0.0040228330084789423 0.0043844230616607851 -0.0015016226347391263 -0.0019924220823173545 -0.010792437791324983
leaf_weight=27.30396942794323 76.539121240377426 43.336808435618877 39.345490280538797 98.859178513288498 32.097005505114794 65.113580718636513 71.694219261407852 77.83885669708252 86.097700044512749 67.748116105794907 73.604928627610207 97.739541828632355 121.71767005324364 100.23473855853081 102.34484671056271 48.415086701512337 77.017484962940216 25.039256881922483 34.491174109280109 69.541453212499619 134.66963195800781 111.99090299010277 116.91597011685371 79.760877296328545 104.84399555623531 76.936456456780434 44.516702339053154 75.037092313170433 73.942880257964134 42.923257771879435
leaf_count=545 427 396 716 400 435 447 336 352 381 331 338 454 531 469 462 303 313 251 309 442 542 452 475 321 469 323 399 331 302 548
internal_value=-6.63543e-07 0.000630846 0.00641206 -0.000230129 -0.0106051 -0.00176513 0.000538839 -0.00131824 -0.000871554 -0.00197144 0.00142001 0.000729616 0.00271423 6.99929e-05 0.000871583 0.0049891 -0.000184398 -0.00856726 0.00431109 0.00316462 0.000193564 -0.000129855 0.000418434 -0.000458416 0.000971119 -0.00286155 0.00590235 -0.00218889 -0.00152668 -0.00968824
internal_weight=2297.66 2170.29 279.647 1890.65 127.363 630.155 1260.49 553.616 488.502 305.819 567.336 372.013 195.323 300.319 202.58 240.301 693.157 100.06 196.964 117.957 542.197 443.337 331.346 214.431 182.683 219.722 79.0079 142.785 150.96 75.0203
internal_count=12800 11021 2565 8456 1779 3061 5395 2634 2187 1366 2590 1721 869 1385 931 1849 2805 1234 1453 745 2190 1790 1338 863 821 985 708 662 615 983
is_linear=0
shrinkage=0.02


Tree=162
num_leaves=32
num_cat=0
split_feature=0 0 0 0 0 1 0 0 1 1 1 1 1 1 2 1 1 1 1 0 1 1 3 0 0 1 0 1 3 0 1
split_gain=37.4003 26.1657 6.65155 5.97373 3.47022 2.09317 1.96248 1.91382 2.39988 1.5215 1.69586 1.20765 3.43637 1.16404 1.07762 1.64973 1.2563 1.06137 0.858284 0.744831 0.844583 0.689602 1.07907 1.04651 1.00887 0.688486 0.628206 0.502972 0.450066 0.19274 0.086412
threshold=-1.0583763122558592 0.89663067460060131 1.8157399296760561 -0.24044604599475858 -1.5152822732925413 3.9916666746139531 0.34515604376792913 -0.85975876450538624 8.9250001907348651 10.458333015441896 11.691666603088381 4.058333396911622 6.3916666507720956 3.4583333730697636 1.0000000180025095e-35 11.791666984558107 13.97499990463257 13.175000190734865 5.0750000476837167 0.21471916884183886 11.041666984558107 12.47499990463257 1.0000000180025095e-35 0.53889256715774547 0.62807923555374157 6.0916666984558114 1.1033552885055544 13.041666984558107 1.0000000180025095e-35 -1.9672712087631223 9.2249999046325701
decision_type=2 2 2 2 2 2 2 2 2 2 2 2 2 2 2 2 2 2 2 2 2 2 2 2 2 2 2 2 2 2 2
left_child=4 3 13 5 29 -2 11 -7 28 -10 -11 -5 -13 -3 16 -16 19 -12 -6 20 30 22 23 -8 -24 -15 -27 -22 -9 -1 -14
right_child=1 2 -4 6 18 7 21 8 9 10 17 12 14 25 15 -17 -18 -19 -20 -21 27 -23 24 -25 -26 26 -28 -29 -30 -31 -32
leaf_value=-0.017603998694707409 -0.0047976595424457646 0.0084852048127337237 0.015547684150870905 0.0025312325519618638 -0.010290475134964427 -0.0044682131192606755 0.0026825005159288808 0.001974741771177852 -0.0045373634593584081 0.0012872196317864691 -0.0038231564677778554 -0.0041760387811959664 0.00020086754283357339 0.0028628234644740014 -0.0031867603686469861 0.00052788054949497155 -0.00097470815279621689 -0.00058364040948565043 -0.0054190355246317721 0.0029922024887990869 0.0025798914188928787 -6.4306704282363606e-05 0.0019118757495968917 -0.00055615448680576703 0.0049445639528913682 0.0036778705471904568 0.0073509402514551148 0.00053208015420825705 -8.3722874537726052e-07 -0.011498861664426855 -0.00075180819968014261
leaf_weight=20.99948438629508 76.357949376106262 43.909976985305548 30.173570677638054 73.322256654500961 29.02663080021739 64.923209726810455 70.110333532094955 87.090648114681244 67.754913195967674 75.718697383999825 84.923670560121536 73.687406316399574 74.586665108799934 62.360998261719942 78.201674610376358 117.29892913997173 128.82290913164616 77.252795547246933 47.473569922149181 79.476586863398552 111.87339746952057 68.534358084201813 114.25211425125599 88.131246417760849 74.134979873895645 41.966209508478642 48.188911821693182 85.112177655100822 95.643394261598587 28.781071212142706 74.425312295556068
leaf_count=408 427 462 573 302 357 447 333 394 325 331 378 301 300 528 318 477 521 332 500 338 456 318 533 435 391 288 439 345 427 514 302
internal_value=-8.21496e-07 0.000619436 0.00701957 -0.00013395 -0.0104942 -0.00173217 0.000634567 -0.00129337 -0.000854822 -0.00193415 -0.00116108 0.000107159 -0.000114288 0.00556604 0.000294934 -0.000975227 0.000744815 -0.00230592 -0.0074825 0.00126757 0.000856495 0.00176786 0.0021284 0.000894332 0.00314472 0.00462665 0.00575809 0.00170933 0.000951905 -0.0146547 -0.00027861
internal_weight=2294.52 2168.24 226.6 1941.64 126.281 629.665 1311.97 553.307 488.384 305.65 237.895 896.807 823.485 196.426 749.798 195.501 554.297 162.176 76.5002 425.474 345.998 415.163 346.629 158.242 188.387 152.516 90.1551 196.986 182.734 49.7806 149.012
internal_count=12800 11021 2290 8731 1779 3061 5670 2634 2187 1366 1041 3660 3358 1717 3057 795 2262 710 857 1741 1403 2010 1692 768 924 1255 727 801 821 922 602
is_linear=0
shrinkage=0.02


Tree=163
num_leaves=28
num_cat=0
split_feature=0 0 0 0 0 5 0 3 0 5 3 2 0 0 0 3 0 0 0 3 3 0 0 0 0 0 5
split_gain=36.307 25.3213 6.56994 5.74752 3.45458 2.36255 1.39486 1.23146 1.13124 0.84956 0.698977 0.647518 0.600673 0.597594 0.572015 1.37399 0.638236 0.556462 1.3625 0.866593 0.321583 0.460014 0.160382 0.153362 0.130246 0.15382 0.0731482
threshold=-1.0583763122558592 0.89663067460060131 1.8157399296760561 -0.24044604599475858 -1.8157398104667661 0.084999993443489089 -0.62807917594909657 0.024999999441206459 1.4404313564300539 0.064999997615814223 0.014999999664723875 -1.0000000180025095e-35 -1.3729133009910581 0.11304757371544839 0.062711661681532874 0.014999999664723875 -0.062711736187338815 0.65891757607460033 0.45380601286888128 1.0000000180025095e-35 1.0000000180025095e-35 -0.34515604376792902 -0.78930723667144764 -0.45380596816539759 1.2540397644042971 1.0583764314651491 0.074999988079071059
decision_type=2 2 2 2 2 2 2 2 2 2 2 2 2 2 2 2 2 2 2 2 2 2 2 2 2 2 2
left_child=4 3 8 6 -1 9 11 10 24 13 17 -2 -6 14 15 16 -5 18 19 -7 -8 23 -13 -22 25 -3 -11
right_child=1 2 -4 5 12 7 20 -9 -10 26 -12 22 -14 -15 -16 -17 -18 -19 -20 -21 21 -23 -24 -25 -26 -27 -28
leaf_value=-0.016826333806493048 -0.0047598228613270057 0.0039851527226122977 0.015456421664313635 0.00066423418362155002 -0.010639128248517062 0.0030989731114135668 -0.0016200667863276194 -0.00097029457943893706 0.0082796073559777781 -0.0010198350440934038 0.0036764315384388607 -0.0028588821961347093 -0.0066917948509913616 0.0018234653564174813 -0.001577458546138644 0.0023339789924256278 -0.0012178575946142625 0.002869177635043726 -0.000489720184760509 0.00072849462328138581 -0.00049509131786777889 0.00077647591502358316 -0.0015197821723505597 -0.0017819004901317751 0.0032097696538673534 0.0059640133434465071 -0.0019524086341992898
leaf_weight=26.506014831364155 59.134996242821217 61.357588171958923 29.760666374117136 122.4096665084362 37.062071513384581 137.03068663179874 181.23984454572201 69.33108751475811 45.814924653619528 77.01727220416069 70.826620370149612 88.09246364235878 61.654799483716488 75.010246708989143 81.638295084238052 93.19254232943058 169.901251912117 99.859407842159271 127.72188690304756 113.72305592894554 79.307619735598564 75.319891571998596 74.784170612692833 71.273444145917892 40.340442351996899 48.137885183095932 73.942431747913361
leaf_count=545 344 425 573 495 594 610 790 314 542 313 333 582 640 307 329 374 685 518 597 493 358 312 367 308 343 407 302
internal_value=-1.0371e-06 0.000608267 0.0069223 -0.000131456 -0.0103849 0.00062234 -0.0016999 0.00151881 0.0054809 -0.000179687 0.00183544 -0.00296972 -0.00835561 0.000191036 -7.77433e-05 0.000246355 -0.000430545 0.00154867 0.00118701 0.00203817 -0.000996343 -0.000486104 -0.00226993 -0.00111954 0.00452736 0.0049465 -0.00149618
internal_weight=2291.39 2166.17 225.412 1940.76 125.223 1311.6 629.152 618.493 195.651 693.112 549.162 222.012 98.7169 542.152 467.142 385.503 292.311 478.335 378.476 250.754 407.141 225.901 162.877 150.581 149.836 109.495 150.96
internal_count=12800 11021 2290 8731 1779 5670 3061 2865 1717 2805 2551 1293 1234 2190 1883 1554 1180 2218 1700 1103 1768 978 949 666 1175 832 615
is_linear=0
shrinkage=0.02


Tree=164
num_leaves=32
num_cat=0
split_feature=0 0 0 0 0 1 0 0 1 1 2 1 2 1 1 1 1 2 1 1 0 1 0 1 0 1 1 0 1 1 1
split_gain=35.2277 24.502 6.48815 5.56163 3.44286 1.97006 1.36035 1.27059 1.14429 1.03458 1.05411 0.88567 1.17187 3.03513 0.852283 0.756005 0.737087 1.05367 0.961893 0.751695 1.30447 0.680183 1.25683 0.679433 0.611823 0.391388 1.04115 0.345348 1.00763 0.209894 0.0543992
threshold=-1.0583763122558592 0.89663067460060131 1.8157399296760561 -0.087851781398057924 -1.8157398104667661 3.3916667699813847 0.37188957631587988 -0.85975876450538624 3.4583333730697636 10.991666793823244 1.0000000180025095e-35 7.2583334445953378 -1.0000000180025095e-35 11.275000095367433 8.1583333015441912 14.391666412353517 7.5416667461395273 1.0000000180025095e-35 4.741666555404664 10.525000095367433 0.13831529766321185 9.4083333015441912 -0.51012541353702534 6.0916666984558114 1.1033552885055544 13.491666793823244 11.691666603088381 0.51012541353702556 6.5250000953674325 5.4083333015441903 3.9416667222976689
decision_type=2 2 2 2 2 2 2 2 2 2 2 2 2 2 2 2 2 2 2 2 2 2 2 2 2 2 2 2 2 2 2
left_child=4 3 8 5 -1 -2 15 -7 -3 10 27 29 13 -13 30 16 18 19 -5 -18 -21 -14 -23 -10 -25 26 -24 -8 -29 -9 -6
right_child=1 2 -4 6 14 7 9 11 23 -11 -12 12 21 -15 -16 -17 17 -19 -20 20 -22 22 25 24 -26 -27 -28 28 -30 -31 -32
leaf_value=-0.01674865460505973 -0.0045320906384418713 0.008301379081114748 0.015364968222264184 0.00093848353017508021 -0.0073168512436330713 -0.0036168056927143449 0.0004555218404956347 -0.00020605812852571368 0.0027176728443940828 0.00019094016447741141 0.0045849952191012238 -0.0028439654274430028 -0.00016144287941227773 0.0026199189129518068 -0.0044657845446898691 -0.0014414404202081281 0.0029867037700764742 -0.0006739422075106898 -0.0021590947185485231 0.002206097020743722 -0.00069939378995848098 -0.0044700228450442999 -0.00031782491952061327 0.0035440906303832792 0.0071697159191605377 -0.00022811218782527211 -0.0034577835364968433 0.00044149832197564349 0.0038751279466953704 0.0012588913853990628 -0.010504771529532953
leaf_weight=26.109636142849922 68.974300697445869 43.420868333429098 29.3550407551229 77.307164862751961 31.381819520145655 68.140101782977581 63.529168322682381 75.10129402577877 61.988809444010258 116.03352418541908 67.721612602472305 69.319097965955734 86.439435660839081 92.643904507160187 24.693149160593748 86.010748684406281 96.112116754055023 118.68652676045895 79.456877440214157 135.56042101979256 110.87772014737129 71.398620530962944 80.285929709672928 41.75150254368782 47.726806547492743 73.276286199688911 88.190317675471306 65.573245406150818 70.762054085731506 78.572326377034187 41.98148525878787
leaf_count=545 372 462 573 323 435 473 294 346 528 549 347 311 382 389 251 348 396 487 328 548 469 344 339 288 439 302 373 321 351 339 548
internal_value=-1.05256e-06 0.00059729 0.0068259 -0.000128968 -0.0102743 -0.00133696 0.000818416 -0.00104481 0.00539669 0.0017734 0.00245309 -0.000790376 -0.0011577 0.000275247 -0.00825005 0.000294492 0.000539962 0.000941682 -0.000638965 0.00150212 0.000903749 -0.00173698 -0.00216809 0.00446667 0.00559243 -0.00145714 -0.00198275 0.00169245 0.00225391 0.000549512 -0.00937147
internal_weight=2288.38 2164.22 224.243 1939.97 124.166 852.342 1087.63 783.367 194.888 383.62 267.586 715.227 561.554 161.963 98.0565 704.012 618.001 461.237 156.764 342.55 246.438 399.591 313.151 151.467 89.4783 241.753 168.476 199.864 136.335 153.674 73.3633
internal_count=12800 11021 2290 8731 1779 3970 4761 3598 1717 1862 1313 3125 2440 700 1234 2899 2551 1900 651 1413 1017 1740 1358 1255 727 1014 712 966 672 685 983
is_linear=0
shrinkage=0.02


Tree=165
num_leaves=33
num_cat=0
split_feature=3 2 1 5 1 1 1 5 2 1 5 5 1 1 1 1 1 1 1 1 5 2 1 1 1 1 5 5 5 1 1 1
split_gain=1.37455 0.715509 4.35783 4.18124 1.90355 1.45295 1.03914 0.959289 0.857383 1.14805 0.809497 2.80463 1.51141 1.48303 0.879722 0.750919 2.83003 0.741745 0.701994 0.590927 1.34888 2.67399 3.26431 1.59245 1.71497 1.95187 1.33999 1.21353 1.07779 0.415715 0.34772 0.00978357
threshold=0.024999999441206459 1.0000000180025095e-35 5.3583333492279062 0.22000001370906833 5.1416666507720956 2.0416666269302373 13.708333015441896 0.045000016689300544 0.014999999664723875 13.341666698455812 0.084999993443489089 0.16500000655651095 3.5083333253860478 2.9083334207534794 4.1749999523162851 11.158333301544191 8.0916666984558123 1.1749999523162844 8.6916666030883807 6.3250000476837167 0.14999999105930331 -1.0000000180025095e-35 10.525000095367433 7.8583333492279062 9.4583330154418963 10.991666793823244 0.25499999523162847 0.10000000894069673 0.05500000715255738 11.691666603088381 11.158333301544191 11.041666984558107
decision_type=2 2 2 2 2 2 2 2 2 2 2 2 2 2 2 2 2 2 2 2 2 2 2 2 2 2 2 2 2 2 2 2
left_child=1 4 3 -3 5 17 19 -8 9 15 -7 -12 13 -13 -14 16 -4 -1 -2 26 27 22 -22 -23 -25 -26 -6 28 29 -21 -30 -29
right_child=18 2 8 -5 6 10 7 -9 -10 -11 11 12 14 -15 -16 -17 -18 -19 -20 20 21 23 -24 24 25 -27 -28 31 30 -31 -32 -33
leaf_value=-0.0013805434711369555 -0.0027257145399588825 0.0093380870169130232 -0.0039287214927596903 0.001054512501629343 -1.1628296699713754e-05 -0.0046273400001846394 0.00056132374947564351 -0.0023354039507101619 0.0014219301721566339 0.0015855162104327248 0.0029032883704631779 -0.0023033296742944694 0.0010502960546520973 -0.0080649560605358644 -0.0026655457595575077 -0.0030201987409976872 0.0018360582554313738 0.0024673149599079187 -0.00048306400319406411 0.00061527490373728072 -0.0049122000209981097 0.0032962177904748684 0.00097907252884308661 -0.0027629341582989988 0.0035762915786592816 -0.0006989498339593492 0.0042341349736938708 0.0029463408104212002 -0.0017266357918552984 0.0025674474594871237 0.00016271772583396291 0.0022612168089345677
leaf_weight=31.373344488441944 98.429388325661421 40.16070918738842 55.809799540787935 59.170926380902529 66.698546305298805 40.721584379673004 80.434677883982658 102.06337860226631 99.527107644826174 64.077835477888584 43.01308698952198 44.561646554619074 43.754344657063484 30.74493421241641 56.337704878300428 74.703934889286757 81.026702649891376 48.93371781334281 128.14033370837569 97.171415537595749 90.448668859899044 70.061501532793045 62.473161414265633 67.083725195378065 67.312291365116835 109.98171561956406 51.635068953037262 73.342649355530739 74.326648011803627 79.792153969407082 78.956539466977119 73.149430096149445
leaf_count=387 572 176 332 579 286 166 324 432 475 269 189 482 385 302 478 344 424 473 567 391 543 482 314 424 387 569 458 320 303 323 326 318
internal_value=-1.16794e-06 0.000162038 0.000841593 0.00452184 -4.22748e-05 -0.00136535 0.000320083 -0.00106645 -0.000151681 -0.00072607 -0.00209005 -0.00157929 -0.00269889 -0.00480339 -0.00105244 -0.00143457 -0.000537875 0.000967064 -0.00147267 0.000559808 0.000390635 -0.000372282 -0.00252387 0.000683442 -8.63001e-05 0.000945996 0.0018806 0.00113697 0.000458694 0.00151436 -0.000763864 0.00263929
internal_weight=2285.42 2058.85 474.477 99.3316 1584.37 339.44 1244.93 182.498 375.145 275.618 259.133 218.412 175.399 75.3066 100.092 211.54 136.837 80.3071 226.57 1062.43 944.1 467.361 152.922 314.439 244.378 177.294 118.334 476.739 330.247 176.964 153.283 146.492
internal_count=12800 11661 2599 755 9062 2862 6200 756 1844 1369 2002 1836 1647 784 863 1100 756 860 1139 5444 4700 2719 857 1862 1380 956 744 1981 1343 714 629 638
is_linear=0
shrinkage=0.02


Tree=166
num_leaves=29
num_cat=0
split_feature=0 0 0 0 0 3 5 0 2 0 0 0 0 0 3 0 0 3 0 0 3 0 3 2 0 0 0 0
split_gain=34.1355 23.7624 7.26102 4.78586 3.42959 1.87015 2.12578 1.28916 0.620032 0.608888 0.591282 1.04756 0.881936 0.590498 0.823691 0.502094 0.320456 0.309519 0.428748 0.221276 0.350532 0.292883 0.255469 0.168102 0.255502 0.248886 0.153908 0.151344
threshold=-1.0583763122558592 0.78930723667144786 1.6977696418762209 -0.24044604599475858 -1.8157398104667661 0.024999999441206459 0.084999993443489089 -0.62807917594909657 -1.0000000180025095e-35 -1.3729133009910581 -1.0000000180025095e-35 -0.062711736187338815 -0.13831529766321179 1.0583764314651491 1.0000000180025095e-35 1.4404313564300539 1.2540397644042971 1.0000000180025095e-35 -0.34515604376792902 0.39889179170131689 1.0000000180025095e-35 0.56811311841011058 1.0000000180025095e-35 -1.0000000180025095e-35 0.13831529766321185 0.062711661681532874 -0.45380596816539759 -0.78930723667144764
decision_type=2 2 2 2 2 2 2 2 2 2 2 2 2 2 2 2 2 2 2 2 2 2 2 2 2 2 2 2
left_child=4 3 13 7 -1 6 10 8 -2 -6 11 12 -5 14 -3 16 -15 -9 26 20 -8 22 -21 -12 25 -25 -19 -10
right_child=1 2 -4 5 9 -7 19 17 27 -11 23 -13 -14 15 -16 -17 -18 18 -20 21 -22 -23 -24 24 -26 -27 -28 -29
leaf_value=-0.016667371802164564 -0.0046174432526123466 0.0016051801747365678 0.014059110366380941 -0.0013606815712896259 -0.01043655639507538 -0.0016917246816638095 0.0029679436293501096 -0.0015753595012076508 -0.0027511731972802646 -0.0064805016556913628 -0.00022286821389340885 -0.0026245569103006301 0.0012296358970619009 0.0057951121899505664 0.0050950337623185257 0.0077666160150802301 0.0030614384499703666 -0.00045046382868047847 0.00075581359009919459 -0.0001817152670503622 0.0013998748406430176 0.0020073332736992681 0.0015158243132904672 0.0010950589115557568 0.0017359571288641674 -0.00042176926494252837 -0.0017380242980803014 -0.0014508459164595774
leaf_weight=25.703948300331831 58.858754530549049 52.753797672688961 37.497524529695511 93.66308668255806 36.437470339238644 137.35911969840527 115.38310995697975 181.10599248111248 87.755252681672573 60.945879243314266 83.012394949793816 78.294618040323257 114.73848477005959 47.748202376067638 59.877488858997822 36.782928429543972 40.082786478102207 79.23601096868515 75.327430471777916 70.61314395070076 124.27586987614632 124.75993271172047 68.470799952745438 87.604376524686813 79.043101638555527 82.107547581195831 71.222301587462425 74.666816353797913
leaf_count=545 344 325 716 382 594 579 511 790 582 640 335 317 463 407 375 399 343 358 312 327 535 623 315 352 323 333 308 367
internal_value=-1.12217e-06 0.000586007 0.00605906 -0.000216216 -0.0101595 0.000495118 0.000765381 -0.0016393 -0.00286265 -0.00814096 -2.09039e-05 -0.000683622 6.35871e-05 0.00468766 0.00351699 0.00567349 0.0046435 -0.000963259 -0.000462763 0.00172745 0.00217313 0.00130932 0.000663622 0.000552447 0.000810893 0.000364844 -0.00107476 -0.00217832
internal_weight=2285.33 2162.24 274.743 1887.5 123.087 1259.33 1121.97 628.173 221.281 97.3833 618.464 286.696 208.402 237.245 112.631 124.614 87.831 406.892 225.786 503.503 239.659 263.844 139.084 331.767 248.755 169.712 150.458 162.422
internal_count=12800 11021 2565 8456 1779 5395 4816 3061 1293 1234 2505 1162 845 1849 700 1149 750 1768 978 2311 1046 1265 642 1343 1008 685 666 949
is_linear=0
shrinkage=0.02


Tree=167
num_leaves=32
num_cat=0
split_feature=0 0 0 0 0 1 0 0 1 4 1 4 1 1 1 1 1 3 1 0 1 1 0 5 3 1 1 0 1 1 1
split_gain=33.1172 23.0048 6.19444 5.13981 3.41617 1.90186 1.30463 1.18561 0.990282 1.00106 0.848458 1.15454 2.86447 0.843386 0.751023 0.714257 0.720801 0.769901 0.660985 1.20419 0.532182 1.33006 0.52064 0.418787 0.393769 0.390895 0.382853 0.330795 0.966377 0.212736 0.0744885
threshold=-1.0583763122558592 0.89663067460060131 1.6977696418762209 -0.087851781398057924 -1.8157398104667661 3.3916667699813847 0.37188957631587988 -0.85975876450538624 10.991666793823244 1.0000000180025095e-35 7.2583334445953378 -1.0000000180025095e-35 11.275000095367433 8.1583333015441912 3.1583334207534794 14.391666412353517 11.891666412353517 0.014999999664723875 9.4083333015441912 -0.51012541353702534 9.8916664123535174 7.5416667461395273 1.1506889462471011 0.029999986290931705 1.0000000180025095e-35 12.791666984558107 5.7083332538604745 0.51012541353702556 6.5250000953674325 5.2083332538604745 3.9416667222976689
decision_type=2 2 2 2 2 2 2 2 2 2 2 2 2 2 2 2 2 2 2 2 2 2 2 2 2 2 2 2 2 2 2
left_child=4 3 14 5 -1 -2 15 -7 9 27 29 12 -12 30 -3 16 17 20 -13 -20 21 -5 -16 -18 -25 -21 -24 -8 -29 -9 -6
right_child=1 2 -4 6 13 7 8 10 -10 -11 11 18 -14 -15 22 -17 23 -19 19 25 -22 -23 26 24 -26 -27 -28 28 -30 -31 -32
leaf_value=-0.016589248123184405 -0.0044319885045731111 0.0077610571291553835 0.013958025261278153 -0.00028463315490199326 -0.0070926926497434694 -0.0034916669607019789 0.00043545913074129915 0.0013631810814057111 0.0001730658116898031 0.0044681696121996713 -0.002728286385821131 -0.00013770539179552903 0.0025827929254510686 -0.0042821147197611761 0.0029658139078012459 -0.0014150377811532279 0.00028257646993742387 -0.0017369822783789744 -0.004371755272614351 -0.0021651347558208698 -0.00080569752629693861 0.0030926917221216024 0.0071726966679852722 0.0030204379906429947 0.00097923965973636517 -0.00054569903501268543 0.0039231360734208118 0.00042142303995455966 0.0037858087616583851 -0.00011885185625339352 -0.010305247398598005
leaf_weight=25.32176274433732 68.762599006295204 34.830161914229393 37.03287585452199 119.27402223646641 30.934113472700119 67.817365847527981 63.496808126568794 68.999694585800171 115.9857931137085 67.503476411104202 69.171546787023544 86.399052828550339 92.661965981125832 24.464999597519636 72.747790090739727 86.011706367135048 95.506367832422256 82.11016446352005 71.244746416807175 128.90945601463318 91.583632916212082 74.280847474932671 33.856389865279198 73.171414405107498 81.866530194878578 112.738455966115 43.577386468648911 65.537592098116875 70.606183633208275 84.630058780312538 41.347572982311249
leaf_count=545 372 355 716 497 435 473 294 319 549 347 311 382 389 251 511 348 385 337 344 545 380 306 309 307 339 469 399 321 351 366 548
internal_value=-1.15443e-06 0.000575418 0.00664307 -0.000125812 -0.0100499 -0.00128792 0.000785093 -0.00100106 0.00172105 0.00238686 -0.000755663 -0.00111541 0.000307116 -0.00803698 0.00504526 0.000272151 0.000510857 -5.44441e-05 -0.00169062 -0.00211582 0.000438793 0.00102986 0.00432169 0.00133335 0.0019688 -0.00142028 0.00548876 0.00164578 0.00219579 0.000555738 -0.00915837
internal_weight=2282.38 2160.31 222.045 1938.27 122.068 851.335 1086.93 782.572 383.13 267.144 714.755 561.125 161.834 96.7467 185.012 703.805 617.793 367.249 399.292 312.893 285.139 193.555 150.182 250.544 155.038 241.648 77.4338 199.641 136.144 153.63 72.2817
internal_count=12800 11021 2290 8731 1779 3970 4761 3598 1862 1313 3125 2440 700 1234 1574 2899 2551 1520 1740 1358 1183 803 1219 1031 646 1014 708 966 672 685 983
is_linear=0
shrinkage=0.02


Tree=168
num_leaves=32
num_cat=0
split_feature=0 0 0 0 0 1 0 0 1 4 1 1 4 1 0 1 1 1 1 1 1 0 1 1 5 3 1 0 1 1 1
split_gain=32.1351 22.257 6.10238 4.9442 3.40094 1.83416 1.25594 1.14409 0.954007 0.966421 0.826851 0.816063 1.1103 2.75413 0.736099 0.686663 0.693117 0.749551 0.977947 0.920291 0.636091 1.16201 0.434303 1.87444 0.402914 0.379053 0.375968 0.318645 0.9317 0.21434 0.0751295
threshold=-1.0583763122558592 0.89663067460060131 1.6977696418762209 -0.087851781398057924 -1.8157398104667661 3.3916667699813847 0.37188957631587988 -0.85975876450538624 10.991666793823244 1.0000000180025095e-35 8.1583333015441912 7.2583334445953378 -1.0000000180025095e-35 11.275000095367433 1.4404313564300539 14.391666412353517 11.891666412353517 10.525000095367433 7.5416667461395273 4.741666555404664 9.4083333015441912 -0.51012541353702534 5.4583332538604745 8.1583333015441912 0.029999986290931705 1.0000000180025095e-35 12.791666984558107 0.51012541353702556 6.5250000953674325 5.4083333015441903 3.9416667222976689
decision_type=2 2 2 2 2 2 2 2 2 2 2 2 2 2 2 2 2 2 2 2 2 2 2 2 2 2 2 2 2 2 2
left_child=4 3 14 5 -1 -2 15 -7 9 27 30 29 13 -13 22 16 17 18 19 -5 -14 -22 -3 -24 -18 -26 -23 -8 -29 -9 -6
right_child=1 2 -4 6 10 7 8 11 -10 -11 -12 12 20 -15 -16 -17 24 -19 -20 -21 21 26 23 -25 25 -27 -28 28 -30 -31 -32
leaf_value=-0.016510896637322959 -0.0043542814209667664 0.0055832244773998856 0.01385681560981223 0.00091726012005062573 -0.0069988117026686478 -0.0034314818842050366 0.0004270818714169173 -0.00021850934626849779 0.00016967454256228747 0.0043902743789358458 -0.0042159051454535102 -0.002677254566128281 -0.00013501816433835687 0.0025311603494404854 0.0075825936962752105 -0.0013873245938035837 0.00027704167245695503 -0.001717330931558368 0.0017107627210094796 -0.0021131262838810986 -0.0042939117532828242 -0.0021234387342873745 -7.1368244589341848e-05 0.0057515456723732502 0.0029632808809259021 0.00096025817461664208 -0.00053502560669114671 0.00041331599890230352 0.0037181717015244303 0.001261759178095803 -0.010191864774237367
leaf_weight=24.946357954293489 68.627020463347435 60.263090781867504 36.576508417725563 77.260572463274002 30.750764295458794 67.663331873714924 63.486805081367493 75.091057673096657 115.97808976471424 67.364049106836319 24.384458180516958 69.118896216154099 86.396017894148827 92.701503336429596 36.377431251108646 86.015205949544907 95.506065413355827 81.809103831648827 128.73041041195393 79.449511080980301 71.12309767305851 128.8517829477787 39.313402988016605 48.400763474404812 73.130120202898979 81.854757696390152 112.72776135802269 65.52597513794899 70.490330278873444 78.565296322107315 40.997202102094889
leaf_count=545 372 506 716 323 435 473 294 346 549 347 251 311 382 389 399 348 385 339 530 328 344 545 297 372 307 339 469 321 351 339 548
internal_value=-1.21401e-06 0.000565086 0.0065496 -0.000123384 -0.00994145 -0.00126353 0.000770095 -0.000981966 0.00168887 0.00234293 -0.00793492 -0.00074109 -0.00109404 0.000300947 0.00496667 0.000266908 0.00050098 -5.33238e-05 0.000432222 -0.000626366 -0.00165834 -0.00207568 0.00423106 0.00319831 0.00130764 0.0019311 -0.00139272 0.00161491 0.00215512 0.000544847 -0.00905026
internal_weight=2279.48 2158.4 220.931 1937.47 121.079 850.866 1086.6 782.239 382.845 266.867 96.1324 714.575 560.919 161.82 184.355 703.756 617.741 367.25 285.44 156.71 399.099 312.703 147.977 87.7142 250.491 154.985 241.58 199.503 136.016 153.656 71.748
internal_count=12800 11021 2290 8731 1779 3970 4761 3598 1862 1313 1234 3125 2440 700 1574 2899 2551 1520 1181 651 1740 1358 1175 669 1031 646 1014 966 672 685 983
is_linear=0
shrinkage=0.02


Tree=169
num_leaves=28
num_cat=0
split_feature=0 0 0 0 0 5 0 3 5 0 3 2 0 0 3 0 0 0 3 3 0 0 0 0 0 0 5
split_gain=31.1801 21.5297 6.01113 4.75787 3.39003 2.01909 1.18152 1.10936 0.777419 0.719734 0.66632 0.622465 0.565846 0.570406 1.346 0.628469 0.494438 1.32809 0.824713 0.286838 0.401096 0.267804 0.155879 0.144626 0.148213 0.138835 0.0706038
threshold=-1.0583763122558592 0.89663067460060131 1.6977696418762209 -0.24044604599475858 -1.5152822732925413 0.084999993443489089 -0.62807917594909657 0.024999999441206459 0.064999997615814223 1.4404313564300539 0.014999999664723875 -1.0000000180025095e-35 0.11304757371544839 0.062711661681532874 0.014999999664723875 -0.062711736187338815 0.65891757607460033 0.45380601286888128 1.0000000180025095e-35 1.0000000180025095e-35 -0.34515604376792902 -1.9672712087631223 -0.45380596816539759 1.2540397644042971 1.0583764314651491 -0.78930723667144764 0.074999988079071059
decision_type=2 2 2 2 2 2 2 2 2 2 2 2 2 2 2 2 2 2 2 2 2 2 2 2 2 2 2
left_child=4 3 9 6 21 8 11 10 12 23 16 -2 13 14 15 -5 17 18 -7 -8 22 -1 -21 24 -3 -13 -10
right_child=1 2 -4 5 -6 7 19 -9 26 -11 -12 25 -14 -15 -16 -17 -18 -19 -20 20 -22 -23 -24 -25 -26 -27 -28
leaf_value=-0.017191237241244987 -0.0044835777874746617 0.0036635168531525758 0.013755485375533708 0.00065693653214504905 -0.0068559196786533464 0.0029536764029246087 -0.00149409304484757 -0.00096704641644251605 -0.00096974074507190117 0.0074819100350070541 0.0034956188093431075 -0.0025912438402181108 0.0017672446833006479 -0.0015809458248473248 0.0023068709575462414 -0.0012108752855629658 0.0026647108776910967 -0.00057939391300914213 0.00064107976312780619 -0.00038889177562280506 0.0007552789087601772 -0.010879627141994625 -0.0016825941261780053 0.0028419166659812626 0.0055740901239009887 -0.0013470157485397929 -0.0018834052506175121
leaf_weight=19.172690223902464 58.588825650513172 60.598891593515873 36.128287740051746 122.39061634242535 73.772967956960201 136.71171107888222 180.87742801010609 69.291297748684883 76.989016562700272 36.158752642571926 70.536920428276062 87.259581454098225 74.969639405608177 81.620371177792549 93.180981859564781 169.86705815792084 99.314316257834435 127.48752556741238 113.58039557933807 79.139463573694229 75.317797258496284 27.160929962992668 71.156122773885727 39.705911457538605 47.243814058601856 74.493383213877678 73.903245747089386
leaf_count=408 344 425 716 495 857 610 790 314 313 399 333 582 307 329 374 685 518 597 493 358 312 514 308 343 407 367 302
internal_value=-1.34689e-06 0.000554859 0.00645667 -0.000121037 -0.00983352 0.000564718 -0.00155124 0.00139496 -0.000176355 0.00488859 0.00169626 -0.00272547 0.000178304 -8.31918e-05 0.000240496 -0.000429531 0.00141675 0.00107636 0.00191764 -0.000904515 -0.000422866 -0.0140946 -0.00101544 0.0041615 0.00458675 -0.00204168 -0.00143601
internal_weight=2276.62 2156.51 219.836 1936.68 120.107 1309.84 626.833 616.922 692.921 183.707 547.631 220.342 542.029 467.059 385.439 292.258 477.094 377.78 250.292 406.491 225.613 46.3336 150.296 147.549 107.843 161.753 150.892
internal_count=12800 11021 2290 8731 1779 5670 3061 2865 2805 1574 2551 1293 2190 1883 1554 1180 2218 1700 1103 1768 978 922 666 1175 832 949 615
is_linear=0
shrinkage=0.02


Tree=170
num_leaves=33
num_cat=0
split_feature=0 0 0 0 0 1 0 0 1 4 1 1 4 1 1 1 1 5 0 1 1 0 0 0 1 1 5 3 0 1 1 1
split_gain=30.2474 20.8258 5.91983 4.60764 3.37474 1.76379 1.18009 1.07064 0.915711 0.935855 0.818694 0.791489 1.06938 2.63144 0.736891 0.656999 0.668674 0.758902 0.978303 0.62223 0.614179 1.1081 0.503747 0.417206 0.382737 0.984445 0.374993 0.360884 0.306413 0.899237 0.212302 0.0877596
threshold=-1.0583763122558592 0.89663067460060131 1.6977696418762209 -0.087851781398057924 -1.8157398104667661 3.3916667699813847 0.37188957631587988 -0.85975876450538624 10.991666793823244 1.0000000180025095e-35 8.1583333015441912 7.2583334445953378 -1.0000000180025095e-35 11.275000095367433 3.1583334207534794 14.391666412353517 11.891666412353517 0.019999995827674869 0.11304757371544839 6.9583332538604745 9.4083333015441912 -0.51012541353702534 1.1506889462471011 1.3729134202003481 11.691666603088381 13.491666793823244 0.029999986290931705 1.0000000180025095e-35 0.51012541353702556 6.5250000953674325 5.2083332538604745 3.9416667222976689
decision_type=2 2 2 2 2 2 2 2 2 2 2 2 2 2 2 2 2 2 2 2 2 2 2 2 2 2 2 2 2 2 2 2
left_child=4 3 14 5 -1 -2 15 -7 9 28 31 30 13 -13 -3 16 17 -5 -19 -20 -14 -22 -16 -24 -23 -26 -18 -28 -8 -30 -9 -6
right_child=1 2 -4 6 10 7 8 11 -10 -11 -12 12 20 -15 22 -17 26 18 19 -21 21 24 23 -25 25 -27 27 -29 29 -31 -32 -33
leaf_value=-0.016356228208351902 -0.0042551098719289231 0.0075090964856479809 0.013654039548727598 0.0015881956701834347 -0.006796624316749004 -0.0033189506648745727 0.00039657287566797198 0.0013616247361984174 0.00014709072720504266 0.0042939306420777664 -0.0040394109641350177 -0.0026041571989344719 -0.0001166536969211697 0.0024886414748257145 0.0027692978706220211 -0.001361785883914447 0.00028322807863835462 -0.0024952707669676534 0.0014992217732164989 -0.00071651057303114723 -0.0041926111965419821 -0.00021976698042655899 0.0067073436368282812 0.0033944090720751953 -0.0033137933246119998 -0.00018593383623832153 0.0028871784282685814 0.00093244019364907256 0.00038051617682997911 0.0036286740585606829 -0.00011898154751965007 -0.009992299518065793
leaf_weight=24.229777451604605 68.437874674797058 34.318850859999657 35.688079308718443 83.987449079751968 30.359787855297327 67.376291535794735 63.44746495783329 68.991314277052879 115.92190431058407 67.186742201447487 24.170874502509832 69.028634697198868 86.365007072687149 92.716938242316246 72.216595999896526 86.013083964586258 95.505309879779816 74.20742854475975 81.217890366911888 127.78398776054382 70.961232826113701 80.199096888303757 39.918795496225357 36.620318934321404 88.033825591206551 73.242680460214615 73.067816704511642 81.835080787539482 65.474966943264008 70.331780150532722 84.619245752692223 40.388112284243107
leaf_count=545 372 355 716 338 435 473 294 319 549 347 251 311 382 389 511 348 385 299 345 538 344 339 348 360 373 302 307 339 321 351 366 548
internal_value=-1.42503e-06 0.000544802 0.00636476 -0.000118742 -0.00972547 -0.0012201 0.00074392 -0.000944141 0.00163524 0.00227678 -0.00773026 -0.00071145 -0.00105923 0.000309912 0.00481161 0.000256291 0.000485307 -5.91089e-05 -0.000555338 0.00015057 -0.0016133 -0.00202364 0.00409792 0.00524907 -0.00135705 -0.00191297 0.00127778 0.00187954 0.00156071 0.00209093 0.000554959 -0.00884551
internal_weight=2273.86 2154.72 218.763 1935.95 119.149 849.972 1085.98 781.534 382.363 266.441 94.9188 714.158 560.547 161.746 183.075 703.618 617.605 367.197 283.209 209.002 398.802 312.437 148.756 76.5391 241.476 161.277 250.408 154.903 199.254 135.807 153.611 70.7479
internal_count=12800 11021 2290 8731 1779 3970 4761 3598 1862 1313 1234 3125 2440 700 1574 2899 2551 1520 1182 883 1740 1358 1219 708 1014 675 1031 646 966 672 685 983
is_linear=0
shrinkage=0.02


Tree=171
num_leaves=30
num_cat=0
split_feature=0 0 0 0 0 1 0 0 1 1 2 1 2 1 1 1 1 1 2 1 1 0 1 0 0 1 1 1 0
split_gain=29.3457 20.145 5.82831 4.43243 3.35756 1.70075 1.13601 1.03292 0.925959 0.882093 0.903344 0.809925 0.778612 3.39555 1.02607 0.719626 0.631605 0.651364 0.96414 0.883867 0.729674 1.33281 0.613599 0.490114 0.406039 0.369539 0.317665 0.52537 0.288897
threshold=-1.0583763122558592 0.89663067460060131 1.6977696418762209 -0.087851781398057924 -1.5152822732925413 3.3916667699813847 0.37188957631587988 -0.85975876450538624 5.0750000476837167 10.991666793823244 1.0000000180025095e-35 5.2083332538604745 -1.0000000180025095e-35 10.175000190734865 8.6916666030883807 3.1583334207534794 14.391666412353517 7.5416667461395273 1.0000000180025095e-35 4.741666555404664 10.525000095367433 0.13831529766321185 12.691666603088381 1.1506889462471011 1.3729134202003481 11.158333301544191 5.5750000476837167 8.6250000000000018 -1.9672712087631223
decision_type=2 2 2 2 2 2 2 2 2 2 2 2 2 2 2 2 2 2 2 2 2 2 2 2 2 2 2 2 2
left_child=4 3 15 5 28 -2 16 -7 -6 10 26 -9 13 -13 -14 -3 17 19 20 -5 -19 -22 25 -17 -25 -16 -8 -28 -1
right_child=1 2 -4 6 8 7 9 11 -10 -11 -12 12 14 -15 22 23 -18 18 -20 -21 21 -23 -24 24 -26 -27 27 -29 -30
leaf_value=-0.017052029402841885 -0.004180249942516449 0.0074083734549073256 0.013552482969531663 0.0008811052371243375 -0.009571065387749848 -0.0032614234137881034 0.0025874406782960481 0.0013346130161297814 -0.0045606866362309121 0.00014420695089685452 0.0042188163530480606 -0.0031899983559510532 0.0002587571019256793 0.0022831135820096118 -0.0017783327033689381 0.0027202573090397671 -0.0013351198063496917 0.0028531332525362726 -0.00069121150598250335 -0.0020892969113553111 0.0021182613796062607 -0.00081904950817099755 -0.00084057603949158773 0.0066108483215123271 0.0033383162858494205 -0.0035343073856478409 -0.00040884602417288026 0.002127717313242454 -0.010679873088967815
leaf_weight=18.602415814995766 68.307334750890732 34.118954069912434 35.255750823765993 77.227182745933533 27.510245259851217 67.230188883841038 71.3453109562397 69.020080745220184 45.427251875400543 115.91535170376301 67.052291229367256 71.962938264012337 116.23075237870216 115.18722897768021 114.52747704088688 72.085530452430248 86.016298189759254 96.00343656539917 118.65609733760357 79.440331250429153 135.51092454791069 110.70505358278751 134.33497680723667 39.722626723349094 36.525495737791061 92.719756305217743 61.931254521012306 65.84653502702713 26.670588415116072
leaf_count=408 372 355 716 323 357 473 345 319 500 549 347 322 507 487 516 511 348 396 487 328 548 469 571 348 360 403 308 313 514
internal_value=-1.5159e-06 0.000534977 0.00627402 -0.000116481 -0.0096186 -0.00119703 0.000729695 -0.000926178 -0.00665548 0.00160462 0.00223479 -0.00069779 -0.000918739 0.000167116 -0.00136142 0.00473589 0.000251337 0.000475908 0.000853774 -0.000632427 0.00139036 0.000801613 -0.00191102 0.00403079 0.00516859 -0.00259021 0.00153138 0.000910943 -0.0139088
internal_weight=2271.09 2152.88 217.708 1935.17 118.211 849.521 1085.65 781.213 72.9375 382.091 266.175 713.983 644.963 187.15 457.813 182.453 703.559 617.543 460.876 156.668 342.219 246.216 341.582 148.334 76.2481 207.247 199.123 127.778 45.273
internal_count=12800 11021 2290 8731 1779 3970 4761 3598 857 1862 1313 3125 2806 809 1997 1574 2899 2551 1900 651 1413 1017 1490 1219 708 919 966 621 922
is_linear=0
shrinkage=0.02


Tree=172
num_leaves=32
num_cat=0
split_feature=0 0 0 0 0 1 0 1 2 1 1 1 1 1 1 1 0 0 0 1 0 1 0 2 1 1 2 1 1 1 1
split_gain=28.4776 19.4855 5.73698 4.26731 3.34316 2.26086 1.26544 1.32675 2.20671 1.21611 0.946718 1.49034 1.66935 1.0821 1.16356 0.7941 0.722922 0.672024 1.23575 0.992796 1.20906 0.89214 0.877237 1.12842 0.654438 0.480618 0.616633 0.438575 1.81374 0.243482 0.109853
threshold=-1.0583763122558592 0.89663067460060131 1.6977696418762209 -1.0000000180025095e-35 -1.8157398104667661 3.0249999761581425 -0.7555200159549712 5.2083332538604745 -0.014999999664723871 14.391666412353517 7.3916666507720956 11.691666603088381 12.691666603088381 10.824999809265138 9.6583333015441912 8.1583333015441912 1.4404313564300539 0.34515604376792913 0.39889179170131689 10.991666793823244 0.7225746512413026 6.5250000953674325 0.037611209787428386 1.0000000180025095e-35 13.708333015441896 7.5416667461395273 -1.0000000180025095e-35 8.4083333015441912 5.4583332538604745 8.5583333969116229 3.9416667222976689
decision_type=2 2 2 2 2 2 2 2 2 2 2 2 2 2 2 2 2 2 2 2 2 2 2 2 2 2 2 2 2 2 2
left_child=4 3 16 5 -1 -2 29 -8 -9 17 -10 13 -13 14 -12 30 27 22 -19 20 21 -20 -5 25 -14 -24 -27 28 -3 -7 -6
right_child=1 2 -4 9 15 6 7 8 10 -11 11 12 24 -15 -16 -17 -18 18 19 -21 -22 -23 23 -25 -26 26 -28 -29 -30 -31 -32
leaf_value=-0.016200698085644144 -0.0044927129288508004 0.0052579386956197365 0.013450821474199997 0.0024732681280092853 -0.006571171918081411 -0.0035742894156102047 0.0020638764480000898 0.0021935342795763087 -0.0031249472595279719 -0.0016769528869984226 0.00075319951151053984 -0.0043102570448370564 0.00022796556607574805 0.0023267333284931564 -0.0024409132816406126 -0.0038981302945955681 0.0072617905097432291 0.0041855283657329378 -0.00067751277412853223 -0.00056364009523652333 0.0040257459379698353 0.002154483184686412 -0.0005630265364546498 -0.0016332244441438423 -0.0019518303499788787 -0.00013083000647754592 0.0020438513310790975 0.005596084277702325 -0.00017047043975038762 -0.0016501014911754815 -0.009802928736723367
leaf_weight=23.538180477917194 68.505439467728138 59.354666441679001 34.831171233206987 75.725793614983559 29.934665963053703 60.947300001978874 72.384676679968834 87.973706513643265 82.873205929994583 69.528645947575569 111.20353502035141 76.878000259399414 105.68217438459396 71.141499847173691 74.572101563215256 24.001337941735983 35.684505358338356 62.362969934940338 77.551674425601959 96.269479364156723 69.137087926268578 100.05882507562637 78.453548237681389 103.17441199719906 112.2424281835556 82.151867985725403 139.75259864330292 45.885755218565464 40.916672334074974 55.932618200778961 39.821019809693098
leaf_count=545 362 506 716 304 435 409 321 368 347 284 480 326 447 297 326 251 399 302 370 457 370 478 324 423 461 337 582 356 313 356 548
internal_value=-1.69926e-06 0.000525294 0.00618423 -0.000114263 -0.00951346 -0.00103994 -0.000771268 -0.000482115 -0.000742158 0.000836986 -0.00115475 -0.000848586 -0.00181406 0.000264717 -0.00054129 -0.00753128 0.00466115 0.00103791 0.00163575 0.0011506 0.00181858 0.000924148 0.000527529 0.000152 -0.000902282 0.000771979 0.00124478 0.00393674 0.00308281 -0.00269673 -0.00863788
internal_weight=2268.47 2151.18 216.673 1934.5 117.295 980.337 911.831 794.951 722.567 954.167 634.593 551.72 294.803 256.917 185.776 93.757 181.842 884.638 405.38 343.017 246.748 177.61 479.258 403.532 217.925 300.358 221.904 146.157 100.271 116.88 69.7557
internal_count=12800 11021 2290 8731 1779 4500 4138 3373 3052 4231 2684 2337 1234 1103 806 1234 1574 3947 1977 1675 1218 848 1970 1666 908 1243 919 1175 819 765 983
is_linear=0
shrinkage=0.02


Tree=173
num_leaves=31
num_cat=0
split_feature=0 0 0 0 1 0 1 5 1 5 0 1 2 0 1 1 1 0 2 1 1 1 1 1 1 0 1 1 1 5
split_gain=27.6267 18.9773 5.64633 4.36243 3.57181 1.92875 1.84056 1.79312 1.10082 0.729008 0.706159 0.701736 0.820248 1.06369 2.49134 0.667175 1.69803 1.14983 1.40421 1.09723 0.909061 0.613705 2.10426 1.3604 1.16835 0.888538 0.425785 1.75432 0.194199 0.0684975
threshold=-1.1033552289009092 0.89663067460060131 1.6977696418762209 -0.24044604599475858 8.1583333015441912 -1.8157398104667661 3.4583333730697636 0.084999993443489089 5.2083332538604745 0.064999997615814223 1.4404313564300539 7.1749999523162851 1.0000000180025095e-35 0.037611209787428386 13.75833320617676 11.525000095367433 10.291666984558107 0.7225746512413026 -1.0000000180025095e-35 12.691666603088381 6.4583332538604745 10.458333015441896 11.691666603088381 8.9250001907348651 7.3916666507720956 -0.39889180660247797 8.4083333015441912 5.4583332538604745 3.9416667222976689 0.074999988079071059
decision_type=2 2 2 2 2 2 2 2 2 2 2 2 2 2 2 2 2 2 2 2 2 2 2 2 2 2 2 2 2 2
left_child=4 3 10 6 5 -1 -2 9 -8 11 26 -5 13 14 -13 16 17 18 -9 -17 -20 23 -23 24 -10 -24 27 -3 -7 -11
right_child=1 2 -4 7 -6 28 8 15 21 29 -12 12 -14 -15 -16 19 -18 -19 20 -21 -22 22 25 -25 -26 -27 -28 -29 -30 -31
leaf_value=-0.016828243371815162 -0.0047763391989230223 0.0051753049312188585 0.01334906107562971 0.0016788608576912792 -0.0021340951810541469 -0.0068348447276504048 0.0012573987115696312 0.0030655426279465555 -0.0026351486868761171 -0.00093266327775768623 0.0071639280537943205 0.001152559556459597 -0.0016333914181026823 0.0018516523844005145 -0.0032629413490070482 0.004105470242889599 -0.0019869715502897315 0.0037916528831183423 -0.0014351405798600271 0.0010645025008329495 0.0012259148245168632 0.0018231761423730692 -0.00063159559879692924 -0.0042805758456670095 0.00063228334228839639 -0.0035128360260637558 0.0055093606130148434 -0.00016720117523425269 -0.01064890210000395 -0.0018308224016090665
leaf_weight=22.668351490050554 59.80635578930378 59.130544096231461 34.414211876690388 98.819515541195869 20.89353958144784 27.895926915109158 66.510482370853424 79.595438778400421 92.561182394623756 76.972744002938271 35.477948233485222 134.65224146842957 111.94650360941887 116.78145423531532 79.721427246928215 76.692322924733162 68.722802400588989 64.198817506432533 96.136240467429161 124.72425705194473 105.71378163993359 83.624088920652866 91.030940361320972 79.608815729618073 80.324799671769142 80.681186988949776 45.709164895117283 40.92144238203764 36.032103285193443 73.881241783499718
leaf_count=533 353 506 716 400 231 414 353 359 465 313 399 542 452 475 321 356 312 345 450 548 495 387 439 413 402 340 356 313 510 302
internal_value=-1.83967e-06 0.000494892 0.00609513 -0.000132401 -0.00980288 -0.0115632 -0.0014912 0.000527364 -0.00113373 -0.000170771 0.00458706 0.000172695 -0.000169241 0.000332547 -0.000504462 0.0013108 0.00084498 0.00141623 0.000851462 0.00225138 -4.31267e-05 -0.0014506 -0.000750363 -0.00214725 -0.00112719 -0.00201024 0.00387138 0.00302976 -0.00924241 -0.00139074
internal_weight=2265.85 2158.36 215.653 1942.71 107.49 86.5964 634.148 1308.56 574.341 692.775 181.239 541.921 443.102 331.155 214.374 615.784 414.367 345.644 281.445 201.417 201.85 507.831 255.336 252.495 172.886 171.712 145.761 100.052 63.928 150.854
internal_count=12800 11112 2290 8822 1688 1457 3152 5670 2799 2805 1574 2190 1790 1338 863 2865 1961 1649 1304 904 945 2446 1166 1280 867 779 1175 819 924 615
is_linear=0
shrinkage=0.02


Tree=174
num_leaves=32
num_cat=0
split_feature=0 0 0 0 0 1 5 0 1 1 1 1 1 5 1 1 1 5 1 1 0 1 2 5 0 0 1 5 1 1 5
split_gain=26.8224 18.2229 5.55594 3.97617 3.29679 1.74213 1.72506 1.51135 2.10791 1.34584 1.60297 0.922846 0.747948 0.700788 0.695558 0.674518 0.798134 0.78358 0.642022 1.63293 1.13108 1.05773 0.624291 0.473095 0.472512 0.430721 0.361554 0.349571 0.291844 0.109459 0.0658635
threshold=-1.0583763122558592 0.89663067460060131 1.6977696418762209 -0.24044604599475858 -1.8157398104667661 3.9916666746139531 0.084999993443489089 -0.85975876450538624 8.9250001907348651 10.458333015441896 11.691666603088381 13.175000190734865 8.1583333015441912 0.064999997615814223 3.1583334207534794 7.1749999523162851 11.841666698455812 0.019999995827674869 11.525000095367433 10.291666984558107 0.37188957631587988 12.691666603088381 1.0000000180025095e-35 0.040000006556510932 1.1506889462471011 1.3729134202003481 6.3916666507720956 0.029999986290931705 5.5750000476837167 3.9416667222976689 0.074999988079071059
decision_type=2 2 2 2 2 2 2 2 2 2 2 2 2 2 2 2 2 2 2 2 2 2 2 2 2 2 2 2 2 2 2
left_child=4 3 14 5 -1 -2 13 -7 26 -10 -11 -12 29 15 -3 -5 27 -18 19 20 -8 -20 28 -19 -16 -26 -9 -17 -22 -6 -15
right_child=1 2 -4 6 12 7 18 8 9 10 11 -13 -14 30 24 16 17 23 21 -21 22 -23 -24 -25 25 -27 -28 -29 -30 -31 -32
leaf_value=-0.016039543065170154 -0.0042402040161037121 0.0071518326426960885 0.013247207944295819 0.0016458229471683454 -0.0063912574576082638 -0.0038758714568107185 -0.0003306915204082783 0.0020731502579229154 -0.0041095756458338932 0.0014557800931061596 -0.0034615289897420229 -0.00043810057455636719 -0.0038069501139918033 -0.00091447624304796164 0.0025405883076612731 -0.00033183553761971518 -0.001009802196880771 0.0022095630584860987 0.0040308659810959083 -0.001947221795126445 0.0024960465474329198 0.0010438175801724826 0.0038668462364782096 0.00023027079511862448 0.0064164833279347286 0.0030856723754629852 0.00027930913742340902 -0.0022304787974061816 0.00083269722166040387 -0.0095811079860156651 -0.0017951919509292848
leaf_weight=22.849317539483309 75.054170958697796 33.614916689693928 34.004745099693537 98.827203795313835 29.602240331470966 63.445961944758892 105.67936199903488 77.818231970071793 67.088004812598228 75.487515404820442 84.384566560387611 77.07027930021286 23.893346589058638 76.973264157772064 71.605393275618553 76.119682163000107 95.613197609782219 91.835703060030937 76.587611690163612 68.763576909899712 71.189843192696571 124.69191707670689 61.27544604241848 100.62738737463951 39.330198101699352 36.096641942858696 104.54668319225311 78.86783142387867 107.30741694569588 39.175678752362728 73.880375236272812
leaf_count=545 427 355 716 400 435 447 457 352 325 331 378 332 251 313 511 306 385 370 356 312 345 548 320 410 348 360 469 319 527 548 302
internal_value=-2.00219e-06 0.000506607 0.00600698 -0.000109722 -0.00930589 -0.00141959 0.000517162 -0.0010206 -0.000633803 -0.00164945 -0.000924318 -0.00204132 -0.00734184 -0.000167535 0.00451396 0.000169234 -0.000166041 0.000456425 0.00128584 0.000828851 0.00138947 0.00220888 0.00214409 0.00118772 0.00382299 0.00494335 0.00105896 -0.0013141 0.0015164 -0.00842758 -0.00136365
internal_weight=2263.31 2147.79 214.652 1933.14 115.521 624.895 1308.24 549.841 486.395 304.03 236.942 161.455 92.6713 692.745 180.647 541.891 443.064 288.076 615.495 414.216 345.452 201.28 239.773 192.463 147.032 75.4268 182.365 154.988 178.497 68.7779 150.854
internal_count=12800 11021 2290 8731 1779 3061 5670 2634 2187 1366 1041 710 1234 2805 1574 2190 1790 1165 2865 1961 1649 904 1192 780 1219 708 821 625 872 983 615
is_linear=0
shrinkage=0.02


Tree=175
num_leaves=30
num_cat=0
split_feature=0 0 0 0 0 0 0 3 0 0 0 3 5 5 0 2 0 0 0 0 0 0 3 3 0 0 0 0 3
split_gain=26.0342 17.7467 5.46545 4.06539 2.92395 1.77452 0.698908 0.607001 0.78924 0.907946 0.50597 0.441449 0.704008 0.827416 1.12851 0.523234 0.387526 0.717876 0.378135 0.391871 0.363531 0.229416 1.36412 1.05224 0.22387 0.17631 0.144128 0.012786 0.00229034
threshold=-1.1033552289009092 0.89663067460060131 1.6977696418762209 -0.45380596816539759 -1.8157398104667661 0.26633311808109289 1.4404313564300539 0.014999999664723875 -0.85975876450538624 -0.56811311841011036 -1.3729133009910581 0.024999999441206459 0.094999998807907118 0.029999986290931705 -1.0000000180025095e-35 1.0000000180025095e-35 0.16367168724536899 -0.087851781398057924 0.69039613008499157 0.31866706907749182 -0.69039615988731373 0.48177458345890051 1.0000000180025095e-35 1.0000000180025095e-35 -0.3186670690774917 1.2540397644042971 1.0583764314651491 0.037611209787428386 1.0000000180025095e-35
decision_type=2 2 2 2 2 2 2 2 2 2 2 2 2 2 2 2 2 2 2 2 2 2 2 2 2 2 2 2 2
left_child=4 3 6 7 -1 11 25 8 -2 20 -6 12 13 14 -5 16 17 -15 19 -7 -10 22 -21 -23 28 26 -3 -16 -14
right_child=1 2 -4 5 10 18 -8 -9 9 -11 -12 -13 24 15 27 -17 -18 -19 -20 21 -22 23 -24 -25 -26 -27 -28 -29 -30
leaf_value=-0.015959491181966094 -0.003400757891622998 0.0032968456337543021 0.013145269299675095 -0.0025526635983592746 -0.0096230786345273007 0.0023933936775015529 0.0070099624426538335 -0.0035640384764348788 -0.00094397848650523209 -0.0027241926592926759 -0.0057749603171700793 -0.0013315674533031189 -0.00040243907930457011 -2.9522915165800176e-05 0.00017922226425622632 0.0021275476399750448 -0.0007160625627200966 0.0020614938592453196 0.0023766002870005774 0.0021695399436810828 0.0010485892762821067 -0.00043750095741307103 -0.0013241364276456206 0.0027329645756680549 -0.0014719532984789104 0.0023637281942114276 0.0051395003918505919 0.00054617533497553698 -0.00022967733579590187
leaf_weight=22.518018525093794 69.531566694378853 59.744313225150108 33.602644618600607 78.256270349025726 34.090561129152775 66.193338721990585 35.155165560543537 78.983283177018166 77.346976935863495 74.41203984618187 49.193483881652355 111.04572828114033 76.344874456524849 157.86480863392353 79.741353154182434 96.435526415705681 82.228285998106003 110.39086858928204 100.51387421786785 78.009280502796173 66.023567706346512 77.714832246303558 99.349399879574776 87.590691462159157 126.87008093297482 38.90009967237711 46.26856617629528 76.001537397503853 70.393242195248604
leaf_count=545 519 425 716 317 594 285 399 431 421 336 549 454 332 643 320 392 336 449 538 366 307 366 453 421 527 343 407 306 303
internal_value=-2.11376e-06 0.000477282 0.00592003 -0.000127273 -0.00959386 0.000314723 0.00444213 -0.00201908 -0.00157267 -0.00096338 -0.00753884 -0.000149782 -9.80085e-06 0.000334552 -0.000625489 0.00083776 0.000472818 0.000839847 0.00128322 0.00100417 -2.4579e-05 0.000723475 0.000219576 0.00125503 -0.000862989 0.00373224 0.00418133 0.000362947 -0.000323765
internal_weight=2260.71 2154.91 213.671 1941.24 105.802 1574.94 180.068 366.297 287.314 217.783 83.284 1065.57 954.527 680.919 233.999 446.919 350.484 268.256 509.371 408.858 143.371 342.664 177.359 165.306 273.608 144.913 106.013 155.743 146.738
internal_count=12800 11112 2290 8822 1688 6808 1574 2014 1583 1064 1143 4379 3925 2763 943 1820 1428 1092 2429 1891 728 1606 819 787 1162 1175 832 626 635
is_linear=0
shrinkage=0.02


Tree=176
num_leaves=33
num_cat=0
split_feature=3 1 2 1 5 1 1 1 1 1 1 1 5 5 1 5 5 1 5 1 1 2 1 5 5 5 1 1 1 1 1 5
split_gain=1.2655 0.698698 0.657949 4.07885 4.16451 1.9094 2.39195 1.74558 2.69086 1.53228 1.36985 0.999963 1.00158 1.7054 2.07466 1.49134 1.07727 1.27414 0.982769 0.910193 1.09253 0.814967 1.16007 0.734226 2.79839 1.44174 1.07084 0.730546 0.657413 2.76585 0.325237 0.238648
threshold=0.024999999441206459 8.6916666030883807 1.0000000180025095e-35 5.3583333492279062 0.22000001370906833 5.9583332538604745 6.8916666507720956 5.5750000476837167 5.1416666507720956 2.0416666269302373 7.5416667461395273 13.708333015441896 0.14999999105930331 0.21500000357627871 11.691666603088381 0.10000000894069673 0.33499997854232794 9.5916666984558123 0.045000016689300544 11.108333587646486 12.47499990463257 0.014999999664723875 13.341666698455812 0.084999993443489089 0.17500001192092898 0.37500000000000006 4.1250000000000009 1.1749999523162844 11.158333301544191 8.0916666984558123 11.324999809265138 0.44499999284744268
decision_type=2 2 2 2 2 2 2 2 2 2 2 2 2 2 2 2 2 2 2 2 2 2 2 2 2 2 2 2 2 2 2 2
left_child=2 -2 5 4 -4 7 -7 8 9 27 -8 12 15 30 16 19 17 -15 -13 -12 -21 22 28 -11 -25 -26 31 -1 29 -5 -14 -27
right_child=1 -3 3 21 -6 6 10 -9 -10 23 11 18 13 14 -16 -17 -18 -19 -20 20 -22 -23 -24 24 25 26 -28 -29 -30 -31 -32 -33
leaf_value=-0.0013457740769739297 -0.0026804176303456446 -0.00043423288783735387 0.0091988805882485623 -0.0039566647850941576 0.00085511928108411225 0.003519672705290446 -0.0027110071042610808 -0.0050343122914675775 0.0037344753370479981 -0.0045538448553503119 -0.00080071037603150373 0.00060962061454431361 -0.0025303200083797682 0.00095125840380463303 0.0044092199052156271 0.003047043874914921 0.0021617160692234271 -0.0030810524659342594 -0.0023230566408565076 0.0032320504224040139 5.999477836919189e-05 0.0013928915273613588 0.0016143560981860257 0.0026032912612512843 -0.0043568887752456964 0.002389146633755283 -0.0042456674479498342 0.002582229994728031 -0.002911497117075312 0.0017772930996840994 -0.00068114876099182914 -0.00040891833971307785
leaf_weight=29.340444393455982 97.076526362448931 127.78225239738822 40.027824684977531 55.011983286589384 56.627718735486269 87.405476689338684 62.549788378179073 40.75167228654027 44.801875881850719 40.689639702439308 127.03446482121944 80.396837383508682 88.23581562936306 59.394843026995659 51.405849974602461 128.0085125118494 56.229233346879482 62.696791395545006 101.90385863929987 73.517106220126152 102.40710835158825 98.889507461339235 64.00160688906908 46.756256178021431 99.049895934760571 24.919581010937691 19.380672339349985 46.804166149348021 74.354858420789242 80.235485918819904 69.167181879281998 21.364816624671221
leaf_count=387 572 567 176 332 579 547 357 255 287 166 515 324 400 321 295 560 545 334 432 301 418 475 269 207 603 296 282 473 344 424 309 448
internal_value=-2.14996e-06 -0.00141904 0.000155777 0.000810982 0.00442694 -4.15208e-05 0.000377767 -0.00120318 -0.000760119 -0.00139237 0.000113286 0.000294931 0.000593566 -0.000144886 0.000951213 0.00125451 -8.34999e-05 -0.00113571 -0.00103713 0.000482097 0.001407 -0.000145929 -0.000708181 -0.00213941 -0.00163653 -0.00285684 -0.00053225 0.00107296 -0.00142592 -0.000578668 -0.00173649 0.00113412
internal_weight=2258.22 224.859 2033.36 469.149 96.6555 1564.21 1150.35 413.859 373.107 328.305 1062.95 1000.4 818.097 387.13 229.727 430.967 178.321 122.092 182.301 302.959 175.924 372.493 273.604 252.161 211.471 164.715 65.6651 76.1446 209.602 135.247 157.403 46.2844
internal_count=12800 1139 11661 2599 755 9062 5658 3404 3149 2862 5111 4754 3998 2204 1495 1794 1200 655 756 1234 719 1844 1369 2002 1836 1629 1026 860 1100 756 709 744
is_linear=0
shrinkage=0.02


Tree=177
num_leaves=31
num_cat=0
split_feature=0 0 0 0 1 0 0 1 0 1 3 1 2 1 1 3 1 1 1 0 0 3 0 1 1 1 1 1 1 1
split_gain=25.2933 17.1655 5.3764 3.86751 3.45448 1.92642 1.73291 1.39665 1.37277 1.68378 0.847087 0.836302 0.835814 0.824291 1.16705 1.53822 1.43334 0.904517 1.08202 1.20708 1.12476 0.872395 0.680044 0.640584 0.416496 1.69872 0.326502 0.308903 0.530746 0.199641
threshold=-1.1033552289009092 0.89663067460060131 1.6977696418762209 -0.45380596816539759 8.1583333015441912 -1.8157398104667661 0.37188957631587988 4.1250000000000009 -0.85975876450538624 8.8750000000000018 1.0000000180025095e-35 10.991666793823244 1.0000000180025095e-35 14.50833320617676 13.525000095367433 0.024999999441206459 12.941666603088381 3.6916667222976689 11.108333587646486 -0.037611247040331357 -0.26633308827877039 1.0000000180025095e-35 1.4404313564300539 7.1749999523162851 8.4083333015441912 5.4583332538604745 14.141666412353517 5.5750000476837167 8.6250000000000018 3.9416667222976689
decision_type=2 2 2 2 2 2 2 2 2 2 2 2 2 2 2 2 2 2 2 2 2 2 2 2 2 2 2 2 2 2
left_child=4 3 22 7 5 -1 13 -2 -9 -10 -11 12 27 14 15 16 17 -5 19 20 -19 -20 24 -21 25 -3 -16 -8 -29 -7
right_child=1 2 -4 6 -6 29 11 8 9 10 -12 -13 -14 -15 26 -17 -18 18 21 23 -22 -23 -24 -25 -26 -27 -28 28 -30 -31
leaf_value=-0.016613930344139036 -0.0048348740998125864 0.0049676698878364659 0.013044472985676773 0.0024408260871021698 -0.0019477249736528815 -0.0065668518181332359 0.0024580102821536269 -0.00387447841331709 0.0012192875692149056 -0.0037953238189952264 -0.00065506290186956838 5.5660056404564713e-05 0.0040059342064977018 -0.001958315020310678 0.0021013078934322385 -0.0027533266604667372 -0.0022502740987337803 -1.6005905922828222e-05 -4.277065262830412e-05 -0.00085999077892139552 -0.0028988192401065249 0.0024766309425332386 0.0069120995747552327 0.0013948516031602612 0.0052919243772034464 -0.00030087538192977598 0.00050561053870932582 -0.00051959753384648037 0.0020307402157553243 -0.010350725978451311
leaf_weight=21.680151976644993 55.828931175172329 58.560495339334011 33.212291553616524 71.64946211874485 20.709361206740141 27.422526884824038 71.124313995242119 68.976443193852901 103.07451409101486 63.451387390494347 74.487259700894356 115.69003893435001 66.653613746166229 83.744394674897194 117.80493956804276 85.746020019054413 94.890871956944466 102.94720679521561 107.62785287201405 77.443309903144836 112.22920422255993 110.23905421793461 34.952454119920731 136.82099260389805 45.264679417014122 40.722636997699738 92.534517481923103 61.765038460493088 65.69989001750946 35.185728192329407
leaf_count=533 358 506 716 306 231 414 345 508 488 308 352 549 347 339 483 355 394 438 452 322 457 457 399 566 356 313 377 308 313 510
internal_value=-2.06826e-06 0.000469152 0.00583504 -0.000124466 -0.00949333 -0.0112591 0.000306495 -0.00197105 -0.00142759 -0.000701185 -0.00213317 0.00147718 0.00209215 -6.89469e-05 7.68717e-05 -0.000237433 3.37378e-05 0.000340597 0.000101324 -0.000480936 -0.00153244 0.00124296 0.00437206 0.000579449 0.00367192 0.00284342 0.00141069 0.00141627 0.000806 -0.00894797
internal_weight=2258.14 2153.14 212.713 1940.43 104.998 84.2884 1574.61 365.819 309.99 241.013 137.939 380.933 265.243 1193.68 1109.93 899.594 813.848 718.957 647.308 429.441 215.176 217.867 179.5 214.264 144.548 99.2831 210.339 198.589 127.465 62.6083
internal_count=12800 11112 2290 8822 1688 1457 6808 2014 1656 1148 660 1862 1313 4946 4607 3747 3392 2998 2692 1783 895 909 1574 888 1175 819 860 966 621 924
is_linear=0
shrinkage=0.02


Tree=178
num_leaves=30
num_cat=0
split_feature=0 0 0 1 0 0 0 0 1 1 1 1 1 1 0 1 1 1 5 5 0 1 1 3 1 0 1 1 1
split_gain=24.544 16.6299 6.46258 3.39068 2.63903 1.92833 1.79642 1.32964 1.10405 1.29177 0.692527 1.27557 0.576546 1.09848 1.06673 1.30947 1.62802 1.1591 0.788699 1.70679 0.726542 0.772375 0.456542 2.09951 0.847879 0.438925 0.417051 0.401806 0.198023
threshold=-1.1033552289009092 1.4404313564300539 0.37188957631587988 8.1583333015441912 -0.62807917594909657 -1.8157398104667661 1.8157399296760561 0.78930723667144786 5.5083334445953378 9.5916666984558123 11.625000000000002 8.1583333015441912 14.541666984558107 13.525000095367433 -0.16367168724536893 11.691666603088381 10.458333015441896 5.2083332538604745 0.045000016689300544 0.019999995827674869 0.2923999428749085 9.7083330154418963 5.5750000476837167 1.0000000180025095e-35 8.1583333015441912 0.56811311841011058 14.141666412353517 8.2249999046325701 3.9416667222976689
decision_type=2 2 2 2 2 2 2 2 2 2 2 2 2 2 2 2 2 2 2 2 2 2 2 2 2 2 2 2 2
left_child=3 2 4 5 8 -1 -3 10 -2 -10 11 25 13 14 15 16 17 -6 19 -16 21 -20 23 -9 -24 -4 -15 -19 -7
right_child=1 6 7 -5 12 28 -8 22 9 -11 -12 -13 -14 26 18 -17 -18 27 20 -21 -22 -23 24 -25 -26 -27 -28 -29 -30
leaf_value=-0.016540071228589567 -0.0046355253516028984 0.0069846495473891712 0.003094395536392713 -0.001914899041430068 0.00084252341219869539 -0.0064783972222202738 0.014347209939038048 0.0011428632721749933 0.00016537172388547724 -0.0033958182142084454 0.0027703095306780769 -0.00091837131603600896 -0.00180184809252398 0.0019665001576249451 0.0011804896162905028 -0.0028709059533775206 0.0022657090071691731 -0.0029854397468876649 0.00016411610817882748 -0.0021213837919963805 -0.00083028089252115841 0.0023405991946039381 0.00045792700363122684 0.0076386802740987135 0.0039207342898607677 0.00079772225385933812 0.00023236501605845014 -0.0010400778534006322 -0.010239727907074803
leaf_weight=21.353642582893372 66.177169814705849 42.238354071974754 68.07878477871418 20.677687738090754 78.756963491439819 27.269866436719894 25.344889536499977 39.157621487975121 83.723245747387409 77.040671624243259 87.80133131146431 106.94197392463684 78.961889624595642 124.2077506929636 112.48892053961754 117.29851722717285 69.066278621554375 89.424350082874298 120.37800006568432 136.57894816994667 78.324763774871826 141.17299942672253 49.210076689720154 40.288427241146564 66.441800236701965 66.954637572169304 100.05002191662788 85.394522845745087 34.880565091967583
leaf_count=533 448 542 324 231 354 414 573 304 499 437 414 511 320 511 453 503 291 377 493 551 352 584 349 321 476 338 408 379 510
internal_value=-2.24118e-06 0.000460601 0.000139312 -0.00938923 -0.000507257 -0.011152 0.0100788 0.00205446 -0.0024909 -0.00156197 0.00126768 0.000704206 -0.000166091 -6.03133e-05 -0.000337188 -0.00107996 -0.000415177 -0.00115738 0.00021944 -0.000632602 0.000843882 0.00134773 0.00335802 0.00454369 0.00248014 0.00198388 0.00120173 -0.00205769 -0.00884279
internal_weight=2255.68 2151.5 2083.92 104.182 1559.05 83.5041 67.5832 524.875 226.941 160.764 329.777 241.975 1332.1 1253.14 1028.88 439.941 322.642 253.576 588.944 249.068 339.876 261.551 195.098 79.446 115.652 135.033 224.258 174.819 62.1504
internal_count=12800 11112 9997 1688 6960 1457 1115 3037 1384 936 1587 1173 5576 5256 4337 1904 1401 1110 2433 1004 1429 1077 1450 625 825 662 919 756 924
is_linear=0
shrinkage=0.02


Tree=179
num_leaves=32
num_cat=0
split_feature=0 0 0 1 0 0 0 1 0 1 1 3 1 1 1 1 1 3 0 1 1 1 0 5 1 3 1 0 3 1 1
split_gain=23.8163 16.1534 6.22154 3.32754 2.54189 1.9296 1.78626 1.31706 1.98195 1.77552 1.22617 2.03815 1.06749 1.24485 0.554284 1.0659 1.29589 1.18124 1.28699 1.41017 0.778994 2.91705 0.716933 0.420481 0.414482 0.399937 0.330192 0.422982 0.323699 0.247362 0.196337
threshold=-1.1033552289009092 1.4404313564300539 0.37188957631587988 8.1583333015441912 -0.62807917594909657 -1.8157398104667661 1.8157399296760561 10.991666793823244 0.78930723667144786 8.1583333015441912 5.5750000476837167 1.0000000180025095e-35 5.5083334445953378 9.5916666984558123 14.541666984558107 13.141666412353517 13.708333015441896 0.024999999441206459 -1.0000000180025095e-35 5.2083332538604745 12.208333015441896 11.108333587646486 -0.3186670690774917 0.045000016689300544 10.041666984558107 1.0000000180025095e-35 8.1583333015441912 0.56811311841011058 1.0000000180025095e-35 7.7249999046325692 3.9416667222976689
decision_type=2 2 2 2 2 2 2 2 2 2 2 2 2 2 2 2 2 2 2 2 2 2 2 2 2 2 2 2 2 2 2
left_child=3 2 4 5 12 -1 -3 8 26 10 11 -10 -2 -14 15 17 -17 18 19 -6 21 22 -21 -18 29 -9 27 -4 -26 -20 -7
right_child=1 6 7 -5 14 30 -8 25 9 -11 -12 -13 13 -15 -16 16 23 -19 24 20 -22 -23 -24 -25 28 -27 -28 -29 -30 -31 -32
leaf_value=-0.016465953578331131 -0.0045581020942633979 0.0068892205295863875 0.003037907532735298 -0.0018825873331033258 0.001443323101895828 -0.0063907496068272684 0.014253447687047623 0.0014281117535533485 0.0011219327047947839 0.0077233702587581081 0.00044925392304369886 0.0075306909736783077 0.00016212777377300216 -0.0033352212903213566 -0.0017667551904167525 0.0026215729107233426 0.0010112896446008962 -0.002518001047783124 0.0007102729988272263 -0.0030268779029385437 -0.0030768520940939324 0.0023714299707565988 -0.00090979896759391945 -0.00088476402714823973 0.00061821011007930299 -0.00075026561801578694 0.00036460524277060993 0.00078250394584570258 0.0024583819003241437 -0.00074482984176738119 -0.010129214657372267
leaf_weight=21.032996717840433 65.991086013615131 41.997119061648846 67.995808407664299 20.646581131964922 90.842721715569496 27.119938224554062 25.017836652696133 61.718580238521099 39.127981804311275 41.908348746597767 49.195649407804012 40.079634614288807 83.730445295572281 76.909273557364941 78.959445029497147 115.1423047631979 80.699696376919746 91.873053595423698 121.36108814179897 119.9200591146946 77.016897335648537 82.632689520716667 139.94213213026524 105.74071890115738 78.410981476306915 69.732920557260513 87.604870349168777 66.930780678987503 76.135064676403999 73.291223973035812 34.580756839364767
leaf_count=533 448 542 324 231 397 414 573 319 304 308 349 321 499 437 320 478 325 388 507 531 330 341 571 438 330 353 421 338 316 304 510
internal_value=-2.30406e-06 0.00045231 0.000136759 -0.00928568 -0.000497535 -0.0110451 0.0099718 0.00201708 0.00259445 0.00420837 0.00296029 0.00447041 -0.00244582 -0.00153272 -0.000162869 -5.9144e-05 0.000973064 -0.000387688 -0.000154673 -0.000793585 -0.00128252 -0.000863512 -0.00190244 -6.20449e-05 0.0007783 0.000278592 0.00133277 0.00194688 0.00154457 0.000160389 -0.00873825
internal_weight=2253.29 2149.91 2082.89 103.38 1558.6 82.7337 67.015 524.295 392.843 170.312 128.403 79.2076 226.631 160.64 1331.97 1253.01 301.583 951.426 859.553 510.354 419.512 342.495 259.862 186.44 349.198 131.452 222.531 134.927 154.546 194.652 61.7007
internal_count=12800 11112 9997 1688 6960 1457 1115 3037 2365 1282 974 625 1384 936 5576 5256 1241 4015 3627 2170 1773 1443 1102 763 1457 672 1083 662 646 811 924
is_linear=0
shrinkage=0.02


Tree=180
num_leaves=33
num_cat=0
split_feature=0 0 0 1 3 0 0 0 1 0 1 1 3 1 1 5 0 0 4 0 1 1 1 0 0 1 1 3 1 0 1 1
split_gain=23.1095 15.6893 5.99077 3.26506 2.46283 1.93023 1.77563 1.69044 1.27068 1.91876 1.72446 1.18613 1.97839 0.857571 1.4172 1.58686 0.648017 0.810815 2.43253 0.622139 0.56832 2.26327 2.28376 1.42497 1.37619 0.777786 0.893748 0.384731 0.317974 0.407605 0.194586 0.0356922
threshold=-1.1033552289009092 1.4404313564300539 0.37188957631587988 8.1583333015441912 0.034999999217689044 -1.8157398104667661 1.8157399296760561 -0.24044604599475858 10.991666793823244 0.78930723667144786 8.1583333015441912 5.5750000476837167 1.0000000180025095e-35 4.241666555404664 7.5416667461395273 0.089999988675117507 -0.13831529766321179 -0.037611247040331357 1.0000000180025095e-35 0.11304757371544839 11.691666603088381 10.458333015441896 8.9250001907348651 -0.42618812620639795 -0.39889180660247797 4.241666555404664 6.8916666507720956 1.0000000180025095e-35 8.1583333015441912 0.56811311841011058 3.9416667222976689 12.00833320617676
decision_type=2 2 2 2 2 2 2 2 2 2 2 2 2 2 2 2 2 2 2 2 2 2 2 2 2 2 2 2 2 2 2 2
left_child=3 2 4 5 7 -1 -3 20 9 28 11 12 -11 -9 -15 16 -16 -18 19 -19 21 22 23 25 -22 -2 -27 -10 29 -4 -7 -17
right_child=1 6 8 -5 -6 30 -8 13 27 10 -12 -13 -14 14 15 31 17 18 -20 -21 24 -23 -24 -25 -26 26 -28 -29 -30 -31 -32 -33
leaf_value=-0.0163915726823376 -0.0034283250080239238 0.0067946578335645567 0.0029823989588016039 -0.0018507828416271855 -0.0039215518467433505 -0.0063039120938987994 0.014159505561109557 0.0022842736728707724 0.0014012968660337569 0.0011013722454726667 0.0076127848586605368 0.0004407430604488522 0.0074238337554262211 -0.0020002948532353956 -0.0017503663328036279 0.0018105993274436481 0.0015032931507103385 0.0014974336632470019 -0.0032136760981284628 -0.00049166576541412549 -0.00037924621071756587 0.0022502409636523148 -0.0044461054098694107 0.0016061593206039199 -0.0040421454930257119 0.00088246910162106344 -0.0022651259557336084 -0.00073545438054662294 0.00035752727473794453 0.00076757140141272715 -0.010019194713383639 0.002624667479796945
leaf_weight=20.718115840107203 56.797283679246902 41.760208081454039 67.914180651307106 20.616031024605036 77.327081181108952 26.972695115953684 24.696651082485914 74.077272474765778 61.680284768342972 39.098893903195858 41.697966605424881 49.181496761739254 39.874274671077728 112.40529668331146 78.242370769381523 69.238412201404572 133.18149161338806 146.3646140396595 85.061773985624313 107.8386777639389 86.976344868540764 80.66935620456934 76.202979616820812 82.557817950844765 76.451033920049667 71.517079085111618 69.219901613891125 69.754569314420223 87.592148900032043 66.907370761036873 34.286218155175447 73.987753361463547
leaf_count=533 356 542 324 231 351 414 573 310 319 304 308 349 321 463 319 300 537 590 344 443 421 374 397 348 323 397 372 353 421 338 510 315
internal_value=-2.29199e-06 0.000444259 0.000134336 -0.00918266 -0.000487989 -0.0109385 0.00986529 -0.00030364 0.00198069 0.0025485 0.00413933 0.00290954 0.00439816 0.000254422 6.27477e-05 0.000401722 -8.84082e-05 0.000193049 -0.000327095 0.000656363 -0.00112009 -0.00073783 -0.00142315 -0.000575019 -0.0021209 -0.00149359 -0.000675687 0.000273263 0.00130756 0.00191054 -0.00863436 0.00226149
internal_weight=2250.87 2148.27 2081.82 102.593 1558.12 81.977 66.4569 1480.79 523.701 392.266 169.853 128.155 78.9732 880.398 806.32 693.915 550.689 472.447 339.265 254.203 600.392 436.964 356.295 280.092 163.427 197.534 140.737 131.435 222.414 134.822 61.2589 143.226
internal_count=12800 11112 9997 1688 6960 1457 1115 6609 3037 2365 1282 974 625 3621 3311 2848 2233 1914 1377 1033 2988 2244 1870 1473 744 1125 769 672 1083 662 924 615
is_linear=0
shrinkage=0.02


Tree=181
num_leaves=32
num_cat=0
split_feature=3 1 2 1 5 1 1 1 5 2 1 5 5 1 1 1 1 1 1 1 5 5 2 1 1 1 1 5 5 1 1
split_gain=1.13006 0.698573 0.610042 3.83972 3.98762 1.90571 1.48855 0.977651 0.923376 0.784555 1.13281 0.702704 2.63826 1.48023 1.53981 0.902468 0.695581 0.638361 2.62309 0.625286 1.38833 1.07404 2.70172 3.05926 1.63706 1.80675 1.89152 1.11936 1.31303 0.453759 0.343793
threshold=0.024999999441206459 8.6916666030883807 1.0000000180025095e-35 5.3583333492279062 0.22000001370906833 5.1416666507720956 2.0416666269302373 13.708333015441896 0.045000016689300544 0.014999999664723875 13.341666698455812 0.084999993443489089 0.16500000655651095 3.5083333253860478 2.9083334207534794 4.1749999523162851 1.1749999523162844 11.158333301544191 8.0916666984558123 6.3250000476837167 0.25499999523162847 0.14999999105930331 -1.0000000180025095e-35 10.525000095367433 7.8583333492279062 9.4583330154418963 10.991666793823244 0.089999988675117507 0.05500000715255738 10.525000095367433 11.691666603088381
decision_type=2 2 2 2 2 2 2 2 2 2 2 2 2 2 2 2 2 2 2 2 2 2 2 2 2 2 2 2 2 2 2
left_child=2 -2 5 4 -4 6 16 19 -9 10 17 -8 -13 14 -14 -15 -1 18 -5 20 -7 27 23 -23 -24 -26 -27 28 30 -29 -21
right_child=1 -3 3 9 -6 7 11 8 -10 -11 -12 12 13 15 -16 -17 -18 -19 -20 21 -22 22 24 -25 25 26 -28 29 -30 -31 -32
leaf_value=-0.0013384558369948379 -0.0026090400967303663 -0.00036053565032427576 0.0089639250669251644 -0.0038699170313918588 0.00076763296045013129 2.0180023554271072e-05 -0.0045008700119324079 0.00056782994080733812 -0.0022756033337499185 0.0013644916731737609 0.0015955959362252336 0.0026926075269432656 -0.0022892855548671885 0.0010661481479379725 -0.008343571029897261 -0.0027843931527996423 0.0025332847343417764 -0.0028739465929444688 0.0017249520545436086 0.00055659419517849044 0.0044016410231427138 -0.0048364961251003138 0.0034459608874661514 0.00090486601880361409 -0.0028029297526704247 0.0036559176931469746 -0.00058730073430321244 0.0034472208593306218 -0.0013161692081320741 0.0013747799135267222 0.0023324117126971482
leaf_weight=28.620200924575329 96.518972206860781 127.63128128275275 39.990968555212021 54.770385403186083 55.594519857317209 66.562835678458214 40.679577440023422 80.391060948371887 101.84808137267828 98.697851601988077 63.986207097768784 42.876716092228889 41.532559931278229 41.670916311442852 28.977911368012428 53.87412378937006 46.069240882992744 74.275759279727936 79.963731747120619 97.137768626213074 49.188186533749104 88.53964963555336 68.21667992323637 61.998415499925613 65.704504869878292 66.036435537040234 108.7194378040731 75.825277790427208 120.17530833184719 102.79601308703423 79.708963751792908
leaf_count=387 572 567 176 332 579 286 166 324 432 475 269 189 482 385 302 478 473 344 424 391 458 543 482 314 424 387 569 330 493 444 323
internal_value=-2.31988e-06 -0.00134325 0.000147331 0.000779447 0.00431022 -4.31151e-05 -0.00140242 0.000316143 -0.00102873 -0.000146743 -0.000699058 -0.00213981 -0.00164178 -0.00277968 -0.00493894 -0.0011176 0.00105346 -0.00141001 -0.000572741 0.000550937 0.00192521 0.000377032 -0.000312396 -0.00249108 0.000759319 -2.49978e-05 0.00103934 0.00104117 0.00028411 0.00228297 0.00137413
internal_weight=2248.58 224.15 2024.43 467.279 95.5855 1557.15 324.301 1232.85 182.239 371.694 272.996 249.612 208.932 166.056 70.5105 95.545 74.6894 209.01 134.734 1050.61 115.751 934.858 459.215 150.538 308.677 240.46 174.756 475.643 297.022 178.621 176.847
internal_count=12800 1139 11661 2599 755 9062 2862 6200 756 1844 1369 2002 1836 1647 784 863 860 1100 756 5444 744 4700 2719 857 1862 1380 956 1981 1207 774 714
is_linear=0
shrinkage=0.02


Tree=182
num_leaves=36
num_cat=0
split_feature=2 1 1 1 2 5 1 1 2 5 5 1 5 1 1 1 1 1 1 5 5 1 1 1 1 1 5 1 1 1 1 5 1 5 1
split_gain=1.09268 0.69007 3.14588 2.24923 2.0439 2.5836 1.83879 2.31197 0.910793 0.889266 2.89824 2.58743 1.79022 0.871242 0.662076 0.652683 1.25732 1.07843 1.44316 0.966889 0.940418 0.797818 1.48163 1.81715 2.48039 1.57198 0.920895 0.869109 0.645243 0.582836 0.346633 0.334611 0.323648 0.0962632 0.000550502
threshold=0.024999999441206459 5.9583332538604745 5.5750000476837167 6.8916666507720956 1.0000000180025095e-35 0.22000001370906833 5.0750000476837167 2.0416666269302373 -1.0000000180025095e-35 0.084999993443489089 0.16000001132488254 3.5083333253860478 0.35000000894069677 7.4749999046325692 4.1749999523162851 8.7583332061767596 8.2249999046325701 9.9416666030883807 9.5916666984558123 0.029999986290931705 0.05500000715255738 10.641666412353517 11.425000190734865 12.425000190734865 13.141666412353517 14.175000190734865 0.14999999105930331 13.525000095367433 9.2249999046325701 1.2749999761581423 6.3916666507720956 0.34499999880790716 13.458333015441896 0.18500000238418582 11.041666984558107
decision_type=2 2 2 2 2 2 2 2 2 2 2 2 2 2 2 2 2 2 2 2 2 2 2 2 2 2 2 2 2 2 2 2 2 2 2
left_child=1 2 4 30 6 -6 7 8 -1 -9 -11 12 -12 -5 -13 16 33 18 28 32 -21 -22 34 26 -25 27 -24 -26 -17 -10 -3 -7 -19 -15 -23
right_child=-2 3 -4 13 5 31 -8 9 29 10 11 14 -14 15 -16 17 -18 19 -20 20 21 22 23 24 25 -27 -28 -29 -30 -31 -32 -33 -34 -35 -36
leaf_value=0.0040559949981416547 -0.0019368499728985048 0.004235791086519519 -0.0050907621534471278 -0.001972232892855582 0.0060068089058164546 -0.0017428039180593753 0.0027667351944831177 -0.0047907249342817957 -0.0022393842927300148 0.0030089352772113432 -0.0083871378479583487 0.0011729120989551936 -0.0020976764231671057 0.00052183504833309188 -0.0020380425291612369 -0.0013906473448427345 0.0032414189408855425 -0.0019914261151938251 -0.003912158916405192 0.0020818109630300731 0.0018884673990649749 -0.0016694678917484023 0.0039196263102577724 -0.002725877152934696 0.00029130161549110903 -0.0015898956244979113 0.00081885020086135271 0.0032831442949241784 0.0014364073994196742 0.001761350156187525 0.0019241264496177588 0.0011730502738563943 -0.00024480885875237862 -0.00064401892647007394 -0.0021623154037709639
leaf_weight=33.662479642778635 109.02559461072087 49.762701362371445 52.09817698225379 75.078820805996656 44.226960837841034 29.58173082023859 52.177703104913235 41.154166519641876 24.581243421882391 41.995871931314468 38.858022533357143 44.638646807521582 35.666702710092068 53.454829797148705 55.53002080693841 71.207093391567469 76.434113681316376 79.311640366911888 57.984140068292618 136.06352011859417 103.18016624078155 61.190608456730843 71.04770302772522 112.65534758195281 69.297355279326439 69.691082537174225 83.424022048711777 87.60533332079649 55.799789175391197 30.223415464162827 65.078598652034998 29.467999689280987 90.107905000448227 55.94892069324851 61.299756657332182
leaf_count=281 556 316 326 429 194 178 340 168 352 184 226 402 585 224 473 386 412 320 304 551 533 307 303 522 313 294 439 384 297 324 393 431 363 396 294
internal_value=-2.26095e-06 9.80401e-05 -0.000508538 0.000310293 -1.44441e-05 0.0024654 -0.000666251 -0.00119641 0.00156828 -0.00214975 -0.00160895 -0.00274057 -0.00551056 9.79814e-05 -0.00061218 0.000212007 0.00130887 4.16439e-05 -0.00135541 0.000295962 0.000569582 0.000278584 3.78348e-06 0.00049364 -0.000326921 0.000879179 0.00227689 0.00198207 -0.000145583 -4.87443e-05 0.00298117 -0.000296925 -0.00107616 -7.52392e-05 -0.00194689
internal_weight=2248.51 2139.49 553.863 1585.62 501.765 103.277 398.488 346.311 88.4671 257.843 216.689 174.693 74.5247 1470.78 100.169 1395.7 185.838 1209.87 184.991 1024.87 855.455 719.391 616.211 493.721 339.249 226.594 154.472 156.903 127.007 54.8047 114.841 59.0497 169.42 109.404 122.49
internal_count=12800 12244 4464 7780 4138 803 3335 2995 957 2038 1870 1686 811 7071 875 6642 1032 5610 987 4623 3940 3389 2856 2255 1513 991 742 697 683 676 709 609 683 620 601
is_linear=0
shrinkage=0.02


Tree=183
num_leaves=31
num_cat=0
split_feature=0 0 0 1 0 0 0 1 0 1 1 3 1 1 1 1 0 1 1 1 5 5 0 1 1 5 3 1 0 1
split_gain=22.3816 15.2714 5.86857 3.20089 2.33547 1.92894 1.7647 1.22615 1.86046 1.66259 1.16681 1.89833 0.996264 1.22641 0.52586 1.03613 0.970473 1.21563 1.51916 1.01748 0.742313 1.66608 0.749733 0.725626 0.404748 0.376853 0.372645 0.316098 0.37584 0.200005
threshold=-1.1033552289009092 1.4404313564300539 0.37188957631587988 8.1583333015441912 -0.62807917594909657 -1.8157398104667661 1.8157399296760561 10.991666793823244 0.78930723667144786 8.1583333015441912 5.5750000476837167 1.0000000180025095e-35 5.5083334445953378 9.5916666984558123 14.541666984558107 13.525000095367433 -0.16367168724536893 11.691666603088381 10.458333015441896 5.2083332538604745 0.045000016689300544 0.019999995827674869 0.2923999428749085 9.7083330154418963 8.2249999046325701 0.05500000715255738 1.0000000180025095e-35 8.1583333015441912 0.56811311841011058 3.9416667222976689
decision_type=2 2 2 2 2 2 2 2 2 2 2 2 2 2 2 2 2 2 2 2 2 2 2 2 2 2 2 2 2 2
left_child=3 2 4 5 12 -1 -3 8 27 10 11 -10 -2 -14 15 16 17 18 19 -6 21 -18 23 -22 -21 -17 -9 28 -4 -7
right_child=1 6 7 -5 14 29 -8 26 9 -11 -12 -13 13 -15 -16 25 20 -19 -20 24 22 -23 -24 -25 -26 -27 -28 -29 -30 -31
leaf_value=-0.016311744601116323 -0.0044029199094851729 0.0067078464478327439 0.0029284211019950548 -0.0018159387725145361 0.00075469482851786985 -0.0061981480464996302 0.014071436285229839 0.00139255481961196 0.0011303560965695285 0.0075069875727496026 0.00043084661485171222 0.0073320731075925474 0.00020794737801331734 -0.0032652860767263718 -0.0017266891006091909 0.0003245579574044147 0.001163596006319914 -0.0027682643730752459 0.0021876842417473362 -0.0028934804784865337 0.00016913702416084905 -0.0020989829459449657 -0.00089627630394890998 0.0022793704644418051 -0.00094422185590763152 0.0019643976939766042 -0.00071034435848866151 0.00034889659938720433 0.00079812006787724238 -0.0099138435428307442
leaf_weight=20.388091709464788 65.608301751315594 41.544005632400513 67.820046201348305 20.58219475671649 78.813030287623405 26.794712666422129 24.401203610002995 61.666330195963383 39.134551271796227 41.496828369796276 49.162656836211681 39.694308765232563 83.626331299543381 76.747015371918678 78.953224316239357 111.04142893850803 112.47097691893578 117.1197529733181 69.115287184715271 89.312634184956551 120.33660501241684 136.54921805858612 78.230067059397697 141.09673891961575 85.240660935640335 113.19108831882477 69.790237724781036 87.571676939725876 66.947549730539322 34.006134562194347
leaf_count=533 448 542 324 231 354 414 573 319 304 308 349 321 499 437 320 448 453 503 291 377 493 551 352 584 379 471 353 421 338 510
internal_value=-2.26845e-06 0.00043586 0.000131047 -0.0090741 -0.000484943 -0.0108262 0.00976654 0.00195928 0.00251764 0.00408643 0.002879 0.00435738 -0.00235545 -0.00147392 -0.000164418 -6.3343e-05 -0.000332369 -0.00104115 -0.000400697 -0.00111838 0.00019865 -0.000627896 0.000804751 0.0013167 -0.00196307 0.00116239 0.000282212 0.00129599 0.00189731 -0.00852589
internal_weight=2248.45 2146.68 2080.74 101.771 1557.45 81.1889 65.9452 523.284 391.828 169.488 127.992 78.8289 225.982 160.373 1331.47 1252.52 1028.28 439.601 322.482 253.366 588.684 249.02 339.663 261.433 174.553 224.233 131.457 222.339 134.768 60.8008
internal_count=12800 11112 9997 1688 6960 1457 1115 3037 2365 1282 974 625 1384 936 5576 5256 4337 1904 1401 1110 2433 1004 1429 1077 756 919 672 1083 662 924
is_linear=0
shrinkage=0.02


Tree=184
num_leaves=28
num_cat=0
split_feature=0 0 0 0 3 0 0 0 0 5 5 0 3 5 0 0 0 2 0 0 0 0 0 0 0 0 0
split_gain=21.7152 14.8307 5.65084 2.79283 2.30691 1.7532 1.54645 1.1243 0.53291 0.447746 0.747816 0.555674 0.431877 1.72795 1.57607 0.893659 0.365561 0.292647 1.11681 0.270107 0.428769 0.241468 0.0938822 0.262798 0.0609901 0.18337 0.148898
threshold=-1.1033552289009092 1.4404313564300539 0.37188957631587988 -1.8157398104667661 0.034999999217689044 1.8157399296760561 -0.24044604599475858 0.78930723667144786 -1.3729133009910581 0.084999993443489089 0.064999997615814223 0.2923999428749085 0.014999999664723875 0.029999986290931705 -0.087851781398057924 1.0000000180025095e-35 -0.69039615988731373 -1.0000000180025095e-35 0.53889256715774547 -0.56811311841011036 -0.45380596816539759 -0.3186670690774917 -0.82402125000953663 -0.93476513028144825 0.89663067460060131 1.2540397644042971 1.0583764314651491
decision_type=2 2 2 2 2 2 2 2 2 2 2 2 2 2 2 2 2 2 2 2 2 2 2 2 2 2 2
left_child=3 2 4 -1 6 -3 16 17 -5 10 12 -11 13 15 -15 -8 22 -4 -19 -18 -21 -22 23 -2 -9 26 -26
right_child=1 5 7 8 -6 -7 9 24 -10 11 -12 -13 -14 14 -16 -17 19 18 -20 20 21 -23 -24 -25 25 -27 -28
leaf_value=-0.01545703955235034 -0.002416752871346546 0.0066149587320793179 0.00023221658024104389 -0.0090988595214693165 -0.003800941953539146 0.013977158320372036 -0.0025112688535207108 0.0023163630497947253 -0.0052154434404602032 0.0018269689593495566 -0.0012897122686991473 -0.00019875889271086627 0.0015063729279253121 -0.00069509363291975202 0.0027650344223706536 0.00013336724143053679 0.00028905514962603333 0.0029415677878075089 0.00020882975775940755 -0.0021520962134657759 -6.3692232789188411e-05 -0.0013160665445867447 -0.0024018545111641832 -0.00035409162740028961 0.0029657539588775379 0.0020224099537374638 0.0047853201302075331
leaf_weight=20.591509403660893 48.229571402072906 41.315227743238211 91.351801827549934 32.702042356133461 77.22484265267849 24.091096244752407 106.61416286230087 50.594653755426407 47.7190777733922 131.79841957986355 144.06419968605042 90.401960089802742 98.695776492357254 90.326342165470123 122.07841719686985 96.171716213226318 79.333631560206413 117.19183610379696 120.75016133487225 92.266241118311882 153.92683537304401 100.88948349654675 74.793718487024307 50.21375036239624 58.987563863396645 38.336265906691551 45.494378305971622
leaf_count=545 380 542 427 594 351 573 431 275 549 551 588 404 397 366 497 387 370 557 603 418 667 419 400 334 425 343 407
internal_value=-2.27e-06 0.000428081 0.000128711 -0.00897224 -0.000475639 0.00966093 -0.000297209 0.00192389 -0.00697705 0.000236494 -2.64508e-05 0.00100838 0.000331322 4.6116e-05 0.00130084 -0.00126799 -0.00107874 0.00120112 0.00156807 -0.00075791 -0.000997503 -0.000565933 -0.0018508 -0.00139264 0.00312955 0.00338166 0.00383304
internal_weight=2246.15 2145.14 2079.74 101.013 1557.03 65.4063 1479.8 522.707 80.4211 880.151 657.951 222.2 513.886 415.191 212.405 202.786 599.653 329.294 237.942 426.416 347.083 254.816 173.237 98.4433 193.413 142.818 104.482
internal_count=12800 11112 9997 1688 6960 1115 6609 3037 1143 3621 2666 955 2078 1681 863 818 2988 1587 1160 1874 1504 1086 1114 714 1450 1175 832
is_linear=0
shrinkage=0.02


Tree=185
num_leaves=28
num_cat=0
split_feature=0 0 0 3 0 0 0 5 5 0 0 0 3 3 5 0 0 0 0 0 0 0 0 0 0 0 0
split_gain=21.0607 14.4023 5.45177 3.36537 2.77455 1.94441 1.74128 0.761075 0.718621 0.635203 0.634368 0.525223 0.488749 0.415138 1.66084 1.51506 0.859115 0.35252 0.25974 0.4127 0.232171 0.169644 0.328158 0.0903272 0.253523 0.0313666 0.160082
threshold=-1.1033552289009092 1.4404313564300539 0.51012541353702556 0.034999999217689044 -1.8157398104667661 -0.24044604599475858 1.8157399296760561 0.084999993443489089 0.064999997615814223 0.39889179170131689 0.82402130961418163 -1.3729133009910581 1.0000000180025095e-35 0.014999999664723875 0.029999986290931705 -0.087851781398057924 1.0000000180025095e-35 -0.69039615988731373 -0.56811311841011036 -0.45380596816539759 -0.3186670690774917 0.59782731533050548 0.69039613008499157 -0.82402125000953663 -0.93476513028144825 0.97431147098541271 1.1506889462471011
decision_type=2 2 2 2 2 2 2 2 2 2 2 2 2 2 2 2 2 2 2 2 2 2 2 2 2 2 2
left_child=4 2 3 5 -1 17 -3 8 13 12 21 -6 -9 14 16 -16 -7 23 -19 -20 -21 -4 -23 24 -2 -12 -27
right_child=1 6 10 -5 11 7 -8 9 -10 -11 25 -13 -14 -15 15 -17 -18 18 19 20 -22 22 -24 -25 -26 26 -28
leaf_value=-0.015375082033356264 -0.0023741898472347507 0.0065229440961371123 0.0022524517931938794 -0.0042413647265524502 -0.0089957204476981533 -0.002462362622636007 0.013882713287308977 0.0026066617898636347 -0.0012642740278956915 -0.00023217184689062394 0.0036534207646692911 -0.0051361404489120369 0.00083647086935701559 0.0014768766817907265 -0.0006815383059272154 0.0027111698909716791 0.00013075486297165994 0.00028338704535165848 -0.0021114516969173501 -6.2435734366055699e-05 -0.0012905486644990169 5.174358588844454e-05 0.0020370378887952824 -0.0023577022355996237 -0.00034735556846626189 0.0018417722057237718 0.0034967170929799674
leaf_weight=20.300837321206927 48.148991107940674 41.090564556419849 74.248144671320915 82.974410600960255 32.441016487777233 106.59694929420948 23.786567207425833 114.68582578003407 144.0638751834631 99.329888388514519 65.948899872601032 47.519657656550407 140.26657968759537 98.693559378385544 90.320268049836159 122.05373719334602 96.171398460865021 79.341941148042679 92.200643390417099 153.92425087094307 100.86645315587521 67.598373636603355 63.850932270288467 74.708797201514244 50.202661320567131 51.44148576259613 61.173197992146015
leaf_count=545 380 542 349 377 594 431 573 511 588 457 413 549 605 397 366 497 387 370 418 667 419 331 338 400 334 401 561
internal_value=-2.30964e-06 0.000420309 0.00012629 -0.000362071 -0.0088698 -0.000157331 0.00955581 0.000377177 -2.5929e-05 0.00112168 0.00227064 -0.00688332 0.00164685 0.000324821 4.51699e-05 0.00127539 -0.0012432 -0.00105819 -0.000743202 -0.000978218 -0.000554885 0.00149009 0.00103217 -0.00181682 -0.00136715 0.00314333 0.00278608
internal_weight=2243.95 2143.69 2078.81 1694.55 100.262 1611.58 64.8771 1012.18 657.9 354.282 384.261 79.9607 254.952 513.836 415.142 212.374 202.768 599.394 426.333 346.991 254.791 205.697 131.449 173.06 98.3517 178.564 112.615
internal_count=12800 11112 9997 7604 1688 7227 1115 4239 2666 1573 2393 1143 1116 2078 1681 863 818 2988 1874 1504 1086 1018 669 1114 714 1375 962
is_linear=0
shrinkage=0.02


Tree=186
num_leaves=32
num_cat=0
split_feature=0 0 0 1 0 0 0 1 0 1 1 3 1 1 1 1 5 1 1 5 5 1 1 1 1 1 1 3 1 0 1
split_gain=20.4249 13.9853 5.25799 3.13982 2.14494 1.91245 1.72893 1.16746 1.71173 1.62759 1.13459 1.85324 0.959213 1.18685 0.507186 0.993373 0.903128 1.44566 2.77674 1.41742 0.721917 1.40148 1.27548 1.55863 1.30273 0.553261 0.36556 0.351851 0.304133 0.354338 0.21942
threshold=-1.1033552289009092 1.4404313564300539 0.37188957631587988 8.1583333015441912 -0.62807917594909657 -1.8157398104667661 1.8157399296760561 10.991666793823244 0.78930723667144786 8.1583333015441912 5.5750000476837167 1.0000000180025095e-35 5.5083334445953378 9.5916666984558123 14.541666984558107 13.525000095367433 0.11500000953674318 5.2083332538604745 8.3416666984558123 0.10000000894069673 0.019999995827674869 6.1749999523162851 12.375000000000002 11.041666984558107 8.8249998092651385 11.625000000000002 14.141666412353517 1.0000000180025095e-35 8.1583333015441912 0.56811311841011058 3.9416667222976689
decision_type=2 2 2 2 2 2 2 2 2 2 2 2 2 2 2 2 2 2 2 2 2 2 2 2 2 2 2 2 2 2 2
left_child=3 2 4 5 12 -1 -3 8 28 10 11 -10 -2 -14 15 16 19 -18 -19 20 -6 -22 23 24 -23 -20 -17 -9 29 -4 -7
right_child=1 6 7 -5 14 30 -8 27 9 -11 -12 -13 13 -15 -16 26 17 18 25 -21 21 22 -24 -25 -26 -27 -28 -29 -30 -31 -32
leaf_value=-0.016093466388503182 -0.0042683285349319668 0.0064318044129934937 0.0028258201749002199 -0.0015730011756162207 0.0011782992271390938 -0.0059162685354910262 0.013788107297609167 0.0013022885947839298 0.00099907013046375928 0.0073115399586538843 0.00030851947265125087 0.0071393225396265856 0.00026353225655397497 -0.003156009442108745 -0.0016864107469955183 0.0018636665997599014 0.0014337456849894494 -0.0047685024336374341 0.00037463046878726729 0.0024362004972878046 -0.0027295535771235725 0.0015920794749779846 -0.0018715558346634503 0.0029907901572695282 -0.0018846237785320353 -0.00162716595046208 0.00023931378943575443 -0.000742287799171725 0.00030482623723706984 0.00075665507538407069 -0.009653802206283273
leaf_weight=19.522770892828703 65.284607924520969 40.869946409016848 67.664182037115097 20.347700543701649 112.46019926667213 26.326668031513691 23.487520817667246 61.529920548200607 38.94774217903614 41.127366475760937 48.957603298127651 39.326699659228325 83.494736537337303 76.506729997694492 78.938733264803886 124.17015519738197 71.525382742285728 82.997411787509918 124.09624218940735 89.942802831530571 95.083444103598595 75.673409178853035 103.02177067101002 81.362345620989799 94.977040499448776 96.669672027230263 100.01885122060776 69.729823246598244 87.490725040435791 66.88128550350666 33.326845712959766
leaf_count=533 448 542 324 231 453 414 573 319 304 308 349 321 499 437 320 511 332 359 554 378 388 305 422 333 387 426 408 353 421 338 510
internal_value=-2.36251e-06 0.000412667 0.000123901 -0.00876793 -0.000458889 -0.0105327 0.00945117 0.00185762 0.00240385 0.00391527 0.00272127 0.00418507 -0.00225456 -0.00139034 -0.000152011 -5.27315e-05 -0.000316252 -0.0010952 -0.00169616 0.000133727 -0.00024171 -0.000600136 -1.77513e-05 0.000748845 -0.000342327 -0.000508661 0.00114751 0.000221298 0.00123309 0.00182341 -0.00824976
internal_weight=2241.76 2142.24 2077.88 99.524 1556.22 79.1763 64.3575 521.655 390.396 168.359 127.232 78.2744 225.286 160.001 1330.94 1252 1027.81 375.289 303.763 652.521 562.578 450.118 355.035 252.013 170.65 220.766 224.189 131.26 222.036 134.545 59.6535
internal_count=12800 11112 9997 1688 6960 1457 1115 3037 2365 1282 974 625 1384 936 5576 5256 4337 1671 1339 2666 2288 1835 1447 1025 692 980 919 672 1083 662 924
is_linear=0
shrinkage=0.02


Tree=187
num_leaves=32
num_cat=0
split_feature=0 0 0 1 2 5 1 1 1 0 0 0 1 0 1 1 1 1 1 1 1 1 2 1 1 1 0 1 1 1 1
split_gain=19.8139 13.5792 5.06686 3.07789 2.96265 2.60757 3.86135 2.68935 2.50795 1.9103 1.87056 1.71619 1.07369 1.20778 1.58006 1.09712 0.730187 0.68373 1.69553 1.8076 0.745753 1.69237 1.33914 1.30336 1.66476 0.868546 0.802426 0.40248 0.277825 0.216753 0.0543835
threshold=-1.1033552289009092 1.4404313564300539 0.51012541353702556 8.1583333015441912 0.024999999441206459 0.17500001192092898 10.458333015441896 8.9250001907348651 5.8916666507720956 -1.8157398104667661 0.34515604376792913 1.8157399296760561 10.991666793823244 0.78930723667144786 8.1583333015441912 5.5750000476837167 6.5250000953674325 4.058333396911622 5.9583332538604745 7.9083333015441903 13.141666412353517 12.425000190734865 -1.0000000180025095e-35 11.47499990463257 10.341666698455812 13.708333015441896 0.037611209787428386 3.9916666746139531 3.5749999284744267 3.9416667222976689 12.074999809265138
decision_type=2 2 2 2 2 2 2 2 2 2 2 2 2 2 2 2 2 2 2 2 2 2 2 2 2 2 2 2 2 2 2
left_child=3 2 4 9 5 10 7 8 27 -1 17 -3 13 16 15 28 -4 -2 -19 -20 21 22 -21 24 -24 -22 -27 -7 -15 -11 -8
right_child=1 11 12 -5 -6 6 30 -9 -10 29 -12 -13 -14 14 -16 -17 -18 18 19 20 25 -23 23 -25 -26 26 -28 -29 -30 -31 -32
leaf_value=-0.016017735736753358 0.0017256897737954364 0.0063415416652108257 -0.00024400046328199187 -0.0015461219486541252 -0.003916450205785604 -0.005209435349294033 0.0007764285402244264 -0.0068266421195057134 0.0004550378976189253 -0.0058339738471305481 0.002757078713775115 0.01369334566383448 5.4333465919249209e-05 0.0026380666015598307 0.0072054683771556041 0.0003026494029896461 0.0026308735892524361 -0.002827850148997048 0.0025887847211850186 0.0017330674515308607 0.0020912474615887547 -0.0029019363606816555 -0.00020053900387454791 0.001372607834600547 -0.0039769114226821493 -0.0010118759890709061 0.0013630215156273885 -0.0026010858213203502 0.0052913853029572903 -0.0095460160637571029 0.0016267172190485971
leaf_weight=19.235124371945858 88.000073999166489 40.653304520994425 64.817950189113617 20.322444014251232 86.265259444713593 52.847531639039516 68.283683732151985 54.982786975800991 97.08551236987114 26.193636260926723 110.97267577052116 23.193862579762936 75.638314142823219 37.427369207143784 40.92959526181221 48.947901278734207 74.888468831777573 81.262507885694504 105.63526871800423 115.82302878797054 100.71524526178837 103.98915974795818 119.23743645846844 76.236142054200172 74.990423023700714 147.57740399241447 89.866611152887344 55.820445105433464 40.628300361335278 33.054424125701189 64.059389710426331
leaf_count=533 372 542 319 231 388 336 337 307 519 414 526 573 416 326 308 349 376 334 434 478 415 435 495 318 310 600 366 317 299 510 317
internal_value=-2.3652e-06 0.000405297 0.00012169 -0.0086678 -0.000348855 -0.00015276 -0.00156425 -0.00296889 -0.0018822 -0.0104276 0.000305971 0.00934704 0.00219198 0.00271381 0.00385047 0.0026743 0.00131243 5.48977e-05 -9.30196e-05 0.000150439 -0.000165964 -0.000663221 -4.87117e-05 -0.000818858 -0.00168425 0.000554638 -0.00010916 -0.0039408 0.00411682 -0.00814901 0.00120609
internal_weight=2239.58 2140.78 2076.93 98.8056 1693.65 1607.39 393.079 260.736 205.753 78.4832 1214.31 63.8472 383.278 307.64 167.933 127.004 139.706 1103.33 1015.33 934.071 828.435 490.276 386.287 270.464 194.228 338.159 237.444 108.668 78.0557 59.2481 132.343
internal_count=12800 11112 9997 1688 7604 7216 2133 1479 1172 1457 5083 1115 2393 1977 1282 974 695 4557 4185 3851 3417 2036 1601 1123 805 1381 966 653 625 924 654
is_linear=0
shrinkage=0.02


Tree=188
num_leaves=33
num_cat=0
split_feature=0 0 0 3 1 0 0 0 1 1 0 1 1 3 1 0 2 1 3 1 1 1 1 1 1 1 1 0 0 1 1 1
split_gain=19.2199 13.1843 4.88082 3.18473 3.01672 1.90755 1.7442 1.70306 1.3 1.03607 1.16922 1.5339 1.06064 1.80748 1.02904 1.39532 2.19476 1.3919 1.74973 1.16181 0.703156 0.580312 0.722571 0.917951 0.574656 2.08522 2.17779 1.36662 1.21505 0.680156 0.89627 0.214047
threshold=-1.1033552289009092 1.4404313564300539 0.51012541353702556 0.034999999217689044 8.1583333015441912 -1.8157398104667661 -0.24044604599475858 1.8157399296760561 4.1250000000000009 10.991666793823244 0.78930723667144786 8.1583333015441912 5.5750000476837167 1.0000000180025095e-35 10.941666603088381 -0.037611247040331357 -1.0000000180025095e-35 12.425000190734865 1.0000000180025095e-35 8.4749999046325701 6.5250000953674325 14.441666603088381 13.141666412353517 13.641666412353517 11.691666603088381 10.458333015441896 8.9250001907348651 -0.39889180660247797 -0.42618812620639795 4.241666555404664 6.8916666507720956 3.9416667222976689
decision_type=2 2 2 2 2 2 2 2 2 2 2 2 2 2 2 2 2 2 2 2 2 2 2 2 2 2 2 2 2 2 2 2
left_child=4 2 3 6 5 -1 24 -3 -8 10 20 12 13 -12 15 -10 -17 18 -16 -18 -4 22 -19 -24 25 26 28 -26 29 -2 -31 -7
right_child=1 7 9 -5 -6 31 8 -9 14 -11 11 -13 -14 -15 17 16 19 21 -20 -21 -22 -23 23 -25 27 -27 -28 -29 -30 30 -32 -33
leaf_value=-0.015941726247414433 -0.003118024473564472 0.0062521569945533052 -0.00023924214681682643 -0.0041182975651823748 -0.0015196756774738659 -0.0057524971760750769 0.002694610709175157 0.013598434368406529 -0.0027031133542512803 5.3276007298380917e-05 0.00090517560199769251 0.0071005772279031498 0.00029689015049503723 0.0069795513030007951 7.5197819559374282e-05 -0.0025898725074092748 0.0027214683580702162 -0.0010034831010189158 0.0043158031744477037 -0.00038602988862867805 0.0025825779238655621 -0.0013322885048547492 0.0028574961528397102 0.00015022565551180852 -0.00026820463125220483 0.0022544082103707597 -0.0042342333678288121 -0.0039190242160745785 0.0015658209604538505 0.0010251529780242641 -0.0021304951540918903 -0.0094387716635467092
leaf_weight=18.952679885551333 56.172588787972927 40.440571881830692 64.824659273028374 82.873818308115005 20.297640539705753 26.06299577280879 85.414830207824707 22.905499629676342 97.161104068160057 75.636359356343746 38.816935136914253 40.735050424933434 48.938383869826794 39.028890520334244 74.653993934392929 84.07811675965786 99.618304565548897 91.593275800347328 79.475787356495857 90.589577421545982 74.801428467035294 90.160979747772217 75.008206084370613 144.0464346408844 86.761516481637955 80.620597742497921 75.743368476629257 76.324525117874146 82.598495498299599 71.262914791703224 69.005833826959133 32.786825221031904
leaf_count=533 356 542 319 377 231 414 367 573 395 416 304 308 349 321 320 353 432 382 334 387 376 366 312 591 421 374 397 323 348 397 372 510
internal_value=-2.47205e-06 0.00039796 0.00011941 -0.000342293 -0.00856826 -0.010323 -0.000143093 0.00924342 0.000363056 0.00215283 0.00266617 0.00378645 0.00262791 0.00404918 0.00014274 -0.000669884 6.47058e-05 0.00068712 0.00228911 0.00125286 0.0012876 6.27749e-05 0.000473604 0.00109471 -0.000997143 -0.000612734 -0.00127325 -0.00200357 -0.000445095 -0.00129789 -0.000535408 -0.00804895
internal_weight=2237.39 2139.29 2075.95 1693.16 98.1001 77.8025 1610.29 63.3461 1011.8 382.782 307.145 167.519 126.784 77.8458 926.386 371.447 274.286 554.939 154.13 190.208 139.626 400.809 310.648 219.055 598.49 435.404 354.783 163.086 279.04 196.441 140.269 58.8498
internal_count=12800 11112 9997 7604 1688 1457 7227 1115 4239 2393 1977 1282 974 625 3872 1567 1172 2305 654 819 695 1651 1285 903 2988 2244 1870 744 1473 1125 769 924
is_linear=0
shrinkage=0.02


Tree=189
num_leaves=36
num_cat=0
split_feature=2 1 1 1 2 5 1 1 2 1 5 5 1 5 1 1 5 5 1 5 1 3 5 1 5 1 1 1 5 1 1 1 5 5 1
split_gain=0.961005 0.660973 2.97892 2.19363 1.91063 2.51477 1.82452 2.27845 0.876388 0.836377 0.829801 2.74847 2.51094 1.66926 0.657359 0.630557 0.87755 1.41314 1.37528 0.908613 0.998559 0.94645 2.2967 1.17799 1.32929 1.26014 0.920943 0.657155 0.735158 0.560897 0.50738 0.3333 0.200627 0.200054 0.115919
threshold=0.024999999441206459 5.9583332538604745 5.5750000476837167 6.8916666507720956 1.0000000180025095e-35 0.22000001370906833 5.0750000476837167 2.0416666269302373 -1.0000000180025095e-35 7.4749999046325692 0.084999993443489089 0.16000001132488254 3.5083333253860478 0.35000000894069677 4.1749999523162851 7.9083333015441903 0.3249999880790711 0.27499997615814215 10.525000095367433 0.21500000357627871 9.9416666030883807 0.014999999664723875 0.029999986290931705 11.691666603088381 0.05500000715255738 13.891666412353517 8.9250001907348651 13.275000095367433 0.13499999046325686 10.875000000000002 1.3416666984558108 6.3916666507720956 0.079999998211860671 0.33999998867511755 10.641666412353517
decision_type=2 2 2 2 2 2 2 2 2 2 2 2 2 2 2 2 2 2 2 2 2 2 2 2 2 2 2 2 2 2 2 2 2 2 2
left_child=1 2 4 31 6 -6 7 8 -1 -5 -9 -12 13 -13 -14 -11 17 19 -18 20 26 22 -22 29 -25 27 -17 28 -26 -24 -10 -3 -23 -7 -21
right_child=-2 3 -4 9 5 33 -8 10 30 15 11 12 14 -15 -16 16 18 -19 -20 34 21 32 23 24 25 -27 -28 -29 -30 -31 -32 -33 -34 -35 -36
leaf_value=0.004042316699973768 -0.0018204623320066434 0.0041817798374004234 -0.0049783389948799047 -0.0019440518320075059 0.0058725886749110895 -0.0015330416665933226 0.0027779140792858026 -0.0046890853489301131 -0.0019028286212083164 0.0020565652426538942 0.0028836265877560277 -0.0082542933139928103 0.0011797049499716111 -0.002095163598600448 -0.0020472036721084401 0.00010836642048471623 4.7388989797572694e-05 -0.0026289131111122566 0.0050956437736315143 0.0023263183478665649 -0.0023915908505321285 0.002289380570253398 0.0006363208089990044 0.0020300588742761072 -0.0019401554462629552 0.0014738008130256537 -0.0027290440850409364 -0.0030764974128444384 0.00079368665977024629 0.0029954454788636621 0.0018645569725646623 0.0019051992972976849 0.00083088547215160694 0.00074931858537778955 0.00108600836024712
leaf_weight=33.139483660459518 108.56505773961544 49.391725040972233 51.749595664441586 74.688940323889256 44.166143327951431 28.14502789080143 51.677963420748711 41.124467551708221 26.70099113881588 67.625778140500188 41.954872995615005 38.587095111608505 43.800290495157242 34.2556709703058 54.639388849958777 85.878216907382011 55.943035019561648 76.733044311404228 33.186640251427889 61.425263971090317 136.97057555615902 82.733129918575287 77.016060695052147 87.22876438498497 88.08087457716465 74.928726717829704 95.578969448804855 69.820712476968765 68.328935235738754 85.83288961648941 26.497112037613988 64.645730679854751 74.334319621324539 29.546080002561212 70.36429862678051
leaf_count=281 556 316 326 429 194 169 340 168 383 381 184 226 402 585 473 367 544 464 288 303 553 333 335 354 372 314 413 297 313 364 293 393 317 440 330
internal_value=-2.48697e-06 9.19404e-05 -0.000506823 0.000299132 -2.04488e-05 0.00239309 -0.000655937 -0.00118996 0.00159124 8.95788e-05 -0.00213903 -0.00160823 -0.00272908 -0.00549124 -0.000616505 0.000201327 0.000103636 -3.60337e-05 0.00199764 0.000139937 -6.1956e-05 0.000227834 -9.32666e-05 0.000484399 -0.000116271 -0.000747232 -0.00139964 -0.00148932 -0.000750912 0.001901 -2.67868e-05 0.00294631 0.00161825 -0.000378206 0.00169023
internal_weight=2235.29 2126.72 545.984 1580.74 494.235 101.857 392.377 340.699 86.3376 1466.7 254.362 213.237 171.282 72.8428 98.4397 1392.01 1324.38 1235.25 89.1297 1158.52 1026.73 845.275 688.208 551.237 388.388 301.159 181.457 226.231 156.41 162.849 53.1981 114.037 157.067 57.6911 131.79
internal_count=12800 12244 4464 7780 4138 803 3335 2995 957 7071 2038 1870 1686 811 875 6642 6261 5429 832 4965 4332 3552 2902 2349 1650 1296 780 982 685 699 676 709 650 609 633
is_linear=0
shrinkage=0.02


Tree=190
num_leaves=35
num_cat=0
split_feature=2 1 1 2 5 1 1 5 1 1 1 1 5 5 5 1 1 1 1 1 5 5 1 1 1 1 1 5 1 1 5 1 1 5
split_gain=0.923678 0.636076 2.89989 4.85857 3.61083 2.11018 1.76565 1.5105 1.19043 0.804197 0.74879 1.19691 1.44115 3.52672 0.84907 1.30774 0.613114 1.18268 1.00512 1.35754 0.820825 0.845722 0.783699 1.53651 1.67338 2.25812 1.50769 0.842229 0.796182 0.652171 0.64016 0.322545 0.321034 0.0806281
threshold=0.024999999441206459 5.9583332538604745 5.3583333492279062 1.0000000180025095e-35 0.22000001370906833 6.8916666507720956 1.6749999523162844 0.26499998569488531 4.8250000476837167 7.4749999046325692 4.4083333015441903 3.8916667699813847 0.11500000953674318 0.31499999761581426 0.39999999105930334 2.7083333730697636 8.7583332061767596 8.2249999046325701 9.9416666030883807 9.5916666984558123 0.029999986290931705 0.05500000715255738 10.641666412353517 11.425000190734865 12.425000190734865 13.141666412353517 14.175000190734865 0.14999999105930331 13.525000095367433 9.2249999046325701 0.17000000178813937 13.458333015441896 6.3916666507720956 0.18500000238418582
decision_type=2 2 2 2 2 2 2 2 2 2 2 2 2 2 2 2 2 2 2 2 2 2 2 2 2 2 2 2 2 2 2 2 2 2
left_child=1 2 3 6 -5 32 7 -1 10 -7 11 12 -8 -14 -15 -16 17 33 19 29 31 -22 -23 30 27 -26 28 -25 -27 -18 -24 -20 -3 -11
right_child=-2 5 -4 4 -6 9 8 -9 -10 16 -12 -13 13 14 15 -17 18 -19 20 -21 21 22 23 24 25 26 -28 -29 -30 -31 -32 -33 -34 -35
leaf_value=0.0052461302743603 -0.0017846048828438457 0.0041029109709504272 -0.0038376249079734854 0.0085481457575663188 0.00070557393724102137 -0.0019060852581383556 0.00089519547717799189 -0.00077477244130285815 0.0010459249208688121 0.00046305262681101898 -0.0047552836306261077 0.0010688334958248373 -0.0069507975232716802 0.0023324964780116388 0.0016450836109167494 -0.00554429573519065 -0.001398651650835724 0.0031413696129951323 -0.0019000301757996021 -0.003806732528606885 0.0019644979726257789 0.0018538712461754947 -0.0034305061879839334 0.0037664441591381123 -0.0025984054183446075 0.00030449978479999931 -0.0015742660584071985 0.00079709449327083795 0.0031709807813027698 0.0014513050743180844 -0.00053781169795565715 -0.00015851511819942615 0.0018684556821234922 -0.00060672567684205789
leaf_weight=29.372500985860825 108.57160599902272 49.372979519888759 85.377272253856063 39.922627046704292 54.292263468727469 74.69290322996676 37.980858415365219 34.612035380676389 56.301814060658216 53.397254347801208 35.950495958328247 48.349191481247544 59.187076941132545 27.416187800467014 17.979966757819057 19.228886874392629 70.814039666205645 76.098469037562609 79.288951829075813 57.662187851965427 136.00246031582355 102.64943431690335 60.714330539107323 70.924386888742447 112.42750561609864 69.173419304192066 69.636656455695629 83.175898659974337 87.522708356380463 55.481232650578022 61.487115733325481 90.079430669546127 64.638076793402433 55.410489216446877
leaf_count=133 556 316 535 176 579 429 157 590 391 224 261 351 309 259 368 355 386 412 320 304 551 533 255 303 522 313 294 439 384 297 346 363 393 396
internal_value=-2.34318e-06 9.02389e-05 -0.000497144 0.000135973 0.0041374 0.000293498 -0.000909874 0.0020644 -0.00154864 8.79836e-05 -0.00214588 -0.00165884 -0.00247706 -0.00350933 -0.000243412 -0.00216355 0.000197568 0.0012635 3.24586e-05 -0.00132039 0.000277812 0.00053035 0.000253883 -1.82871e-05 0.000480947 -0.000306835 0.000844259 0.00219448 0.00192536 -0.000143565 -0.00200711 -0.000986456 0.00289015 -8.28514e-05
internal_weight=2235.19 2126.62 545.971 460.594 94.2149 1580.65 366.379 63.9845 302.394 1466.64 246.093 210.142 161.793 123.812 64.625 37.2089 1391.95 184.906 1207.04 183.957 1023.08 853.714 717.711 615.062 492.861 338.76 226.333 154.1 156.696 126.295 122.201 169.368 114.011 108.808
internal_count=12800 12244 4464 3929 755 7780 3174 723 2451 7071 2060 1799 1448 1291 982 723 6642 1032 5610 987 4623 3940 3389 2856 2255 1513 991 742 697 683 601 683 709 620
is_linear=0
shrinkage=0.02


Tree=191
num_leaves=31
num_cat=0
split_feature=0 0 0 0 3 0 0 5 5 0 0 3 0 2 0 0 0 3 5 0 0 3 2 0 0 0 0 0 0 4
split_gain=18.6525 12.7905 4.67376 2.95913 2.78504 1.68802 1.60874 0.67753 0.688586 0.610034 0.528291 0.469744 0.412077 0.398618 0.911525 0.833147 0.61424 0.38541 1.51551 1.43703 0.81264 0.384315 0.248905 0.216831 0.186995 0.150411 0.0888344 0.0385339 0.032493 0.000350475
threshold=-1.0583763122558592 1.4404313564300539 0.51012541353702556 -1.5152822732925413 0.034999999217689044 1.8157399296760561 -0.24044604599475858 0.084999993443489089 0.064999997615814223 0.39889179170131689 0.89663067460060131 1.0000000180025095e-35 -1.9672712087631223 1.0000000180025095e-35 -0.53889259696006764 -0.53889259696006764 -0.34515604376792902 0.014999999664723875 0.029999986290931705 -0.087851781398057924 1.0000000180025095e-35 1.0000000180025095e-35 -1.0000000180025095e-35 -0.72257471084594715 1.2540397644042971 1.0583764314651491 -0.42618812620639795 0.65891757607460033 -1.2540398836135862 1.0000000180025095e-35
decision_type=2 2 2 2 2 2 2 2 2 2 2 2 2 2 2 2 2 2 2 2 2 2 2 2 2 2 2 2 2 2
left_child=3 2 4 12 6 -3 13 8 17 11 21 -9 -1 14 22 -15 26 18 20 -20 -8 -4 -2 -24 25 -12 -16 -23 -5 -13
right_child=1 5 10 28 -6 -7 7 9 -10 -11 24 29 -14 15 16 -17 -18 -19 19 -21 -22 27 23 -25 -26 -27 -28 -29 -30 -31
leaf_value=-0.015972777991729775 -0.0012158765220374791 0.0061752941094612443 0.0006530146201570178 -0.0041346943549453695 -0.0038676043947464779 0.013511076465918271 -0.0023726252964048405 0.0025102612110529192 -0.0012419304752655021 -0.0002728460193386259 0.0026994409813348229 0.00086088124541090782 -0.0092208538565993758 0.0016412221492662262 -0.00011822935389674555 -0.0013637209394439787 -0.001693845331836117 0.0014239729378404792 -0.00068575506599930338 0.0026186410122145671 0.00014921524655270885 0.0026831582016378381 -0.0019560309563393021 -0.0037036714569086888 0.0017494959337549208 0.0044930140257871251 0.00084009833058255759 0.0018099575900327556 -0.0060920314867636913 0.00066913719287376187
leaf_weight=14.870103776454924 67.146575905382633 40.257606323808432 111.14422826468945 31.21749871224165 82.094868168234825 22.644869927316904 106.55294148623943 114.49354898929596 144.0294755846262 99.243722498416901 58.389509625732899 69.466746389865875 23.470054224133492 63.452558368444443 78.832809627056122 82.628161147236824 93.69462975859642 98.66793817281723 90.305998414754868 121.98707455396652 96.170279562473297 62.711834505200386 73.562129355967045 57.66841658949852 37.894884541630745 44.870321370661259 73.178820922970772 67.344618707895279 36.499843694269657 70.663109689950943
leaf_count=408 379 542 550 454 369 573 431 511 588 457 425 298 514 352 356 355 392 397 366 497 387 301 482 273 343 407 316 367 403 307
internal_value=-2.24438e-06 0.000408796 0.000134055 -0.00810869 -0.000319828 0.00915114 -0.000133396 0.00035065 -2.96169e-05 0.00105363 0.00212416 0.00156874 -0.0125016 -0.000961466 -0.00125842 -5.39368e-05 -0.000437983 0.000313796 4.42941e-05 0.00121972 -0.00118651 0.00153383 -0.00226008 -0.00276809 0.00309737 0.00354938 0.000348031 0.00226527 -0.0053342 0.000774967
internal_weight=2235.16 2129.1 2066.2 106.058 1683.84 62.9025 1601.74 1011.58 657.714 353.867 382.355 254.623 38.3402 590.164 444.083 146.081 245.706 513.684 415.016 212.293 202.723 241.201 198.377 131.231 141.155 103.26 152.012 130.056 67.7173 140.13
internal_count=12800 11021 9906 1779 7513 1115 7144 4239 2666 1573 2393 1116 922 2905 2198 707 1064 2078 1681 863 818 1218 1134 755 1175 832 672 668 857 605
is_linear=0
shrinkage=0.02


Tree=192
num_leaves=33
num_cat=0
split_feature=0 0 0 1 0 3 1 0 1 1 1 1 1 0 1 0 3 3 3 1 1 1 1 0 0 1 1 0 3 1 1 1
split_gain=18.105 12.465 4.58111 2.92937 1.89008 1.87907 1.69814 1.20751 1.08315 1.65535 1.09548 0.745095 1.34421 0.832699 0.864663 0.919668 1.90876 1.12973 0.719285 0.738812 0.550821 1.98107 2.08384 1.30967 1.11677 0.635689 0.861681 0.441848 0.339338 0.22417 0.176728 0.00147431
threshold=-1.1033552289009092 1.4404313564300539 0.37188957631587988 8.1583333015441912 -1.8157398104667661 0.034999999217689044 3.2250000238418584 -0.24044604599475858 10.991666793823244 9.8916664123535174 7.3916666507720956 4.241666555404664 7.5416667461395273 0.26633311808109289 10.941666603088381 -0.037611247040331357 1.0000000180025095e-35 1.0000000180025095e-35 1.0000000180025095e-35 4.558333396911622 11.691666603088381 10.458333015441896 8.9250001907348651 -0.39889180660247797 -0.42618812620639795 4.241666555404664 6.8916666507720956 0.82402130961418163 1.0000000180025095e-35 3.9416667222976689 9.5916666984558123 8.7583332061767596
decision_type=2 2 2 2 2 2 2 2 2 2 2 2 2 2 2 2 2 2 2 2 2 2 2 2 2 2 2 2 2 2 2 2
left_child=3 2 5 4 -1 7 -3 20 9 10 18 -9 -13 14 30 16 -16 -17 19 -4 21 22 24 -22 25 -2 -27 -20 -10 -6 -14 -12
right_child=1 6 8 -5 29 -7 -8 11 28 -11 31 12 13 -15 15 17 -18 -19 27 -21 23 -23 -24 -25 -26 26 -28 -29 -30 -31 -32 -33
leaf_value=-0.015788928954998904 -0.0030009726106832676 0.01281766097414226 -0.00048224161764741141 -0.0014304291498619885 -0.0055719804437930629 -0.0034352885375463008 0.0056539930703957773 0.0020976243325281259 0.0012247398004231575 0.0055041588152520528 -3.7318459999502577e-05 -0.0019851617051236236 -0.00050022041157538164 0.0021311411423061673 -0.00055632867413859947 0.0011669382729726392 0.0035836971172362449 -0.0014295009597193994 0.0023695066557740045 0.0027659376237713241 -0.00024667692648962957 0.0022100654317418768 -0.0041285801738169805 -0.0038217678149508835 0.0015085448268171487 0.001028811852262762 -0.0020666683922223087 0.0049378818236929254 -0.00078433184874125402 -0.0092650495158319596 -0.0018278870231877369 0.00010970333031599819
leaf_weight=18.404550222679973 55.938191533088684 26.946307949721813 50.510096982121468 20.213403467088938 25.775026325136423 76.946641840040684 35.472123723477125 73.937125727534294 61.409623682498932 52.753529816865921 51.265396475791931 112.27125151455402 84.485711947083473 89.711094781756401 82.636332020163536 125.41981899738312 93.464166685938835 139.48884370923042 67.347928315401077 59.480063632130623 86.716170072555542 80.665372975170612 75.541990399360657 76.231339767575264 82.643359303474426 71.236753791570663 68.891143411397934 52.673729829490185 69.656775303184986 32.357389938086271 78.129526063799858 54.516200356185436
leaf_count=533 356 566 335 231 414 351 549 310 319 291 303 463 341 395 335 515 378 566 336 357 421 374 397 323 348 397 372 426 353 510 318 317
internal_value=-2.37466e-06 0.00038427 0.000115044 -0.00837491 -0.0101258 -0.000428717 0.00904851 -0.000267696 0.00173704 0.00226504 0.0017266 0.000203758 2.51786e-05 0.000355485 8.54193e-05 0.000545049 0.00165653 -0.000200696 0.00249565 0.00129232 -0.000959639 -0.000583147 -0.00122802 -0.00194526 -0.000418028 -0.00123713 -0.000500687 0.00355915 0.000161255 -0.00786738 -0.00115256 3.90812e-05
internal_weight=2233.14 2136.39 2073.97 96.7504 76.537 1554.35 62.4184 1477.41 519.613 388.547 335.793 879.544 805.607 693.335 603.624 441.009 176.1 264.909 230.012 109.99 597.864 434.917 354.251 162.948 278.709 196.066 140.128 120.022 131.066 58.1324 162.615 105.782
internal_count=12800 11112 9997 1688 1457 6960 1115 6609 3037 2365 2074 3621 3311 2848 2453 1794 713 1081 1454 692 2988 2244 1870 744 1473 1125 769 762 672 924 659 620
is_linear=0
shrinkage=0.02


Tree=193
num_leaves=32
num_cat=0
split_feature=0 0 0 1 3 0 0 0 1 1 0 1 1 1 2 5 1 5 1 1 1 1 1 1 2 1 1 0 1 1 1
split_gain=17.5599 12.0981 4.41869 2.86975 2.82844 1.88583 1.6877 1.5392 1.18148 0.991729 1.10939 1.49578 1.04347 0.986492 1.31218 1.31158 1.18957 2.06309 1.69038 1.23731 1.29713 0.642919 0.529704 1.90478 2.02144 3.31098 2.59459 1.26079 0.324496 0.268553 0.226004
threshold=-1.1033552289009092 1.4404313564300539 0.51012541353702556 8.1583333015441912 0.034999999217689044 -1.8157398104667661 1.8157399296760561 -0.24044604599475858 4.1250000000000009 10.991666793823244 0.78930723667144786 8.1583333015441912 5.5750000476837167 8.6250000000000018 -0.014999999664723871 0.064999997615814223 13.641666412353517 0.045000016689300544 14.324999809265138 11.841666698455812 10.408333301544191 6.5250000953674325 11.691666603088381 10.458333015441896 1.0000000180025095e-35 8.9250001907348651 6.0083334445953378 -0.39889180660247797 4.1749999523162851 3.5749999284744267 5.3583333492279062
decision_type=2 2 2 2 2 2 2 2 2 2 2 2 2 2 2 2 2 2 2 2 2 2 2 2 2 2 2 2 2 2 2
left_child=3 2 4 5 7 -1 -3 22 -9 10 21 12 29 15 -15 -10 17 -16 -18 20 -19 -4 23 24 25 26 28 -24 -2 -12 -7
right_child=1 6 9 -5 -6 30 -8 8 13 -11 11 -13 -14 14 16 -17 18 19 -20 -21 -22 -23 27 -25 -26 -27 -28 -29 -30 -31 -32
leaf_value=-0.015712085269409818 -0.0040621802214435435 0.0059767434944833107 -0.00024588227973610066 -0.0014058579115116307 -0.003887857677290434 -0.0061325185582919474 0.013341671574879517 0.0025605290807909375 0.00075399728285879906 -2.4511354449779042e-06 0.0024746943918606745 0.0069336428321354971 0.000195495936832994 0.0029683441538961896 -0.0012089921803086828 -0.0024983562190188154 -0.0028146984476596199 0.0023814747329089078 0.00076820039481235243 0.0030860082454879207 -0.0011206397695132917 0.0024539996681828282 -0.00024187675580237896 0.0021655236007921768 0.0014716180837093637 -0.006237548481607064 0.0013979194829247723 -0.00375046023862608 -0.0017869018100365728 0.005074949641153236 -0.0099401437844323457
leaf_weight=18.137145362794399 55.367383636534214 39.792172234505415 64.802958905696869 20.190544512122869 82.725706838071346 37.288813572376966 22.152876880019903 85.355376914143562 85.342349350452423 75.518293008208275 37.15198378264904 40.417737402021885 48.764745630323887 73.353520035743713 142.79136376082897 114.01791441440582 105.56071045994759 77.433846741914749 101.88866449892521 136.89871330559254 88.703381523489952 74.574532508850098 86.708145521581173 80.718646630644798 84.370982468128204 57.088310912251472 102.71895922720432 76.165806785225868 54.466878943145275 40.258697614073753 20.465245019644499
leaf_count=533 327 542 319 231 377 616 573 367 344 416 326 308 349 301 576 500 434 334 415 588 380 376 421 374 436 306 512 323 289 299 308
internal_value=-2.46727e-06 0.000377299 0.000112911 -0.00827718 -0.000326138 -0.0100222 0.00894551 -0.000138409 0.000337026 0.00205138 0.00255502 0.00365011 0.00250652 0.000126993 0.000469163 -0.00111242 0.000180338 0.000761711 -0.00106443 0.00169215 0.00052055 0.00121298 -0.000941444 -0.000572161 -0.00120504 -0.00204724 -0.000874136 -0.00190821 -0.002986 0.00392076 -0.0077693
internal_weight=2231.19 2135.11 2073.17 96.0817 1691.68 75.8912 61.945 1608.95 1011.35 381.489 305.971 166.593 126.175 925.99 726.63 199.36 653.277 445.827 207.449 303.036 166.137 139.377 597.605 434.731 354.013 269.642 212.553 162.874 109.834 77.4107 57.7541
internal_count=12800 11112 9997 1688 7604 1457 1115 7227 4239 2393 1977 1282 974 3872 3028 844 2727 1878 849 1302 714 695 2988 2244 1870 1434 1128 744 616 625 924
is_linear=0
shrinkage=0.02


Tree=194
num_leaves=33
num_cat=0
split_feature=0 0 0 0 1 1 1 0 1 1 0 1 1 1 1 3 0 0 1 1 1 0 1 1 1 1 1 0 1 1 1 5
split_gain=17.0339 11.6979 4.1873 2.86705 2.49613 1.81444 1.68794 1.06256 0.980625 0.95679 1.07364 1.4516 1.00848 0.897191 0.748433 0.967518 1.24964 1.07844 1.01621 1.63136 1.09389 0.647636 1.06019 0.619054 0.595097 3.44708 1.48828 0.428412 0.412139 0.260319 0.167436 0.127374
threshold=-1.0583763122558592 1.4404313564300539 0.51012541353702556 -1.5152822732925413 2.4083334207534794 3.6250000000000004 3.2250000238418584 -0.69039615988731373 5.0750000476837167 10.991666793823244 0.78930723667144786 8.1583333015441912 5.5750000476837167 14.541666984558107 13.941666603088381 0.024999999441206459 -1.0000000180025095e-35 -0.51012541353702534 12.991666793823244 11.841666698455812 10.641666412353517 0.13831529766321185 8.5583333969116229 6.5250000953674325 12.208333015441896 11.108333587646486 7.7750000953674325 -1.9672712087631223 10.22499990463257 3.5749999284744267 7.0916666984558114 0.05500000715255738
decision_type=2 2 2 2 2 2 2 2 2 2 2 2 2 2 2 2 2 2 2 2 2 2 2 2 2 2 2 2 2 2 2 2
left_child=3 2 4 27 -2 -6 -3 28 -5 10 23 12 29 14 15 16 17 -9 19 20 21 -18 -23 -4 25 26 -19 -1 30 -12 -7 -16
right_child=1 6 9 8 5 7 -8 13 -10 -11 11 -13 -14 -15 31 -17 18 24 -20 -21 -22 22 -24 -25 -26 -27 -28 -29 -30 -31 -32 -33
leaf_value=-0.015751093416128466 -0.0039007976677823538 0.012634150486178598 -0.00024108728952017486 -0.0081549574075146687 0.0030461772982029495 -0.0016898865309068051 0.0054638549550174676 0.0012221857355211277 -0.0030019447914661343 -2.4033602917888064e-06 0.0024317850948407599 0.0068318018052153963 0.00019176354571520771 -0.0021273204258015232 0.00074272158122547314 -0.0019739527689536275 -0.00042449038268757192 0.00012049441976323847 -0.0011742766852872685 0.0036196556712071062 -0.0016426710866906129 0.00050172357179727287 0.0036941667271928485 0.0024087927913024804 -0.0020417490245463309 0.0032519529461368648 -0.0029523073285867359 -0.0089441499372613694 -0.00036948908929914135 0.0049942897177088358 -0.003467562738139654 0.0019437117191488137
leaf_weight=14.235577482730148 71.725393861532211 26.400086354464293 64.809715777635574 24.846911486238241 66.586595974862576 49.375406138598919 35.078220678493381 105.29039211571217 42.007584895938635 75.518381111323833 37.087334997951984 40.23153980076313 48.758607424795628 80.713980987668037 74.641472429037094 103.819411277771 71.855658546090126 111.19900339841843 85.86491733789444 85.496439829468727 70.17383947968483 101.63512639701366 69.345892027020454 74.492982864379883 148.26765482127666 73.211239114403725 143.14774914085865 22.935407042503357 49.235398307442665 40.12438090890646 48.47356640547514 72.702058255672455
leaf_count=408 358 566 319 357 332 313 549 480 500 416 326 308 349 328 301 440 289 461 362 368 302 452 304 376 622 300 605 514 286 299 306 304
internal_value=-2.55328e-06 0.0003874 0.000127167 -0.0078264 -0.000302089 -0.000137232 0.00884398 -0.000278241 -0.00509834 0.00201462 0.00250999 0.00358905 0.00246281 -0.000106846 2.00528e-05 -0.000149986 3.11035e-05 -0.000593325 0.00077961 0.00120437 0.000525858 0.00116081 0.00182425 0.00118999 -0.000998495 -0.000516745 -0.00161844 -0.0122222 -0.00188329 0.00385591 -0.00262235 0.00135341
internal_weight=2229.29 2125.26 2063.78 104.025 1682.76 1611.04 61.4783 1544.45 66.8545 381.023 305.505 166.202 125.97 1397.36 1316.65 1169.31 1065.49 581.116 484.372 398.507 313.011 242.837 170.981 139.303 475.826 327.558 254.347 37.171 147.084 77.2117 97.849 147.344
internal_count=12800 11021 9906 1779 7513 7155 1115 6823 857 2393 1977 1282 974 5918 5590 4985 4545 2468 2077 1715 1347 1045 756 695 1988 1366 1066 922 905 625 619 605
is_linear=0
shrinkage=0.02


Tree=195
num_leaves=37
num_cat=0
split_feature=2 1 1 2 5 1 1 5 1 1 1 1 5 5 5 1 5 1 5 5 1 5 1 3 5 1 5 1 1 1 5 1 1 1 5 1
split_gain=0.832506 0.629219 3.77235 2.96044 2.49656 2.04595 1.64717 1.46959 1.23632 0.771744 0.732394 1.18943 1.34823 3.34659 0.824502 1.28685 0.63516 0.63226 0.815408 1.392 1.33553 0.851212 0.935869 0.91968 2.06133 1.13221 1.23421 1.23466 0.835355 0.604335 0.737337 0.53275 0.309856 0.188255 0.182461 0.111538
threshold=0.024999999441206459 5.9583332538604745 5.7083332538604745 1.0000000180025095e-35 0.22000001370906833 6.8916666507720956 1.6749999523162844 0.26499998569488531 4.8250000476837167 7.4749999046325692 4.4083333015441903 3.8916667699813847 0.11500000953674318 0.31499999761581426 0.39999999105930334 2.7083333730697636 0.22000001370906833 7.9083333015441903 0.3249999880790711 0.27499997615814215 10.525000095367433 0.21500000357627871 9.9416666030883807 0.014999999664723875 0.029999986290931705 11.691666603088381 0.05500000715255738 13.891666412353517 8.9250001907348651 13.275000095367433 0.13499999046325686 10.875000000000002 6.3916666507720956 3.6250000000000004 0.079999998211860671 10.641666412353517
decision_type=2 2 2 2 2 2 2 2 2 2 2 2 2 2 2 2 2 2 2 2 2 2 2 2 2 2 2 2 2 2 2 2 2 2 2 2
left_child=1 2 3 6 -5 32 7 -1 10 -7 11 12 -8 -14 -15 -16 -10 -11 19 21 -20 22 28 24 -24 31 -27 29 -19 30 -28 -26 -3 -6 -25 -23
right_child=-2 5 -4 4 33 9 8 -9 16 17 -12 -13 13 14 15 -17 -18 18 20 -21 -22 35 23 34 25 26 27 -29 -30 -31 -32 -33 -34 -35 -36 -37
leaf_value=0.0052184392419128587 -0.0016965331502913396 0.0040435740440469773 -0.0065487284339279563 0.0063510636639097073 0.0012569238983469882 -0.0018711571460946418 0.00079698464552670754 -0.00076330295737490482 -0.0010919890326306582 0.0020524789980187735 -0.0047138173457337128 0.0010851290064922503 -0.0068125783795202448 0.0023014883104534208 0.0016762761186620574 -0.0055627339800284727 0.0021368682726829089 8.0357633912063402e-05 -5.0713659328962692e-06 -0.0026185714630183573 0.0049881466406107135 0.0022616251188934374 -0.0022740875677863112 0.0022315817175899777 0.00060663264548077068 0.0019302491601554258 -0.0019636004607687082 0.0014524100083538978 -0.0026240584825223366 -0.0030046968768625373 0.00077659666779116162 0.0029062105963772724 0.0018433071642783092 -0.00092815607169757796 0.0008376542143038988 0.0010454264020699387
leaf_weight=29.333338528871536 108.31380525231361 49.162983674556017 36.352416200563312 45.274730265140533 29.848560584709048 74.480034071952105 37.985579296946526 33.610284619033337 45.999932765960693 67.454057479277253 35.72874267026782 48.022671330720186 59.021809682250023 27.139128185808659 17.351175824180245 18.665897844359279 47.747140437364578 85.826332524418831 55.297831060364842 76.410024136304855 32.976704631000757 61.22326397895813 136.93805608153343 82.720156028866768 76.888143926858902 87.211549371480942 87.955829977989197 74.892342820763588 95.40405760705471 69.759173274040222 68.219697490334511 85.848923087120056 64.407632023096085 29.294437695294619 74.264480471611023 70.316812962293625
leaf_count=133 556 316 228 199 356 429 157 590 196 381 261 351 309 259 368 355 434 367 544 464 288 303 553 333 335 354 372 314 413 297 313 364 393 268 317 330
internal_value=-2.59169e-06 8.55117e-05 -0.000501648 -4.22538e-05 0.00292461 0.000287376 -0.000826251 0.0020992 -0.00138073 8.50328e-05 -0.00212623 -0.00164152 -0.00246236 -0.00347222 -0.000237239 -0.00217063 0.000562813 0.000192419 9.45651e-05 -3.96153e-05 0.00192943 0.000134857 -6.0536e-05 0.000220043 -9.66103e-05 0.00045104 -0.000138037 -0.000746434 -0.00135641 -0.00148165 -0.000771958 0.00184029 0.00284926 0.000179662 0.00159099 0.00163688
internal_weight=2227.35 2119.03 541.376 505.023 104.418 1577.66 400.606 62.9436 337.662 1464.09 243.915 208.186 160.164 122.178 63.1562 36.0171 93.7471 1389.61 1322.15 1233.88 88.2745 1157.47 1025.93 844.698 687.714 550.776 388.039 300.827 181.23 225.935 156.176 162.737 113.571 59.143 156.985 131.54
internal_count=12800 12244 4464 4236 823 7780 3413 723 2690 7071 2060 1799 1448 1291 982 723 630 6642 6261 5429 832 4965 4332 3552 2902 2349 1650 1296 780 982 685 699 709 624 650 633
is_linear=0
shrinkage=0.02


Tree=196
num_leaves=29
num_cat=0
split_feature=0 0 0 3 0 0 0 5 5 0 0 0 3 0 3 0 3 5 0 0 2 0 0 0 0 0 0 4
split_gain=16.5484 11.4227 4.09427 2.67603 2.5695 1.68196 1.4446 0.603147 0.680023 0.601322 0.531631 0.467636 0.60072 0.597594 0.463478 0.413956 0.338311 1.37001 1.37567 0.771949 0.272099 0.824986 0.644148 0.568423 0.127284 0.130784 0.0893385 0.000539547
threshold=-1.1033552289009092 1.4404313564300539 0.51012541353702556 0.034999999217689044 -1.8157398104667661 1.8157399296760561 -0.24044604599475858 0.084999993443489089 0.064999997615814223 0.39889179170131689 -1.3729133009910581 0.69039613008499157 0.014999999664723875 1.0154456198215487 1.0000000180025095e-35 0.59782731533050548 0.014999999664723875 0.029999986290931705 -0.087851781398057924 1.0000000180025095e-35 1.0000000180025095e-35 -0.53889259696006764 -0.53889259696006764 -0.34515604376792902 -0.65891757607460011 -0.85975876450538624 -0.42618812620639795 1.0000000180025095e-35
decision_type=2 2 2 2 2 2 2 2 2 2 2 2 2 2 2 2 2 2 2 2 2 2 2 2 2 2 2 2
left_child=4 2 3 6 -1 -3 20 8 16 14 -6 15 13 -13 -9 -4 17 19 -19 -8 21 24 -22 26 25 -2 -23 -16
right_child=1 5 11 -5 10 -7 7 9 -10 -11 -12 12 -14 -15 27 -17 -18 18 -20 -21 22 23 -24 -25 -26 -27 -28 -29
leaf_value=-0.014693100836623601 -0.0024529355356319007 0.0057925659302805309 0.0020563698165497481 -0.0037793879411733072 -0.008324014258221624 0.013176245964062701 -0.0022671436998453857 0.0024406294462114195 -0.0012337497073602215 -0.0003232461080060825 -0.0044811676833227164 0.0019828002443549623 0.00046204535545536345 0.004293497525729841 0.0008008360462441194 -9.4635753031412567e-05 0.0013525717748218149 -0.00068658308910409319 0.0025465209603383158 0.00019013964485795339 0.0013025841500874627 -7.9489255110227496e-05 -0.0013211380622617486 -0.0015758615846721861 -0.002909587638075084 -0.0011865523971978942 0.0008827859401652708 0.00061590260357583752
leaf_weight=18.107800383120775 59.369336821138859 39.367045242339373 73.935784220695496 82.649415276944637 30.814746014773846 21.688431354239583 106.50993071496487 114.35795427858829 144.01579417288303 99.152386471629143 45.891946695744991 109.95715422928333 46.870350785553455 82.395237505435944 69.416374012827873 67.368884265422821 98.654334276914597 90.306115806102753 121.94334544241428 96.17488594353199 65.17247585952282 78.74921752512455 82.568360656499863 93.555925741791725 57.748727098107338 86.803458943963051 73.115722492337227 70.607078522443771
leaf_count=545 457 542 349 377 594 573 431 511 588 457 549 654 330 729 298 331 397 366 497 387 370 356 355 392 271 471 316 307
internal_value=-2.44126e-06 0.000364386 0.000109009 -0.000313365 -0.00808978 0.00875017 -0.000130767 0.000329772 -2.8952e-05 0.000993439 -0.00619721 0.00197765 0.00251601 0.0030066 0.00150517 0.00104384 0.000312362 5.97404e-05 0.00117736 -0.00111069 -0.00090917 -0.00115309 -0.000161804 -0.000366543 -0.00208696 -0.00172707 0.000389253 0.000717569
internal_weight=2227.27 2132.45 2071.4 1690.87 94.8145 61.0555 1608.22 1011.14 657.604 353.534 76.7067 380.527 239.223 192.352 254.381 141.305 513.589 414.934 212.249 202.685 597.083 449.342 147.741 245.421 203.922 146.173 151.865 140.023
internal_count=12800 11112 9997 7604 1688 1115 7227 4239 2666 1573 1143 2393 1713 1383 1116 680 2078 1681 863 818 2988 2263 725 1064 1199 928 672 605
is_linear=0
shrinkage=0.02


Tree=197
num_leaves=27
num_cat=0
split_feature=0 0 0 0 0 0 2 0 3 0 0 5 5 5 3 5 0 2 0 0 0 3 0 2 0 0
split_gain=16.0425 11.0867 3.95702 2.54761 1.73427 1.66619 0.931435 0.812934 0.579662 0.57907 0.522322 0.365726 0.574115 0.554984 0.958546 0.584301 0.933024 0.417772 0.341844 0.485996 0.208491 0.260029 0.180638 0.131216 0.333628 0.0103109
threshold=-1.1033552289009092 1.4404313564300539 0.37188957631587988 -1.8157398104667661 -0.62807917594909657 1.8157399296760561 -1.0000000180025095e-35 0.69039613008499157 0.014999999664723875 1.0154456198215487 -1.3729133009910581 0.12500000000000003 0.10500001907348634 0.094999998807907118 0.024999999441206459 0.029999986290931705 -1.0000000180025095e-35 1.0000000180025095e-35 0.16367168724536899 -0.087851781398057924 0.59782731533050548 1.0000000180025095e-35 -0.89663067460060109 -1.0000000180025095e-35 -0.39889180660247797 0.037611209787428386
decision_type=2 2 2 2 2 2 2 2 2 2 2 2 2 2 2 2 2 2 2 2 2 2 2 2 2 2
left_child=3 2 4 -1 6 -3 -2 20 9 -9 -5 12 13 14 15 16 -6 18 19 -17 21 -4 -8 -13 -25 -18
right_child=1 5 7 10 11 -7 22 8 -10 -11 -12 23 -14 -15 -16 17 25 -19 -20 -21 -22 -23 -24 24 -26 -27
leaf_value=-0.014608767710111372 -0.0041276956149619223 0.0057087313459493654 0.0019445213346742187 -0.008225121800114121 -0.0022689408755949764 0.013080636601873544 -0.0002140719527020936 0.0019459663061092136 0.00045330830384084504 0.0042227669102197869 -0.0044107620284456594 -5.2118829153871842e-05 0.0012846180249667372 -0.0017392759027330125 -0.0019901571766406658 1.9137355559885093e-05 0.00021633504673319778 0.001868584213688572 -0.00072641827509364236 0.0017414183150007241 -9.2793870354863014e-05 0.0005301580028171986 -0.0016539905787076054 -0.00023641597194472858 -0.001674618478194253 0.00054895628969949364
leaf_weight=17.862107764929533 59.483540132641792 39.177554488182068 95.440266847610474 30.587878439575434 78.09948343038559 21.427271943539381 50.920235648751259 109.83677649497986 46.856923192739487 82.135974854230881 45.725611723959446 101.01148547232151 134.01486776769161 74.578513354063034 80.449112489819527 157.73193618655205 79.724561437964439 96.377991735935211 82.163779839873314 110.17793150246143 67.371594220399857 116.02977167069912 113.14081017673016 140.54245652258396 118.50131839513779 75.980120077729225
leaf_count=545 370 542 452 594 317 573 392 654 330 729 549 450 569 310 324 643 320 392 336 449 331 541 622 635 525 306
internal_value=-2.533e-06 0.000357713 0.000106896 -0.00799274 -0.000398178 0.00864974 -0.0020198 0.00161771 0.00247089 0.0029536 -0.00611064 -0.000122861 7.95748e-05 -0.000116372 4.68791e-05 0.000292913 -0.000514212 0.000716008 0.000389883 0.000735081 0.000874556 0.00118072 -0.00121504 -0.000665263 -0.000902121 0.00038355
internal_weight=2225.35 2131.17 2070.57 94.1756 1552.9 60.6048 223.545 517.671 238.83 191.973 76.3135 1329.35 969.298 835.283 760.705 680.256 233.804 446.452 350.074 267.91 278.842 211.47 164.061 360.055 259.044 155.705
internal_count=12800 11112 9997 1688 6960 1115 1384 3037 1713 1383 1143 5576 3966 3397 3087 2763 943 1820 1428 1092 1324 993 1014 1610 1160 626
is_linear=0
shrinkage=0.02


Tree=198
num_leaves=36
num_cat=0
split_feature=2 1 1 2 5 1 1 5 1 1 1 1 5 5 5 1 1 1 1 1 1 1 1 1 1 5 5 1 1 5 3 5 5 5 1
split_gain=0.767171 0.616495 3.64293 2.82687 2.4206 1.96396 1.60922 1.4115 1.19461 0.749308 0.714996 1.15245 1.30958 3.20287 0.78612 1.26031 0.67577 1.04474 0.918446 1.28559 0.662031 0.836682 2.80882 2.1118 1.64049 2.29131 1.11139 0.78252 0.647228 0.613879 0.578994 1.25479 0.43853 0.309059 0.181737
threshold=0.024999999441206459 5.9583332538604745 5.7083332538604745 1.0000000180025095e-35 0.22000001370906833 6.8916666507720956 1.6749999523162844 0.26499998569488531 4.8250000476837167 7.5416667461395273 4.4083333015441903 3.8916667699813847 0.11500000953674318 0.31499999761581426 0.39999999105930334 2.7083333730697636 8.7583332061767596 8.2249999046325701 9.9416666030883807 9.5916666984558123 10.341666698455812 11.841666698455812 12.425000190734865 12.791666984558107 11.158333301544191 0.16500000655651095 0.16000001132488254 11.47499990463257 9.2249999046325701 0.22000001370906833 0.014999999664723875 0.029999986290931705 0.094999998807907118 0.2099999934434891 3.6250000000000004
decision_type=2 2 2 2 2 2 2 2 2 2 2 2 2 2 2 2 2 2 2 2 2 2 2 2 2 2 2 2 2 2 2 2 2 2 2
left_child=1 2 3 6 -5 33 7 -1 10 -7 11 12 -8 -14 -15 -16 17 -11 19 28 -20 24 -23 -24 25 -22 30 -26 -18 -10 31 -25 -33 -3 -6
right_child=-2 5 -4 4 34 9 8 -9 29 16 -12 -13 13 14 15 -17 18 -19 20 -21 21 22 23 26 27 -27 -28 -29 -30 -31 -32 32 -34 -35 -36
leaf_value=0.0051347202572133415 -0.0016292376436798676 0.0037478258333860921 -0.0064477178768968767 0.0062266732599761242 0.0012064921249773394 -0.0017364794805393778 0.00078128297114383603 -0.00074691964383560145 -0.0010763396357389994 -9.2155722234658284e-06 -0.0046588456484335117 0.0010691339515300255 -0.0066916342912625385 0.0022403524633985302 0.0016922203162536131 -0.0055228601547355517 -0.001376840264331167 0.0030849532183786438 0.0020798106401788492 -0.0036969531192927235 -0.0015371277609268034 0.0034312733374381793 -0.0030869044477467062 -0.002358752732991392 -0.0038907418320826095 0.0034559841748961111 0.0024827279872818289 -0.00085904433729519611 0.0014696707211600696 0.0021020876760856457 0.0015277372400921668 0.0010663486533670156 -0.00071825902042807607 0.0015629125408391628 -0.00094543321087041431
leaf_weight=29.321682184934616 108.24197314307094 61.581068873405457 36.284662371501327 45.254902243614197 29.651877796277404 83.238066537305713 37.981997177004814 33.160634983330965 45.985782310366631 99.432349570095539 35.618869233876467 47.867117458954453 58.946424923837185 27.00467374175787 17.057953495532274 18.395409557968378 70.43394909799099 75.788221068680286 72.203263498842716 57.346605055034161 80.904941767454147 107.62486892938614 77.651487104594707 90.66921891272068 65.592263221740723 64.171870091930032 84.445568405091763 71.596973612904549 55.181573456153274 47.496323809027672 75.949303612112999 143.77866704761982 86.772843062877655 51.70337587967515 29.178508870303631
leaf_count=133 556 261 228 199 356 476 157 590 196 573 261 351 309 259 368 355 386 412 358 304 338 506 353 366 306 375 419 334 297 434 308 586 374 448 268
internal_value=-2.64048e-06 8.20555e-05 -0.00050052 -4.76033e-05 0.00285573 0.000281749 -0.000815762 0.00208687 -0.00136411 8.35579e-05 -0.00209885 -0.00161856 -0.00242898 -0.00342971 -0.000239071 -0.00214642 0.000195729 0.00134882 2.60047e-05 -0.00127104 0.000260381 0.000117893 0.000503951 -6.96004e-05 -0.000791349 0.000688439 0.000427637 -0.00234362 -0.000122962 0.000548758 -1.95624e-05 -0.000392595 0.000394274 0.00279504 0.000143194
internal_weight=2223.52 2115.27 539.207 502.922 104.085 1576.07 398.837 62.4823 336.355 1462.78 242.872 207.254 159.386 121.404 62.458 35.4534 1379.54 175.221 1204.32 182.962 1021.36 949.158 666.892 559.267 282.266 145.077 481.616 137.189 125.616 93.4821 397.17 321.221 230.552 113.284 58.8304
internal_count=12800 12244 4464 4236 823 7780 3413 723 2690 7071 2060 1799 1448 1291 982 723 6595 985 5610 987 4623 4265 2912 2406 1353 713 2053 640 683 630 1634 1326 960 709 624
is_linear=0
shrinkage=0.02


Tree=199
num_leaves=33
num_cat=0
split_feature=0 0 0 0 1 1 3 1 1 0 1 1 5 3 3 1 1 1 1 4 0 1 0 1 1 3 1 1 1 0 1 1
split_gain=15.5526 10.7538 3.74371 2.76142 2.46546 1.67156 1.3491 4.18329 2.04587 1.35438 1.32412 1.26116 1.28988 1.03016 1.39642 1.91431 1.30657 0.995447 3.14524 1.9046 1.01772 0.940694 0.983983 1.41435 0.981083 1.75415 0.704176 0.595657 0.56119 0.547144 0.300156 0.0972199
threshold=-1.0583763122558592 1.4404313564300539 0.51012541353702556 -1.8157398104667661 2.4083334207534794 3.2250000238418584 0.024999999441206459 10.341666698455812 4.4083333015441903 -0.13831529766321179 6.0083334445953378 13.641666412353517 0.045000016689300544 0.014999999664723875 1.0000000180025095e-35 12.308333396911623 8.3416666984558123 9.4083333015441912 11.041666984558107 -1.0000000180025095e-35 -0.42618812620639795 10.991666793823244 0.78930723667144786 8.1583333015441912 5.5750000476837167 1.0000000180025095e-35 5.0750000476837167 9.2249999046325701 6.5250000953674325 -1.2540398836135862 8.2249999046325701 3.0916665792465214
decision_type=2 2 2 2 2 2 2 2 2 2 2 2 2 2 2 2 2 2 2 2 2 2 2 2 2 2 2 2 2 2 2 2
left_child=3 2 4 -1 -2 -3 8 -8 -6 10 -10 13 -13 14 15 16 -11 30 -19 -20 -21 22 28 24 25 -24 31 -16 -4 -28 -12 -5
right_child=1 5 21 26 6 -7 7 -9 9 11 17 12 -14 -15 27 -17 -18 18 19 20 -22 -23 23 -25 -26 -27 29 -29 -30 -31 -32 -33
leaf_value=-0.014519727934959203 -0.0038653262188069028 0.012377787472932255 -0.00022401736598212082 -0.0055529618254047735 0.0027323807298812153 0.0052023184311031472 -0.0055503782775097998 0.00090531578399695304 -0.0034718159751947922 0.0026178930643559885 8.6013493122868051e-05 0.0004343719990044624 -0.0028411047494319602 0.0031287100720489738 0.00078919975460984366 0.0042724360900280719 -0.0006860228520489609 -0.0040584102875654386 0.0028247600081748488 0.00085697479385753368 -0.0021015757367056874 -9.14489731000687e-05 0.00061192838951978543 0.0066506483105879116 8.8567950399416306e-05 0.0066201173754650454 -0.0015990416140089284 -0.0014518274819347069 0.0023004573874932039 -0.0059745104182072359 0.0018155451827150016 -0.00950159442351803
leaf_weight=17.608244281262159 71.594733595848083 25.661322275176644 64.823307648301125 18.269987259060144 105.11949563771486 34.543632859364152 67.825539998710155 93.374232798814774 66.223924666643143 72.629761248826981 102.56344016641378 112.82378749549389 81.242751285433769 71.122210338711739 71.418889537453651 71.392649069428444 131.91960866749287 100.87178161740303 70.773696482181549 74.19679306447506 118.76721902191639 75.333511807024479 38.376434162259102 39.887875199317932 48.58020193874836 38.342661894857883 24.129533883184195 133.5126111805439 74.29859870672226 23.784110359847546 64.168669119477272 18.296575877815485
leaf_count=545 358 566 319 301 519 549 316 393 332 313 485 455 339 300 301 302 564 489 306 364 498 416 304 308 349 321 376 561 376 250 318 307
internal_value=-2.63325e-06 0.000367377 0.000120002 -0.00755074 -0.00028555 0.00856037 -0.000121758 -0.00184568 7.23396e-05 -0.000139522 -0.000847556 0.000428334 -0.000951846 0.000915252 0.000576274 0.00150055 0.000501095 -0.000508688 -0.00109225 6.42193e-05 -0.000966859 0.00190839 0.00240082 0.00343831 0.00232727 0.00370661 -0.00579598 -0.000670747 0.00113768 -0.00392337 0.000765273 -0.00791899
internal_weight=2223.48 2121.39 2061.18 102.088 1681.54 60.205 1609.95 161.2 1448.75 1343.63 597.566 746.062 194.067 551.996 480.874 275.942 204.549 531.342 364.609 263.738 192.964 379.643 304.309 165.187 125.299 76.7191 84.4802 204.932 139.122 47.9136 166.732 36.5666
internal_count=12800 11021 9906 1779 7513 1115 7155 709 6446 5927 2792 3135 794 2341 2041 1179 877 2460 1657 1168 862 2393 1977 1282 974 625 1234 862 695 626 803 608
is_linear=0
shrinkage=0.02


Tree=200
num_leaves=33
num_cat=0
split_feature=0 0 0 1 0 0 0 1 1 1 4 1 1 3 1 1 1 5 1 1 5 5 1 1 1 1 1 5 0 0 1 1
split_gain=15.1001 10.4733 3.67348 2.72966 1.83243 1.65624 1.64434 0.959874 1.51288 1.14568 0.90252 0.821588 1.6721 0.698721 0.70652 0.456539 0.96498 0.789111 1.43871 2.78789 1.33599 0.794902 1.405 1.24149 1.31922 1.08849 0.55522 0.368892 0.35701 0.310033 0.296172 0.0138142
threshold=-1.1033552289009092 1.4404313564300539 0.37188957631587988 8.1583333015441912 -1.8157398104667661 1.8157399296760561 -0.62807917594909657 10.991666793823244 9.8916664123535174 7.3916666507720956 -1.0000000180025095e-35 9.5250000953674334 6.0083334445953378 1.0000000180025095e-35 4.558333396911622 14.541666984558107 13.525000095367433 0.11500000953674318 5.2083332538604745 8.3416666984558123 0.10000000894069673 0.019999995827674869 6.1749999523162851 12.375000000000002 11.041666984558107 8.8249998092651385 11.625000000000002 0.05500000715255738 0.82402130961418163 0.53889256715774547 5.3583333492279062 8.8249998092651385
decision_type=2 2 2 2 2 2 2 2 2 2 2 2 2 2 2 2 2 2 2 2 2 2 2 2 2 2 2 2 2 2 2 2
left_child=3 2 6 4 -1 -3 10 8 9 13 -2 12 -12 14 -4 16 17 20 -19 -20 21 -8 -23 24 25 -24 -21 -18 -15 -9 -6 -11
right_child=1 5 7 -5 30 -7 15 29 -10 31 11 -13 -14 28 -16 -17 27 18 19 26 -22 22 23 -25 -26 -27 -28 -29 -30 -31 -32 -33
leaf_value=-0.015335334461567237 -0.0040423818870611253 0.0055337232181712701 -0.0005865435814887426 -0.0011028302954491347 -0.0056414645899643583 0.012915792257655628 0.0012645597255302214 0.0010444581420023789 0.0051710619749804022 -0.00039807171233328139 -0.0024336521147383574 -0.0031043174288512528 0.0024564082258473154 0.0023066309107273469 0.0025946396942200744 -0.0015719304647473732 0.00033220363551426935 0.0015157895971206724 -0.0046915064971531119 0.00046492155269529998 0.0023765538727816625 -0.0027346375116460257 0.0015008380536019165 -0.0018484973370284658 0.0028011612806775267 -0.0016782563304730696 -0.0015424093667776237 0.0019556064649944786 0.0046413832436939259 -0.00087407281912911809 -0.0096384221429278768 5.4994862900500832e-05
leaf_weight=16.908158279955387 59.306649997830391 38.783064652234316 50.282838620245457 19.906966060400009 36.177366830408573 20.988254804164171 112.40714581310749 64.749328881502151 52.199840158224106 54.402134492993355 57.67311542481184 55.525123849511147 50.652976118028164 67.225876986980438 59.136024199426174 78.899601072072983 110.96448290348053 71.244836777448654 82.859208360314369 123.74445249140263 89.763623729348183 95.028992429375648 75.634778380393982 102.91327002644539 81.303298845887184 94.859420970082283 96.405968755483627 113.07269272208214 51.987457022070885 66.044980227947235 19.973290085792542 50.677956618368626
leaf_count=533 370 542 335 231 616 573 453 299 291 325 394 319 301 336 357 320 448 332 359 554 378 388 305 422 333 387 426 471 426 373 308 295
internal_value=-2.71417e-06 0.000345069 0.000102685 -0.00780583 -0.0095542 0.00846014 -0.000383793 0.00155998 0.00205957 0.00154495 -0.00196434 -0.00117251 -0.000143995 0.00233365 0.00114846 -0.000115863 -2.1608e-05 -0.000281688 -0.00101106 -0.00161122 0.000138846 -0.000225629 -0.000602034 -1.85686e-05 0.000738023 -0.000266894 -0.00042008 0.0011616 0.00338457 7.71163e-05 -0.00734582 -0.000182621
internal_weight=2221.7 2128.74 2068.97 92.9658 73.0588 59.7713 1552.26 516.706 385.912 333.712 223.158 163.851 108.326 228.632 109.419 1329.1 1250.2 1026.16 374.254 303.01 651.911 562.147 449.74 354.711 251.797 170.494 220.15 224.037 119.213 130.794 56.1507 105.08
internal_count=12800 11112 9997 1688 1457 1115 6960 3037 2365 2074 1384 1014 695 1454 692 5576 5256 4337 1671 1339 2666 2288 1835 1447 1025 692 980 919 762 672 924 620
is_linear=0
shrinkage=0.02


Tree=201
num_leaves=32
num_cat=0
split_feature=0 0 0 1 2 5 1 1 1 0 1 0 1 0 1 1 1 1 1 1 1 1 2 1 1 1 0 1 1 1 1
split_gain=14.6434 10.1633 3.55261 2.6715 2.35026 2.10295 3.30475 2.47046 2.20733 1.82527 1.65759 1.60695 0.870367 0.945963 1.38281 0.952358 0.541162 0.516656 1.55621 1.59711 0.704867 1.53557 1.28923 1.08599 1.65549 0.847769 0.715317 0.347352 0.292983 0.257671 0.0659983
threshold=-1.1033552289009092 1.4404313564300539 0.51012541353702556 8.1583333015441912 0.024999999441206459 0.17500001192092898 10.458333015441896 8.9250001907348651 5.8916666507720956 -1.8157398104667661 3.2250000238418584 0.34515604376792913 10.991666793823244 0.78930723667144786 8.1583333015441912 5.5750000476837167 6.5250000953674325 4.058333396911622 5.9583332538604745 7.9083333015441903 13.141666412353517 12.425000190734865 -1.0000000180025095e-35 11.47499990463257 10.341666698455812 13.708333015441896 0.037611209787428386 3.9916666746139531 5.3583333492279062 3.5749999284744267 12.074999809265138
decision_type=2 2 2 2 2 2 2 2 2 2 2 2 2 2 2 2 2 2 2 2 2 2 2 2 2 2 2 2 2 2 2
left_child=3 2 4 9 5 11 7 8 27 -1 -3 17 13 16 15 29 -4 -2 -19 -20 21 22 -21 24 -24 -22 -27 -7 -11 -15 -8
right_child=1 10 12 -5 -6 6 30 -9 -10 28 -12 -13 -14 14 -16 -17 -18 18 19 20 25 -23 23 -25 -26 26 -28 -29 -30 -31 -32
leaf_value=-0.015256860779817361 0.0015141935411180799 0.01219546207591774 -0.00025361943043404362 -0.0010836580681372857 -0.0034746605781662766 -0.0047908163076554114 0.00070556732347720752 -0.0064210420712459857 0.00053251341289558022 -0.0055605220003219413 0.0050215724128060421 0.0025708842835902596 -7.7215570399889632e-05 0.0022039085477076515 0.0065245596500998317 3.7695723919671459e-05 0.002225971169565162 -0.0026888849031137868 0.0024586283439867788 0.0017188513603802148 0.002088354340548256 -0.0027503896758185459 -9.7256480877942723e-05 0.0012157919394317621 -0.0038633807239165387 -0.00093964101931661174 0.0013033107335596085 -0.0023603173186837407 -0.0095347650624012913 0.0047332162244355606 0.0016304254944407434
leaf_weight=16.667929751798511 87.950723633170128 25.159003559499979 64.780233234167099 19.889540512114763 86.00059799849987 52.047600500285625 68.260486751794815 54.223448492586613 96.804898478090763 36.00081393122673 34.184937408193946 110.5052835047245 75.361757077276707 36.715958148241043 39.661672733724117 48.496905148029327 74.167833477258682 81.165001675486565 105.57196088135242 115.70325887203217 100.5742210149765 103.77476282417774 119.02880355715752 76.132903337478638 74.930871397256851 147.49000090360641 89.808870032429695 55.404859714210033 19.810016233474016 39.684271149337292 63.956154651939869
leaf_count=533 372 566 319 231 388 336 337 307 519 616 549 526 416 326 308 349 376 334 434 478 415 435 495 318 310 600 366 317 308 299 317
internal_value=-2.81919e-06 0.000338818 0.000100766 -0.00771226 -0.000292305 -0.000117491 -0.00138965 -0.00269818 -0.00165721 -0.00945332 0.00836141 0.000293998 0.00184576 0.00232062 0.00334029 0.00224221 0.00108274 6.14627e-05 -6.72517e-05 0.000166073 -0.000131652 -0.000615574 -3.01095e-05 -0.000786463 -0.00157677 0.000569036 -8.69684e-05 -0.00360363 -0.00725224 0.00360493 0.00117057
internal_weight=2219.92 2127.55 2068.2 92.3683 1689.33 1603.33 390.697 258.481 204.257 72.4788 59.3439 1212.64 378.869 303.507 164.559 124.897 138.948 1102.13 1014.18 933.016 827.444 489.571 385.796 270.093 193.96 337.873 237.299 107.452 55.8108 76.4002 132.217
internal_count=12800 11112 9997 1688 7604 7216 2133 1479 1172 1457 1115 5083 2393 1977 1282 974 695 4557 4185 3851 3417 2036 1601 1123 805 1381 966 653 924 625 654
is_linear=0
shrinkage=0.02


Tree=202
num_leaves=32
num_cat=0
split_feature=0 0 0 1 3 0 0 0 1 1 2 1 1 1 1 0 1 1 0 3 1 1 2 1 1 0 1 1 1 1 1
split_gain=14.1999 9.85985 3.42182 2.61422 2.43112 1.81763 1.64968 1.20591 1.0931 1.01505 1.19516 1.12842 1.65965 1.21143 0.839461 0.915088 1.34126 0.920008 0.722507 0.669287 0.581176 1.74671 1.85149 3.11917 2.29492 1.16061 0.55478 0.521002 0.337349 0.289751 0.249641
threshold=-1.1033552289009092 1.4404313564300539 0.51012541353702556 8.1583333015441912 0.034999999217689044 -1.8157398104667661 1.8157399296760561 -0.24044604599475858 4.1250000000000009 8.6250000000000018 -0.014999999664723871 13.641666412353517 14.324999809265138 11.841666698455812 10.991666793823244 0.78930723667144786 8.1583333015441912 5.5750000476837167 0.13831529766321185 1.0000000180025095e-35 11.691666603088381 10.458333015441896 1.0000000180025095e-35 8.9250001907348651 6.0083334445953378 -0.39889180660247797 6.8416666984558114 6.5250000953674325 4.1749999523162851 5.3583333492279062 3.5749999284744267
decision_type=2 2 2 2 2 2 2 2 2 2 2 2 2 2 2 2 2 2 2 2 2 2 2 2 2 2 2 2 2 2 2
left_child=3 2 4 5 7 -1 -3 20 -9 26 -11 13 -13 18 15 27 17 30 -12 -15 21 22 23 24 28 -22 -10 -4 -2 -7 -17
right_child=1 6 14 -5 -6 29 -8 8 9 10 11 12 -14 19 -16 16 -18 -19 -20 -21 25 -23 -24 -25 -26 -27 -28 -29 -30 -31 -32
leaf_value=-0.015178112674651483 -0.0038100642746708357 0.0053480987435300872 -0.00024867269694689442 -0.0010648060810375174 -0.0035940048137628466 -0.0054804133369293238 0.012746682599844569 0.0024471917924911079 -0.00015482162750156696 0.0028393817754642997 -0.0012690045401428551 -0.0027694304645881581 0.00078098642419832697 0.0029174505876077123 -7.5708466598686311e-05 0.002165334584934907 0.0064274084150793354 3.6972574844324632e-05 0.00091354629210137889 0.00062728132552134636 -0.00023849995873855942 0.0021825385946802551 0.0015141563822946521 -0.0059424587006693882 0.0014143704562022969 -0.0036070170784029466 -0.0022614836767723048 0.0021847757363990866 -0.0015103422853350638 -0.0094316434714952734 0.0046571479813310853
leaf_weight=16.432072089985013 54.894741229712963 38.372928556054831 64.787200555205345 19.87242853268981 82.470424667000771 35.827500581741333 20.552878083661199 85.306529074907303 106.14028592407703 73.282901331782341 124.67024067044258 105.54373452067375 101.85227446258068 109.48120909929276 75.364536210894585 36.658836968243122 39.487936265766621 48.495724387466908 114.51772297918797 96.69442281126976 86.675787210464478 80.669092230498791 84.251049116253853 56.578064881265163 102.63353437930346 76.012323215603828 93.076825395226479 74.093458831310272 54.130139335989952 19.649569235742092 39.559742875397205
leaf_count=533 327 542 319 231 377 616 573 367 452 301 506 434 415 465 416 326 308 349 503 404 421 374 436 306 512 323 392 376 289 308 299
internal_value=-2.96163e-06 0.000332658 9.88667e-05 -0.00761936 -0.000286821 -0.00935291 0.00826239 -0.000112778 0.000307908 0.000105819 0.000453103 0.00017735 -0.00103501 0.000744024 0.00181252 0.00227946 0.00328387 0.0022028 -0.000225139 0.00185973 -0.000824914 -0.000438071 -0.00104674 -0.00185636 -0.000718707 -0.00183705 -0.00115178 0.00106217 -0.00271604 -0.0071594 0.00354467
internal_weight=2218.04 2126.25 2067.33 91.7816 1688.88 71.9091 58.9258 1606.41 1010.57 925.26 726.043 652.76 207.396 445.364 378.447 303.083 164.202 124.714 239.188 206.176 595.845 433.157 352.488 268.236 211.658 162.688 199.217 138.881 109.025 55.4771 76.2186
internal_count=12800 11112 9997 1688 7604 1457 1115 7227 4239 3872 3028 2727 849 1878 2393 1977 1282 974 1009 869 2988 2244 1870 1434 1128 744 844 695 616 924 625
is_linear=0
shrinkage=0.02


Tree=203
num_leaves=33
num_cat=0
split_feature=0 0 0 1 3 0 1 5 1 1 1 1 1 0 1 1 1 1 5 0 5 1 1 0 0 1 1 3 1 1 1 0
split_gain=13.7694 9.56675 3.29565 2.55782 2.33812 1.80953 1.64214 1.17271 1.97656 2.52516 1.16908 1.0743 0.809625 0.88516 1.30082 0.888707 0.578597 2.3346 1.38223 1.03237 0.831432 1.01212 1.3352 1.17538 0.54839 0.737781 0.501582 0.394752 0.393931 0.286476 0.241839 0.231541
threshold=-1.1033552289009092 1.4404313564300539 0.51012541353702556 8.1583333015441912 0.034999999217689044 -1.8157398104667661 3.2250000238418584 0.17500001192092898 10.458333015441896 8.9250001907348651 5.8916666507720956 3.5749999284744267 10.991666793823244 0.78930723667144786 8.1583333015441912 5.5750000476837167 12.208333015441896 11.425000190734865 0.1449999809265137 -0.24044604599475858 0.11500000953674318 10.341666698455812 6.3916666507720956 1.0000000180025095e-35 0.18913379311561587 13.458333015441896 6.5250000953674325 1.0000000180025095e-35 14.208333015441896 5.3583333492279062 3.5749999284744267 -0.69039615988731373
decision_type=2 2 2 2 2 2 2 2 2 2 2 2 2 2 2 2 2 2 2 2 2 2 2 2 2 2 2 2 2 2 2 2
left_child=3 2 4 5 7 -1 -3 11 9 10 31 -2 13 26 15 30 17 18 20 -18 21 22 -13 -24 25 -21 -4 -10 -27 -7 -15 -9
right_child=1 6 12 -5 -6 29 -8 8 27 -11 -12 16 -14 14 -16 -17 19 -19 -20 24 -22 -23 23 -25 -26 28 -28 -29 -30 -31 -32 -33
leaf_value=-0.015099091723067684 0.0024278459846229527 0.012013699033423381 -0.00024382296479402656 -0.0010462691134686304 -0.0035254377244107789 -0.0054011388139663542 0.0048448143389969167 -0.0015096259575518437 -0.00018318582009132153 -0.0058560072035258827 0.00056027444990168658 -0.001630741173957965 -7.4230897172673703e-05 0.0021273854196207122 0.0063313919386134626 3.6263301690620567e-05 -0.0024788628828345859 0.0032390744837289299 0.0020236822469599553 -0.00098630138767522501 -0.0022442525189130483 -0.0021046488762493593 0.0028574351960396534 -0.00026759497337996741 -0.0012792196060620973 0.0020269816628793063 0.0021443087260004791 0.001988345505930461 0.00026351351640291646 -0.0093290647120517975 0.004582116888988119 -0.0034510030378009761
leaf_weight=16.200507430359721 78.507882326841354 24.673744972795248 64.79403093457222 19.855624433606863 82.432213813066483 35.657369215041399 33.84002829156816 57.980403132736683 65.2415921241045 53.666260339319706 96.450033664703369 83.320775866508484 75.36726088821888 36.602762304246426 39.317104823887348 48.494566231966019 83.145005956292152 98.197024881839752 99.394788101315498 104.4392045289278 91.13972869515419 77.569984704256058 99.408494204282761 91.056960433721542 107.27401049435139 91.289624020457268 74.020393148064613 66.129723966121674 112.43356639146805 19.491902407258749 39.437367275357246 49.477167621254921
leaf_count=533 339 566 319 231 377 616 549 413 326 303 517 340 416 326 308 349 357 414 454 426 397 317 403 371 463 370 376 324 454 308 299 239
internal_value=-3.04626e-06 0.000326648 9.70342e-05 -0.00752714 -0.000281374 -0.00925297 0.0081649 -0.000110699 -0.00106376 -0.00207655 -0.00103462 0.000195094 0.00177985 0.00223899 0.0032283 0.00216403 3.71648e-05 0.000434475 -8.37937e-05 -0.000472607 -0.000564157 -0.000118114 0.000455898 0.00137618 -6.11241e-05 0.00036842 0.00104198 0.000923345 0.00106576 -0.00706732 0.00348531 -0.00245023
internal_weight=2216.31 2125.1 2066.59 91.2054 1688.55 71.3498 58.5138 1606.12 388.945 257.574 203.908 1217.18 378.033 302.666 163.852 124.535 1138.67 640.088 541.891 498.581 442.496 351.356 273.786 190.465 415.436 308.162 138.814 131.371 203.723 55.1493 76.0401 107.458
internal_count=12800 11112 9997 1688 7604 1457 1115 7227 2122 1472 1169 5105 2393 1977 1282 974 4766 2696 2282 2070 1828 1431 1114 774 1713 1250 695 650 824 924 625 652
is_linear=0
shrinkage=0.02


Tree=204
num_leaves=29
num_cat=0
split_feature=0 0 0 0 3 0 0 5 5 0 0 3 0 3 0 0 3 5 0 0 2 0 0 0 2 0 0 0
split_gain=13.3571 9.24461 3.12072 2.60567 2.04228 1.64138 1.08402 0.546227 0.645391 0.625394 0.466584 0.439111 0.361668 0.585242 0.53615 0.387405 0.312801 1.27237 1.28648 0.717006 0.306367 0.774519 0.772201 0.54486 0.270564 0.238157 0.106132 0.0918804
threshold=-1.0583763122558592 1.4404313564300539 0.51012541353702556 -1.5152822732925413 0.034999999217689044 1.8157399296760561 -0.24044604599475858 0.084999993443489089 0.064999997615814223 0.39889179170131689 -1.9672712087631223 1.0000000180025095e-35 0.69039613008499157 0.014999999664723875 1.0154456198215487 0.59782731533050548 0.014999999664723875 0.029999986290931705 -0.087851781398057924 1.0000000180025095e-35 1.0000000180025095e-35 -0.53889259696006764 -0.53889259696006764 -0.34515604376792902 -1.0000000180025095e-35 -0.72257471084594715 -1.2540398836135862 -0.42618812620639795
decision_type=2 2 2 2 2 2 2 2 2 2 2 2 2 2 2 2 2 2 2 2 2 2 2 2 2 2 2 2
left_child=3 2 4 10 6 -3 20 8 16 11 -1 -9 15 14 -14 -4 17 19 -19 -8 21 24 -22 27 -2 -26 -5 -23
right_child=1 5 12 26 -6 -7 7 9 -10 -11 -12 -13 13 -15 -16 -17 -18 18 -20 -21 22 23 -24 -25 25 -27 -28 -29
leaf_value=-0.015154191799895999 -0.00089625296186707757 0.0051663655107466655 0.0019079437904988975 -0.0032001806774072852 -0.0033051161319748424 0.012577818605736623 -0.002197566542178485 0.0023623663536503524 -0.001218151200709778 -0.00041376035367455356 -0.008216005269213289 0.00068469807769307601 0.0017449923347768615 0.00020119838868523993 0.0039396992765092639 -0.00017332641473812474 0.0012886331229746109 -0.00067962146933020257 0.0024472568801030587 0.00017121973926132174 0.0016442754898847965 -2.5891148526295097e-05 -0.0012502294000452583 -0.0014736789353983282 -0.001664594745598143 -0.0034676284719495605 -0.0053908973968207373 0.00095177333514629651
leaf_weight=12.710691561922429 66.49915786087513 37.978141412138939 73.702891871333122 29.675797138363123 81.708152115345001 20.132459294050932 106.45898380875587 114.18729726970196 143.98761820793152 98.982042789459229 21.618625938892365 139.94241164624691 109.13431979715824 46.447883866727352 81.097153589129448 67.244421169161797 98.620810642838478 90.2842927724123 121.87813521921635 96.16126774251461 63.411761797964573 78.643544360995293 82.484500646591187 93.420424327254295 72.81954051554203 57.324792265892029 35.101293064653873 73.042121335864067
leaf_count=408 379 542 349 454 369 573 431 511 588 457 514 605 654 330 729 331 397 366 497 387 352 356 355 392 482 273 403 316
internal_value=-3.16026e-06 0.000335924 0.000109946 -0.00710496 -0.000259866 0.00806713 -0.000100236 0.000296903 -4.43851e-05 0.000928953 -0.0114778 0.00145108 0.00174774 0.00222497 0.00271187 0.00092646 0.000288255 4.53583e-05 0.00112271 -0.00108268 -0.000781837 -0.00104324 1.30494e-05 -0.000288475 -0.00197164 -0.00249924 -0.00451319 0.000451149
internal_weight=2214.7 2115.59 2057.48 99.1064 1679.86 58.1106 1598.15 1010.5 657.391 353.112 34.3293 254.13 377.627 236.679 190.231 140.947 513.403 414.783 212.162 202.62 587.646 441.75 145.896 245.106 196.643 130.144 64.7771 151.686
internal_count=12800 11021 9906 1779 7513 1115 7144 4239 2666 1573 922 1116 2393 1713 1383 680 2078 1681 863 818 2905 2198 707 1064 1134 755 857 672
is_linear=0
shrinkage=0.02


Tree=205
num_leaves=33
num_cat=0
split_feature=0 0 0 1 0 1 1 0 1 1 1 1 3 1 1 1 0 1 1 1 1 1 0 0 0 2 1 1 0 1 1 1
split_gain=12.9566 9.00292 3.05719 2.49846 1.78681 1.62531 1.56617 1.38748 0.83739 1.42063 1.16606 0.723832 0.696503 0.704288 0.601748 0.874664 0.657865 0.858432 1.36085 0.746015 0.451271 1.58061 0.802685 0.537105 0.514031 1.06718 1.16441 0.311265 0.306667 0.292529 0.00946245 0.0071848
threshold=-1.1033552289009092 1.4404313564300539 0.37188957631587988 8.1583333015441912 -1.8157398104667661 3.2250000238418584 2.4083334207534794 -0.85975876450538624 10.991666793823244 9.8916664123535174 7.3916666507720956 4.4083333015441903 1.0000000180025095e-35 4.558333396911622 5.9583332538604745 6.9583332538604745 0.26633311808109289 13.458333015441896 13.808333396911623 14.324999809265138 12.47499990463257 11.791666984558107 0.062711661681532874 -0.13831529766321179 -0.53889259696006764 1.0000000180025095e-35 9.991666793823244 12.574999809265138 0.82402130961418163 5.3583333492279062 8.8249998092651385 3.2250000238418584
decision_type=2 2 2 2 2 2 2 2 2 2 2 2 2 2 2 2 2 2 2 2 2 2 2 2 2 2 2 2 2 2 2 2
left_child=3 2 6 4 -1 -3 -2 -8 9 10 12 -9 13 -4 -13 -16 17 20 -19 -20 21 22 24 -22 -17 26 -26 -10 -14 31 -12 -6
right_child=1 5 8 -5 29 -7 7 11 27 -11 30 14 28 -15 15 16 -18 18 19 -21 23 -23 -24 -25 25 -27 -28 -29 -30 -31 -32 -33
leaf_value=-0.014947222370986562 -0.0032836313687465792 0.011832553337179679 -0.00072023980677981408 -0.00094313135679792448 -0.0061478860871644805 0.0046720586960688404 -0.0028012279285170093 0.0015663261026805104 -0.00083451288867850593 0.0049207742588462302 -0.00052758609356151577 -0.0016282715405714597 0.0022406679540733195 0.0024596943654086444 0.0020602762741688328 -0.0017428831651406854 0.0013652678552274291 0.0028802859845274576 -0.0014962540882738219 0.00078458090990848027 -0.0027514117186410651 0.0020106277300045434 -0.0024921090791714911 -0.00047720314462530765 -0.00080255780767935078 -0.002106236624358319 0.0021140762585420462 0.001096737441588151 0.0044212503768198651 -0.00917175189073746 -0.00014231815299394334 -0.003781455085291925
leaf_weight=15.770008618012069 67.541995264589787 24.204955484718084 50.050494134426117 19.762177299708128 17.842546388506889 33.50842116959393 76.422986410558224 98.709476761519909 71.609040379524231 51.782167680561543 54.186810284852982 105.31106851994991 67.114802703261375 58.872632712125778 70.78986856341362 94.116735190153122 96.032705262303352 73.195427477359772 100.32383611798286 128.63577304780483 82.756214916706085 86.650636866688728 98.023924484848976 83.458717942237854 108.05925232172012 73.256159409880638 107.35365906357765 59.087107710540295 51.493777059018612 19.253074798732996 50.360242985188961 17.476766213774681
leaf_count=533 346 566 335 231 307 549 584 460 384 291 325 457 336 357 299 471 423 303 413 522 367 368 399 340 455 306 447 288 426 308 295 309
internal_value=-3.34843e-06 0.000314973 9.35176e-05 -0.00734714 -0.00907048 0.00797089 -0.000349995 -0.000212152 0.00142624 0.0018949 0.00139643 -6.77129e-05 0.00219408 0.00101187 -0.000193234 -6.5079e-05 -0.000201404 -0.000349003 0.000545696 -0.000219121 -0.000717955 -0.00044639 -0.000895684 -0.00162875 -0.000476043 -5.38558e-05 0.000657059 4.19667e-05 0.00324498 -0.00690387 -0.000348158 -0.00524233
internal_weight=2213.01 2122.91 2065.2 90.1046 70.3424 57.7134 1550.64 1483.1 514.557 383.861 332.079 1406.67 227.532 108.923 1307.96 1202.65 1131.86 1035.83 302.155 228.96 733.675 567.46 480.81 166.215 382.786 288.669 215.413 130.696 118.609 54.5724 104.547 35.3193
internal_count=12800 11112 9997 1688 1457 1115 6960 6614 3037 2365 2074 6030 1454 692 5570 5113 4814 4391 1238 935 3153 2446 2078 707 1679 1208 902 672 762 924 620 616
is_linear=0
shrinkage=0.02


Tree=206
num_leaves=32
num_cat=0
split_feature=0 0 0 1 1 2 0 0 2 0 1 0 1 1 0 1 1 1 1 2 0 1 0 1 2 0 1 1 1 0 0
split_gain=12.568 8.73191 2.95214 2.44444 2.20464 2.04923 1.77623 1.63143 1.53494 1.38758 1.35775 1.36299 1.87627 0.933875 1.04961 0.864824 1.21932 0.752245 0.848134 1.46631 1.29543 1.11653 0.8155 0.65271 1.10084 1.10829 0.610691 0.380722 0.288974 0.119075 0.00589229
threshold=-1.1033552289009092 1.4404313564300539 0.51012541353702556 8.1583333015441912 2.4083334207534794 0.024999999441206459 -1.8157398104667661 1.8157399296760561 0.014999999664723875 -0.69039615988731373 14.391666412353517 0.18913379311561587 13.458333015441896 12.691666603088381 0.2923999428749085 12.375000000000002 6.0916666984558114 10.991666793823244 6.9583332538604745 -1.0000000180025095e-35 0.75551995635032665 4.1749999523162851 0.78930723667144786 7.7750000953674325 -1.0000000180025095e-35 -0.26633308827877039 6.8916666507720956 9.8416666984558123 3.9416667222976689 -0.087851781398057924 -0.037611247040331357
decision_type=2 2 2 2 2 2 2 2 2 2 2 2 2 2 2 2 2 2 2 2 2 2 2 2 2 2 2 2 2 2 2
left_child=3 2 4 6 -2 8 -1 -3 9 26 11 12 15 14 -13 16 -11 18 19 -4 -21 -22 -20 -18 -25 -26 -6 -16 -8 -14 -27
right_child=1 7 17 -5 5 -7 28 -9 -10 10 -12 13 29 -15 27 -17 23 -19 22 20 21 -23 -24 24 25 30 -28 -29 -30 -31 -32
leaf_value=-0.01486742859333684 -0.0036388643564581047 0.0049885417519691076 0.0042048567274491867 -0.00092664009330978194 -0.00022301595581433726 -0.0032404565421623732 -0.0045039914388512979 0.012409252599700252 0.0025097211890423958 -0.0018963557104723352 -0.0020608522569548716 0.0038201222266023393 0.001249259856851857 -0.00056926140883856472 0.00012873332280529119 -0.001914133370639813 0.0017898081330245141 -9.9301511916049878e-05 0.0017961344945129716 -0.0025462105763402504 -0.00092686814259068792 0.0036125988901137794 0.0050793547486407799 0.0015034078754535057 0.00076356165065643764 -0.0021552902950195095 -0.0028760348817566885 0.0021280058923730202 -0.0082777591632256352 0.0024220184783081116 -0.001649972891881592
leaf_weight=15.550499670207499 72.123029425740242 37.598182134330273 45.813219800591469 19.747352577745914 54.637475036084652 77.589865520596504 24.17913968488574 19.726461742073298 93.258578144013882 128.20524580776691 104.73666046559811 83.285247966647148 74.828437820076942 70.439470201730728 85.049815848469734 142.99701322615147 91.28939688205719 75.318197570741177 67.558621942996979 45.542753338813782 38.467979341745377 45.75679262727499 58.445765070617199 116.86495377123356 101.98911987245083 73.887239813804626 94.879178784787655 67.4264777302742 30.089855886995792 80.148546397686005 73.950267896056175
leaf_count=533 368 542 307 231 376 344 414 573 410 550 427 349 311 305 399 605 380 416 343 225 320 335 447 492 453 302 597 310 510 325 301
internal_value=-3.51294e-06 0.000309279 9.18e-05 -0.00725836 -0.000266096 -0.000111204 -0.00897352 0.00787441 5.06788e-05 -0.000111317 0.000100398 0.000293698 -0.000105303 0.00143903 0.00203879 -0.000531001 -0.000188232 0.00168723 0.00213111 0.00121078 0.000105973 0.00156588 0.00337459 0.000296099 -8.34581e-05 -0.000831814 -0.00192229 0.00102894 -0.00681624 0.0018789 -0.00192792
internal_weight=2211.38 2121.81 2064.49 89.5668 1687.59 1615.46 69.8195 57.3246 1537.87 1444.61 1295.1 1190.36 884.16 306.201 235.762 729.183 586.186 376.903 301.585 175.581 129.768 84.2248 126.004 457.981 366.692 249.827 149.517 152.476 54.269 154.977 147.838
internal_count=12800 11112 9997 1688 7604 7236 1457 1115 6892 6482 5509 5082 3719 1363 1058 3083 2478 2393 1977 1187 880 655 790 1928 1548 1056 973 709 924 636 603
is_linear=0
shrinkage=0.02


Tree=207
num_leaves=32
num_cat=0
split_feature=0 0 0 1 0 0 1 1 1 2 0 1 1 1 1 1 1 1 1 1 1 1 1 0 0 1 1 1 1 0 1
split_gain=12.1837 7.5955 3.06344 2.38996 1.99745 1.76696 1.25543 1.09476 0.826521 1.83756 0.78423 0.897228 1.1266 0.725525 1.34441 0.774513 0.583376 1.02829 0.578547 2.10715 0.884347 0.451571 0.948407 0.886737 0.550925 0.423314 0.292527 0.288562 0.259142 0.787487 0.0160167
threshold=-1.1033552289009092 1.0583764314651491 1.6977696418762209 8.1583333015441912 -0.087851781398057924 -1.8157398104667661 3.3916667699813847 5.2083332538604745 11.041666984558107 -1.0000000180025095e-35 0.62807923555374157 10.291666984558107 6.8416666984558114 9.6583333015441912 8.6250000000000018 7.2583334445953378 14.391666412353517 13.891666412353517 12.47499990463257 11.741666793823244 10.574999809265138 7.8583333492279062 6.0916666984558114 0.31866706907749182 0.26633311808109289 12.691666603088381 13.341666698455812 5.3583333492279062 4.241666555404664 1.3111533522605898 3.2250000238418584
decision_type=2 2 2 2 2 2 2 2 2 2 2 2 2 2 2 2 2 2 2 2 2 2 2 2 2 2 2 2 2 2 2
left_child=3 4 28 5 6 -1 -2 -8 13 -10 16 12 -12 14 15 -9 17 18 19 20 21 22 23 -6 -23 -11 -20 30 -3 -30 -7
right_child=1 2 -4 -5 10 27 7 8 9 25 11 -13 -14 -15 -16 -17 -18 -19 26 -21 -22 24 -24 -25 -26 -27 -28 -29 29 -31 -32
leaf_value=-0.014787373818491179 -0.0033254740865925128 0.0045966455929655169 0.010778811690850761 -0.00091042720923447046 -0.00045269202891280469 -0.0060070023157666108 0.00166796010992041 -0.00047379827171681863 0.0021729912557910884 -0.0019572639046972515 0.0009696047136550889 -0.00055722321534758593 0.0045031042792772775 -0.0028133047120339517 0.0016190125210935949 -0.0030464021082767124 -0.001213136795165658 0.0026600006151765616 -0.0014681765153824033 0.003676877381910775 -0.0016559685689487476 0.0001846122337221533 -0.0018959828954897063 0.0024430116584546412 0.002410343926474105 -0.00027243306393605354 0.00017789324651256756 -0.0089787994682074147 0.0043231751043004748 0.00017145945279602292 -0.0036210744782748617
leaf_weight=15.334990883246062 67.405378252267838 39.113065768033266 26.046792572364211 19.732794813811779 101.22292149066925 17.678055949509144 80.38622285425663 99.887302227318287 100.99997538328171 104.82613755762577 88.776074588298798 53.245103895664215 60.561561413109303 106.14256018400192 64.254493370652199 87.582323491573334 91.321611687541008 74.836434230208397 100.2552537471056 72.458611726760864 94.000956803560257 94.961706981062889 77.177961677312851 70.049233287572861 82.290426880121231 136.80829566717148 74.077840775251389 18.967035908252001 38.098197691142559 33.89278207719326 17.314775373786688
leaf_count=533 388 454 716 231 415 307 421 489 435 475 536 303 359 511 325 424 372 308 424 319 402 383 336 335 383 593 311 308 348 347 309
internal_value=-3.51896e-06 0.000303742 0.00482066 -0.00716848 -1.31207e-05 -0.00887503 -0.000746358 -0.000515805 -0.000770438 -6.69836e-05 0.000535132 0.00165681 0.00244313 -0.00143984 -0.000843085 -0.00169514 0.000288467 0.000453948 0.000232199 0.000530224 7.90939e-05 0.000468172 -8.31748e-05 0.000746161 0.00123329 -0.00101342 -0.000774642 -0.00672634 0.00325795 0.00242605 -0.00508602
internal_weight=2209.71 2120.68 137.151 89.0277 1983.53 69.2949 848.293 780.887 700.501 342.634 1135.24 202.583 149.338 357.867 251.724 187.47 932.653 841.331 766.495 592.162 519.703 425.702 248.45 171.272 177.252 241.634 174.333 53.9599 111.104 71.991 34.9928
internal_count=12800 11112 1865 1688 9247 1457 4061 3673 3252 1503 5186 1198 895 1749 1238 913 3988 3616 3308 2573 2254 1852 1086 750 766 1068 735 924 1149 695 616
is_linear=0
shrinkage=0.02


Tree=208
num_leaves=32
num_cat=0
split_feature=0 0 0 1 0 0 0 1 3 4 1 1 1 1 3 0 5 5 1 4 0 3 1 1 1 5 1 1 0 1 1
split_gain=11.8176 7.34242 3.00264 2.33769 1.93231 1.75563 1.19045 1.06543 1.26933 0.878076 0.858535 0.798664 1.55567 0.732383 1.92369 1.78204 1.44354 1.35688 0.964504 1.17396 0.829968 1.34673 0.637831 0.507357 0.445934 0.338061 0.285216 0.25158 0.761614 0.239465 0.0901562
threshold=-1.1033552289009092 1.0583764314651491 1.6977696418762209 8.1583333015441912 -0.62807917594909657 -1.8157398104667661 0.51012541353702556 10.991666793823244 1.0000000180025095e-35 -1.0000000180025095e-35 14.541666984558107 9.5250000953674334 6.0083334445953378 13.525000095367433 0.024999999441206459 0.34515604376792913 0.11500000953674318 0.084999993443489089 7.0250000953674325 -1.0000000180025095e-35 -0.51012541353702534 1.0000000180025095e-35 10.175000190734865 6.4583332538604745 12.25833320617676 0.05500000715255738 3.9416667222976689 4.241666555404664 1.3111533522605898 10.291666984558107 9.8416666984558123
decision_type=2 2 2 2 2 2 2 2 2 2 2 2 2 2 2 2 2 2 2 2 2 2 2 2 2 2 2 2 2 2 2
left_child=3 4 27 5 9 -1 10 8 -8 -2 13 12 -11 14 15 16 17 18 -6 -20 -18 -22 -21 -10 -24 -15 -7 -3 -29 -19 -17
right_child=1 2 -4 -5 6 26 7 -9 23 11 -12 -13 -14 25 -16 30 20 29 19 22 21 -23 24 -25 -26 -27 -28 28 -30 -31 -32
leaf_value=-0.014707062482861188 -0.0038196391933671137 0.0045251813352803327 0.010677627865813171 -0.00089448866039503307 0.0014528087441641093 -0.0043567232182368226 0.00040633040089080259 -0.00078349114087520536 0.0047159138556120365 -0.0021943372861764664 -0.0020047237371166992 -0.0028946917394394038 0.002534053462019353 0.00028707089103954288 -0.0025907129187645538 0.0017083415234432887 0.00056036944710511 0.0027691743783398409 0.0013099224392318172 3.8143061181924758e-05 -0.00031642897942680637 -0.0032986950836613742 -0.0031218524339852627 0.002025912007637369 -0.00097321001795448486 0.0018018646038485148 -0.008092429104460501 0.0042541713454650803 0.00016824247017354323 0.0011429528247457784 0.0028826858094211541
leaf_weight=15.123409751802681 58.837741039693356 38.969194982200861 25.789301773533225 19.718499287962914 109.8516935557127 23.972560781985521 105.54014363884926 69.704644992947578 59.498398043215275 57.189833968877792 80.685302913188934 55.158633843064308 50.536412045359612 110.92802925407887 111.30380406975746 67.567156627774239 76.350702494382858 81.06824517250061 84.248911142349243 80.809522286057472 121.01535707712173 120.2096302062273 84.399751201272011 61.329883053898811 74.568993970751762 125.92102146148682 29.694651495665312 37.975524269044399 33.888303354382515 72.529609128832817 63.716729655861855
leaf_count=533 370 454 716 231 446 414 584 365 348 394 328 319 301 448 475 328 351 338 341 326 534 521 345 346 305 529 510 348 347 305 300
internal_value=-3.65596e-06 0.000298278 0.00474828 -0.0070811 -1.27929e-05 -0.00877909 0.000209383 0.00136154 0.00202313 -0.00176373 -2.49767e-05 -0.000983771 2.95975e-05 9.31245e-05 -0.000116383 0.000153841 -0.000163768 0.000423437 -0.000150519 -0.000699656 -0.00124588 -0.00181749 -0.00141074 0.00340575 -0.00213858 0.00110076 -0.00664021 0.00320379 0.00238413 0.00202583 0.002313
internal_weight=2208.1 2119.59 136.622 88.5091 1982.97 68.7906 1761.25 296.073 226.368 221.723 1465.17 162.885 107.726 1384.49 1147.64 1036.34 905.052 587.477 433.879 324.027 317.576 241.225 239.778 120.828 158.969 236.849 53.6672 110.833 71.8638 153.598 131.284
internal_count=12800 11112 1865 1688 9247 1457 7863 1643 1278 1384 6220 1014 695 5892 4915 4440 3812 2406 1763 1317 1406 1055 976 694 650 977 924 1149 695 643 628
is_linear=0
shrinkage=0.02


Tree=209
num_leaves=32
num_cat=0
split_feature=0 0 0 0 0 1 1 1 4 0 0 1 3 1 1 3 4 1 5 1 1 1 3 1 1 1 0 0 1 0 1
split_gain=11.4553 7.05385 2.94252 2.47105 1.76352 1.14617 1.01389 0.913956 1.78008 0.780869 0.73146 0.838718 1.68309 0.655643 1.27304 0.630996 0.902263 1.46896 1.20314 2.5679 1.56213 1.12539 0.577063 0.506037 0.451345 0.400442 0.362683 0.993113 0.244206 0.73654 0.183724
threshold=-1.0583763122558592 1.0583764314651491 1.6977696418762209 -1.3729133009910581 -0.087851781398057924 3.3916667699813847 5.2083332538604745 11.041666984558107 -1.0000000180025095e-35 -1.9672712087631223 0.62807923555374157 10.291666984558107 1.0000000180025095e-35 9.6583333015441912 8.6250000000000018 0.024999999441206459 -1.0000000180025095e-35 12.47499990463257 0.029999986290931705 11.47499990463257 10.041666984558107 7.6583333015441903 1.0000000180025095e-35 6.3250000476837167 7.2583334445953378 12.841666698455812 -0.24044604599475858 -0.42618812620639795 4.241666555404664 1.3111533522605898 3.9416667222976689
decision_type=2 2 2 2 2 2 2 2 2 2 2 2 2 2 2 2 2 2 2 2 2 2 2 2 2 2 2 2 2 2 2
left_child=3 4 28 9 5 -2 -7 13 -9 -1 15 12 -12 14 24 16 17 -6 19 -18 21 -20 25 -5 -8 -22 27 -10 -3 -30 -11
right_child=1 2 -4 23 10 6 7 8 26 30 11 -13 -14 -15 -16 -17 18 -19 20 -21 22 -23 -24 -25 -26 -27 -28 -29 29 -31 -32
leaf_value=-0.014773849044820837 -0.0031843759872542884 0.00445461097132377 0.010576626191862826 -0.0012740261090392942 0.00058136273081826157 0.0016518737812953003 -0.00074168570100587722 0.0022289528613753233 0.00011877765554856178 -0.0046620371183182466 0.00010095200591691232 -0.0005398682786428218 0.0043367882763891948 -0.0027398391304312075 0.0015527675709199112 -0.0011629872546506206 0.0021831790782588264 -0.0028392715230176366 0.0012131795932985923 -0.0026942825064323935 0.0026604777020000732 -0.0019427910806691408 0.0037960133831302298 -0.0052948309364322819 -0.0027322862498445626 0.00069630976684802604 0.00012770591739801591 -0.0030630624130716494 0.0041860893864667497 0.00016508563453367729 -0.0091788085004078819
leaf_weight=11.861325614154337 65.953282684087753 38.827936984598637 25.536520136520267 24.573194086551666 138.79119777679443 78.703871749341488 98.403783969581127 100.67153584957123 77.604736000299454 14.023100862279533 70.450635023415089 53.269037686288357 78.517391681671143 105.00964085757732 63.563962161540985 105.85771837830544 74.953497007489204 76.231812253594398 118.51287387311459 96.505638659000397 86.626513287425041 70.316334560513496 82.859522432088852 27.571308985352516 86.329282149672508 81.698150634765625 86.074225142598152 77.069104790687561 37.855042658746243 33.88390901684761 18.342212360352278
leaf_count=408 372 454 716 340 593 400 473 432 382 330 412 303 483 502 318 443 302 314 538 390 387 315 359 300 412 347 350 329 348 347 401
internal_value=-3.71492e-06 0.00030701 0.00467676 -0.00667505 1.2914e-06 -0.000692799 -0.000472668 -0.000717403 2.14294e-05 -0.0100852 0.000515103 0.00159943 0.00236143 -0.00142748 -0.000854998 0.000276981 0.000463775 -0.00064634 0.000854979 -0.000561508 0.00140698 2.99128e-05 0.00243379 -0.00351707 -0.00169123 0.00172652 -0.000912431 -0.0014855 0.00315042 0.00234287 -0.00760702
internal_weight=2206.45 2110.08 136.103 96.3711 1973.97 839.383 773.43 694.726 341.42 44.2266 1134.59 202.237 148.968 353.307 248.297 932.353 826.496 215.023 611.473 171.459 440.013 188.829 251.184 52.1445 184.733 168.325 240.748 154.674 110.567 71.739 32.3653
internal_count=12800 11021 1865 1779 9156 3970 3598 3198 1493 1139 5186 1198 895 1705 1203 3988 3545 907 2638 692 1946 853 1093 640 885 734 1061 711 1149 695 731
is_linear=0
shrinkage=0.02


Tree=210
num_leaves=33
num_cat=0
split_feature=0 0 0 1 0 0 2 1 1 0 2 2 1 1 1 1 2 0 1 1 2 1 1 1 1 2 1 1 0 0 0 1
split_gain=11.1124 6.86063 2.88308 2.31955 1.82952 1.09785 1.77981 1.00812 1.10961 1.0549 0.853401 0.78992 4.52643 2.36997 1.3833 1.24428 3.3704 1.46711 3.266 1.40792 1.23012 1.04986 0.979023 0.768297 1.50317 0.749224 0.994382 0.534622 0.518975 0.248126 0.348999 0.0976637
threshold=-1.1033552289009092 1.0583764314651491 1.6977696418762209 5.0750000476837167 -0.62807917594909657 0.51012541353702556 0.024999999441206459 10.991666793823244 6.5916666984558114 0.7225746512413026 -1.0000000180025095e-35 1.0000000180025095e-35 8.4083333015441912 11.574999809265138 7.5416667461395273 14.408333301544191 -0.014999999664723871 -1.0000000180025095e-35 11.691666603088381 13.141666412353517 -1.0000000180025095e-35 5.2083332538604745 9.9416666030883807 9.5250000953674334 6.0083334445953378 -1.0000000180025095e-35 11.841666698455812 8.1583333015441912 -1.5998135805130003 1.4404313564300539 1.2540397644042971 9.0416669845581072
decision_type=2 2 2 2 2 2 2 2 2 2 2 2 2 2 2 2 2 2 2 2 2 2 2 2 2 2 2 2 2 2 2 2
left_child=3 4 29 28 10 6 11 8 9 -7 -2 14 -13 -14 20 16 -16 18 22 -20 -6 -22 -18 24 -12 -19 -27 -5 -1 30 -3 -10
right_child=1 2 -4 27 5 7 -8 -9 31 -11 23 12 13 -15 15 -17 17 25 19 -21 21 -23 -24 -25 -26 26 -28 -29 -30 -31 -32 -33
leaf_value=-0.012696061464311983 -0.0037465956991913746 0.0035856340995092683 0.010475819690995997 -0.0052749781960642382 -0.0029973311609690447 -0.0014866583442239222 -0.0029614415309697655 -0.000774269897534241 0.0040061185507896929 0.0022981116643311771 -0.0021448071931065593 0.0048837467345592368 -0.0032216860806139947 0.0010553000014557731 0.0037355437073807035 -0.0020441800972653438 -0.00054053209375673299 -0.00059327182112857359 -0.0047754905266388977 -0.0011149644766389705 0.0011472730475047739 -0.0020344438660976579 0.002646760099855019 -0.0028252113938533959 0.0025040944455153331 0.00016916330645788544 0.0028929793078595633 -0.00076945738211957727 -0.0069617535264029397 0.0046486717890321608 0.00089077752045262863 0.002546955854480535
leaf_weight=20.531622754409909 58.694827377796173 43.024824097752571 25.288362611085176 22.947208501398563 106.37116904556751 52.845507353544235 75.972122117877007 69.722853526473045 57.70261837542057 61.8359045535326 57.089324064552784 85.622373774647713 78.8443673402071 142.56380391120911 111.24581505358219 79.391844615340233 70.853490501642227 84.573344334959984 78.429807871580124 91.421409353613853 92.704319402575493 71.854792416095734 81.080997616052628 55.045141652226448 50.573930576443672 101.2864246815443 112.53064799308777 19.605404250323772 24.413190212100744 30.722089510411024 36.558646820485592 53.550003536045551
leaf_count=641 370 407 716 415 457 257 322 365 327 398 394 368 337 598 464 323 306 356 335 378 406 307 343 319 301 438 482 231 401 399 343 296
internal_value=-3.93973e-06 0.000287568 0.0046061 -0.00690707 -1.22497e-05 0.000203896 -2.10972e-05 0.00131121 0.00195594 0.000558491 -0.00171729 0.00014378 0.00103559 -0.000482959 -0.000110785 0.000303099 0.000562763 -1.65419e-05 -0.000950436 -0.00284114 -0.00134256 -0.000249771 0.00117268 -0.000948644 4.48179e-05 0.000990197 0.00161622 -0.00332686 -0.0100106 0.00309783 0.00239987 0.00336115
internal_weight=2204.9 2117.4 135.594 87.4974 1981.81 1760.4 1464.75 295.657 225.934 114.681 221.403 1388.77 307.031 221.408 1081.74 810.814 731.422 620.176 321.786 169.851 270.93 164.559 151.934 162.708 107.663 298.39 213.817 42.5526 44.9448 110.306 79.5835 111.253
internal_count=12800 11112 1865 1688 9247 7863 6220 1643 1278 655 1384 5898 1303 935 4595 3425 3102 2638 1362 713 1170 713 649 1014 695 1276 920 646 1042 1149 750 623
is_linear=0
shrinkage=0.02


Tree=211
num_leaves=34
num_cat=0
split_feature=0 0 0 1 0 1 1 1 1 0 1 1 2 3 1 0 1 1 3 3 1 0 1 0 1 0 1 1 1 1 0 1 1
split_gain=10.7681 6.6335 2.55709 2.27505 1.82172 1.16101 1.07813 1.03246 0.905662 0.834839 0.828316 1.35042 1.03494 0.561867 0.519083 0.498265 0.475242 0.842062 0.917587 1.49279 0.625829 1.98328 1.28917 0.904431 0.795343 1.19269 0.348056 0.819536 0.316492 1.15104 0.227379 0.109593 0.0749294
threshold=-1.1033552289009092 1.1506889462471011 1.6977696418762209 5.0750000476837167 -0.087851781398057924 3.3916667699813847 4.8750000000000009 6.1749999523162851 5.4583332538604745 0.69039613008499157 7.8583333492279062 8.9749999046325701 -1.0000000180025095e-35 1.0000000180025095e-35 8.1583333015441912 -0.34515604376792902 14.391666412353517 13.941666603088381 0.024999999441206459 0.014999999664723875 12.47499990463257 0.45380601286888128 13.22499990463257 0.31866706907749182 7.5416667461395273 0.13831529766321185 4.8250000476837167 9.2249999046325701 11.691666603088381 12.791666984558107 -1.5998135805130003 10.574999809265138 8.4083333015441912
decision_type=2 2 2 2 2 2 2 2 2 2 2 2 2 2 2 2 2 2 2 2 2 2 2 2 2 2 2 2 2 2 2 2 2
left_child=3 4 8 13 5 -2 -7 -8 -3 16 -9 -12 15 30 -5 -13 17 18 19 20 21 23 -22 24 -6 -26 -11 -28 31 -30 -1 -14 -23
right_child=1 2 -4 14 9 6 7 10 -10 26 11 12 28 -15 -16 -17 -18 -19 -20 -21 22 32 -24 -25 25 -27 27 -29 29 -31 -32 -33 -34
leaf_value=-0.014407196797397812 -0.0031762233744101753 0.0050547766590210378 0.010375220328991698 -0.0052000149407495245 -0.00068494118060877631 0.0019973398388864793 -0.0030933836834806721 0.0012726289158751947 0.00098770009142348228 0.00034215485797841087 -0.0032813916255827013 -0.00015474052427861385 -0.00077484936204164881 -0.0059936005900023751 -0.00075591784884527461 0.0021923492116303141 -0.0010578520198812956 0.0025066135382299597 -0.001673808582638919 0.0028336925819213384 -0.0029031709201158009 -0.0011038990382501591 0.00079449599577086419 0.0030802161746743746 -8.9230301860563751e-05 0.0031534644735956492 0.0037439114739124119 0.00050995540013502611 -0.0035568046438215033 -0.00035709045247523714 -0.0075820357633974138 0.00029477412892477047 -0.0021460955589922099
leaf_weight=14.05361636169255 67.103302024304867 47.041569329798222 25.044745609164238 22.842350633814931 104.75834755599499 63.137371562421322 63.143751926720142 93.644576735794544 41.73203606903553 49.175807453691959 70.930929593741894 69.32334690541029 76.079705446958542 17.847034316509962 19.593379829078913 73.112991526722908 91.530771881341934 70.570190116763115 85.948563009500504 92.569721892476082 70.763076767325401 62.232309192419052 76.915876105427742 80.326908603310585 92.755373582243919 86.61235599219799 70.485090605914593 56.494717098772526 67.203241765499115 129.90648745000362 12.657066646963356 73.659806832671165 64.104553237557411
leaf_count=447 388 537 716 415 430 334 323 445 423 338 350 344 377 382 231 298 373 291 366 406 302 301 324 385 375 364 451 363 309 561 213 332 306
internal_value=-4.04287e-06 0.000282282 0.00493604 -0.00681934 1.31093e-05 -0.000690378 -0.000468985 -0.000691114 0.00320675 0.000529342 -0.0004504 -0.000741921 -0.000361918 -0.0099097 -0.00327447 0.0010637 0.000299525 0.000441571 0.000257509 0.000488523 0.000140716 0.000484323 -0.000992426 0.00123192 0.000691505 0.0014941 0.00178898 0.00233531 -0.000950102 -0.00147278 -0.0119265 -0.00025173 -0.00165792
internal_weight=2203.3 2116.31 113.818 86.9934 2002.49 847.246 780.142 717.005 88.7736 1155.24 653.861 560.217 489.286 44.5577 42.4357 142.436 979.088 887.557 816.987 731.039 638.469 490.79 147.679 364.453 284.126 179.368 176.156 126.98 346.849 197.11 26.7107 149.74 126.337
internal_count=12800 11112 1676 1688 9436 4061 3673 3339 960 5375 3016 2571 2221 1042 646 642 4223 3850 3559 3193 2787 2161 626 1554 1169 739 1152 814 1579 870 660 709 607
is_linear=0
shrinkage=0.02


Tree=212
num_leaves=31
num_cat=0
split_feature=0 0 0 0 0 1 1 0 1 0 1 0 1 0 1 1 1 0 2 0 0 1 1 2 1 1 1 1 0 1
split_gain=10.4466 6.37708 2.50638 2.37258 1.6929 1.41245 1.1209 1.34657 1.92905 1.0123 0.87755 0.793965 0.69383 0.63485 0.597984 0.531345 0.477244 0.687395 0.63113 2.95588 1.05798 1.38563 1.29965 0.883781 0.564995 0.481145 0.505585 0.458127 0.351382 0.218561
threshold=-1.0583763122558592 1.1506889462471011 1.6977696418762209 -1.3729133009910581 0.37188957631587988 2.4083334207534794 10.991666793823244 0.78930723667144786 6.7249999046325692 -0.85975876450538624 5.4583332538604745 -1.9672712087631223 4.4083333015441903 0.53889256715774547 5.4583332538604745 6.3250000476837167 6.8916666507720956 -0.34515604376792902 -1.0000000180025095e-35 1.0000000180025095e-35 0.13831529766321185 12.641666412353517 11.22499990463257 1.0000000180025095e-35 11.47499990463257 10.408333301544191 12.525000095367433 8.1583333015441912 0.56811311841011058 3.9416667222976689
decision_type=2 2 2 2 2 2 2 2 2 2 2 2 2 2 2 2 2 2 2 2 2 2 2 2 2 2 2 2 2 2
left_child=3 4 10 11 5 -2 7 27 -9 -7 -3 -1 -11 -8 -14 -5 -16 25 19 -19 21 22 -20 -23 -22 -18 -27 28 -6 -13
right_child=1 2 -4 15 6 9 13 8 -10 12 -12 29 14 -15 16 -17 17 18 20 -21 24 23 -24 -25 -26 26 -28 -29 -30 -31
leaf_value=-0.014568327086656176 -0.0031011425121948684 0.0049771969517563193 0.010274840965289602 -0.0010496521268006547 0.0025350346851458383 -0.0025006636835453117 0.00089784829519762028 0.001146970064735589 0.0065830478812193031 0.0015580900680839727 0.00096956072742522775 -0.0043342925360578665 -0.001942948406605577 -0.0018812163817132435 0.0012521151933716692 -0.0051560057068105085 -0.0019681483854009367 0.0029960242583484814 -0.00073166703695792367 -0.0013454664914988759 -0.00027852870953349614 0.0013220940394273078 -0.0039984997880981553 -0.0013059411557715978 0.0019914832106166544 0.00068496817681533927 -0.0015078464472064149 -0.000321951489810762 0.00048014144568402919 -0.0089686322956145405
leaf_weight=11.437365418300031 66.351361140608788 46.852407388389111 24.805587321519852 24.30961300060153 67.170381739735603 68.373920992016792 64.550547495484352 60.687089800834656 45.26805254817009 98.599909521639347 41.700276024639606 13.726753922179343 69.574678987264633 63.223433643579483 99.436518982052803 27.363855414092541 121.36767292022705 130.91808974742889 134.51168905198574 117.13309767842293 74.562494188547134 135.21631853282452 75.424992904067039 79.724299117922783 103.00359311699867 90.744702562689781 75.092513158917427 86.311055868864059 66.381748557090759 18.01774456910789
leaf_count=408 336 537 716 340 324 503 299 433 315 460 423 330 304 346 422 300 590 531 550 483 316 553 309 324 438 409 341 421 338 401
internal_value=-4.30962e-06 0.000290649 0.0048626 -0.00642682 2.60736e-05 -0.00029042 0.00109719 0.00171686 0.0035484 -0.000159838 0.00315306 -0.00981491 -4.25558e-05 -0.000485052 -0.000165532 -0.00333528 -6.25977e-05 -0.000179501 0.000106681 0.00095155 -0.000243184 -0.000784252 -0.00193202 0.000344268 0.00104579 -0.00102184 -0.000314093 0.000810186 0.00153581 -0.00734034
internal_weight=2201.84 2106.99 113.358 94.8553 1993.63 1540.04 453.592 325.818 105.955 1473.68 88.5527 43.1819 1405.31 127.774 1306.71 51.6735 1237.14 1137.7 850.495 248.051 602.443 424.877 209.937 214.941 177.566 287.205 165.837 219.863 133.552 31.7445
internal_count=12800 11021 1676 1779 9345 6869 2476 1831 748 6533 960 1139 6030 645 5570 640 5266 4844 3504 1014 2490 1736 859 877 754 1340 750 1083 662 731
is_linear=0
shrinkage=0.02


Tree=213
num_leaves=34
num_cat=0
split_feature=0 0 0 1 0 0 2 1 3 1 1 2 2 1 1 1 1 2 1 5 0 2 2 0 1 1 1 3 1 5 1 1 1
split_gain=10.1299 6.20048 2.45623 2.25385 1.71263 1.19268 1.67428 1.20569 1.37618 1.40833 0.850224 0.828042 0.777302 4.33539 2.29423 1.31208 1.20254 3.19262 1.38272 2.08983 2.23419 1.34679 1.18401 1.06223 1.02393 0.747685 1.44985 0.560685 0.509754 0.225678 0.158687 0.096888 0.00619945
threshold=-1.1033552289009092 1.1506889462471011 1.6977696418762209 5.0750000476837167 -0.62807917594909657 0.51012541353702556 0.024999999441206459 10.991666793823244 0.014999999664723875 6.9583332538604745 5.4583332538604745 -1.0000000180025095e-35 1.0000000180025095e-35 8.4083333015441912 11.574999809265138 7.5416667461395273 14.408333301544191 -0.014999999664723871 13.708333015441896 0.14999999105930331 0.21471916884183886 -1.0000000180025095e-35 -1.0000000180025095e-35 -0.13831529766321179 5.2083332538604745 9.5250000953674334 6.0083334445953378 1.0000000180025095e-35 8.1583333015441912 0.44499999284744268 10.991666793823244 4.558333396911622 3.0916665792465214
decision_type=2 2 2 2 2 2 2 2 2 2 2 2 2 2 2 2 2 2 2 2 2 2 2 2 2 2 2 2 2 2 2 2 2
left_child=3 4 10 27 11 6 12 8 9 31 -3 -2 15 -14 -15 22 17 -17 19 20 21 -19 -6 -23 -24 26 -13 29 -5 -1 -21 -7 -4
right_child=1 2 32 28 5 7 -8 -9 -10 -11 -12 25 13 14 -16 16 -18 18 -20 30 -22 23 24 -25 -26 -27 -28 -29 -30 -31 -32 -33 -34
leaf_value=-0.0074625191280609481 -0.0036424444014039499 0.0049005483539657259 0.011801785783435983 -0.0050399371767710357 -0.0029383599455279842 -0.00097607451669521283 -0.0028742567419909309 -0.00091542376601248723 0.0047331930658781156 0.0030706122390862494 0.00095174265914507868 -0.0020599871502048977 0.0047898242903384397 -0.0031591169605074704 0.0010499233581613601 0.0036320308180153365 -0.0020188088096661431 0.0025297956617437228 -0.0022165742191798143 -0.00099738908895618855 0.0040180861174299691 -0.0022101071308186933 0.0011377379527268432 0.0005906353400341644 -0.0020049853625192598 -0.0027375931762378181 0.0025092331044619309 -0.0058527289119579629 -0.00063549261330819533 -0.014259963248811713 -0.0024145448272186757 0.00021861054161006858 0.0065443701454709026
leaf_weight=12.543589327484371 58.491071723401546 46.666682884097099 13.857962956652047 22.618000492453575 106.31726233661175 51.928606174886227 75.946983903646469 72.563185669481754 54.863580867648125 83.53259089589119 41.669114768505096 56.91778838634491 85.581013858318329 78.802593350410461 142.50441309809685 111.23495161533356 79.395250514149666 80.257209002971649 94.835497975349426 65.476731449365616 81.894370377063751 84.183366671204567 92.664457187056541 144.18057483434677 71.832177206873894 54.896312542259693 50.55977550894022 17.676828091964126 19.485475637018681 13.724321031942962 69.055053040385246 53.48952379077673 10.712844090536235
leaf_count=213 370 537 424 415 457 322 322 389 323 488 423 394 368 337 598 464 323 327 392 302 368 353 406 587 307 319 301 382 231 447 309 310 292
internal_value=-4.5416e-06 0.000272005 0.00479002 -0.00665147 1.26e-05 0.00021925 -2.19598e-05 0.00132867 0.00199857 0.00116328 0.00310016 -0.00164036 0.000137995 0.00102287 -0.000463695 -0.000114562 0.000288606 0.000544002 -2.00288e-05 0.000383623 0.00112366 0.000334681 -0.00131446 -0.000452046 -0.000242222 -0.00088362 9.60456e-05 -0.00974917 -0.00312282 -0.0117717 -0.00174953 -0.000377103 0.0101747
internal_weight=2200.36 2114.31 112.907 86.0482 2001.4 1780.54 1464.16 316.377 243.814 188.951 88.3358 220.865 1388.21 306.888 221.307 1081.33 810.513 731.118 619.883 525.047 390.516 308.621 270.814 228.364 164.497 162.374 107.478 43.9447 42.1035 26.2679 134.532 105.418 24.5708
internal_count=12800 11112 1676 1688 9436 8052 6220 1832 1443 1120 960 1384 5898 1303 935 4595 3425 3102 2638 2246 1635 1267 1170 940 713 1014 695 1042 646 660 611 632 716
is_linear=0
shrinkage=0.02


Tree=214
num_leaves=32
num_cat=0
split_feature=0 0 0 0 0 1 1 0 1 0 1 1 0 0 1 5 0 3 0 1 5 0 1 1 1 1 1 0 0 0 1
split_gain=9.82497 5.96674 2.41244 2.30521 1.58066 1.35661 1.0406 1.29343 1.84081 0.955784 0.823665 0.665408 0.605026 0.599549 0.575375 0.617872 1.1538 1.10196 1.56088 1.66545 0.833439 0.66455 1.33818 0.53576 0.506308 0.451091 0.419857 2.08815 1.85979 0.344767 0.119937
threshold=-1.0583763122558592 1.1506889462471011 1.6977696418762209 -1.3729133009910581 0.37188957631587988 2.4083334207534794 10.991666793823244 0.78930723667144786 6.7249999046325692 -0.85975876450538624 5.4583332538604745 4.4083333015441903 0.53889256715774547 -1.8157398104667661 5.4583332538604745 0.03499999642372132 -0.037611247040331357 0.014999999664723875 -0.5978272259235381 7.4749999046325692 0.12500000000000003 0.13831529766321185 12.691666603088381 6.3250000476837167 11.958333015441896 8.1583333015441912 11.958333015441896 -0.26633308827877039 -0.24044604599475858 0.56811311841011058 3.1583334207534794
decision_type=2 2 2 2 2 2 2 2 2 2 2 2 2 2 2 2 2 2 2 2 2 2 2 2 2 2 2 2 2 2 2
left_child=3 4 10 13 5 -2 7 25 -9 -7 -3 -11 -8 -1 -13 16 -16 18 -17 -20 -19 26 -23 -5 -18 29 27 -21 -28 -6 -4
right_child=1 2 30 23 6 9 12 8 -10 11 -12 14 -14 -15 15 17 24 20 19 21 -22 22 -24 -25 -26 -27 28 -29 -30 -31 -32
leaf_value=-0.01325503567036241 -0.0030368842988065478 0.0048248266623639215 0.011901628645445247 -0.00093122102669093243 0.0024815969533392209 -0.0024303388087831062 0.00088755893349773548 0.0011135285213025447 0.0064336998397253251 0.0015286463112202256 0.00093424014551121964 -0.0019032867365537214 -0.0018245837377608022 -0.0069959822649306195 0.0028081956590601258 0.0024445044456398359 0.0011773518116027337 -0.00055769092979542903 -0.0029378225767248212 0.00085122974794094822 -0.0031463096086077657 0.0024239590113447388 -0.00098397885725724559 -0.0050510874327289578 -0.00088766375009178655 -0.00035235539260123407 -0.0017841312344582568 -0.0033105911520792527 0.0020201355215444189 0.00044637398068949903 0.0060695731073816192
leaf_weight=14.538219086825846 66.273548997938633 46.484337124973536 14.048477917909624 24.172381978482008 67.086059123277664 68.192081309854984 64.536461651325226 60.618248611688614 44.986559458076954 98.597306147217751 41.638541400432587 69.538005396723747 63.308459199965 27.974977932870388 77.636164650321007 94.00439241528511 77.796544522047043 128.47644254565239 80.789478674530983 104.9187563508749 80.342525526881218 113.03398531675339 75.435317173600197 27.209665067493916 115.3242212086916 86.249908939003944 93.817855760455132 86.254080727696419 108.93351343274117 66.325732469558716 10.306594850495456
leaf_count=545 336 537 434 340 324 503 299 433 315 460 423 304 346 594 313 472 313 523 339 463 370 484 317 300 465 421 409 353 445 338 282
internal_value=-4.67433e-06 0.000280284 0.00472053 -0.0062655 2.51436e-05 -0.000280672 0.00106076 0.00165881 0.00345732 -0.000152722 0.00304803 -3.88717e-05 -0.000462904 -0.00963577 -0.000159341 -5.83718e-05 0.000782521 -0.000295191 6.07145e-05 -0.000283515 -0.00157405 9.34838e-05 0.00106391 -0.00322042 -5.22541e-05 0.000770757 -0.000373838 -0.00104135 0.000259579 0.00149132 0.0100815
internal_weight=2198.85 2104.95 112.478 93.8952 1992.48 1539.36 453.111 325.267 105.605 1473.09 88.1229 1404.9 127.845 42.5132 1306.3 1236.76 270.757 966.006 757.187 663.183 208.819 582.394 188.469 51.382 193.121 219.662 393.924 191.173 202.751 133.412 24.3551
internal_count=12800 11021 1676 1779 9345 6869 2476 1831 748 6533 960 6030 645 1139 5570 5266 1091 4175 3282 2810 893 2471 801 640 778 1083 1670 816 854 662 716
is_linear=0
shrinkage=0.02


Tree=215
num_leaves=32
num_cat=0
split_feature=0 0 0 1 0 0 1 3 1 1 4 1 1 1 1 3 3 0 1 5 0 5 1 5 1 1 0 1 1 1 1
split_gain=9.52128 5.80705 2.36894 2.2204 1.63109 1.11041 1.11151 1.33086 1.34012 0.797857 0.791362 0.778803 0.73051 1.38081 0.690156 0.76326 1.03826 1.14927 0.919955 1.32924 3.07231 0.716166 1.00937 0.688453 0.575582 0.558733 0.776352 0.542581 0.500877 0.120835 0.0922224
threshold=-1.1033552289009092 1.1506889462471011 1.6977696418762209 5.0750000476837167 -0.62807917594909657 0.51012541353702556 10.991666793823244 0.014999999664723875 6.9583332538604745 5.4583332538604745 -1.0000000180025095e-35 14.541666984558107 9.5250000953674334 6.0083334445953378 13.941666603088381 0.024999999441206459 0.014999999664723875 -0.11304753646254538 13.391666412353517 0.17500001192092898 0.34515604376792913 0.11500000953674318 10.341666698455812 0.045000016689300544 2.3249999284744267 8.6250000000000018 1.0000000180025095e-35 10.041666984558107 8.1583333015441912 3.1583334207534794 4.558333396911622
decision_type=2 2 2 2 2 2 2 2 2 2 2 2 2 2 2 2 2 2 2 2 2 2 2 2 2 2 2 2 2 2 2
left_child=3 4 9 24 10 11 7 8 30 -3 -2 14 13 -12 15 16 18 -18 19 20 21 22 25 -24 -1 26 -6 -23 -5 -4 -7
right_child=1 2 29 28 5 6 -8 -9 -10 -11 12 -13 -14 -15 -16 -17 17 -19 -20 -21 -22 27 23 -25 -26 -27 -28 -29 -30 -31 -32
leaf_value=-0.0057099904881971978 -0.0035624772376142968 0.0047500281253746715 0.01180837639613634 -0.0048908677971899669 -0.00073702757347101386 -0.00097694010097516782 -0.00086784561123763506 0.0046235815688524693 0.0029731972315644936 0.00091704853670109378 -0.0020024044344003756 -0.001904606610879257 -0.0026966212425165947 0.0024576529712481815 0.0013805950072414213 -0.0015699849013600267 -0.00021199965539511048 0.003270391539245748 -0.0019360849584447435 -0.0017540202730516577 0.0042084441470344501 -0.0022026084369112138 -0.0020913866315191063 0.00019949758174379236 -0.01165238371908772 0.0025156794921994251 0.0018142459691382277 6.8508281641946705e-05 -0.00052431929586967162 0.0059961741806394209 0.00018944914281059986
leaf_weight=17.709798704832792 58.331962361931801 46.305311691015959 13.893589969724419 22.412539564073086 93.0333631336689 51.926930107176304 72.64654128998518 54.670161657035351 83.268936760723591 41.608544573187828 56.800538942217827 80.674476712942123 54.819318689405918 50.611485168337822 146.77806639671326 119.00801205635071 70.941489577293396 78.847081705927849 99.952900379896164 132.80463381111622 74.207141354680061 89.255458116531372 80.807219713926315 142.3979908823967 25.613240357488394 83.029570624232292 94.182197138667107 77.860768973827362 19.386966649442911 10.249166330322621 53.4449507817626
leaf_count=461 370 537 434 415 379 322 389 323 488 423 394 328 319 301 603 507 301 334 418 613 362 390 327 594 581 339 386 339 231 282 310
internal_value=-4.60553e-06 0.000262389 0.0046518 -0.00648414 1.20945e-05 0.000213729 0.00128501 0.00192964 0.00110859 0.00299668 -0.00160221 -1.89452e-05 -0.000862575 0.00010564 9.36339e-05 -6.11384e-05 0.00010209 0.00164003 -0.000138899 7.21301e-05 0.000406058 -3.2511e-05 0.000351172 -0.000641081 -0.00958239 0.0011694 0.000552047 -0.00115618 -0.00298205 0.00998845 -0.000392835
internal_weight=2197.48 2112.36 112.057 85.1225 2000.3 1779.74 315.958 243.311 188.641 87.9139 220.563 1463.78 162.231 107.412 1383.11 1236.33 1117.32 149.789 967.531 867.578 734.774 660.567 493.45 223.205 43.323 270.245 187.216 167.116 41.7995 24.1428 105.372
internal_count=12800 11112 1676 1688 9436 8052 1832 1443 1120 960 1384 6220 1014 695 5892 5289 4782 635 4147 3729 3116 2754 2025 921 1042 1104 765 729 646 716 632
is_linear=0
shrinkage=0.02


Tree=216
num_leaves=29
num_cat=0
split_feature=0 0 0 0 0 0 2 2 2 0 5 5 0 0 0 0 0 0 0 0 0 5 5 0 3 0 0 0
split_gain=9.22279 5.61936 2.32587 2.05284 1.56997 1.06848 1.5737 0.763542 0.740506 2.47389 1.13727 0.648383 0.530342 0.513736 0.384896 0.849343 0.610687 0.30601 0.295215 0.248048 0.217648 0.215127 0.328202 0.200663 0.155878 0.639412 0.311156 0.110199
threshold=-1.1033552289009092 1.1506889462471011 1.6977696418762209 -1.5152822732925413 -0.62807917594909657 0.51012541353702556 0.024999999441206459 -1.0000000180025095e-35 1.0000000180025095e-35 0.13831529766321185 0.16500000655651095 0.10500001907348634 -1.9672712087631223 -0.1891338303685188 0.16367168724536899 0.037611209787428386 -0.062711736187338815 1.3111533522605898 -0.45380596816539759 -1.2540398836135862 -0.89663067460060109 0.14999999105930331 0.13499999046325686 -0.13831529766321179 0.014999999664723875 0.65891757607460033 0.78930723667144786 0.93476510047912609
decision_type=2 2 2 2 2 2 2 2 2 2 2 2 2 2 2 2 2 2 2 2 2 2 2 2 2 2 2 2
left_child=3 4 17 12 7 6 8 -2 10 23 11 13 -1 -6 15 16 -15 -3 -12 -5 -9 22 -13 -10 25 -7 -27 -28
right_child=1 2 -4 19 5 24 -8 20 9 -11 18 21 -14 14 -16 -17 -18 -19 -20 -21 -22 -23 -24 -25 -26 26 27 -29
leaf_value=-0.014311054852402947 -0.0035003514430761908 0.0044633131225353308 0.009895686854376317 -0.002260570507013429 -0.0016623547834861811 -0.00037376131228972377 -0.0027842706933264745 0.00024381170516969526 0.00036050342938315455 0.0036681695874461674 -0.00078116878574700972 0.00070670756761676543 -0.0071570707793036925 0.00054291561064479226 -0.00098732320152850571 0.0015433688773245692 -0.0013020165013604102 0.0019207965535771058 -0.0024193376213871133 -0.0052309420364206275 -0.001329218101049618 2.8174591095940398e-05 0.0023828098682579773 -0.00086137598657905787 0.0020963742952385764 0.0028762953516327443 0.00035710529889741867 0.0016886400894713877
leaf_weight=10.937879931181671 58.216590017080307 32.66467372328043 23.934195768088102 28.249100413173437 79.115365698933601 86.193799629807472 75.921849310398102 50.080869369208813 115.88252943754196 93.876094117760658 97.636606961488724 135.3676872253418 19.923192497342825 151.73556561768055 112.54743850231171 146.40722304582596 132.81017714738846 55.043989170342684 82.678905576467514 25.55293395742774 112.06800101697445 70.904890045523643 71.61425256729126 97.015071287751198 69.512341380119324 59.832685008645058 50.655907221138477 49.550403021275997
leaf_count=408 370 336 716 454 328 412 322 392 495 416 452 581 514 614 463 596 536 624 377 312 622 314 334 392 402 314 307 397
internal_value=-4.48411e-06 0.000257759 0.00458389 -0.00639913 1.18838e-05 0.000209677 -1.85372e-05 -0.00157265 0.000136579 0.0010004 -0.000109999 0.000181264 -0.0104093 -0.00017763 4.37985e-05 0.000316403 -0.000321274 0.00294608 -0.00155061 -0.00380825 -0.000846325 0.000980902 0.00130388 -0.000199128 0.00126094 0.0010101 0.00175083 0.00103569
internal_weight=2195.93 2111.27 111.643 84.6631 1999.62 1779.26 1463.51 220.365 1387.59 306.774 1080.82 900.503 30.8611 622.616 543.5 430.953 284.546 87.7087 180.316 53.802 162.149 277.887 206.982 212.898 315.745 246.233 160.039 100.206
internal_count=12800 11112 1676 1688 9436 8052 6220 1384 5898 1303 4595 3766 922 2537 2209 1746 1150 960 829 766 1014 1229 915 887 1832 1430 1018 704
is_linear=0
shrinkage=0.02


Tree=217
num_leaves=29
num_cat=0
split_feature=0 0 0 0 0 3 3 0 5 0 0 0 3 0 2 0 0 5 0 5 0 2 0 0 0 3 0 0
split_gain=8.94514 5.40107 2.27761 2.22591 1.40283 1.92971 0.782227 1.09153 0.757443 0.607262 0.595678 0.360557 0.900075 0.360742 0.318633 0.299901 0.296938 0.247119 0.338608 0.248199 0.926744 0.431027 0.531378 0.116498 0.106235 0.0563206 0.0225803 0.0071303
threshold=-1.0583763122558592 1.1506889462471011 1.6977696418762209 -1.3729133009910581 0.48177458345890051 0.034999999217689044 0.014999999664723875 0.65891757607460033 0.17500001192092898 -1.8157398104667661 0.37188957631587988 -0.51012541353702534 1.0000000180025095e-35 -0.69039615988731373 0.014999999664723875 0.78930723667144786 1.3111533522605898 0.094999998807907118 -0.26633308827877039 0.029999986290931705 -1.0000000180025095e-35 -1.0000000180025095e-35 -0.087851781398057924 0.2923999428749085 0.93476510047912609 1.0000000180025095e-35 -0.7555200159549712 -1.2007575035095213
decision_type=2 2 2 2 2 2 2 2 2 2 2 2 2 2 2 2 2 2 2 2 2 2 2 2 2 2 2 2
left_child=3 4 16 9 5 8 7 -6 10 -1 14 12 26 -14 17 -9 -3 19 25 20 -2 -21 -23 -20 -17 -19 -10 -5
right_child=1 2 -4 27 6 -7 -8 15 11 -11 -12 -13 13 -15 -16 24 -18 18 23 21 -22 22 -24 -25 -26 -27 -28 -29
leaf_value=-0.013032517976851716 -0.0021098984003699727 0.0043937162929512307 0.0097965315870165211 -0.0023407773051028007 -0.00087570323435352208 -0.0031895533518803056 0.0030144738648093458 0.0028244536864770226 -0.0019852595747089597 -0.0067483417457908906 0.0017873781000194617 -0.0021141657275321182 -0.00033385899317925512 0.001667036451941211 0.001109482334306613 0.00035030311903764627 0.0018865239865331481 -0.00021223743420733677 -0.0015925036273708414 -0.00048309124832016792 0.00056433162564951316 -5.3290078234313538e-05 0.001633908146944066 -0.00053855176328191463 0.0016580789428549422 0.00045793615154302063 -0.0013522391023909866 -0.00356721485476196
leaf_weight=14.086398361250756 76.761842414736748 32.551275663077831 23.715372258797288 26.784911010414362 106.62278115749359 80.954178281128407 72.027845218777657 59.749823123216629 62.599484972655773 27.494395777583122 83.56763368844986 71.989849954843521 77.746176861226559 64.323822349309921 102.39013238251209 50.645700000226498 54.960287399590015 104.60918363928795 90.637583911418915 132.34551905095577 149.91185660660267 134.75420643389225 165.11260460317135 82.228135704994202 49.491885676980019 92.901070579886436 79.429915145039558 24.131526343524456
leaf_count=545 312 336 716 348 507 367 414 314 436 594 398 329 493 298 423 307 624 453 385 537 603 551 676 370 397 397 378 292
internal_value=-4.62114e-06 0.000265743 0.00451471 -0.00602431 2.40581e-05 -0.000216604 0.001193 0.00068194 -5.9577e-05 -0.00937763 0.000178368 -0.000868069 -0.00053974 0.000582635 5.66058e-05 0.00171866 0.00289645 -5.0082e-05 -0.000462046 0.00018219 -0.000351815 0.00046258 0.000880385 -0.00110306 0.00101647 0.000104417 -0.00165494 -0.0030349
internal_weight=2194.53 2102.03 111.227 92.4972 1990.8 1652.26 338.538 266.51 1571.31 41.5808 1215.22 356.089 284.099 142.07 1131.65 159.887 87.5116 1029.26 370.376 658.886 226.674 432.212 299.867 172.866 100.138 197.51 142.029 50.9164
internal_count=12800 11021 1676 1779 9345 7406 1939 1525 7039 1139 5105 1934 1605 791 4707 1018 960 4284 1605 2679 915 1764 1227 755 704 850 814 640
is_linear=0
shrinkage=0.02


Tree=218
num_leaves=33
num_cat=0
split_feature=0 0 0 1 0 0 2 1 1 3 0 1 2 1 1 0 1 1 1 1 1 1 5 0 5 1 1 1 0 1 1 1
split_gain=8.66513 5.25092 2.22996 2.15881 1.46867 0.985599 1.79297 0.780756 0.761962 2.17116 1.23526 1.80139 0.747834 0.705111 1.32907 0.662704 0.605438 0.537228 1.76595 1.31019 1.51756 1.10971 1.04527 2.01194 1.00561 2.02128 2.17614 0.48779 0.402351 1.06981 0.317589 0.147843
threshold=-1.1033552289009092 1.1506889462471011 1.6977696418762209 5.0750000476837167 -0.62807917594909657 0.48177458345890051 0.024999999441206459 5.4583332538604745 10.991666793823244 0.014999999664723875 0.65891757607460033 7.4749999046325692 -1.0000000180025095e-35 9.5250000953674334 6.0083334445953378 0.34515604376792913 2.3249999284744267 13.141666412353517 13.708333015441896 12.425000190734865 11.841666698455812 14.324999809265138 0.11500000953674318 0.18913379311561587 0.019999995827674869 6.1749999523162851 9.3416666984558123 8.1583333015441912 -0.34515604376792902 8.8750000000000018 9.9416666030883807 3.1583334207534794
decision_type=2 2 2 2 2 2 2 2 2 2 2 2 2 2 2 2 2 2 2 2 2 2 2 2 2 2 2 2 2 2 2 2
left_child=3 4 7 16 12 6 15 -3 9 10 -7 -12 -2 14 -14 17 -1 19 -19 20 22 -20 23 24 -6 -26 -27 -5 29 -24 -17 -4
right_child=1 2 31 27 5 8 -8 -9 -10 -11 11 -13 13 -15 -16 30 -18 18 21 -21 -22 -23 28 -25 25 26 -28 -29 -30 -31 -32 -33
leaf_value=-0.0054167736402261591 -0.0034320842307046561 0.0045890192733414855 0.011558260628354718 -0.0046794241017997498 0.0016950281305243031 -0.0013518458322256282 -0.0029903472307959596 0.00079296274597540897 -0.00052096352730507476 0.0051134490051016812 4.9748390140634438e-05 0.0048818820818330244 -0.0019261491114073762 -0.0026084058598786807 0.0024520398885851755 0.00041277791697499433 -0.011434846554757161 0.0027617365770517205 -0.0016580978960260748 -0.0022428121180292199 0.0027706898877811392 0.0010189857620610677 0.00051906801628481185 0.003208630369404988 -0.003466319216762122 0.0025692159660208377 -0.0015622849495270294 -0.00036894198665670948 -0.002546711917444633 -0.0025554944881296571 0.0023679299359421354 0.0056826069321089757
leaf_weight=17.356658069416881 58.083662658929825 45.924988117069006 13.491231178864838 22.125846095383167 77.470432043075562 72.676148518919945 75.246528908610344 41.393085725605488 80.285539358854294 55.906406417489052 81.883141867816448 47.564323492348194 56.654517740011215 54.678903125226498 50.619415253400803 62.979128196835518 25.053785420954227 107.69685277342796 119.17016004025936 114.69409991800785 71.232061877846718 124.79766207933426 107.21810445189476 77.757811531424522 81.604041799902916 87.78500796854496 116.06935608386993 19.250246003270149 70.017537102103233 75.674671873450279 70.840701833367348 10.009325167164205
leaf_count=461 370 537 434 415 312 348 319 423 425 330 529 307 394 319 301 307 581 447 489 487 301 507 483 325 334 354 475 231 301 341 331 282
internal_value=-4.7051e-06 0.000248464 0.00444637 -0.00623573 1.14861e-05 0.000202736 -2.59579e-05 0.00284755 0.00117075 0.00169708 0.000711283 0.00187254 -0.0015223 -0.000803853 0.000146856 0.000141591 -0.00932678 -4.66069e-06 0.000653859 -0.000268846 3.22479e-05 -0.00029153 -0.000256147 0.000332151 -0.000298345 -0.000847355 0.000224523 -0.00278345 -0.0012758 -0.000766961 0.00146741 0.00969767
internal_weight=2193.21 2109.42 110.819 83.7865 1998.61 1778.57 1440.25 87.3181 338.316 258.03 202.124 129.447 220.036 161.953 107.274 1365.01 42.4104 1231.19 351.665 879.523 764.829 243.968 693.597 440.687 362.929 285.458 203.854 41.3761 252.91 182.893 133.82 23.5006
internal_count=12800 11112 1676 1688 9436 8052 6113 960 1939 1514 1184 836 1384 1014 695 5794 1042 5156 1443 3713 3226 996 2925 1800 1475 1163 829 646 1125 824 638 716
is_linear=0
shrinkage=0.02


Tree=219
num_leaves=31
num_cat=0
split_feature=0 0 0 0 0 1 1 1 1 1 3 0 1 1 1 1 1 1 3 1 0 4 0 3 1 0 5 1 1 1
split_gain=8.3945 5.05162 2.18842 2.17707 1.29926 1.99256 1.40465 0.968381 0.755973 0.733854 2.09586 1.18893 1.7397 0.707822 1.07947 1.29528 1.34906 1.50348 1.22241 0.705254 0.986779 2.24691 1.11654 1.10841 1.07578 0.620217 0.554502 0.261897 0.147952 0.145862
threshold=-1.0583763122558592 1.1506889462471011 1.6977696418762209 -1.5152822732925413 0.48177458345890051 2.4083334207534794 4.4083333015441903 5.0750000476837167 5.4583332538604745 10.991666793823244 0.014999999664723875 0.65891757607460033 7.4749999046325692 5.9583332538604745 6.8916666507720956 8.6250000000000018 9.5916666984558123 10.108333587646486 1.0000000180025095e-35 14.541666984558107 -1.0000000180025095e-35 -1.0000000180025095e-35 0.062711661681532874 1.0000000180025095e-35 11.425000190734865 -0.21471925079822538 0.47500000894069677 12.841666698455812 3.1583334207534794 12.941666603088381
decision_type=2 2 2 2 2 2 2 2 2 2 2 2 2 2 2 2 2 2 2 2 2 2 2 2 2 2 2 2 2 2
left_child=3 4 8 26 5 -2 -7 -5 -3 10 11 -6 -13 -8 -15 18 -17 -18 -16 20 21 -19 -22 -24 -23 29 -1 -25 -4 -26
right_child=1 2 28 7 9 6 13 -9 -10 -11 -12 12 -14 14 15 16 17 19 -20 -21 22 24 23 27 25 -27 -28 -29 -30 -31
leaf_value=-0.0068832120919152138 -0.0034645637093947178 0.0045171416494607271 0.011465270463031394 -0.0066555219858103129 -0.0013248288795234403 0.0020183663705267631 -0.0016561866554307984 -0.0014736634765757906 0.00077829402372744504 -0.00051067776718589258 0.005027871268187406 4.8778522471138598e-05 0.0048015608499209139 0.0022101256139854569 -4.5245635123003202e-06 0.0021070463357255281 -0.0029664422806288454 0.0017328015714388357 -0.0033508059579042643 -0.0017488212176047951 0.0031316950607258986 -0.0032545884495779839 0.0017266878092034445 -0.0014989496111273825 0.00081253325176768932 -0.0018039531587037438 -0.014118194176647943 0.00012349444017243434 0.0056126004330758405 -0.0004508037437049977
leaf_weight=19.522140538319949 69.898261219263077 45.756179414689541 13.346324289217593 22.435934498906136 72.715437188744545 118.20440658926964 125.22128216177225 39.049157101660967 41.367724061012268 80.304640740156174 55.756379246711731 81.880779959261417 47.427632957696915 74.640830807387829 80.229476876556873 109.54856407642365 71.443170689046383 134.74638032913208 93.832777291536331 81.038918450474739 73.35803447663784 83.148367673158646 132.99378177523613 82.667723000049591 75.243765160441399 103.26047778129578 10.584564054384826 74.561471968889236 9.9569659847766143 67.610801994800568
leaf_count=514 354 537 434 357 348 586 590 500 423 425 330 529 307 333 368 511 329 584 427 330 295 381 577 355 354 419 408 312 282 301
internal_value=-4.54906e-06 0.000256384 0.00438091 -0.00586525 2.33094e-05 -0.000208249 -6.01575e-05 -0.00351463 0.00279918 0.00114912 0.00166613 0.000698135 0.00183858 -0.000230556 -9.4894e-05 -0.00023432 2.28233e-05 -0.000213959 -0.001826 8.50108e-06 0.000184382 -0.000426324 0.000961846 0.000395706 -0.00131504 -0.000638827 -0.0101478 -0.000737665 0.00960584 0.000216647
internal_weight=2191.75 2100.16 110.427 91.5918 1989.73 1651.65 1581.75 61.4851 87.1239 338.085 257.78 202.024 129.308 1463.55 1338.32 1263.68 1089.62 980.073 174.062 908.63 827.591 464.01 363.581 290.223 329.263 246.115 30.1067 157.229 23.3033 142.855
internal_count=12800 11021 1676 1779 9345 7406 7052 857 960 1939 1514 1184 836 6466 5876 5543 4748 4237 795 3908 3578 2039 1539 1244 1455 1074 922 667 716 655
is_linear=0
shrinkage=0.02


end of trees

feature_importances:
Column_1=2495
Column_0=2392
Column_5=652
Column_3=354
Column_2=232
Column_4=43

parameters:
[boosting: gbdt]
[objective: binary]
[metric: binary_logloss]
[tree_learner: serial]
[device_type: cpu]
[data_sample_strategy: bagging]
[data: ]
[valid: ]
[num_iterations: 1600]
[learning_rate: 0.02]
[num_leaves: 127]
[num_threads: 16]
[seed: 42]
[deterministic: 0]
[force_col_wise: 0]
[force_row_wise: 0]
[histogram_pool_size: -1]
[max_depth: -1]
[min_data_in_leaf: 300]
[min_sum_hessian_in_leaf: 0.001]
[bagging_fraction: 0.85]
[pos_bagging_fraction: 1]
[neg_bagging_fraction: 1]
[bagging_freq: 0]
[bagging_seed: 400]
[bagging_by_query: 0]
[feature_fraction: 0.85]
[feature_fraction_bynode: 1]
[feature_fraction_seed: 30056]
[extra_trees: 0]
[extra_seed: 12879]
[early_stopping_round: 0]
[early_stopping_min_delta: 0]
[first_metric_only: 0]
[max_delta_step: 0]
[lambda_l1: 0]
[lambda_l2: 2]
[linear_lambda: 0]
[min_gain_to_split: 0]
[drop_rate: 0.1]
[max_drop: 50]
[skip_drop: 0.5]
[xgboost_dart_mode: 0]
[uniform_drop: 0]
[drop_seed: 17869]
[top_rate: 0.2]
[other_rate: 0.1]
[min_data_per_group: 100]
[max_cat_threshold: 32]
[cat_l2: 10]
[cat_smooth: 10]
[max_cat_to_onehot: 4]
[top_k: 20]
[monotone_constraints: ]
[monotone_constraints_method: basic]
[monotone_penalty: 0]
[feature_contri: ]
[forcedsplits_filename: ]
[refit_decay_rate: 0.9]
[cegb_tradeoff: 1]
[cegb_penalty_split: 0]
[cegb_penalty_feature_lazy: ]
[cegb_penalty_feature_coupled: ]
[path_smooth: 0]
[interaction_constraints: ]
[verbosity: -1]
[saved_feature_importance_type: 0]
[use_quantized_grad: 0]
[num_grad_quant_bins: 4]
[quant_train_renew_leaf: 0]
[stochastic_rounding: 1]
[linear_tree: 0]
[max_bin: 255]
[max_bin_by_feature: ]
[min_data_in_bin: 3]
[bin_construct_sample_cnt: 200000]
[data_random_seed: 175]
[is_enable_sparse: 1]
[enable_bundle: 1]
[use_missing: 1]
[zero_as_missing: 0]
[feature_pre_filter: 1]
[pre_partition: 0]
[two_round: 0]
[header: 0]
[label_column: ]
[weight_column: ]
[group_column: ]
[ignore_column: ]
[categorical_feature: ]
[forcedbins_filename: ]
[precise_float_parser: 0]
[parser_config_file: ]
[objective_seed: 16083]
[num_class: 1]
[is_unbalance: 0]
[scale_pos_weight: 1]
[sigmoid: 1]
[boost_from_average: 1]
[reg_sqrt: 0]
[alpha: 0.9]
[fair_c: 1]
[poisson_max_delta_step: 0.7]
[tweedie_variance_power: 1.5]
[lambdarank_truncation_level: 30]
[lambdarank_norm: 1]
[label_gain: ]
[lambdarank_position_bias_regularization: 0]
[eval_at: ]
[multi_error_top_k: 1]
[auc_mu_weights: ]
[num_machines: 1]
[local_listen_port: 12400]
[time_out: 120]
[machine_list_filename: ]
[machines: ]
[gpu_platform_id: -1]
[gpu_device_id: -1]
[gpu_use_dp: 0]
[num_gpu: 1]

end of parameters

pandas_categorical:null
