Tree,Node,ID,Feature,Split,Yes,No,Missing,Gain,Cover,Category
0,0,0-0,f5,0.480000019,0-1,0-2,0-2,45.8435173,2874.21899,
0,1,0-1,f5,0.460000008,0-3,0-4,0-4,147.907867,2719.4707,
0,2,0-2,f5,0.49000001,0-5,0-6,0-6,97.4242859,154.748337,
0,3,0-3,f5,0.459999979,0-7,0-8,0-8,113.898048,2596.47192,
0,4,0-4,f5,0.470000029,0-9,0-10,0-10,75.6967621,122.998672,
0,5,0-5,Leaf,,,,,0.0560818985,39.2495766,
0,6,0-6,f2,0.00999999978,0-11,0-12,0-12,34.5160751,115.498756,
0,7,0-7,f5,0.400000006,0-13,0-14,0-14,11.1649599,2562.72241,
0,8,0-8,Leaf,,,,,0.0546295047,33.7496376,
0,9,0-9,Leaf,,,,,-0.057181634,58.7493668,
0,10,0-10,f5,0.479999989,0-15,0-16,0-16,230.728271,64.2493057,
0,11,0-11,f2,0.0,0-17,0-18,0-18,18.907156,105.248863,
0,12,0-12,Leaf,,,,,0.051821135,10.2498894,
0,13,0-13,Leaf,,,,,0.000662061386,2269.47559,
0,14,0-14,Leaf,,,,,-0.00554885576,293.246826,
0,15,0-15,Leaf,,,,,0.0555250198,26.9997082,
0,16,0-16,Leaf,,,,,-0.0578393936,37.2495995,
0,17,0-17,Leaf,,,,,-0.0485590212,6.74992704,
0,18,0-18,Leaf,,,,,0.000106613166,98.4989395,
1,0,1-0,f0,0.0,1-1,1-2,1-2,2635.70996,2886.29883,
1,1,1-1,f0,-0.738846838,1-3,1-4,1-4,486.660156,1411.92041,
1,2,1-2,f0,0.84162128,1-5,1-6,1-6,437.348145,1474.37842,
1,3,1-3,f0,-1.03643334,1-7,1-8,1-8,30.4874268,598.68103,
1,4,1-4,f0,-0.358458757,1-9,1-10,1-10,42.2285156,813.23938,
1,5,1-5,f0,0.358458757,1-11,1-12,1-12,76.7020874,906.988159,
1,6,1-6,f0,1.4757911,1-13,1-14,1-14,15.7178955,567.39032,
1,7,1-7,f3,0.0700000003,1-15,1-16,1-16,4.39868164,401.433624,
1,8,1-8,f0,-0.84162122,1-17,1-18,1-18,0.24319458,197.247421,
1,9,1-9,f1,4.13333321,1-19,1-20,1-20,9.63395691,329.745697,
1,10,1-10,f0,-0.176374152,1-21,1-22,1-22,5.67471313,483.493683,
1,11,1-11,f0,0.125661373,1-23,1-24,1-24,10.4846325,501.493439,
1,12,1-12,f1,14.3166666,1-25,1-26,1-26,4.44378662,405.49472,
1,13,1-13,f0,0.91536504,1-27,1-28,1-28,1.71105957,315.746552,
1,14,1-14,Leaf,,,,,0.0546481721,251.643768,
1,15,1-15,Leaf,,,,,-0.0550278127,396.184265,
1,16,1-16,Leaf,,,,,-0.0214490667,5.24937868,
1,17,1-17,Leaf,,,,,-0.0418105945,121.248421,
1,18,1-18,Leaf,,,,,-0.0356689282,75.9990082,
1,19,1-19,Leaf,,,,,-0.0354298651,44.9994125,
1,20,1-20,Leaf,,,,,-0.0202162415,284.746277,
1,21,1-21,Leaf,,,,,-0.0119740395,222.247101,
1,22,1-22,Leaf,,,,,-0.00542093767,261.246582,
1,23,1-23,Leaf,,,,,0.00188437139,198.997406,
1,24,1-24,Leaf,,,,,0.0107561108,302.496063,
1,25,1-25,Leaf,,,,,0.0252615232,396.994812,
1,26,1-26,Leaf,,,,,0.00296400697,8.49988937,
1,27,1-27,Leaf,,,,,0.0356579944,44.9994125,
1,28,1-28,Leaf,,,,,0.0450268388,270.747131,
2,0,2-0,f0,0.0,2-1,2-2,2-2,2530.80444,2876.63306,
2,1,2-1,f0,-0.738846838,2-3,2-4,2-4,467.528809,1414.45203,
2,2,2-2,f0,0.706302524,2-5,2-6,2-6,404.76709,1462.18115,
2,3,2-3,f0,-1.08031929,2-7,2-8,2-8,28.5721436,600.974609,
2,4,2-4,f0,-0.279319078,2-9,2-10,2-10,39.9112091,813.477356,
2,5,2-5,f0,0.279319078,2-11,2-12,2-12,66.1087952,831.386719,
2,6,2-6,f0,1.0803194,2-13,2-14,2-14,30.8238525,630.794495,
2,7,2-7,f3,0.0599999987,2-15,2-16,2-16,2.44592285,379.787872,
2,8,2-8,f0,-0.84162122,2-17,2-18,2-18,1.15490723,221.186768,
2,9,2-9,f1,4.01666689,2-19,2-20,2-20,11.2355042,422.978302,
2,10,2-10,f3,0.0199999996,2-21,2-22,2-22,4.94481277,390.499023,
2,11,2-11,f0,0.125661373,2-23,2-24,2-24,5.40546036,408.728668,
2,12,2-12,f0,0.358458757,2-25,2-26,2-26,3.80433655,422.65802,
2,13,2-13,f0,0.91536504,2-27,2-28,2-28,3.19152832,212.895813,
2,14,2-14,f0,1.55477357,2-29,2-30,2-30,4.78771973,417.898682,
2,15,2-15,Leaf,,,,,-0.0541889034,374.540802,
2,16,2-16,Leaf,,,,,-0.025395425,5.24706364,
2,17,2-17,Leaf,,,,,-0.0420327447,144.452286,
2,18,2-18,Leaf,,,,,-0.0348559693,76.7344818,
2,19,2-19,Leaf,,,,,-0.0334460326,51.2413559,
2,20,2-20,Leaf,,,,,-0.018294163,371.736938,
2,21,2-21,Leaf,,,,,-0.00871363655,301.499237,
2,22,2-22,Leaf,,,,,-0.000661199039,88.999794,
2,23,2-23,Leaf,,,,,0.00156489771,194.995956,
2,24,2-24,Leaf,,,,,0.00847426709,213.732727,
2,25,2-25,Leaf,,,,,0.0164309107,94.492363,
2,26,2-26,Leaf,,,,,0.0237007607,328.165649,
2,27,2-27,Leaf,,,,,0.0319293104,118.959946,
2,28,2-28,Leaf,,,,,0.0407926403,93.9358673,
2,29,2-29,Leaf,,,,,0.0460739806,194.37233,
2,30,2-30,Leaf,,,,,0.0541749001,223.526337,
3,0,3-0,f0,0.125661373,3-1,3-2,3-2,2366.05005,2869.1311,
3,1,3-1,f0,-0.738846838,3-3,3-4,3-4,573.323242,1602.15027,
3,2,3-2,f0,0.91536504,3-5,3-6,3-6,262.592407,1266.98083,
3,3,3-3,f0,-1.03643334,3-7,3-8,3-8,22.8182373,599.03717,
3,4,3-4,f0,-0.279319078,3-9,3-10,3-10,66.0688934,1003.11304,
3,5,3-5,f0,0.358458757,3-11,3-12,3-12,44.5038757,755.78479,
3,6,3-6,f0,1.4757911,3-13,3-14,3-14,10.8325195,511.196075,
3,7,3-7,f3,0.0700000003,3-15,3-16,3-16,4.00732422,402.291473,
3,8,3-8,Leaf,,,,,-0.0386710539,196.745697,
3,9,3-9,f1,3.45000005,3-17,3-18,3-18,7.76696777,417.125854,
3,10,3-10,f0,0.0,3-19,3-20,3-20,7.51232815,585.987183,
3,11,3-11,f0,0.279319078,3-21,3-22,3-22,3.23740768,299.936035,
3,12,3-12,f0,0.674489737,3-23,3-24,3-24,6.54629517,455.848724,
3,13,3-13,f2,0.0199999996,3-25,3-26,3-26,0.510314941,263.651581,
3,14,3-14,Leaf,,,,,0.0519837998,247.544495,
3,15,3-15,Leaf,,,,,-0.0521432944,397.046234,
3,16,3-16,Leaf,,,,,-0.0201824401,5.24525738,
3,17,3-17,Leaf,,,,,-0.0325307623,38.4676781,
3,18,3-18,Leaf,,,,,-0.0181706697,378.658203,
3,19,3-19,Leaf,,,,,-0.00636493834,388.742798,
3,20,3-20,Leaf,,,,,0.0008163561,197.244385,
3,21,3-21,Leaf,,,,,0.00801164471,205.214096,
3,22,3-22,Leaf,,,,,0.0148053281,94.7219543,
3,23,3-23,Leaf,,,,,0.0224255603,306.012939,
3,24,3-24,Leaf,,,,,0.0304553881,149.835785,
3,25,3-25,Leaf,,,,,0.0430939607,239.955551,
3,26,3-26,Leaf,,,,,0.0330856964,23.6960087,
4,0,4-0,f0,0.0,4-1,4-2,4-2,2230.57739,2857.69531,
4,1,4-1,f0,-0.738846838,4-3,4-4,4-4,422.19873,1409.86426,
4,2,4-2,f0,0.706302524,4-5,4-6,4-6,359.549927,1447.83118,
4,3,4-3,f0,-1.03643334,4-7,4-8,4-8,21.8104248,599.689636,
4,4,4-4,f0,-0.279319078,4-9,4-10,4-10,25.3993835,810.174561,
4,5,4-5,f0,0.358458757,4-11,4-12,4-12,50.2344513,819.867249,
4,6,4-6,f0,1.0803194,4-13,4-14,4-14,24.8740234,627.963928,
4,7,4-7,f3,0.0700000003,4-15,4-16,4-16,3.7355957,401.044952,
4,8,4-8,Leaf,,,,,-0.0375025906,198.644684,
4,9,4-9,f1,4.13333321,4-17,4-18,4-18,5.93989563,419.444794,
4,10,4-10,f2,0.0500000007,4-19,4-20,4-20,4.47140121,390.729797,
4,11,4-11,f0,0.125661373,4-21,4-22,4-22,9.63871956,493.125122,
4,12,4-12,f1,14.4333334,4-23,4-24,4-24,4.4588623,326.742096,
4,13,4-13,f0,0.91536504,4-25,4-26,4-26,2.15975952,216.268311,
4,14,4-14,f0,1.55477357,4-27,4-28,4-28,3.56994629,411.695618,
4,15,4-15,Leaf,,,,,-0.0506264269,395.803253,
4,16,4-16,Leaf,,,,,-0.0196852423,5.24171591,
4,17,4-17,Leaf,,,,,-0.0278202128,50.4054413,
4,18,4-18,Leaf,,,,,-0.0166121554,369.039337,
4,19,4-19,Leaf,,,,,-0.00690560509,384.479889,
4,20,4-20,Leaf,,,,,-0.0308456067,6.24990177,
4,21,4-21,Leaf,,,,,0.00151759316,192.493637,
4,22,4-22,Leaf,,,,,0.0101187946,300.63147,
4,23,4-23,Leaf,,,,,0.022414431,320.996674,
4,24,4-24,Leaf,,,,,-0.00366347097,5.74544334,
4,25,4-25,Leaf,,,,,0.0308793746,120.953735,
4,26,4-26,Leaf,,,,,0.0384955816,95.3145676,
4,27,4-27,Leaf,,,,,0.0434291549,191.050385,
4,28,4-28,Leaf,,,,,0.0507127009,220.645218,
5,0,5-0,f0,0.0,5-1,5-2,5-2,2072.46216,2870.69287,
5,1,5-1,f0,-0.738846838,5-3,5-4,5-4,422.770508,1412.93738,
5,2,5-2,f0,0.80642134,5-5,5-6,5-6,346.128296,1457.75537,
5,3,5-3,f0,-1.03643334,5-7,5-8,5-8,24.9239502,593.043945,
5,4,5-4,f0,-0.358458757,5-9,5-10,5-10,34.6090546,819.893433,
5,5,5-5,f0,0.358458757,5-11,5-12,5-12,62.7473907,889.481567,
5,6,5-6,f0,1.4757911,5-13,5-14,5-14,15.1397705,568.273804,
5,7,5-7,f0,-1.2815516,5-15,5-16,5-16,1.74438477,393.884003,
5,8,5-8,f0,-0.84162122,5-17,5-18,5-18,1.34603882,199.159958,
5,9,5-9,f0,-0.524400473,5-19,5-20,5-20,2.93234253,336.026367,
5,10,5-10,f3,0.0199999996,5-21,5-22,5-22,3.30353546,483.867096,
5,11,5-11,f0,0.125661373,5-23,5-24,5-24,8.11187553,501.053772,
5,12,5-12,f2,-0.0199999996,5-25,5-26,5-26,6.34732056,388.427826,
5,13,5-13,f0,0.91536504,5-27,5-28,5-28,4.83892822,320.394714,
5,14,5-14,Leaf,,,,,0.0493178554,247.879105,
5,15,5-15,Leaf,,,,,-0.0514578819,279.311066,
5,16,5-16,Leaf,,,,,-0.0444510579,114.572929,
5,17,5-17,Leaf,,,,,-0.0385759063,122.782005,
5,18,5-18,Leaf,,,,,-0.0313316695,76.3779526,
5,19,5-19,Leaf,,,,,-0.0222954657,157.519531,
5,20,5-20,Leaf,,,,,-0.0163199268,178.506836,
5,21,5-21,Leaf,,,,,-0.00800441485,370.39682,
5,22,5-22,Leaf,,,,,-0.00213237712,113.470261,
5,23,5-23,Leaf,,,,,0.00167027419,195.741714,
5,24,5-24,Leaf,,,,,0.00949898362,305.312042,
5,25,5-25,Leaf,,,,,0.00601111585,20.6935005,
5,26,5-26,Leaf,,,,,0.0234328937,367.734314,
5,27,5-27,Leaf,,,,,0.0300097596,61.7249146,
5,28,5-28,Leaf,,,,,0.0407758951,258.6698,
6,0,6-0,f0,0.125661373,6-1,6-2,6-2,1983.15735,2855.79224,
6,1,6-1,f0,-0.738846838,6-3,6-4,6-4,497.283813,1598.89099,
6,2,6-2,f0,0.84162128,6-5,6-6,6-6,225.338135,1256.90112,
6,3,6-3,f0,-1.03643334,6-7,6-8,6-8,22.9406738,592.059875,
6,4,6-4,f0,-0.279319078,6-9,6-10,6-10,54.1764603,1006.83118,
6,5,6-5,f0,0.279319078,6-11,6-12,6-12,35.3436737,706.55304,
6,6,6-6,f0,1.4757911,6-13,6-14,6-14,13.3071289,550.348145,
6,7,6-7,f3,0.0599999987,6-15,6-16,6-16,2.67089844,394.731262,
6,8,6-8,f1,10.4666662,6-17,6-18,6-18,1.5007019,197.328613,
6,9,6-9,f1,4.25,6-19,6-20,6-20,6.31570435,419.920227,
6,10,6-10,f1,6.11666679,6-21,6-22,6-22,7.67623091,586.91095,
6,11,6-11,f1,13.6166668,6-23,6-24,6-24,3.33477306,210.845779,
6,12,6-12,f0,0.643345416,6-25,6-26,6-26,5.84115601,495.707245,
6,13,6-13,f0,0.91536504,6-27,6-28,6-28,2.40835571,304.535278,
6,14,6-14,f1,9.41666698,6-29,6-30,6-30,0.140625,245.812851,
6,15,6-15,Leaf,,,,,-0.0486006886,388.526794,
6,16,6-16,Leaf,,,,,-0.0227521267,6.20446777,
6,17,6-17,Leaf,,,,,-0.0368681587,156.175873,
6,18,6-18,Leaf,,,,,-0.0280543137,41.1527405,
6,19,6-19,Leaf,,,,,-0.0270264372,56.0178604,
6,20,6-20,Leaf,,,,,-0.0160042625,363.902374,
6,21,6-21,Leaf,,,,,-0.0117512029,84.2370377,
6,22,6-22,Leaf,,,,,-0.00200806744,502.673889,
6,23,6-23,Leaf,,,,,0.0085587278,165.628845,
6,24,6-24,Leaf,,,,,-0.000614528952,45.2169266,
6,25,6-25,Leaf,,,,,0.0192541275,367.848114,
6,26,6-26,Leaf,,,,,0.0269865394,127.859131,
6,27,6-27,Leaf,,,,,0.0296207964,44.1942711,
6,28,6-28,Leaf,,,,,0.0392952487,260.341034,
6,29,6-29,Leaf,,,,,0.0484911129,236.738739,
6,30,6-30,Leaf,,,,,0.0326500423,9.07411766,
7,0,7-0,f0,0.0,7-1,7-2,7-2,1864.10632,2854.24292,
7,1,7-1,f0,-0.738846838,7-3,7-4,7-4,362.40509,1399.03625,
7,2,7-2,f0,0.706302524,7-5,7-6,7-6,305.471497,1455.20679,
7,3,7-3,f0,-1.03643334,7-7,7-8,7-8,21.7115479,588.840271,
7,4,7-4,f0,-0.358458757,7-9,7-10,7-10,29.1164093,810.195984,
7,5,7-5,f0,0.279319078,7-11,7-12,7-12,48.2957077,828.660034,
7,6,7-6,f0,1.4757911,7-13,7-14,7-14,24.7175293,626.546692,
7,7,7-7,f3,0.0599999987,7-15,7-16,7-16,0.754394531,392.207275,
7,8,7-8,f4,1.0,7-17,7-18,7-18,0.735473633,196.633026,
7,9,7-9,f1,4.25,7-19,7-20,7-20,8.91184998,331.460266,
7,10,7-10,f1,1.38333333,7-21,7-22,7-22,4.26450157,478.735687,
7,11,7-11,f1,10.0333338,7-23,7-24,7-24,4.11949158,406.298218,
7,12,7-12,f3,0.0299999993,7-25,7-26,7-26,3.25665283,422.361816,
7,13,7-13,f0,0.91536504,7-27,7-28,7-28,6.77841187,381.082428,
7,14,7-14,f0,1.75068581,7-29,7-30,7-30,0.0118408203,245.464279,
7,15,7-15,Leaf,,,,,-0.0470981225,385.769562,
7,16,7-16,Leaf,,,,,-0.0272748154,6.43770599,
7,17,7-17,Leaf,,,,,-0.0356352143,149.699585,
7,18,7-18,Leaf,,,,,-0.028563004,46.9334412,
7,19,7-19,Leaf,,,,,-0.0304246712,48.9331932,
7,20,7-20,Leaf,,,,,-0.0163892042,282.527069,
7,21,7-21,Leaf,,,,,-0.0299334135,6.24652624,
7,22,7-22,Leaf,,,,,-0.00659829192,472.489166,
7,23,7-23,Leaf,,,,,0.000353107578,148.167099,
7,24,7-24,Leaf,,,,,0.00662698504,258.131134,
7,25,7-25,Leaf,,,,,0.0197799131,376.045441,
7,26,7-26,Leaf,,,,,0.0109402295,46.3163757,
7,27,7-27,Leaf,,,,,0.0280553885,121.466515,
7,28,7-28,Leaf,,,,,0.0374083556,259.615906,
7,29,7-29,Leaf,,,,,0.0429994166,90.1448669,
7,30,7-30,Leaf,,,,,0.0492108576,155.319412,
8,0,8-0,f0,0.0,8-1,8-2,8-2,1775.50195,2859.17773,
8,1,8-1,f0,-0.738846838,8-3,8-4,8-4,340.353516,1401.97107,
8,2,8-2,f0,0.706302524,8-5,8-6,8-6,291.845032,1457.20679,
8,3,8-3,f0,-1.03643334,8-7,8-8,8-8,21.258667,585.483887,
8,4,8-4,f0,-0.358458757,8-9,8-10,8-10,23.3622742,816.487122,
8,5,8-5,f0,0.279319078,8-11,8-12,8-12,49.1628723,835.799988,
8,6,8-6,f0,1.0803194,8-13,8-14,8-14,27.8894043,621.406738,
8,7,8-7,f3,0.0700000003,8-15,8-16,8-16,3.51574707,387.661346,
8,8,8-8,f1,10.4666662,8-17,8-18,8-18,0.688339233,197.822556,
8,9,8-9,f1,3.9666667,8-19,8-20,8-20,5.70866394,331.078796,
8,10,8-10,f1,2.36666656,8-21,8-22,8-22,4.20516396,485.408356,
8,11,8-11,f0,0.125661373,8-23,8-24,8-24,3.35773373,411.51001,
8,12,8-12,f1,12.7333336,8-25,8-26,8-26,3.3535614,424.290009,
8,13,8-13,f0,0.91536504,8-27,8-28,8-28,2.10754395,216.34613,
8,14,8-14,f0,1.75068581,8-29,8-30,8-30,3.15875244,405.060638,
8,15,8-15,Leaf,,,,,-0.0462162904,382.461304,
8,16,8-16,Leaf,,,,,-0.0168475993,5.20005751,
8,17,8-17,Leaf,,,,,-0.0346274748,156.446503,
8,18,8-18,Leaf,,,,,-0.0274481904,41.3760605,
8,19,8-19,Leaf,,,,,-0.0284213442,41.1031265,
8,20,8-20,Leaf,,,,,-0.0162431281,289.975647,
8,21,8-21,Leaf,,,,,-0.0220221207,16.4740963,
8,22,8-22,Leaf,,,,,-0.00692396425,468.934265,
8,23,8-23,Leaf,,,,,0.00119743391,196.986191,
8,24,8-24,Leaf,,,,,0.00662351679,214.523819,
8,25,8-25,Leaf,,,,,0.0198848415,346.683441,
8,26,8-26,Leaf,,,,,0.0126421517,77.6065674,
8,27,8-27,Leaf,,,,,0.0263087079,121.128288,
8,28,8-28,Leaf,,,,,0.0334819667,95.2178421,
8,29,8-29,Leaf,,,,,0.0405592024,252.839569,
8,30,8-30,Leaf,,,,,0.047583241,152.221069,
9,0,9-0,f0,0.125661373,9-1,9-2,9-2,1635.50403,2825.88696,
9,1,9-1,f0,-0.738846838,9-3,9-4,9-4,428.951172,1586.73352,
9,2,9-2,f0,0.91536504,9-5,9-6,9-6,214.690613,1239.15356,
9,3,9-3,f0,-1.03643334,9-7,9-8,9-8,20.2716064,580.033752,
9,4,9-4,f0,-0.227544993,9-9,9-10,9-10,48.2106552,1006.69971,
9,5,9-5,f0,0.358458757,9-11,9-12,9-12,34.2586823,745.009705,
9,6,9-6,f0,1.4757911,9-13,9-14,9-14,6.6817627,494.143921,
9,7,9-7,f3,0.0599999987,9-15,9-16,9-16,1.87225342,382.834595,
9,8,9-8,Leaf,,,,,-0.0326109268,197.199158,
9,9,9-9,f0,-0.358458757,9-17,9-18,9-18,7.20266724,485.13205,
9,10,9-10,f2,-0.00999999978,9-19,9-20,9-20,3.19015884,521.567688,
9,11,9-11,f0,0.253347158,9-21,9-22,9-22,2.71081734,302.37381,
9,12,9-12,f0,0.706302524,9-23,9-24,9-24,2.72280884,442.635895,
9,13,9-13,f2,0.0199999996,9-25,9-26,9-26,0.490203857,255.525604,
9,14,9-14,Leaf,,,,,0.0449971482,238.618317,
9,15,9-15,Leaf,,,,,-0.0452770442,376.187531,
9,16,9-16,Leaf,,,,,-0.0230572242,6.64706612,
9,17,9-17,Leaf,,,,,-0.0177388228,331.14798,
9,18,9-18,Leaf,,,,,-0.00976796728,153.98407,
9,19,9-19,Leaf,,,,,0.0040511894,65.4858704,
9,20,9-20,Leaf,,,,,-0.00298737362,456.081787,
9,21,9-21,Leaf,,,,,0.00521544274,176.523468,
9,22,9-22,Leaf,,,,,0.0110264057,125.850342,
9,23,9-23,Leaf,,,,,0.0192172136,325.559662,
9,24,9-24,Leaf,,,,,0.0249820109,117.07621,
9,25,9-25,Leaf,,,,,0.0378030799,233.608704,
9,26,9-26,Leaf,,,,,0.028482886,21.9169006,
10,0,10-0,f0,0.125661373,10-1,10-2,10-2,1602.80212,2814.42041,
10,1,10-1,f0,-0.738846838,10-3,10-4,10-4,387.864624,1572.86902,
10,2,10-2,f0,0.706302524,10-5,10-6,10-6,187.840881,1241.55127,
10,3,10-3,f0,-1.08031929,10-7,10-8,10-8,20.7589722,578.18457,
10,4,10-4,f0,-0.279319078,10-9,10-10,10-10,43.4761734,994.684448,
10,5,10-5,f0,0.279319078,10-11,10-12,10-12,19.1558838,630.680176,
10,6,10-6,f0,1.17498672,10-13,10-14,10-14,21.8833618,610.871094,
10,7,10-7,f3,0.0500000007,10-15,10-16,10-16,2.11676025,365.473633,
10,8,10-8,f1,1.45000005,10-17,10-18,10-18,0.663345337,212.710953,
10,9,10-9,f0,-0.439913124,10-19,10-20,10-20,5.11677551,417.691132,
10,10,10-10,f1,6.11666679,10-21,10-22,10-22,6.84968185,576.993347,
10,11,10-11,f3,0.0199999996,10-23,10-24,10-24,4.73389053,208.68338,
10,12,10-12,f1,1.66666663,10-25,10-26,10-26,3.1131897,421.996796,
10,13,10-13,f0,0.91536504,10-27,10-28,10-28,1.85534668,253.593964,
10,14,10-14,f0,1.75068581,10-29,10-30,10-30,2.77349854,357.277161,
10,15,10-15,Leaf,,,,,-0.0446466245,358.665009,
10,16,10-16,Leaf,,,,,-0.0221692603,6.80861568,
10,17,10-17,Leaf,,,,,-0.0439950712,9.50025654,
10,18,10-18,Leaf,,,,,-0.0312644206,203.210693,
10,19,10-19,Leaf,,,,,-0.0192731209,235.324432,
10,20,10-20,Leaf,,,,,-0.0124050016,182.366684,
10,21,10-21,Leaf,,,,,-0.011571764,82.1912689,
10,22,10-22,Leaf,,,,,-0.00225947704,494.802032,
10,23,10-23,Leaf,,,,,0.00863239449,163.25119,
10,24,10-24,Leaf,,,,,-0.00226595206,45.4321976,
10,25,10-25,Leaf,,,,,0.0331215337,11.1517067,
10,26,10-26,Leaf,,,,,0.016904369,410.845093,
10,27,10-27,Leaf,,,,,0.0265952591,118.922676,
10,28,10-28,Leaf,,,,,0.0329510793,134.67128,
10,29,10-29,Leaf,,,,,0.0388813578,203.913971,
10,30,10-30,Leaf,,,,,0.0458325148,153.36319,
11,0,11-0,f0,0.125661373,11-1,11-2,11-2,1459.54346,2807.40332,
11,1,11-1,f0,-0.738846838,11-3,11-4,11-4,396.035828,1578.30298,
11,2,11-2,f0,0.91536504,11-5,11-6,11-6,187.242615,1229.10046,
11,3,11-3,f0,-1.08031929,11-7,11-8,11-8,14.8831787,570.206482,
11,4,11-4,f0,-0.279319078,11-9,11-10,11-10,42.0795746,1008.09644,
11,5,11-5,f0,0.358458757,11-11,11-12,11-12,31.4214325,742.754517,
11,6,11-6,f0,1.55477357,11-13,11-14,11-14,9.19433594,486.345947,
11,7,11-7,f3,0.0599999987,11-15,11-16,11-16,3.14746094,360.072968,
11,8,11-8,f3,0.0399999991,11-17,11-18,11-18,0.65763855,210.13353,
11,9,11-9,f0,-0.439913124,11-19,11-20,11-20,4.49239349,414.898529,
11,10,11-10,f2,0.0599999987,11-21,11-22,11-22,5.05226088,593.197937,
11,11,11-11,f0,0.279319078,11-23,11-24,11-24,3.30514336,304.571655,
11,12,11-12,f0,0.706302524,11-25,11-26,11-26,2.91523743,438.182831,
11,13,11-13,f2,0.0199999996,11-27,11-28,11-28,0.517974854,279.17627,
11,14,11-14,Leaf,,,,,0.0439580865,207.169693,
11,15,11-15,Leaf,,,,,-0.0433571674,354.691956,
11,16,11-16,Leaf,,,,,-0.016044762,5.38100147,
11,17,11-17,Leaf,,,,,-0.0315366536,197.756149,
11,18,11-18,Leaf,,,,,-0.0429661497,12.3773804,
11,19,11-19,Leaf,,,,,-0.0179963857,232.695709,
11,20,11-20,Leaf,,,,,-0.0115455016,182.202805,
11,21,11-21,Leaf,,,,,-0.00245676143,587.954956,
11,22,11-22,Leaf,,,,,-0.0296096783,5.24299622,
11,23,11-23,Leaf,,,,,0.00530513329,210.127197,
11,24,11-24,Leaf,,,,,0.0120944958,94.444458,
11,25,11-25,Leaf,,,,,0.018378647,320.18222,
11,26,11-26,Leaf,,,,,0.0242796708,118.000618,
11,27,11-27,Leaf,,,,,0.0355567262,254.659683,
11,28,11-28,Leaf,,,,,0.0270461775,24.516573,
12,0,12-0,f0,0.0,12-1,12-2,12-2,1406.60681,2802.479,
12,1,12-1,f0,-0.738846838,12-3,12-4,12-4,290.394653,1375.62524,
12,2,12-2,f0,0.674489737,12-5,12-6,12-6,250.330933,1426.85388,
12,3,12-3,f0,-1.03643334,12-7,12-8,12-8,20.4038086,567.09845,
12,4,12-4,f0,-0.279319078,12-9,12-10,12-10,21.7684555,808.526794,
12,5,12-5,f0,0.358458757,12-11,12-12,12-12,30.6402817,794.822937,
12,6,12-6,f0,1.0803194,12-13,12-14,12-14,29.9694824,632.030945,
12,7,12-7,f0,-1.34075499,12-15,12-16,12-16,2.35943604,370.376923,
12,8,12-8,f2,0.00999999978,12-17,12-18,12-18,0.281433105,196.721542,
12,9,12-9,f0,-0.612812936,12-19,12-20,12-20,3.98212433,416.0961,
12,10,12-10,f2,0.0500000007,12-21,12-22,12-22,3.10637474,392.430695,
12,11,12-11,f0,0.125661373,12-23,12-24,12-24,4.52003193,498.671417,
12,12,12-12,f0,0.412463188,12-25,12-26,12-26,2.52594757,296.151489,
12,13,12-13,f0,0.91536504,12-27,12-28,12-28,1.92991638,239.755676,
12,14,12-14,f0,1.75068581,12-29,12-30,12-30,3.23852539,392.275238,
12,15,12-15,Leaf,,,,,-0.0446298495,234.686752,
12,16,12-16,Leaf,,,,,-0.0379105508,135.69017,
12,17,12-17,Leaf,,,,,-0.0311034955,148.950363,
12,18,12-18,Leaf,,,,,-0.0255328435,47.771183,
12,19,12-19,Leaf,,,,,-0.020622991,86.787674,
12,20,12-20,Leaf,,,,,-0.0132183144,329.308411,
12,21,12-21,Leaf,,,,,-0.00456814095,386.19577,
12,22,12-22,Leaf,,,,,-0.0244949777,6.23492718,
12,23,12-23,Leaf,,,,,0.0015183189,193.242279,
12,24,12-24,Leaf,,,,,0.0073867715,305.429169,
12,25,12-25,Leaf,,,,,0.0225110315,69.7992859,
12,26,12-26,Leaf,,,,,0.0156090027,226.352219,
12,27,12-27,Leaf,,,,,0.0237547588,146.372696,
12,28,12-28,Leaf,,,,,0.0302550457,93.3829727,
12,29,12-29,Leaf,,,,,0.0374015607,244.336166,
12,30,12-30,Leaf,,,,,0.0443867743,147.939087,
13,0,13-0,f0,0.0501535349,13-1,13-2,13-2,1340.68811,2796.30835,
13,1,13-1,f0,-0.738846838,13-3,13-4,13-4,314.752686,1450.29797,
13,2,13-2,f0,0.84162128,13-5,13-6,13-6,207.791077,1346.01025,
13,3,13-3,f0,-1.03643334,13-7,13-8,13-8,20.8407593,560.185547,
13,4,13-4,f0,-0.279319078,13-9,13-10,13-10,28.6436539,890.112427,
13,5,13-5,f0,0.358458757,13-11,13-12,13-12,30.2276917,819.843811,
13,6,13-6,f0,1.55477357,13-13,13-14,13-14,14.7496948,526.166504,
13,7,13-7,f3,0.0599999987,13-15,13-16,13-16,2.89825439,367.005219,
13,8,13-8,f0,-0.91536504,13-17,13-18,13-18,0.386535645,193.180328,
13,9,13-9,f0,-0.524400473,13-19,13-20,13-20,3.30177307,416.990662,
13,10,13-10,f3,0.0199999996,13-21,13-22,13-22,3.05338717,473.121735,
13,11,13-11,f0,0.227544904,13-23,13-24,13-24,5.73355865,414.299622,
13,12,13-12,f0,0.643345416,13-25,13-26,13-26,3.29507446,405.54422,
13,13,13-13,f0,1.0803194,13-27,13-28,13-28,2.19894409,318.827057,
13,14,13-14,Leaf,,,,,0.0430847853,207.339432,
13,15,13-15,Leaf,,,,,-0.0418504439,361.434967,
13,16,13-16,Leaf,,,,,-0.0159585103,5.57026148,
13,17,13-17,Leaf,,,,,-0.032083638,68.1955414,
13,18,13-18,Leaf,,,,,-0.0269444268,124.984787,
13,19,13-19,Leaf,,,,,-0.0178041309,153.78508,
13,20,13-20,Leaf,,,,,-0.0121016102,263.205597,
13,21,13-21,Leaf,,,,,-0.00479312055,361.194519,
13,22,13-22,Leaf,,,,,0.000869056094,111.927216,
13,23,13-23,Leaf,,,,,0.00393662648,255.414261,
13,24,13-24,Leaf,,,,,0.0112070972,158.885345,
13,25,13-25,Leaf,,,,,0.0162940845,276.604126,
13,26,13-26,Leaf,,,,,0.022399297,128.940094,
13,27,13-27,Leaf,,,,,0.0286600348,135.701248,
13,28,13-28,Leaf,,,,,0.0348648652,183.125793,
14,0,14-0,f0,0.0,14-1,14-2,14-2,1245.05493,2776.21411,
14,1,14-1,f0,-0.738846838,14-3,14-4,14-4,255.96814,1355.93079,
14,2,14-2,f0,0.84162128,14-5,14-6,14-6,208.034302,1420.28333,
14,3,14-3,f0,-1.03643334,14-7,14-8,14-8,18.4840088,554.721497,
14,4,14-4,f0,-0.358458757,14-9,14-10,14-10,19.0461655,801.20929,
14,5,14-5,f0,0.279319078,14-11,14-12,14-12,44.2538986,905.99292,
14,6,14-6,f0,1.4757911,14-13,14-14,14-14,13.8289795,514.290405,
14,7,14-7,f0,-1.34075499,14-15,14-16,14-16,3.13256836,363.890411,
14,8,14-8,f1,1.45000005,14-17,14-18,14-18,0.810562134,190.831085,
14,9,14-9,f1,3.9666667,14-19,14-20,14-20,8.29722595,328.661346,
14,10,14-10,f1,1.38333333,14-21,14-22,14-22,5.03428268,472.547943,
14,11,14-11,f1,11.7666664,14-23,14-24,14-24,2.88985825,409.676849,
14,12,14-12,f0,0.358458757,14-25,14-26,14-26,4.36306763,496.316101,
14,13,14-13,f0,0.91536504,14-27,14-28,14-28,1.82943726,292.613922,
14,14,14-14,f0,1.88079405,14-29,14-30,14-30,0.731323242,221.676453,
14,15,14-15,Leaf,,,,,-0.0426887162,234.055023,
14,16,14-16,Leaf,,,,,-0.0354279093,129.835403,
14,17,14-17,Leaf,,,,,-0.0405873768,8.31593418,
14,18,14-18,Leaf,,,,,-0.0274772048,182.515152,
14,19,14-19,Leaf,,,,,-0.0279909447,39.7999954,
14,20,14-20,Leaf,,,,,-0.013320907,288.861328,
14,21,14-21,Leaf,,,,,-0.0311408043,5.97423887,
14,22,14-22,Leaf,,,,,-0.00536941458,466.5737,
14,23,14-23,Leaf,,,,,0.00114271382,203.192444,
14,24,14-24,Leaf,,,,,0.00618302636,206.48439,
14,25,14-25,Leaf,,,,,0.0111219082,97.4239502,
14,26,14-26,Leaf,,,,,0.018427778,398.892151,
14,27,14-27,Leaf,,,,,0.023155367,42.4616814,
14,28,14-28,Leaf,,,,,0.0314751044,250.152252,
14,29,14-29,Leaf,,,,,0.0372491516,107.674263,
14,30,14-30,Leaf,,,,,0.0436793976,114.00219,
15,0,15-0,f0,0.0,15-1,15-2,15-2,1175.85449,2756.34888,
15,1,15-1,f0,-0.738846838,15-3,15-4,15-4,260.692871,1355.27869,
15,2,15-2,f0,0.91536504,15-5,15-6,15-6,218.321167,1401.07019,
15,3,15-3,f0,-1.03643334,15-7,15-8,15-8,21.8786621,545.801941,
15,4,15-4,f0,-0.358458757,15-9,15-10,15-10,19.2699661,809.476746,
15,5,15-5,f0,0.279319078,15-11,15-12,15-12,42.6496201,934.931091,
15,6,15-6,f0,1.55477357,15-13,15-14,15-14,9.33154297,466.13913,
15,7,15-7,f0,-1.34075499,15-15,15-16,15-16,2.27215576,357.364075,
15,8,15-8,f0,-0.84162122,15-17,15-18,15-18,1.02122498,188.437881,
15,9,15-9,f0,-0.612812936,15-19,15-20,15-20,2.77200317,325.840424,
15,10,15-10,f2,-0.00999999978,15-21,15-22,15-22,4.89144325,483.636353,
15,11,15-11,f2,-0.0399999991,15-23,15-24,15-24,1.76823044,404.6427,
15,12,15-12,f0,0.706302524,15-25,15-26,15-26,4.01982117,530.288452,
15,13,15-13,f0,1.0803194,15-27,15-28,15-28,0.653167725,269.098724,
15,14,15-14,Leaf,,,,,0.0413050875,197.04039,
15,15,15-15,Leaf,,,,,-0.0426049307,227.790436,
15,16,15-16,Leaf,,,,,-0.0359651856,129.573639,
15,17,15-17,Leaf,,,,,-0.0294539444,117.424171,
15,18,15-18,Leaf,,,,,-0.0233651791,71.01371,
15,19,15-19,Leaf,,,,,-0.0193223134,88.4494171,
15,20,15-20,Leaf,,,,,-0.0128681529,237.390991,
15,21,15-21,Leaf,,,,,0.00270501804,60.6512794,
15,22,15-22,Leaf,,,,,-0.00636669109,422.985077,
15,23,15-23,Leaf,,,,,-0.00878258608,9.24000072,
15,24,15-24,Leaf,,,,,0.00389452395,395.402679,
15,25,15-25,Leaf,,,,,0.0150775677,417.004242,
15,26,15-26,Leaf,,,,,0.0216614548,113.284195,
15,27,15-27,Leaf,,,,,0.0285432562,90.0430679,
15,28,15-28,Leaf,,,,,0.033709731,179.055664,
16,0,16-0,f0,0.125661373,16-1,16-2,16-2,1136.80042,2747.13428,
16,1,16-1,f0,-0.738846838,16-3,16-4,16-4,302.23056,1546.51489,
16,2,16-2,f0,0.91536504,16-5,16-6,16-6,150.66095,1200.61926,
16,3,16-3,f0,-1.08031929,16-7,16-8,16-8,18.5092163,542.657654,
16,4,16-4,f0,-0.279319078,16-9,16-10,16-10,28.1368599,1003.85724,
16,5,16-5,f0,0.358458757,16-11,16-12,16-12,23.3929443,738.142639,
16,6,16-6,f0,1.4757911,16-13,16-14,16-14,7.76574707,462.476593,
16,7,16-7,f3,0.0599999987,16-15,16-16,16-16,3.36871338,339.6008,
16,8,16-8,f0,-0.91536504,16-17,16-18,16-18,1.08390808,203.056885,
16,9,16-9,f1,3.9666667,16-19,16-20,16-20,6.43118286,419.710419,
16,10,16-10,f1,5.0999999,16-21,16-22,16-22,5.54563618,584.146851,
16,11,16-11,f1,14.666667,16-23,16-24,16-24,6.60848427,296.858887,
16,12,16-12,f0,0.706302524,16-25,16-26,16-26,4.21141052,441.283783,
16,13,16-13,f2,0.0199999996,16-27,16-28,16-28,0.980773926,242.071014,
16,14,16-14,f1,9.41666698,16-29,16-30,16-30,0.67755127,220.405563,
16,15,16-15,Leaf,,,,,-0.0399331003,334.365723,
16,16,16-16,Leaf,,,,,-0.0125456722,5.23506832,
16,17,16-17,Leaf,,,,,-0.0311067328,81.9297104,
16,18,16-18,Leaf,,,,,-0.0251722019,121.127182,
16,19,16-19,Leaf,,,,,-0.0234365705,49.8481789,
16,20,16-20,Leaf,,,,,-0.0118870912,369.862244,
16,21,16-21,Leaf,,,,,-0.0113140959,65.1264191,
16,22,16-22,Leaf,,,,,-0.00208142982,519.020386,
16,23,16-23,Leaf,,,,,0.00747734262,289.64386,
16,24,16-24,Leaf,,,,,-0.0199112948,7.21502495,
16,25,16-25,Leaf,,,,,0.0157950781,324.152191,
16,26,16-26,Leaf,,,,,0.0226752367,117.131584,
16,27,16-27,Leaf,,,,,0.0317965038,220.930573,
16,28,16-28,Leaf,,,,,0.0222279374,21.1404514,
16,29,16-29,Leaf,,,,,0.039959047,211.945221,
16,30,16-30,Leaf,,,,,0.0245116353,8.46034336,
17,0,17-0,f0,0.0,17-1,17-2,17-2,1059.76245,2720.37231,
17,1,17-1,f0,-0.738846838,17-3,17-4,17-4,228.579102,1330.3606,
17,2,17-2,f0,0.84162128,17-5,17-6,17-6,197.868164,1390.0116,
17,3,17-3,f0,-1.03643334,17-7,17-8,17-8,19.9976196,527.109375,
17,4,17-4,f0,-0.412463129,17-9,17-10,17-10,18.5029755,803.251221,
17,5,17-5,f0,0.279319078,17-11,17-12,17-12,33.9898224,894.545898,
17,6,17-6,f0,1.17498672,17-13,17-14,17-14,13.4605103,495.46579,
17,7,17-7,f1,8.16666698,17-15,17-16,17-16,1.91485596,343.919678,
17,8,17-8,f1,10.4666662,17-17,17-18,17-18,1.17404175,183.189682,
17,9,17-9,f1,4.13333321,17-19,17-20,17-20,6.1843338,262.880432,
17,10,17-10,f2,-0.00999999978,17-21,17-22,17-22,5.59218597,540.370789,
17,11,17-11,f1,14.6333332,17-23,17-24,17-24,4.17276239,405.013367,
17,12,17-12,f0,0.643345416,17-25,17-26,17-26,2.61894226,489.532501,
17,13,17-13,f1,3.13333344,17-27,17-28,17-28,2.18522644,171.350891,
17,14,17-14,f0,1.88079405,17-29,17-30,17-30,1.76428223,324.114899,
17,15,17-15,Leaf,,,,,-0.0398680121,291.157776,
17,16,17-16,Leaf,,,,,-0.0314540006,52.7619019,
17,17,17-17,Leaf,,,,,-0.0275394693,142.610718,
17,18,17-18,Leaf,,,,,-0.0202128794,40.5789528,
17,19,17-19,Leaf,,,,,-0.0270806719,35.4968452,
17,20,17-20,Leaf,,,,,-0.0135008385,227.383591,
17,21,17-21,Leaf,,,,,0.00239565666,66.5318146,
17,22,17-22,Leaf,,,,,-0.00686062546,473.838989,
17,23,17-23,Leaf,,,,,0.00434074877,380.029053,
17,24,17-24,Leaf,,,,,-0.00810527336,24.9842949,
17,25,17-25,Leaf,,,,,0.0139331874,365.002686,
17,26,17-26,Leaf,,,,,0.0191980619,124.529816,
17,27,17-27,Leaf,,,,,0.0351511501,27.5621204,
17,28,17-28,Leaf,,,,,0.0245842785,143.788773,
17,29,17-29,Leaf,,,,,0.0350839905,217.324448,
17,30,17-30,Leaf,,,,,0.0415063016,106.790436,
18,0,18-0,f0,0.0,18-1,18-2,18-2,1014.86438,2733.3252,
18,1,18-1,f0,-0.738846838,18-3,18-4,18-4,225.79541,1345.62537,
18,2,18-2,f0,0.706302524,18-5,18-6,18-6,192.37912,1387.69983,
18,3,18-3,f0,-1.03643334,18-7,18-8,18-8,17.5424194,531.957214,
18,4,18-4,f0,-0.279319078,18-9,18-10,18-10,18.5974045,813.668152,
18,5,18-5,f0,0.279319078,18-11,18-12,18-12,26.0966263,822.67572,
18,6,18-6,f0,1.0803194,18-13,18-14,18-14,19.5765381,565.024048,
18,7,18-7,f0,-1.34075499,18-15,18-16,18-16,2.91436768,347.708923,
18,8,18-8,f3,0.0299999993,18-17,18-18,18-18,0.586883545,184.248322,
18,9,18-9,f0,-0.612812936,18-19,18-20,18-20,3.63772583,415.411133,
18,10,18-10,f3,0.0199999996,18-21,18-22,18-22,2.74189997,398.257019,
18,11,18-11,f2,-0.00999999978,18-23,18-24,18-24,2.02231312,402.955994,
18,12,18-12,f0,0.358458757,18-25,18-26,18-26,2.73794556,419.719757,
18,13,18-13,f2,0.00999999978,18-27,18-28,18-28,0.96824646,203.942368,
18,14,18-14,f0,1.75068581,18-29,18-30,18-30,4.91619873,361.081726,
18,15,18-15,Leaf,,,,,-0.0405085385,220.212067,
18,16,18-16,Leaf,,,,,-0.0334373452,127.496857,
18,17,18-17,Leaf,,,,,-0.0251895692,166.393326,
18,18,18-18,Leaf,,,,,-0.0336402729,17.8549957,
18,19,18-19,Leaf,,,,,-0.018764101,88.0621719,
18,20,18-20,Leaf,,,,,-0.0117468946,327.348969,
18,21,18-21,Leaf,,,,,-0.00554516399,307.116577,
18,22,18-22,Leaf,,,,,0.000374153722,91.1404266,
18,23,18-23,Leaf,,,,,-0.00287895114,45.6790886,
18,24,18-24,Leaf,,,,,0.00377621665,357.276886,
18,25,18-25,Leaf,,,,,0.00900195725,93.2510529,
18,26,18-26,Leaf,,,,,0.0150211677,326.468689,
18,27,18-27,Leaf,,,,,0.021810906,147.84317,
18,28,18-28,Leaf,,,,,0.0276840478,56.0991936,
18,29,18-29,Leaf,,,,,0.0323145352,226.094742,
18,30,18-30,Leaf,,,,,0.0404860377,134.986969,
19,0,19-0,f0,0.0,19-1,19-2,19-2,950.229492,2696.97485,
19,1,19-1,f0,-0.738846838,19-3,19-4,19-4,207.642914,1317.57898,
19,2,19-2,f0,0.91536504,19-5,19-6,19-6,183.912445,1379.396,
19,3,19-3,f0,-1.03643334,19-7,19-8,19-8,19.4674072,511.20752,
19,4,19-4,f0,-0.279319078,19-9,19-10,19-10,15.9150543,806.37146,
19,5,19-5,f0,0.279319078,19-11,19-12,19-12,40.5294266,934.02478,
19,6,19-6,f0,1.55477357,19-13,19-14,19-14,8.93634033,445.371216,
19,7,19-7,f0,-1.34075499,19-15,19-16,19-16,1.74932861,334.726166,
19,8,19-8,f1,1.16666663,19-17,19-18,19-18,1.0353241,176.481384,
19,9,19-9,f1,3.45000005,19-19,19-20,19-20,5.01354218,413.179688,
19,10,19-10,f3,0.0199999996,19-21,19-22,19-22,3.38045502,393.191772,
19,11,19-11,f1,14.6333332,19-23,19-24,19-24,3.88900542,405.162781,
19,12,19-12,f0,0.643345416,19-25,19-26,19-26,4.13415527,528.862,
19,13,19-13,f1,3.20000005,19-27,19-28,19-28,1.32217407,257.999451,
19,14,19-14,Leaf,,,,,0.0384591334,187.371765,
19,15,19-15,Leaf,,,,,-0.0396792777,208.772644,
19,16,19-16,Leaf,,,,,-0.0335462727,125.953506,
19,17,19-17,Leaf,,,,,-0.0395477787,5.7187233,
19,18,19-18,Leaf,,,,,-0.0240941998,170.76265,
19,19,19-19,Leaf,,,,,-0.0234400071,36.5571823,
19,20,19-20,Leaf,,,,,-0.0117396982,376.622498,
19,21,19-21,Leaf,,,,,-0.00590902707,302.047455,
19,22,19-22,Leaf,,,,,0.000673428411,91.1443253,
19,23,19-23,Leaf,,,,,0.00339472457,381.425232,
19,24,19-24,Leaf,,,,,-0.00889122486,23.737545,
19,25,19-25,Leaf,,,,,0.0133863194,362.476715,
19,26,19-26,Leaf,,,,,0.0192595702,166.385269,
19,27,19-27,Leaf,,,,,0.0347330272,51.9873734,
19,28,19-28,Leaf,,,,,0.0277703404,206.01207,
20,0,20-0,f0,-0.075269863,20-1,20-2,20-2,921.027161,2688.91797,
20,1,20-1,f0,-0.738846838,20-3,20-4,20-4,173.768097,1192.26318,
20,2,20-2,f0,0.706302524,20-5,20-6,20-6,208.328156,1496.65491,
20,3,20-3,f0,-1.03643334,20-7,20-8,20-8,20.0355225,511.50769,
20,4,20-4,f0,-0.358458757,20-9,20-10,20-10,12.0370865,680.755493,
20,5,20-5,f0,0.253347158,20-11,20-12,20-12,30.3351746,942.033081,
20,6,20-6,f0,1.4757911,20-13,20-14,20-14,18.4980469,554.621765,
20,7,20-7,f3,0.0599999987,20-15,20-16,20-16,2.80718994,332.824432,
20,8,20-8,f1,3.48333335,20-17,20-18,20-18,1.34407806,178.683273,
20,9,20-9,f1,4.25,20-19,20-20,20-20,5.34580994,324.149231,
20,10,20-10,f1,2.36666656,20-21,20-22,20-22,2.95400143,356.606293,
20,11,20-11,f1,1.29999995,20-23,20-24,20-24,3.48150539,491.269745,
20,12,20-12,f0,0.358458757,20-25,20-26,20-26,3.17989349,450.763367,
20,13,20-13,f0,0.91536504,20-27,20-28,20-28,3.79135132,346.658325,
20,14,20-14,f1,9.41666698,20-29,20-30,20-30,0.933441162,207.963425,
20,15,20-15,Leaf,,,,,-0.037512321,327.076813,
20,16,20-16,Leaf,,,,,-0.0132210907,5.74760628,
20,17,20-17,Leaf,,,,,-0.0313877612,28.2748089,
20,18,20-18,Leaf,,,,,-0.0228239335,150.408463,
20,19,20-19,Leaf,,,,,-0.0231252164,47.1163254,
20,20,20-20,Leaf,,,,,-0.0120846108,277.032898,
20,21,20-21,Leaf,,,,,-0.0203782506,11.1201429,
20,22,20-22,Leaf,,,,,-0.00521781622,345.486145,
20,23,20-23,Leaf,,,,,-0.0202689748,5.22781277,
20,24,20-24,Leaf,,,,,0.0023193066,486.041931,
20,25,20-25,Leaf,,,,,0.00873010419,129.815933,
20,26,20-26,Leaf,,,,,0.0144334314,320.947418,
20,27,20-27,Leaf,,,,,0.0210035816,113.734764,
20,28,20-28,Leaf,,,,,0.0282878485,232.923569,
20,29,20-29,Leaf,,,,,0.0380835757,199.888962,
20,30,20-30,Leaf,,,,,0.0220044777,8.07446957,
21,0,21-0,f0,0.0,21-1,21-2,21-2,860.067444,2674.6084,
21,1,21-1,f0,-0.738846838,21-3,21-4,21-4,206.38266,1313.89087,
21,2,21-2,f0,0.84162128,21-5,21-6,21-6,166.496277,1360.71753,
21,3,21-3,f0,-1.03643334,21-7,21-8,21-8,20.4838257,510.928772,
21,4,21-4,f0,-0.358458757,21-9,21-10,21-10,14.0137482,802.962036,
21,5,21-5,f0,0.358458757,21-11,21-12,21-12,26.1085663,882.596313,
21,6,21-6,f0,1.4757911,21-13,21-14,21-14,11.3724365,478.121246,
21,7,21-7,f0,-1.34075499,21-15,21-16,21-16,2.20690918,330.549713,
21,8,21-8,f2,0.00999999978,21-17,21-18,21-18,0.770484924,180.379074,
21,9,21-9,f0,-0.612812936,21-19,21-20,21-20,1.37017441,322.963135,
21,10,21-10,f2,-0.00999999978,21-21,21-22,21-22,3.87972832,479.998932,
21,11,21-11,f0,0.125661373,21-23,21-24,21-24,3.01580143,492.947388,
21,12,21-12,f2,-0.0199999996,21-25,21-26,21-26,6.56472015,389.648926,
21,13,21-13,f0,1.0803194,21-27,21-28,21-28,2.94699097,273.399902,
21,14,21-14,f0,1.75068581,21-29,21-30,21-30,0.633789062,204.721329,
21,15,21-15,Leaf,,,,,-0.0388753638,207.97403,
21,16,21-16,Leaf,,,,,-0.0323381759,122.575676,
21,17,21-17,Leaf,,,,,-0.0250598732,135.530838,
21,18,21-18,Leaf,,,,,-0.0190232769,44.8482246,
21,19,21-19,Leaf,,,,,-0.015780393,89.7956161,
21,20,21-20,Leaf,,,,,-0.0111730006,233.167511,
21,21,21-21,Leaf,,,,,0.00263460306,60.8620567,
21,22,21-22,Leaf,,,,,-0.00543477479,419.136871,
21,23,21-23,Leaf,,,,,0.00154881831,191.95697,
21,24,21-24,Leaf,,,,,0.00636812951,300.990417,
21,25,21-25,Leaf,,,,,-0.00146470848,20.7309113,
21,26,21-26,Leaf,,,,,0.0158163738,368.917999,
21,27,21-27,Leaf,,,,,0.0229294375,124.975304,
21,28,21-28,Leaf,,,,,0.0299510397,148.424606,
21,29,21-29,Leaf,,,,,0.0324392989,74.9836578,
21,30,21-30,Leaf,,,,,0.0387325548,129.737671,
22,0,22-0,f0,0.0501535349,22-1,22-2,22-2,793.018433,2670.22339,
22,1,22-1,f0,-0.738846838,22-3,22-4,22-4,223.709564,1389.05322,
22,2,22-2,f0,0.91536504,22-5,22-6,22-6,145.301178,1281.17004,
22,3,22-3,f0,-1.03643334,22-7,22-8,22-8,19.7809448,508.81778,
22,4,22-4,f0,-0.279319078,22-9,22-10,22-10,18.7477798,880.235474,
22,5,22-5,f0,0.358458757,22-11,22-12,22-12,21.081192,854.451538,
22,6,22-6,f0,1.4757911,22-13,22-14,22-14,9.05953979,426.718506,
22,7,22-7,f0,-1.34075499,22-15,22-16,22-16,2.47396851,325.031799,
22,8,22-8,f1,10.4666662,22-17,22-18,22-18,1.3496933,183.78598,
22,9,22-9,f1,4.25,22-19,22-20,22-20,3.84920502,406.802277,
22,10,22-10,f1,1.29999995,22-21,22-22,22-22,4.90194368,473.433197,
22,11,22-11,f4,1.0,22-23,22-24,22-24,4.60520554,419.272491,
22,12,22-12,f1,14.4333334,22-25,22-26,22-26,2.87556458,435.179047,
22,13,22-13,f1,3.83333325,22-27,22-28,22-28,0.616134644,227.392578,
22,14,22-14,f1,9.41666698,22-29,22-30,22-30,0.999969482,199.325912,
22,15,22-15,Leaf,,,,,-0.0382346697,205.267532,
22,16,22-16,Leaf,,,,,-0.0314492062,119.764252,
22,17,22-17,Leaf,,,,,-0.0247038901,144.709885,
22,18,22-18,Leaf,,,,,-0.0172401778,39.0761032,
22,19,22-19,Leaf,,,,,-0.018503787,54.6247597,
22,20,22-20,Leaf,,,,,-0.00986486021,352.177521,
22,21,22-21,Leaf,,,,,-0.0282624681,5.45425892,
22,22,22-22,Leaf,,,,,-0.00192302046,467.978943,
22,23,22-23,Leaf,,,,,0.00712114992,306.023804,
22,24,22-24,Leaf,,,,,4.28008389e-05,113.248703,
22,25,22-25,Leaf,,,,,0.0149506889,428.859802,
22,26,22-26,Leaf,,,,,-0.00478200754,6.31924438,
22,27,22-27,Leaf,,,,,0.0308332108,61.2617683,
22,28,22-28,Leaf,,,,,0.0255121924,166.130814,
22,29,22-29,Leaf,,,,,0.0368544869,191.613647,
22,30,22-30,Leaf,,,,,0.0205593426,7.71226931,
23,0,23-0,f0,0.125661373,23-1,23-2,23-2,792.137085,2650.01733,
23,1,23-1,f0,-0.738846838,23-3,23-4,23-4,220.181152,1496.72986,
23,2,23-2,f0,0.91536504,23-5,23-6,23-6,121.549988,1153.28748,
23,3,23-3,f0,-1.34075499,23-7,23-8,23-8,15.8942261,493.944977,
23,4,23-4,f0,-0.279319078,23-9,23-10,23-10,21.165905,1002.78485,
23,5,23-5,f0,0.358458757,23-11,23-12,23-12,14.0630188,727.529297,
23,6,23-6,f0,1.55477357,23-13,23-14,23-14,9.53179932,425.75824,
23,7,23-7,f2,-0.0199999996,23-15,23-16,23-16,0.213409424,196.410873,
23,8,23-8,f0,-0.91536504,23-17,23-18,23-18,2.77772522,297.534119,
23,9,23-9,f1,10.4666662,23-19,23-20,23-20,4.34869766,408.214111,
23,10,23-10,f1,6.11666679,23-21,23-22,23-22,6.56477785,594.57074,
23,11,23-11,f2,0.0299999993,23-23,23-24,23-24,2.48411179,299.468262,
23,12,23-12,f1,14.4333334,23-25,23-26,23-26,3.33184814,428.061005,
23,13,23-13,f1,11.9666662,23-27,23-28,23-28,1.31916809,248.82634,
23,14,23-14,Leaf,,,,,0.036787916,176.931915,
23,15,23-15,Leaf,,,,,-0.0218565967,5.36537457,
23,16,23-16,Leaf,,,,,-0.0379876755,191.045502,
23,17,23-17,Leaf,,,,,-0.0288678985,180.767654,
23,18,23-18,Leaf,,,,,-0.0221858826,116.766457,
23,19,23-19,Leaf,,,,,-0.0143565303,235.406784,
23,20,23-20,Leaf,,,,,-0.00799768884,172.807327,
23,21,23-21,Leaf,,,,,-0.0104252435,86.2058792,
23,22,23-22,Leaf,,,,,-0.00151137379,508.364868,
23,23,23-23,Leaf,,,,,0.0067743822,279.880432,
23,24,23-24,Leaf,,,,,-0.00410934631,19.587822,
23,25,23-25,Leaf,,,,,0.0148745961,421.980377,
23,26,23-26,Leaf,,,,,-0.00659492379,6.08063412,
23,27,23-27,Leaf,,,,,0.0277376771,236.870483,
23,28,23-28,Leaf,,,,,0.0152235618,11.9558544,
24,0,24-0,f0,0.0,24-1,24-2,24-2,730.703186,2635.58618,
24,1,24-1,f0,-0.738846838,24-3,24-4,24-4,190.113739,1290.9519,
24,2,24-2,f0,0.91536504,24-5,24-6,24-6,162.432892,1344.63416,
24,3,24-3,f0,-1.03643334,24-7,24-8,24-8,18.600769,489.70636,
24,4,24-4,f0,-0.279319078,24-9,24-10,24-10,12.470623,801.245544,
24,5,24-5,f0,0.279319078,24-11,24-12,24-12,27.2769241,925.236023,
24,6,24-6,f0,1.4757911,24-13,24-14,24-14,9.30200195,419.398132,
24,7,24-7,f0,-1.34075499,24-15,24-16,24-16,2.12814331,313.424408,
24,8,24-8,f1,10.4666662,24-17,24-18,24-18,1.63417053,176.281952,
24,9,24-9,f1,3.45000005,24-19,24-20,24-20,3.36580276,408.91153,
24,10,24-10,f0,-0.0250688847,24-21,24-22,24-22,5.36250925,392.334015,
24,11,24-11,f1,10.1499996,24-23,24-24,24-24,4.06940317,403.310638,
24,12,24-12,f1,14.583333,24-25,24-26,24-26,3.60982513,521.925415,
24,13,24-13,f1,11.3500004,24-27,24-28,24-28,1.49095154,222.46524,
24,14,24-14,Leaf,,,,,0.0359168723,196.932877,
24,15,24-15,Leaf,,,,,-0.0375493951,196.048111,
24,16,24-16,Leaf,,,,,-0.0310215596,117.376305,
24,17,24-17,Leaf,,,,,-0.0243106112,139.940247,
24,18,24-18,Leaf,,,,,-0.0161123592,36.3417091,
24,19,24-19,Leaf,,,,,-0.0194000844,36.5756493,
24,20,24-20,Leaf,,,,,-0.00980421063,372.335876,
24,21,24-21,Leaf,,,,,-0.00203050137,353.437958,
24,22,24-22,Leaf,,,,,-0.0136440555,38.8960838,
24,23,24-23,Leaf,,,,,-0.00126678403,151.295853,
24,24,24-24,Leaf,,,,,0.00494574709,252.014801,
24,25,24-25,Leaf,,,,,0.0133234411,513.851379,
24,26,24-26,Leaf,,,,,-0.00625436986,8.07401943,
24,27,24-27,Leaf,,,,,0.0272915531,204.317535,
24,28,24-28,Leaf,,,,,0.0164981224,18.147707,
25,0,25-0,f0,0.0,25-1,25-2,25-2,711.559143,2609.69312,
25,1,25-1,f0,-0.738846838,25-3,25-4,25-4,174.932312,1278.49255,
25,2,25-2,f0,0.84162128,25-5,25-6,25-6,145.005005,1331.20068,
25,3,25-3,f0,-1.2815516,25-7,25-8,25-8,15.6484985,481.818146,
25,4,25-4,f0,-0.176374152,25-9,25-10,25-10,11.9398117,796.674377,
25,5,25-5,f0,0.279319078,25-11,25-12,25-12,20.3361397,875.381897,
25,6,25-6,f0,1.4757911,25-13,25-14,25-14,14.6406555,455.818756,
25,7,25-7,f1,8.46666622,25-15,25-16,25-16,0.101013184,213.417496,
25,8,25-8,f0,-0.91536504,25-17,25-18,25-18,3.72941589,268.400635,
25,9,25-9,f0,-0.524400473,25-19,25-20,25-20,4.5053978,537.680176,
25,10,25-10,f1,6.1833334,25-21,25-22,25-22,2.07143545,258.994202,
25,11,25-11,f1,9.78333378,25-23,25-24,25-24,2.9254849,399.762024,
25,12,25-12,f0,0.674489737,25-25,25-26,25-26,2.10144806,475.619873,
25,13,25-13,f1,12.8166666,25-27,25-28,25-28,1.76412964,264.524658,
25,14,25-14,f1,9.41666698,25-29,25-30,25-30,1.11901855,191.294098,
25,15,25-15,Leaf,,,,,-0.0372471735,197.237503,
25,16,25-16,Leaf,,,,,-0.0277413353,16.1800003,
25,17,25-17,Leaf,,,,,-0.0286883973,153.337006,
25,18,25-18,Leaf,,,,,-0.0209162962,115.063644,
25,19,25-19,Leaf,,,,,-0.0144982273,153.066086,
25,20,25-20,Leaf,,,,,-0.00835298188,384.614075,
25,21,25-21,Leaf,,,,,-0.00892743655,35.2956772,
25,22,25-22,Leaf,,,,,-0.00119269872,223.698532,
25,23,25-23,Leaf,,,,,-0.00063662621,135.850357,
25,24,25-24,Leaf,,,,,0.00477390829,263.911652,
25,25,25-25,Leaf,,,,,0.0110549582,379.643982,
25,26,25-26,Leaf,,,,,0.0161900558,95.9759064,
25,27,25-27,Leaf,,,,,0.0244303737,257.917053,
25,28,25-28,Leaf,,,,,0.00732230581,6.60758305,
25,29,25-29,Leaf,,,,,0.0357909128,183.688934,
25,30,25-30,Leaf,,,,,0.0192763247,7.60517454,
26,0,26-0,f0,0.125661373,26-1,26-2,26-2,661.562195,2609.12476,
26,1,26-1,f0,-0.738846838,26-3,26-4,26-4,213.943756,1468.35889,
26,2,26-2,f0,0.91536504,26-5,26-6,26-6,116.891235,1140.76599,
26,3,26-3,f0,-1.08031929,26-7,26-8,26-8,18.8768311,477.06839,
26,4,26-4,f0,-0.176374152,26-9,26-10,26-10,14.2068634,991.290466,
26,5,26-5,f0,0.358458757,26-11,26-12,26-12,9.64125061,726.319031,
26,6,26-6,f0,1.75068581,26-13,26-14,26-14,8.68585205,414.44696,
26,7,26-7,f0,-1.34075499,26-15,26-16,26-16,1.04367065,287.249084,
26,8,26-8,f1,1.45000005,26-17,26-18,26-18,1.62495422,189.819305,
26,9,26-9,f1,3.33333325,26-19,26-20,26-20,3.96766663,538.659058,
26,10,26-10,f1,1.29999995,26-21,26-22,26-22,4.50840473,452.631409,
26,11,26-11,f1,14.666667,26-23,26-24,26-24,3.00414085,297.916626,
26,12,26-12,f2,-0.0199999996,26-25,26-26,26-26,2.64864349,428.402405,
26,13,26-13,f1,3.45000005,26-27,26-28,26-28,2.53477478,294.569916,
26,14,26-14,Leaf,,,,,0.0368184149,119.877045,
26,15,26-15,Leaf,,,,,-0.0365800485,192.883469,
26,16,26-16,Leaf,,,,,-0.0307866689,94.3656082,
26,17,26-17,Leaf,,,,,-0.0359872542,8.76667023,
26,18,26-18,Leaf,,,,,-0.0214546975,181.052643,
26,19,26-19,Leaf,,,,,-0.0175565444,41.9242249,
26,20,26-20,Leaf,,,,,-0.0079497993,496.734833,
26,21,26-21,Leaf,,,,,-0.0269366,5.19612694,
26,22,26-22,Leaf,,,,,-0.00116298697,447.435303,
26,23,26-23,Leaf,,,,,0.00606755447,291.199432,
26,24,26-24,Leaf,,,,,-0.0130048087,6.71717596,
26,25,26-25,Leaf,,,,,0.00267694984,23.2695217,
26,26,26-26,Leaf,,,,,0.0132155847,405.132904,
26,27,26-27,Leaf,,,,,0.0321356356,73.67379,
26,28,26-28,Leaf,,,,,0.0248148628,220.896133,
27,0,27-0,f5,0.480000019,27-1,27-2,27-2,11.966341,2593.76123,
27,1,27-1,f5,0.479999989,27-3,27-4,27-4,38.3880692,2480.06152,
27,2,27-2,f5,0.49000001,27-5,27-6,27-6,28.3628216,113.699944,
27,3,27-3,f5,0.470000029,27-7,27-8,27-8,27.7867603,2454.92676,
27,4,27-4,Leaf,,,,,-0.0365558527,25.134573,
27,5,27-5,Leaf,,,,,0.0347447991,28.72686,
27,6,27-6,f2,0.00999999978,27-9,27-10,27-10,9.64880753,84.9730835,
27,7,27-7,f5,0.460000008,27-11,27-12,27-12,55.6007614,2434.93994,
27,8,27-8,Leaf,,,,,0.0343680456,19.9868793,
27,9,27-9,f2,0.0,27-13,27-14,27-14,4.96074772,77.4584045,
27,10,27-10,Leaf,,,,,0.0310155451,7.51467657,
27,11,27-11,Leaf,,,,,0.000297446677,2394.32275,
27,12,27-12,Leaf,,,,,-0.034678176,40.6173019,
27,13,27-13,Leaf,,,,,-0.0282543711,5.24814653,
27,14,27-14,Leaf,,,,,-0.000384826883,72.2102585,
28,0,28-0,f0,0.0,28-1,28-2,28-2,605.00531,2574.65454,
28,1,28-1,f0,-0.772193193,28-3,28-4,28-4,166.7453,1257.51062,
28,2,28-2,f0,0.84162128,28-5,28-6,28-6,139.090118,1317.14392,
28,3,28-3,f0,-1.03643334,28-7,28-8,28-8,13.8552856,443.311829,
28,4,28-4,f0,-0.439913124,28-9,28-10,28-10,14.3853188,814.198792,
28,5,28-5,f0,0.358458757,28-11,28-12,28-12,22.4492073,873.0578,
28,6,28-6,f0,1.55477357,28-13,28-14,28-14,13.2294006,444.086121,
28,7,28-7,f0,-1.47579098,28-15,28-16,28-16,2.612854,294.732208,
28,8,28-8,f1,10.5333338,28-17,28-18,28-18,2.00213623,148.57962,
28,9,28-9,f1,3.26666665,28-19,28-20,28-20,4.57266998,243.832047,
28,10,28-10,f2,0.0700000003,28-21,28-22,28-22,3.27896214,570.36676,
28,11,28-11,f1,14.666667,28-23,28-24,28-24,3.22913599,491.18396,
28,12,28-12,f3,0.0500000007,28-25,28-26,28-26,1.89198303,381.873871,
28,13,28-13,f1,3.13333344,28-27,28-28,28-28,1.78300476,280.968872,
28,14,28-14,Leaf,,,,,0.0346746035,163.117279,
28,15,28-15,Leaf,,,,,-0.0368671641,149.016449,
28,16,28-16,Leaf,,,,,-0.0300211143,145.715744,
28,17,28-17,Leaf,,,,,-0.0238936022,117.178047,
28,18,28-18,Leaf,,,,,-0.0144190015,31.4015732,
28,19,28-19,Leaf,,,,,-0.0250980463,24.9254227,
28,20,28-20,Leaf,,,,,-0.011507432,218.906631,
28,21,28-21,Leaf,,,,,-0.00404078979,565.187683,
28,22,28-22,Leaf,,,,,-0.0260817762,5.17904425,
28,23,28-23,Leaf,,,,,0.00344063807,466.728821,
28,24,28-24,Leaf,,,,,-0.00754692685,24.4551353,
28,25,28-25,Leaf,,,,,0.0121674445,371.914429,
28,26,28-26,Leaf,,,,,0.0253870469,9.95946407,
28,27,28-27,Leaf,,,,,0.0291596688,54.057682,
28,28,28-28,Leaf,,,,,0.022179395,226.911179,
29,0,29-0,f0,0.0,29-1,29-2,29-2,594.265381,2573.26392,
29,1,29-1,f0,-0.84162122,29-3,29-4,29-4,152.265106,1263.22717,
29,2,29-2,f0,0.84162128,29-5,29-6,29-6,130.246307,1310.03674,
29,3,29-3,f0,-1.34075499,29-7,29-8,29-8,9.78521729,398.541382,
29,4,29-4,f0,-0.358458757,29-9,29-10,29-10,13.3231812,864.685791,
29,5,29-5,f0,0.279319078,29-11,29-12,29-12,16.5912552,875.34552,
29,6,29-6,f0,1.55477357,29-13,29-14,29-14,11.3598022,434.691162,
29,7,29-7,f3,0.0299999993,29-15,29-16,29-16,0.354736328,182.833557,
29,8,29-8,f1,10.5333338,29-17,29-18,29-18,1.9322052,215.707809,
29,9,29-9,f1,4.01666689,29-19,29-20,29-20,9.2058754,388.386749,
29,10,29-10,f1,1.29999995,29-21,29-22,29-22,3.22599506,476.299042,
29,11,29-11,f1,10.0333338,29-23,29-24,29-24,3.5401516,402.273071,
29,12,29-12,f1,14.583333,29-25,29-26,29-26,4.21152496,473.072449,
29,13,29-13,f1,3.13333344,29-27,29-28,29-28,2.47828674,278.205811,
29,14,29-14,f1,9.35000038,29-29,29-30,29-30,0.327316284,156.485367,
29,15,29-15,Leaf,,,,,-0.0356299616,177.557648,
29,16,29-16,Leaf,,,,,-0.0196047202,5.27591085,
29,17,29-17,Leaf,,,,,-0.0266964734,183.043335,
29,18,29-18,Leaf,,,,,-0.0175494105,32.6644859,
29,19,29-19,Leaf,,,,,-0.0232493002,53.2650299,
29,20,29-20,Leaf,,,,,-0.00982307363,335.121704,
29,21,29-21,Leaf,,,,,-0.0254641473,5.38317871,
29,22,29-22,Leaf,,,,,-0.00392742734,470.915863,
29,23,29-23,Leaf,,,,,-0.000762597658,145.758606,
29,24,29-24,Leaf,,,,,0.00508348923,256.514465,
29,25,29-25,Leaf,,,,,0.01162739,465.504608,
29,26,29-26,Leaf,,,,,-0.00994954631,7.56782246,
29,27,29-27,Leaf,,,,,0.0301219616,52.5869026,
29,28,29-28,Leaf,,,,,0.0220971461,225.618896,
29,29,29-29,Leaf,,,,,0.0345493518,151.39595,
29,30,29-30,Leaf,,,,,0.0187908486,5.0894208,
30,0,30-0,f0,0.150969222,30-1,30-2,30-2,547.226868,2561.95483,
30,1,30-1,f0,-0.738846838,30-3,30-4,30-4,197.193039,1483.94604,
30,2,30-2,f0,0.91536504,30-5,30-6,30-6,88.475647,1078.00879,
30,3,30-3,f0,-1.34075499,30-7,30-8,30-8,13.48526,455.318878,
30,4,30-4,f0,-0.176374152,30-9,30-10,30-10,17.1448936,1028.6272,
30,5,30-5,f0,0.358458757,30-11,30-12,30-12,8.47727966,687.277161,
30,6,30-6,f0,1.75068581,30-13,30-14,30-14,8.80828857,390.731659,
30,7,30-7,f3,0.0299999993,30-15,30-16,30-16,0.0389709473,177.991837,
30,8,30-8,f0,-0.84162122,30-17,30-18,30-18,2.97595215,277.327057,
30,9,30-9,f1,3.9666667,30-19,30-20,30-20,4.33153152,538.658325,
30,10,30-10,f3,0.0500000007,30-21,30-22,30-22,4.8594389,489.968872,
30,11,30-11,f1,14.666667,30-23,30-24,30-24,2.97810364,266.861542,
30,12,30-12,f1,14.4333334,30-25,30-26,30-26,1.87432861,420.415588,
30,13,30-13,f1,11.9666662,30-27,30-28,30-28,1.78717041,280.289459,
30,14,30-14,Leaf,,,,,0.0349630713,110.442177,
30,15,30-15,Leaf,,,,,-0.0352164581,172.002823,
30,16,30-16,Leaf,,,,,-0.0216024648,5.98901796,
30,17,30-17,Leaf,,,,,-0.0257694591,213.740158,
30,18,30-18,Leaf,,,,,-0.0176771451,63.586895,
30,19,30-19,Leaf,,,,,-0.0162343271,55.2306061,
30,20,30-20,Leaf,,,,,-0.007360755,483.427704,
30,21,30-21,Leaf,,,,,1.79354865e-05,474.024353,
30,22,30-22,Leaf,,,,,-0.0163323618,15.9444923,
30,23,30-23,Leaf,,,,,0.00598599436,260.146057,
30,24,30-24,Leaf,,,,,-0.0130302822,6.71548843,
30,25,30-25,Leaf,,,,,0.0125557575,415.093414,
30,26,30-26,Leaf,,,,,-0.00462630158,5.3221817,
30,27,30-27,Leaf,,,,,0.0250324067,269.361023,
30,28,30-28,Leaf,,,,,0.0111297835,10.9284573,
31,0,31-0,f0,0.125661373,31-1,31-2,31-2,532.556946,2559.146,
31,1,31-1,f0,-0.738846838,31-3,31-4,31-4,186.120499,1453.39038,
31,2,31-2,f0,0.91536504,31-5,31-6,31-6,100.145844,1105.75562,
31,3,31-3,f0,-1.08031929,31-7,31-8,31-8,16.1325073,456.950348,
31,4,31-4,f0,-0.358458757,31-9,31-10,31-10,12.5403728,996.440002,
31,5,31-5,f0,0.358458757,31-11,31-12,31-12,11.8566856,715.791748,
31,6,31-6,f0,1.4757911,31-13,31-14,31-14,7.81851196,389.963806,
31,7,31-7,f3,0.0500000007,31-15,31-16,31-16,2.63162231,270.375519,
31,8,31-8,f1,3.48333335,31-17,31-18,31-18,1.72746277,186.574829,
31,9,31-9,f1,3.26666665,31-19,31-20,31-20,4.71839523,320.117859,
31,10,31-10,f1,1.29999995,31-21,31-22,31-22,3.36174726,676.322205,
31,11,31-11,f1,14.7333336,31-23,31-24,31-24,2.40356588,295.744415,
31,12,31-12,f3,0.0599999987,31-25,31-26,31-26,4.08847046,420.047363,
31,13,31-13,f1,3.83333325,31-27,31-28,31-28,2.42378235,214.810165,
31,14,31-14,f1,9.41666698,31-29,31-30,31-30,1.06761169,175.153641,
31,15,31-15,Leaf,,,,,-0.0332936831,264.143799,
31,16,31-16,Leaf,,,,,-0.01118124,6.23173523,
31,17,31-17,Leaf,,,,,-0.0283602998,29.6066971,
31,18,31-18,Leaf,,,,,-0.0195354633,156.968124,
31,19,31-19,Leaf,,,,,-0.0218088403,26.6568909,
31,20,31-20,Leaf,,,,,-0.00870169606,293.460968,
31,21,31-21,Leaf,,,,,-0.0224970561,6.6108346,
31,22,31-22,Leaf,,,,,-0.00242271856,669.711365,
31,23,31-23,Leaf,,,,,0.00445276126,290.013855,
31,24,31-24,Leaf,,,,,-0.0137495799,5.73056412,
31,25,31-25,Leaf,,,,,0.0114132781,410.968445,
31,26,31-26,Leaf,,,,,0.0311212018,9.07890606,
31,27,31-27,Leaf,,,,,0.0293562468,55.3501816,
31,28,31-28,Leaf,,,,,0.0212654602,159.459976,
31,29,31-29,Leaf,,,,,0.0329989828,167.977554,
31,30,31-30,Leaf,,,,,0.0169554129,7.17608595,
32,0,32-0,f5,0.480000019,32-1,32-2,32-2,11.8717136,2521.52148,
32,1,32-1,f5,0.479999989,32-3,32-4,32-4,35.3867378,2415.95093,
32,2,32-2,f5,0.49000001,32-5,32-6,32-6,21.8265743,105.570381,
32,3,32-3,f5,0.470000029,32-7,32-8,32-8,22.981535,2391.08228,
32,4,32-4,Leaf,,,,,-0.0350954235,24.8688259,
32,5,32-5,Leaf,,,,,0.0330244005,26.5616913,
32,6,32-6,f2,0.00999999978,32-9,32-10,32-10,8.66360474,79.0086899,
32,7,32-7,f5,0.460000008,32-11,32-12,32-12,48.0048256,2372.61353,
32,8,32-8,Leaf,,,,,0.0326429084,18.468586,
32,9,32-9,f1,2.5666666,32-13,32-14,32-14,0.376762301,72.505127,
32,10,32-10,Leaf,,,,,0.0326799229,6.50356007,
32,11,32-11,Leaf,,,,,0.00046834629,2334.32324,
32,12,32-12,Leaf,,,,,-0.0329699181,38.2903519,
32,13,32-13,Leaf,,,,,0.000342701329,48.996685,
32,14,32-14,Leaf,,,,,-0.00420699222,23.5084438,
33,0,33-0,f5,0.480000019,33-1,33-2,33-2,9.26760674,2527.81641,
33,1,33-1,f5,0.479999989,33-3,33-4,33-4,33.5705566,2423.51416,
33,2,33-2,f5,0.49000001,33-5,33-6,33-6,21.7318344,104.30217,
33,3,33-3,f5,0.470000029,33-7,33-8,33-8,25.3769703,2399.63721,
33,4,33-4,Leaf,,,,,-0.0347366109,23.8768654,
33,5,33-5,Leaf,,,,,0.0325829089,25.4070835,
33,6,33-6,f2,0.00999999978,33-9,33-10,33-10,5.94110441,78.8950882,
33,7,33-7,f5,0.460000008,33-11,33-12,33-12,44.2196045,2380.73218,
33,8,33-8,Leaf,,,,,0.034026131,18.9051533,
33,9,33-9,f1,2.5666666,33-13,33-14,33-14,0.278249383,72.9846802,
33,10,33-10,Leaf,,,,,0.0277172271,5.9104104,
33,11,33-11,Leaf,,,,,0.000535544532,2343.18042,
33,12,33-12,Leaf,,,,,-0.0318572894,37.551712,
33,13,33-13,Leaf,,,,,-3.6972684e-05,48.4645081,
33,14,33-14,Leaf,,,,,-0.00390814384,24.5201702,
34,0,34-0,f0,-0.227544993,34-1,34-2,34-2,487.092072,2525.77881,
34,1,34-1,f0,-0.95416522,34-3,34-4,34-4,96.8940125,913.843567,
34,2,34-2,f0,0.84162128,34-5,34-6,34-6,170.968887,1611.9353,
34,3,34-3,f0,-1.2815516,34-7,34-8,34-8,5.86999512,313.796295,
34,4,34-4,f0,-0.612812936,34-9,34-10,34-10,11.3675613,600.047241,
34,5,34-5,f0,0.279319078,34-11,34-12,34-12,27.6152725,1187.33887,
34,6,34-6,f0,1.4757911,34-13,34-14,34-14,10.7499695,424.596466,
34,7,34-7,f1,9.83333302,34-15,34-16,34-16,0.309143066,187.565048,
34,8,34-8,f1,8.16666698,34-17,34-18,34-18,1.92230988,126.231247,
34,9,34-9,f1,3.45000005,34-19,34-20,34-20,4.94156647,213.794907,
34,10,34-10,f1,3.9666667,34-21,34-22,34-22,1.95377159,386.25235,
34,11,34-11,f0,0.0,34-23,34-24,34-24,2.72756934,721.989685,
34,12,34-12,f1,14.583333,34-25,34-26,34-26,2.65892029,465.349152,
34,13,34-13,f0,0.91536504,34-27,34-28,34-28,1.50531006,253.204727,
34,14,34-14,f1,9.41666698,34-29,34-30,34-30,0.510192871,171.391754,
34,15,34-15,Leaf,,,,,-0.0349971168,181.54425,
34,16,34-16,Leaf,,,,,-0.0202447195,6.02079201,
34,17,34-17,Leaf,,,,,-0.0284787361,83.249588,
34,18,34-18,Leaf,,,,,-0.0194059853,42.9816551,
34,19,34-19,Leaf,,,,,-0.027389545,29.9044552,
34,20,34-20,Leaf,,,,,-0.0140613867,183.890457,
34,21,34-21,Leaf,,,,,-0.0139964484,36.3605156,
34,22,34-22,Leaf,,,,,-0.00666900352,349.891846,
34,23,34-23,Leaf,,,,,-0.00176935992,321.417633,
34,24,34-24,Leaf,,,,,0.00193566771,400.572052,
34,25,34-25,Leaf,,,,,0.0099328151,458.513794,
34,26,34-26,Leaf,,,,,-0.00803072378,6.83537197,
34,27,34-27,Leaf,,,,,0.0158857573,41.0922852,
34,28,34-28,Leaf,,,,,0.0231155865,212.112442,
34,29,34-29,Leaf,,,,,0.0324772485,165.100739,
34,30,34-30,Leaf,,,,,0.0179182682,6.2910161,
35,0,35-0,f0,0.0,35-1,35-2,35-2,475.827942,2535.92944,
35,1,35-1,f0,-0.772193193,35-3,35-4,35-4,134.507446,1240.13916,
35,2,35-2,f0,0.91536504,35-5,35-6,35-6,112.971619,1295.79041,
35,3,35-3,f0,-1.34075499,35-7,35-8,35-8,13.5738831,420.364471,
35,4,35-4,f0,-0.412463129,35-9,35-10,35-10,11.414341,819.774658,
35,5,35-5,f0,0.358458757,35-11,35-12,35-12,15.9493217,918.677979,
35,6,35-6,f0,1.4757911,35-13,35-14,35-14,8.9798584,377.112366,
35,7,35-7,Leaf,,,,,-0.0337775834,166.719543,
35,8,35-8,f1,10.8166666,35-15,35-16,35-16,2.70909119,253.644928,
35,9,35-9,f1,3.26666665,35-17,35-18,35-18,3.92108917,278.722229,
35,10,35-10,f2,0.0700000003,35-19,35-20,35-20,3.57557487,541.052429,
35,11,35-11,f1,14.6333332,35-21,35-22,35-22,2.59477425,495.022278,
35,12,35-12,f2,0.00999999978,35-23,35-24,35-24,2.17411423,423.655701,
35,13,35-13,f2,0.0199999996,35-25,35-26,35-26,1.10181427,208.933212,
35,14,35-14,f1,9.41666698,35-27,35-28,35-28,0.511672974,168.179138,
35,15,35-15,Leaf,,,,,-0.0238398891,214.465851,
35,16,35-16,Leaf,,,,,-0.0145210642,39.1790733,
35,17,35-17,Leaf,,,,,-0.0219039731,26.8528728,
35,18,35-18,Leaf,,,,,-0.00984040927,251.86937,
35,19,35-19,Leaf,,,,,-0.00332863885,535.665955,
35,20,35-20,Leaf,,,,,-0.0259544197,5.38649702,
35,21,35-21,Leaf,,,,,0.00391733088,467.333588,
35,22,35-22,Leaf,,,,,-0.00539991213,27.6887016,
35,23,35-23,Leaf,,,,,0.0099197505,306.143127,
35,24,35-24,Leaf,,,,,0.0148569942,117.512566,
35,25,35-25,Leaf,,,,,0.0229095295,189.949539,
35,26,35-26,Leaf,,,,,0.0138638001,18.9836807,
35,27,35-27,Leaf,,,,,0.0322741605,161.919449,
35,28,35-28,Leaf,,,,,0.0177385956,6.25970078,
36,0,36-0,f0,-0.1004337,36-1,36-2,36-2,453.681274,2501.42871,
36,1,36-1,f0,-0.84162122,36-3,36-4,36-4,110.556747,1063.37793,
36,2,36-2,f0,0.84162128,36-5,36-6,36-6,122.561523,1438.05078,
36,3,36-3,f0,-1.34075499,36-7,36-8,36-8,10.3981018,369.870789,
36,4,36-4,f0,-0.439913124,36-9,36-10,36-10,9.3266449,693.507141,
36,5,36-5,f0,0.227544904,36-11,36-12,36-12,19.0878754,1023.47723,
36,6,36-6,f0,1.55477357,36-13,36-14,36-14,12.618103,414.573578,
36,7,36-7,f1,8.46666622,36-15,36-16,36-16,0.229385376,164.389908,
36,8,36-8,f1,8.23333359,36-17,36-18,36-18,2.26678467,205.480881,
36,9,36-9,f1,4.13333321,36-19,36-20,36-20,6.08690643,281.44809,
36,10,36-10,f1,11.7166662,36-21,36-22,36-22,2.32878971,412.059052,
36,11,36-11,f1,11.0333338,36-23,36-24,36-24,3.41893291,490.875366,
36,12,36-12,f0,0.643345416,36-25,36-26,36-26,3.43530655,532.601868,
36,13,36-13,f1,3.13333344,36-27,36-28,36-28,2.35964966,268.816742,
36,14,36-14,f0,1.75068581,36-29,36-30,36-30,0.209655762,145.756836,
36,15,36-15,Leaf,,,,,-0.0339815095,155.349167,
36,16,36-16,Leaf,,,,,-0.0221538246,9.04074287,
36,17,36-17,Leaf,,,,,-0.0254601911,133.070389,
36,18,36-18,Leaf,,,,,-0.0181066096,72.4104843,
36,19,36-19,Leaf,,,,,-0.0218907241,43.419735,
36,20,36-20,Leaf,,,,,-0.00965011958,238.028351,
36,21,36-21,Leaf,,,,,-0.00254002353,235.231689,
36,22,36-22,Leaf,,,,,-0.00710715447,176.827377,
36,23,36-23,Leaf,,,,,-0.00151930889,200.701218,
36,24,36-24,Leaf,,,,,0.00356415892,290.174133,
36,25,36-25,Leaf,,,,,0.00836451631,414.796722,
36,26,36-26,Leaf,,,,,0.0142359175,117.805122,
36,27,36-27,Leaf,,,,,0.0272920188,51.204277,
36,28,36-28,Leaf,,,,,0.0194887109,217.612473,
36,29,36-29,Leaf,,,,,0.0277333334,44.0530052,
36,30,36-30,Leaf,,,,,0.0339874104,101.703835,
37,0,37-0,f5,0.480000019,37-1,37-2,37-2,7.43718147,2483.27832,
37,1,37-1,f5,0.479999989,37-3,37-4,37-4,28.5373974,2386.09619,
37,2,37-2,f5,0.49000001,37-5,37-6,37-6,19.5779533,97.1821442,
37,3,37-3,f5,0.470000029,37-7,37-8,37-8,19.3567963,2364.03735,
37,4,37-4,Leaf,,,,,-0.0336071067,22.0588055,
37,5,37-5,Leaf,,,,,0.0313175321,23.4128895,
37,6,37-6,f2,0.00999999978,37-9,37-10,37-10,6.46644592,73.7692566,
37,7,37-7,f5,0.460000008,37-11,37-12,37-12,34.6903419,2347.21777,
37,8,37-8,Leaf,,,,,0.0310786292,16.8196812,
37,9,37-9,f1,1.38333333,37-13,37-14,37-14,0.264696449,67.5650711,
37,10,37-10,Leaf,,,,,0.0273529049,6.20418501,
37,11,37-11,Leaf,,,,,0.000137247713,2313.87549,
37,12,37-12,Leaf,,,,,-0.0302373134,33.342186,
37,13,37-13,Leaf,,,,,-0.000264730683,27.8885078,
37,14,37-14,Leaf,,,,,-0.00406936603,39.6765633,
38,0,38-0,f0,0.125661373,38-1,38-2,38-2,423.286743,2491.57129,
38,1,38-1,f0,-0.84162122,38-3,38-4,38-4,159.687775,1414.72913,
38,2,38-2,f0,0.91536504,38-5,38-6,38-6,84.5539093,1076.84216,
38,3,38-3,f0,-1.2815516,38-7,38-8,38-8,8.59414673,363.800262,
38,4,38-4,f0,-0.439913124,38-9,38-10,38-10,17.0594769,1050.92883,
38,5,38-5,f0,0.524400473,38-11,38-12,38-12,5.5308609,711.380615,
38,6,38-6,f0,1.4757911,38-13,38-14,38-14,7.60037231,365.461487,
38,7,38-7,f1,9.98333359,38-15,38-16,38-16,0.396438599,178.151001,
38,8,38-8,f1,10.8166666,38-17,38-18,38-18,1.9076004,185.649261,
38,9,38-9,f1,3.9666667,38-19,38-20,38-20,7.26698303,288.048157,
38,10,38-10,f2,0.0700000003,38-21,38-22,38-22,4.93763065,762.880676,
38,11,38-11,f2,0.0299999993,38-23,38-24,38-24,8.29058647,461.796753,
38,12,38-12,f3,0.0599999987,38-25,38-26,38-26,2.36680984,249.583893,
38,13,38-13,f2,0.0199999996,38-27,38-28,38-28,1.79144287,205.138306,
38,14,38-14,f1,9.41666698,38-29,38-30,38-30,1.10331726,160.323196,
38,15,38-15,Leaf,,,,,-0.0329623185,172.849503,
38,16,38-16,Leaf,,,,,-0.0177120473,5.30148888,
38,17,38-17,Leaf,,,,,-0.0242554583,159.78038,
38,18,38-18,Leaf,,,,,-0.014388253,25.8688869,
38,19,38-19,Leaf,,,,,-0.0228036679,39.390419,
38,20,38-20,Leaf,,,,,-0.00896361284,248.657745,
38,21,38-21,Leaf,,,,,-0.00214626803,757.776733,
38,22,38-22,Leaf,,,,,-0.0292536989,5.10393524,
38,23,38-23,Leaf,,,,,0.0073373341,431.824799,
38,24,38-24,Leaf,,,,,-0.00877200905,29.9719563,
38,25,38-25,Leaf,,,,,0.0113043617,243.936798,
38,26,38-26,Leaf,,,,,0.0300328266,5.64710283,
38,27,38-27,Leaf,,,,,0.0228646789,186.061005,
38,28,38-28,Leaf,,,,,0.0121259838,19.077301,
38,29,38-29,Leaf,,,,,0.0316398852,153.326645,
38,30,38-30,Leaf,,,,,0.0156219304,6.99653816,
39,0,39-0,f5,0.480000019,39-1,39-2,39-2,7.35700703,2462.13257,
39,1,39-1,f5,0.460000008,39-3,39-4,39-4,24.0742531,2368.27466,
39,2,39-2,f5,0.49000001,39-5,39-6,39-6,18.6320915,93.8579636,
39,3,39-3,f5,0.459999979,39-7,39-8,39-8,17.8002987,2301.9375,
39,4,39-4,f5,0.470000029,39-9,39-10,39-10,13.5211945,66.3371277,
39,5,39-5,Leaf,,,,,0.0319101997,21.9119186,
39,6,39-6,f2,0.00999999978,39-11,39-12,39-12,5.31333828,71.9460449,
39,7,39-7,f2,-0.0799999982,39-13,39-14,39-14,4.01930857,2282.27271,
39,8,39-8,Leaf,,,,,0.0280637033,19.6647949,
39,9,39-9,Leaf,,,,,-0.0314569436,32.2949028,
39,10,39-10,f5,0.479999989,39-15,39-16,39-16,39.2556458,34.0422287,
39,11,39-11,f1,3.54999995,39-17,39-18,39-18,0.224684328,66.2567825,
39,12,39-12,Leaf,,,,,0.0263238754,5.6892662,
39,13,39-13,Leaf,,,,,0.0161752589,12.9039202,
39,14,39-14,Leaf,,,,,-3.84904934e-06,2269.3689,
39,15,39-15,Leaf,,,,,0.030191265,15.289628,
39,16,39-16,Leaf,,,,,-0.0327342749,18.7525997,
39,17,39-17,Leaf,,,,,-0.00254692626,53.8105507,
39,18,39-18,Leaf,,,,,0.00181152963,12.4462309,
40,0,40-0,f0,0.125661373,40-1,40-2,40-2,384.636536,2478.0835,
40,1,40-1,f0,-0.738846838,40-3,40-4,40-4,142.503906,1404.5658,
40,2,40-2,f0,0.91536504,40-5,40-6,40-6,81.831955,1073.5177,
40,3,40-3,f0,-1.03643334,40-7,40-8,40-8,16.3396301,415.913788,
40,4,40-4,f0,-0.358458757,40-9,40-10,40-10,10.6736183,988.652039,
40,5,40-5,f0,0.358458757,40-11,40-12,40-12,7.65542221,717.892273,
40,6,40-6,f0,1.4757911,40-13,40-14,40-14,9.70140076,355.625366,
40,7,40-7,f1,8.16666698,40-15,40-16,40-16,2.72280884,253.587082,
40,8,40-8,f2,-0.0199999996,40-17,40-18,40-18,2.00376511,162.326706,
40,9,40-9,f1,3.26666665,40-19,40-20,40-20,4.31413269,316.931793,
40,10,40-10,f1,1.29999995,40-21,40-22,40-22,4.10230064,671.720276,
40,11,40-11,f1,14.666667,40-23,40-24,40-24,1.80594969,303.477142,
40,12,40-12,f1,2.13333344,40-25,40-26,40-26,3.13903427,414.415161,
40,13,40-13,f2,0.0199999996,40-27,40-28,40-28,1.55532837,199.667847,
40,14,40-14,f1,9.41666698,40-29,40-30,40-30,1.22113037,155.957504,
40,15,40-15,Leaf,,,,,-0.0315468572,212.916519,
40,16,40-16,Leaf,,,,,-0.0217447821,40.6705666,
40,17,40-17,Leaf,,,,,-0.0315813348,9.06227493,
40,18,40-18,Leaf,,,,,-0.0166252088,153.264435,
40,19,40-19,Leaf,,,,,-0.0201187935,27.4470921,
40,20,40-20,Leaf,,,,,-0.00775382156,289.484711,
40,21,40-21,Leaf,,,,,-0.0235020313,7.05290937,
40,22,40-22,Leaf,,,,,-0.00194664823,664.667358,
40,23,40-23,Leaf,,,,,0.00418394897,295.507874,
40,24,40-24,Leaf,,,,,-0.00953985378,7.96927357,
40,25,40-25,Leaf,,,,,0.0217260234,19.4351387,
40,26,40-26,Leaf,,,,,0.00945410598,394.980011,
40,27,40-27,Leaf,,,,,0.021284584,182.312576,
40,28,40-28,Leaf,,,,,0.0108535998,17.3552666,
40,29,40-29,Leaf,,,,,0.031364806,149.206726,
40,30,40-30,Leaf,,,,,0.0147354528,6.75078297,
41,0,41-0,f5,0.480000019,41-1,41-2,41-2,5.79536295,2463.34644,
41,1,41-1,f5,0.479999989,41-3,41-4,41-4,23.3172512,2369.91382,
41,2,41-2,f5,0.49000001,41-5,41-6,41-6,16.4797726,93.4326248,
41,3,41-3,f5,0.470000029,41-7,41-8,41-8,16.1551056,2350.61694,
41,4,41-4,Leaf,,,,,-0.0324624851,19.2970333,
41,5,41-5,Leaf,,,,,0.029971594,20.8540916,
41,6,41-6,f2,0.00999999978,41-9,41-10,41-10,5.93439388,72.578537,
41,7,41-7,f5,0.460000008,41-11,41-12,41-12,31.8650742,2335.52588,
41,8,41-8,Leaf,,,,,0.0297876354,15.0909595,
41,9,41-9,f1,3.54999995,41-13,41-14,41-14,0.255756646,66.5555954,
41,10,41-10,Leaf,,,,,0.0264956709,6.02293873,
41,11,41-11,Leaf,,,,,4.7851514e-05,2302.9021,
41,12,41-12,Leaf,,,,,-0.0293694027,32.6238708,
41,13,41-13,Leaf,,,,,-0.0033701288,53.8811836,
41,14,41-14,Leaf,,,,,0.00127536932,12.6744137,
42,0,42-0,f0,0.125661373,42-1,42-2,42-2,370.68634,2460.36108,
42,1,42-1,f0,-0.772193193,42-3,42-4,42-4,134.499725,1403.56641,
42,2,42-2,f0,0.84162128,42-5,42-6,42-6,84.665451,1056.7948,
42,3,42-3,f0,-1.08031929,42-7,42-8,42-8,11.4144897,393.581512,
42,4,42-4,f0,-0.176374152,42-9,42-10,42-10,12.6541748,1009.98486,
42,5,42-5,f0,0.358458757,42-11,42-12,42-12,7.35486984,666.313843,
42,6,42-6,f0,1.4757911,42-13,42-14,42-14,10.3442688,390.480957,
42,7,42-7,f3,0.0500000007,42-15,42-16,42-16,1.90132141,238.499466,
42,8,42-8,f3,0.0399999991,42-17,42-18,42-18,0.727787018,155.082047,
42,9,42-9,f2,0.00999999978,42-19,42-20,42-20,1.88360977,553.292297,
42,10,42-10,f2,-0.00999999978,42-21,42-22,42-22,2.45722604,456.692566,
42,11,42-11,f2,0.0299999993,42-23,42-24,42-24,1.94429994,292.309662,
42,12,42-12,f2,-0.0199999996,42-25,42-26,42-26,3.26974106,374.00415,
42,13,42-13,f0,1.12639117,42-27,42-28,42-28,1.11737823,239.302994,
42,14,42-14,f0,1.88079405,42-29,42-30,42-30,0.629104614,151.177979,
42,15,42-15,Leaf,,,,,-0.0299974792,233.315186,
42,16,42-16,Leaf,,,,,-0.00929247867,5.18429422,
42,17,42-17,Leaf,,,,,-0.018050801,145.838837,
42,18,42-18,Leaf,,,,,-0.0283093452,9.24321175,
42,19,42-19,Leaf,,,,,-0.00882612262,411.997253,
42,20,42-20,Leaf,,,,,-0.00475284131,141.295013,
42,21,42-21,Leaf,,,,,0.00460506137,59.1697159,
42,22,42-22,Leaf,,,,,-0.00190068234,397.522858,
42,23,42-23,Leaf,,,,,0.00348398881,274.783112,
42,24,42-24,Leaf,,,,,-0.00657914812,17.5265598,
42,25,42-25,Leaf,,,,,-0.00234456593,20.4313831,
42,26,42-26,Leaf,,,,,0.00989502389,353.572784,
42,27,42-27,Leaf,,,,,0.0176109839,126.215721,
42,28,42-28,Leaf,,,,,0.0224408321,113.087273,
42,29,42-29,Leaf,,,,,0.0270990077,78.7063675,
42,30,42-30,Leaf,,,,,0.0333144926,72.4716034,
43,0,43-0,f0,-0.1004337,43-1,43-2,43-2,347.15033,2449.86621,
43,1,43-1,f0,-0.95416522,43-3,43-4,43-4,89.4808807,1040.54541,
43,2,43-2,f0,0.91536504,43-5,43-6,43-6,109.391281,1409.32092,
43,3,43-3,f1,8.23333359,43-7,43-8,43-8,5.98768616,280.163757,
43,4,43-4,f0,-0.738846838,43-9,43-10,43-10,10.7886162,760.381653,
43,5,43-5,f0,0.358458757,43-11,43-12,43-12,19.3494396,1062.99695,
43,6,43-6,f0,1.55477357,43-13,43-14,43-14,8.11422729,346.323975,
43,7,43-7,f0,-1.34075499,43-15,43-16,43-16,1.51568604,228.051453,
43,8,43-8,f0,-1.03643334,43-17,43-18,43-18,1.76523209,52.1122971,
43,9,43-9,f1,9.53333378,43-19,43-20,43-20,1.51823807,123.971031,
43,10,43-10,f1,3.33333325,43-21,43-22,43-22,3.47492409,636.410645,
43,11,43-11,f2,-0.0799999982,43-23,43-24,43-24,3.70935273,647.059387,
43,12,43-12,f2,0.00999999978,43-25,43-26,43-26,2.53087616,415.937531,
43,13,43-13,f2,0.0199999996,43-27,43-28,43-28,1.85089111,217.949905,
43,14,43-14,f1,8.10000038,43-29,43-30,43-30,0.517913818,128.374069,
43,15,43-15,Leaf,,,,,-0.0323699452,134.441925,
43,16,43-16,Leaf,,,,,-0.0260096565,93.60952,
43,17,43-17,Leaf,,,,,-0.0214248728,37.2483444,
43,18,43-18,Leaf,,,,,-0.00839257799,14.8639498,
43,19,43-19,Leaf,,,,,-0.0132932058,82.3787842,
43,20,43-20,Leaf,,,,,-0.0208733659,41.592247,
43,21,43-21,Leaf,,,,,-0.0142040439,45.9912033,
43,22,43-22,Leaf,,,,,-0.00567436824,590.419434,
43,23,43-23,Leaf,,,,,0.0246136282,5.21275425,
43,24,43-24,Leaf,,,,,0.0013128526,641.846619,
43,25,43-25,Leaf,,,,,0.00833964162,302.284637,
43,26,43-26,Leaf,,,,,0.0136815039,113.652893,
43,27,43-27,Leaf,,,,,0.021390941,197.052216,
43,28,43-28,Leaf,,,,,0.0111138718,20.8976841,
43,29,43-29,Leaf,,,,,0.0310056731,119.514648,
43,30,43-30,Leaf,,,,,0.0187108312,8.85941982,
44,0,44-0,f0,0.0,44-1,44-2,44-2,343.059875,2441.04004,
44,1,44-1,f0,-0.84162122,44-3,44-4,44-4,115.976547,1191.39197,
44,2,44-2,f0,0.91536504,44-5,44-6,44-6,94.6471252,1249.64819,
44,3,44-3,f0,-1.34075499,44-7,44-8,44-8,6.98399353,334.416687,
44,4,44-4,f0,-0.612812936,44-9,44-10,44-10,10.0076847,856.97522,
44,5,44-5,f0,0.227544904,44-11,44-12,44-12,8.1907959,908.315308,
44,6,44-6,f0,1.55477357,44-13,44-14,44-14,7.55688477,341.332886,
44,7,44-7,f2,-0.00999999978,44-15,44-16,44-16,0.536224365,142.65715,
44,8,44-8,f0,-1.03643334,44-17,44-18,44-18,0.782264709,191.759552,
44,9,44-9,f2,-0.00999999978,44-19,44-20,44-20,4.01401901,151.805634,
44,10,44-10,f0,-0.176374152,44-21,44-22,44-22,2.61950016,705.169617,
44,11,44-11,f2,-0.0500000007,44-23,44-24,44-24,1.33027339,340.785797,
44,12,44-12,f0,0.674489737,44-25,44-26,44-26,3.62543106,567.52948,
44,13,44-13,f2,0.0199999996,44-27,44-28,44-28,1.46378326,210.062042,
44,14,44-14,f0,1.88079405,44-29,44-30,44-30,0.149780273,131.270859,
44,15,44-15,Leaf,,,,,-0.0184037313,7.44011879,
44,16,44-16,Leaf,,,,,-0.031961903,135.217026,
44,17,44-17,Leaf,,,,,-0.024568947,95.2836685,
44,18,44-18,Leaf,,,,,-0.0196046475,96.4758759,
44,19,44-19,Leaf,,,,,-0.0254548695,17.9583626,
44,20,44-20,Leaf,,,,,-0.0104066059,133.84726,
44,21,44-21,Leaf,,,,,-0.00526364893,443.402771,
44,22,44-22,Leaf,,,,,-0.001473248,261.766846,
44,23,44-23,Leaf,,,,,-0.0110058906,5.48617601,
44,24,44-24,Leaf,,,,,0.00274613802,335.299622,
44,25,44-25,Leaf,,,,,0.00703309942,435.24649,
44,26,44-26,Leaf,,,,,0.0127469273,132.28299,
44,27,44-27,Leaf,,,,,0.0217961557,190.433121,
44,28,44-28,Leaf,,,,,0.012090316,19.6289158,
44,29,44-29,Leaf,,,,,0.0272281095,60.5839157,
44,30,44-30,Leaf,,,,,0.0328791514,70.6869431,
45,0,45-0,f0,-0.612812936,45-1,45-2,45-2,305.316406,2425.96216,
45,1,45-1,f0,-1.03643334,45-3,45-4,45-4,27.3797302,476.065582,
45,2,45-2,f0,0.706302524,45-5,45-6,45-6,146.86647,1949.89648,
45,3,45-3,f3,0.0599999987,45-7,45-8,45-8,3.42221069,235.055969,
45,4,45-4,f2,-0.00999999978,45-9,45-10,45-10,1.63871765,241.009628,
45,5,45-5,f0,0.227544904,45-11,45-12,45-12,26.6604958,1510.79724,
45,6,45-6,f0,1.17498672,45-13,45-14,45-14,17.4328461,439.099335,
45,7,45-7,f0,-1.34075499,45-15,45-16,45-16,2.69604492,230.014099,
45,8,45-8,Leaf,,,,,-0.00364104868,5.04186726,
45,9,45-9,f0,-0.84162122,45-17,45-18,45-18,2.25187016,26.0002728,
45,10,45-10,f0,-0.84162122,45-19,45-20,45-20,3.54519272,215.009354,
45,11,45-11,f0,-0.150969222,45-21,45-22,45-22,8.32688522,1048.79407,
45,12,45-12,f0,0.358458757,45-23,45-24,45-24,2.734972,462.003174,
45,13,45-13,f0,0.91536504,45-25,45-26,45-26,1.15859985,207.684814,
45,14,45-14,f0,1.75068581,45-27,45-28,45-28,4.19299316,231.41452,
45,15,45-15,Leaf,,,,,-0.0323374532,138.976913,
45,16,45-16,Leaf,,,,,-0.0246426314,91.0371857,
45,17,45-17,Leaf,,,,,-0.0078173615,8.47625542,
45,18,45-18,Leaf,,,,,-0.0277200937,17.5240173,
45,19,45-19,Leaf,,,,,-0.0180583373,87.9639053,
45,20,45-20,Leaf,,,,,-0.0100468248,127.045448,
45,21,45-21,Leaf,,,,,-0.00481336843,478.391876,
45,22,45-22,Leaf,,,,,0.000549651857,570.402161,
45,23,45-23,Leaf,,,,,0.00345046865,154.243469,
45,24,45-24,Leaf,,,,,0.00837661326,307.759705,
45,25,45-25,Leaf,,,,,0.0115376813,104.600418,
45,26,45-26,Leaf,,,,,0.0163980331,103.084396,
45,27,45-27,Leaf,,,,,0.0226121955,144.474258,
45,28,45-28,Leaf,,,,,0.0316259228,86.9402542,
46,0,46-0,f0,0.0,46-1,46-2,46-2,306.322021,2407.58032,
46,1,46-1,f0,-0.84162122,46-3,46-4,46-4,106.421417,1178.83069,
46,2,46-2,f0,0.91536504,46-5,46-6,46-6,90.305603,1228.74951,
46,3,46-3,f0,-1.34075499,46-7,46-8,46-8,8.4490509,327.59021,
46,4,46-4,f0,-0.439913124,46-9,46-10,46-10,10.7276649,851.24054,
46,5,46-5,f0,0.358458757,46-11,46-12,46-12,9.96412659,898.50415,
46,6,46-6,f0,1.75068581,46-13,46-14,46-14,6.47492981,330.245361,
46,7,46-7,f1,8.41666698,46-15,46-16,46-16,0.266052246,139.399734,
46,8,46-8,f1,10.8166666,46-17,46-18,46-18,1.57239532,188.190475,
46,9,46-9,f1,4.13333321,46-19,46-20,46-20,6.471138,278.283295,
46,10,46-10,f2,0.0700000003,46-21,46-22,46-22,3.11342525,572.957214,
46,11,46-11,f2,0.0299999993,46-23,46-24,46-24,2.70126534,492.743042,
46,12,46-12,f2,-0.0199999996,46-25,46-26,46-26,2.08718872,405.761078,
46,13,46-13,f1,3.20000005,46-27,46-28,46-28,1.53330231,246.143326,
46,14,46-14,Leaf,,,,,0.0313156731,84.1020203,
46,15,46-15,Leaf,,,,,-0.0316770002,130.853348,
46,16,46-16,Leaf,,,,,-0.0200635716,8.54638004,
46,17,46-17,Leaf,,,,,-0.0221545305,162.277069,
46,18,46-18,Leaf,,,,,-0.0131973615,25.9134178,
46,19,46-19,Leaf,,,,,-0.0207629669,42.6796379,
46,20,46-20,Leaf,,,,,-0.00808599684,235.603653,
46,21,46-21,Leaf,,,,,-0.00268075592,567.660156,
46,22,46-22,Leaf,,,,,-0.0239239503,5.29709196,
46,23,46-23,Leaf,,,,,0.00324034761,465.476318,
46,24,46-24,Leaf,,,,,-0.00632478017,27.2667084,
46,25,46-25,Leaf,,,,,-0.00010680846,21.2060452,
46,26,46-26,Leaf,,,,,0.00955534633,384.555023,
46,27,46-27,Leaf,,,,,0.0262477919,54.3168945,
46,28,46-28,Leaf,,,,,0.019722579,191.826431,
47,0,47-0,f5,0.480000019,47-1,47-2,47-2,5.47254896,2396.55078,
47,1,47-1,f5,0.479999989,47-3,47-4,47-4,19.0077362,2311.68555,
47,2,47-2,f5,0.49000001,47-5,47-6,47-6,13.2739449,84.8653107,
47,3,47-3,f5,0.470000029,47-7,47-8,47-8,11.9565973,2294.79858,
47,4,47-4,Leaf,,,,,-0.0311022587,16.8869953,
47,5,47-5,Leaf,,,,,0.0286020692,19.3195648,
47,6,47-6,f2,0.00999999978,47-9,47-10,47-10,4.34157085,65.5457458,
47,7,47-7,f5,0.460000008,47-11,47-12,47-12,24.5157433,2282.06274,
47,8,47-8,Leaf,,,,,0.0278494563,12.7358713,
47,9,47-9,f1,1.38333333,47-13,47-14,47-14,0.20045495,60.2563248,
47,10,47-10,Leaf,,,,,0.0245622545,5.28941774,
47,11,47-11,Leaf,,,,,0.000130202985,2253.75635,
47,12,47-12,Leaf,,,,,-0.0274862032,28.3064117,
47,13,47-13,Leaf,,,,,0.000458076276,24.6830158,
47,14,47-14,Leaf,,,,,-0.00302432035,35.5733109,
48,0,48-0,f0,0.227544904,48-1,48-2,48-2,283.038116,2393.41113,
48,1,48-1,f0,-0.84162122,48-3,48-4,48-4,124.923836,1498.81873,
48,2,48-2,f0,1.0803194,48-5,48-6,48-6,54.8523865,894.592468,
48,3,48-3,f0,-1.34075499,48-7,48-8,48-8,9.70185852,317.612976,
48,4,48-4,f0,-0.227544993,48-9,48-10,48-10,13.6484604,1181.20569,
48,5,48-5,f0,0.643345416,48-11,48-12,48-12,7.23757172,636.349548,
48,6,48-6,f0,1.55477357,48-13,48-14,48-14,4.14750671,258.24292,
48,7,48-7,Leaf,,,,,-0.0309231766,133.02475,
48,8,48-8,f1,10.8166666,48-15,48-16,48-16,1.55090332,184.588226,
48,9,48-9,f1,3.9666667,48-17,48-18,48-18,6.22001839,526.676941,
48,10,48-10,f1,1.25,48-19,48-20,48-20,2.40849829,654.528809,
48,11,48-11,f1,14.666667,48-21,48-22,48-22,5.75233269,412.647919,
48,12,48-12,f3,0.0599999987,48-23,48-24,48-24,2.15996552,223.701614,
48,13,48-13,f2,0.0199999996,48-25,48-26,48-26,3.30384064,136.489532,
48,14,48-14,f1,3.33333325,48-27,48-28,48-28,0.488716125,121.753395,
48,15,48-15,Leaf,,,,,-0.0211107191,159.561234,
48,16,48-16,Leaf,,,,,-0.0121645816,25.0270042,
48,17,48-17,Leaf,,,,,-0.0159957781,61.2033501,
48,18,48-18,Leaf,,,,,-0.0058517037,465.473602,
48,19,48-19,Leaf,,,,,-0.0186009184,5.60310841,
48,20,48-20,Leaf,,,,,-0.000389319641,648.925659,
48,21,48-21,Leaf,,,,,0.00666290056,406.505951,
48,22,48-22,Leaf,,,,,-0.0205963422,6.14196968,
48,23,48-23,Leaf,,,,,0.0123639656,218.516693,
48,24,48-24,Leaf,,,,,0.0310950167,5.18492937,
48,25,48-25,Leaf,,,,,0.0224401299,124.938667,
48,26,48-26,Leaf,,,,,0.00514927972,11.5508652,
48,27,48-27,Leaf,,,,,0.0319684967,65.6363297,
48,28,48-28,Leaf,,,,,0.0255003329,56.1170654,
49,0,49-0,f0,0.125661373,49-1,49-2,49-2,271.419312,2388.16382,
49,1,49-1,f0,-0.738846838,49-3,49-4,49-4,105.389778,1359.90918,
49,2,49-2,f0,0.91536504,49-5,49-6,49-6,65.6327362,1028.25464,
49,3,49-3,f0,-1.34075499,49-7,49-8,49-8,14.5071259,380.847198,
49,4,49-4,f0,-0.279319078,49-9,49-10,49-10,7.31753445,979.062012,
49,5,49-5,f3,0.0700000003,49-11,49-12,49-12,6.46360588,705.512573,
49,6,49-6,f0,1.4757911,49-13,49-14,49-14,8.7563324,322.742035,
49,7,49-7,f0,-1.88079357,49-15,49-16,49-16,0.217376709,133.302155,
49,8,49-8,f0,-1.03643334,49-17,49-18,49-18,2.37996674,247.545059,
49,9,49-9,f1,10.4666662,49-19,49-20,49-20,4.29057693,396.618591,
49,10,49-10,f1,6.11666679,49-21,49-22,49-22,5.81182957,582.44342,
49,11,49-11,f1,14.666667,49-23,49-24,49-24,4.91042137,695.877747,
49,12,49-12,Leaf,,,,,0.0296519529,9.6347971,
49,13,49-13,f1,9.60000038,49-25,49-26,49-26,1.12810516,187.723969,
49,14,49-14,f0,1.75068581,49-27,49-28,49-28,0.733627319,135.018066,
49,15,49-15,Leaf,,,,,-0.0339651033,46.6614265,
49,16,49-16,Leaf,,,,,-0.027975617,86.6407242,
49,17,49-17,Leaf,,,,,-0.0218946002,90.5589218,
49,18,49-18,Leaf,,,,,-0.0153813399,156.986145,
49,19,49-19,Leaf,,,,,-0.00950823165,227.616592,
49,20,49-20,Leaf,,,,,-0.00317719975,169.002014,
49,21,49-21,Leaf,,,,,-0.00874368753,84.9997787,
49,22,49-22,Leaf,,,,,-0.000296914222,497.443634,
49,23,49-23,Leaf,,,,,0.00629477389,687.230103,
49,24,49-24,Leaf,,,,,-0.0153451031,8.64762878,
49,25,49-25,Leaf,,,,,0.0168716125,150.279312,
49,26,49-26,Leaf,,,,,0.0235050358,37.444664,
49,27,49-27,Leaf,,,,,0.0244404431,54.5988541,
49,28,49-28,Leaf,,,,,0.031118162,80.4192047,
50,0,50-0,f0,-0.412463129,50-1,50-2,50-2,245.884537,2379.27686,
50,1,50-1,f0,-0.91536504,50-3,50-4,50-4,47.0896454,620.06012,
50,2,50-2,f0,0.706302524,50-5,50-6,50-6,112.365753,1759.21667,
50,3,50-3,f0,-1.34075499,50-7,50-8,50-8,5.94880676,269.109528,
50,4,50-4,f1,4.13333321,50-9,50-10,50-10,6.69994354,350.950592,
50,5,50-5,f0,0.227544904,50-11,50-12,50-12,17.7537231,1338.22363,
50,6,50-6,f0,1.4757911,50-13,50-14,50-14,14.710907,420.993134,
50,7,50-7,f2,-0.00999999978,50-15,50-16,50-16,0.58442688,129.483139,
50,8,50-8,f1,10.5333338,50-17,50-18,50-18,2.50436401,139.626389,
50,9,50-9,f2,0.00999999978,50-19,50-20,50-20,1.56959534,53.0327263,
50,10,50-10,f1,5.7166667,50-21,50-22,50-22,4.21262932,297.917877,
50,11,50-11,f2,0.0700000003,50-23,50-24,50-24,4.77373981,882.535583,
50,12,50-12,f1,14.666667,50-25,50-26,50-26,4.68530273,455.688019,
50,13,50-13,f0,1.0803194,50-27,50-28,50-28,3.59344482,289.660522,
50,14,50-14,f1,9.41666698,50-29,50-30,50-30,1.54314423,131.332611,
50,15,50-15,Leaf,,,,,-0.0175333302,7.41438055,
50,16,50-16,Leaf,,,,,-0.031083025,122.068756,
50,17,50-17,Leaf,,,,,-0.0225800779,121.863747,
50,18,50-18,Leaf,,,,,-0.00971778296,17.7626457,
50,19,50-19,Leaf,,,,,-0.0219722893,38.1280975,
50,20,50-20,Leaf,,,,,-0.00950961933,14.9046307,
50,21,50-21,Leaf,,,,,0.00172440172,41.1117477,
50,22,50-22,Leaf,,,,,-0.00857837033,256.806122,
50,23,50-23,Leaf,,,,,-0.000820589892,876.776001,
50,24,50-24,Leaf,,,,,-0.0261315312,5.75958824,
50,25,50-25,Leaf,,,,,0.00664748298,449.292419,
50,26,50-26,Leaf,,,,,-0.017537836,6.3955946,
50,27,50-27,Leaf,,,,,0.0123972557,169.773666,
50,28,50-28,Leaf,,,,,0.0193979125,119.886864,
50,29,50-29,Leaf,,,,,0.0283111949,125.482376,
50,30,50-30,Leaf,,,,,0.0101469159,5.85023355,
51,0,51-0,f0,0.279319078,51-1,51-2,51-2,242.1996,2350.16724,
51,1,51-1,f0,-0.738846838,51-3,51-4,51-4,118.706505,1547.77625,
51,2,51-2,f0,1.0803194,51-5,51-6,51-6,43.3983002,802.390869,
51,3,51-3,f0,-1.03643334,51-7,51-8,51-8,14.0399323,365.384979,
51,4,51-4,f0,-0.125661373,51-9,51-10,51-10,9.42396164,1182.39136,
51,5,51-5,f0,0.643345416,51-11,51-12,51-12,9.44074249,559.073425,
51,6,51-6,f0,1.75068581,51-13,51-14,51-14,5.90307617,243.317444,
51,7,51-7,f3,0.0500000007,51-15,51-16,51-16,2.43084717,214.203232,
51,8,51-8,f1,1.45000005,51-17,51-18,51-18,1.6070137,151.181732,
51,9,51-9,f1,2.61666656,51-19,51-20,51-20,2.53850937,588.254272,
51,10,51-10,f3,0.0900000036,51-21,51-22,51-22,2.42284322,594.137024,
51,11,51-11,f2,0.0299999993,51-23,51-24,51-24,4.79314423,339.478973,
51,12,51-12,f3,0.00999999978,51-25,51-26,51-26,3.13544083,219.594467,
51,13,51-13,f2,0.0199999996,51-27,51-28,51-28,2.17219543,166.897385,
51,14,51-14,Leaf,,,,,0.0310117528,76.4200592,
51,15,51-15,Leaf,,,,,-0.0273795519,208.417725,
51,16,51-16,Leaf,,,,,-0.00635588728,5.78550291,
51,17,51-17,Leaf,,,,,-0.0295353048,6.12034655,
51,18,51-18,Leaf,,,,,-0.0138920555,145.061386,
51,19,51-19,Leaf,,,,,-0.0131342988,32.0605431,
51,20,51-20,Leaf,,,,,-0.00453126011,556.193726,
51,21,51-21,Leaf,,,,,0.000124087528,588.197937,
51,22,51-22,Leaf,,,,,0.0179555044,5.93909645,
51,23,51-23,Leaf,,,,,0.00646256329,318.772552,
51,24,51-24,Leaf,,,,,-0.00815715641,20.706419,
51,25,51-25,Leaf,,,,,0.00949217938,100.689873,
51,26,51-26,Leaf,,,,,0.016881844,118.904587,
51,27,51-27,Leaf,,,,,0.0215358082,152.638687,
51,28,51-28,Leaf,,,,,0.00846392009,14.258688,
52,0,52-0,f0,-0.176374152,52-1,52-2,52-2,243.844208,2363.28711,
52,1,52-1,f0,-0.84162122,52-3,52-4,52-4,66.4235535,887.352478,
52,2,52-2,f0,0.91536504,52-5,52-6,52-6,96.1106644,1475.93457,
52,3,52-3,f0,-1.34075499,52-7,52-8,52-8,7.15560913,299.729156,
52,4,52-4,f0,-0.612812936,52-9,52-10,52-10,2.84498978,587.623352,
52,5,52-5,f0,0.279319078,52-11,52-12,52-12,16.9359684,1164.86084,
52,6,52-6,f0,1.55477357,52-13,52-14,52-14,7.70457458,311.073792,
52,7,52-7,f2,-0.00999999978,52-15,52-16,52-16,0.712219238,121.951447,
52,8,52-8,f0,-1.03643334,52-17,52-18,52-18,1.1658783,177.77771,
52,9,52-9,f2,-0.00999999978,52-19,52-20,52-20,6.04526329,142.298141,
52,10,52-10,f3,0.00999999978,52-21,52-22,52-22,1.18065357,445.325165,
52,11,52-11,f3,0.00999999978,52-23,52-24,52-24,3.21159482,668.88501,
52,12,52-12,f0,0.643345416,52-25,52-26,52-26,2.5923996,495.97583,
52,13,52-13,f2,0.0199999996,52-27,52-28,52-28,3.24375153,198.076981,
52,14,52-14,f0,1.88079405,52-29,52-30,52-30,0.30015564,112.996796,
52,15,52-15,Leaf,,,,,-0.0158721004,6.76374483,
52,16,52-16,Leaf,,,,,-0.0302823279,115.187706,
52,17,52-17,Leaf,,,,,-0.0225708969,87.5895996,
52,18,52-18,Leaf,,,,,-0.0169108361,90.1881104,
52,19,52-19,Leaf,,,,,-0.026472792,17.2063046,
52,20,52-20,Leaf,,,,,-0.00780409528,125.091843,
52,21,52-21,Leaf,,,,,-0.00705631357,199.011505,
52,22,52-22,Leaf,,,,,-0.00391534902,246.313675,
52,23,52-23,Leaf,,,,,0.0026874037,300.978149,
52,24,52-24,Leaf,,,,,-0.00148485438,367.90686,
52,25,52-25,Leaf,,,,,0.00624025613,345.366821,
52,26,52-26,Leaf,,,,,0.0110033853,150.608994,
52,27,52-27,Leaf,,,,,0.0197301134,179.809692,
52,28,52-28,Leaf,,,,,0.00604674593,18.267292,
52,29,52-29,Leaf,,,,,0.0250717606,52.1950531,
52,30,52-30,Leaf,,,,,0.0312254354,60.8017426,
53,0,53-0,f0,-0.305480808,53-1,53-2,53-2,224.458054,2346.41162,
53,1,53-1,f0,-1.03643334,53-3,53-4,53-4,50.2599792,727.738464,
53,2,53-2,f0,0.84162128,53-5,53-6,53-6,93.7375717,1618.6731,
53,3,53-3,f0,-1.34075499,53-7,53-8,53-8,3.96357727,208.124893,
53,4,53-4,f0,-0.612812936,53-9,53-10,53-10,6.97819519,519.613586,
53,5,53-5,f0,0.227544904,53-11,53-12,53-12,13.4187145,1273.82727,
53,6,53-6,f0,1.75068581,53-13,53-14,53-14,9.23843384,344.845795,
53,7,53-7,f1,8.46666622,53-15,53-16,53-16,0.641792297,121.332336,
53,8,53-8,f1,8.16666698,53-17,53-18,53-18,0.59727478,86.7925491,
53,9,53-9,f1,3.45000005,53-19,53-20,53-20,4.3470726,236.636749,
53,10,53-10,f1,13.4499998,53-21,53-22,53-22,4.36269093,282.976837,
53,11,53-11,f2,0.0700000003,53-23,53-24,53-24,3.09298444,755.536377,
53,12,53-12,f3,0.0299999993,53-25,53-26,53-26,2.71038437,518.290894,
53,13,53-13,f1,12.416667,53-27,53-28,53-28,1.78105927,270.739746,
53,14,53-14,Leaf,,,,,0.0297994427,74.1060562,
53,15,53-15,Leaf,,,,,-0.030371828,114.074791,
53,16,53-16,Leaf,,,,,-0.0166430473,7.25755024,
53,17,53-17,Leaf,,,,,-0.0225028656,61.1333923,
53,18,53-18,Leaf,,,,,-0.0153422924,25.6591549,
53,19,53-19,Leaf,,,,,-0.0225767642,32.201107,
53,20,53-20,Leaf,,,,,-0.0106516965,204.435638,
53,21,53-21,Leaf,,,,,-0.00665037986,252.428116,
53,22,53-22,Leaf,,,,,0.00522259017,30.5487309,
53,23,53-23,Leaf,,,,,0.000326825335,750.203918,
53,24,53-24,Leaf,,,,,-0.0207278766,5.33244133,
53,25,53-25,Leaf,,,,,0.00717452727,461.558655,
53,26,53-26,Leaf,,,,,0.00022278649,56.732254,
53,27,53-27,Leaf,,,,,0.0180837903,261.360046,
53,28,53-28,Leaf,,,,,0.00424444722,9.37969875,
54,0,54-0,f0,0.253347158,54-1,54-2,54-2,225.467834,2330.66772,
54,1,54-1,f0,-0.84162122,54-3,54-4,54-4,106.336876,1501.17017,
54,2,54-2,f0,1.0803194,54-5,54-6,54-6,39.9001465,829.497559,
54,3,54-3,f0,-1.34075499,54-7,54-8,54-8,8.9176178,292.418823,
54,4,54-4,f0,-0.176374152,54-9,54-10,54-10,11.0811758,1208.75134,
54,5,54-5,f0,0.524400473,54-11,54-12,54-12,4.03948212,593.221741,
54,6,54-6,f0,1.75068581,54-13,54-14,54-14,6.23339844,236.275864,
54,7,54-7,f2,-0.00999999978,54-15,54-16,54-16,0.0556106567,119.833969,
54,8,54-8,f0,-1.03643334,54-17,54-18,54-18,1.29053497,172.584854,
54,9,54-9,f0,-0.524400473,54-19,54-20,54-20,2.95108032,584.555542,
54,10,54-10,f3,0.0500000007,54-21,54-22,54-22,2.77250099,624.195862,
54,11,54-11,f2,0.0299999993,54-23,54-24,54-24,1.85109806,284.895996,
54,12,54-12,f3,0.0599999987,54-25,54-26,54-26,1.91132736,308.325714,
54,13,54-13,f2,0.0199999996,54-27,54-28,54-28,2.71708679,164.086899,
54,14,54-14,Leaf,,,,,0.0307700038,72.1889648,
54,15,54-15,Leaf,,,,,-0.0181745347,6.21809578,
54,16,54-16,Leaf,,,,,-0.0296703279,113.615875,
54,17,54-17,Leaf,,,,,-0.0211430676,84.9217148,
54,18,54-18,Leaf,,,,,-0.0152925085,87.6631393,
54,19,54-19,Leaf,,,,,-0.00860269833,202.712585,
54,20,54-20,Leaf,,,,,-0.00410632603,381.842957,
54,21,54-21,Leaf,,,,,0.000437864393,604.362,
54,22,54-22,Leaf,,,,,-0.010692778,19.8338509,
54,23,54-23,Leaf,,,,,0.00666308356,267.225189,
54,24,54-24,Leaf,,,,,-0.0032123595,17.6708183,
54,25,54-25,Leaf,,,,,0.0106078405,301.364502,
54,26,54-26,Leaf,,,,,0.0260162726,6.96120405,
54,27,54-27,Leaf,,,,,0.0209681783,149.525726,
54,28,54-28,Leaf,,,,,0.00679397443,14.5611639,
55,0,55-0,f0,-0.439913124,55-1,55-2,55-2,203.424713,2326.13184,
55,1,55-1,f0,-1.03643334,55-3,55-4,55-4,39.6316071,564.907104,
55,2,55-2,f0,0.84162128,55-5,55-6,55-6,90.0006256,1761.22461,
55,3,55-3,f0,-1.75068605,55-7,55-8,55-8,2.60256958,200.689713,
55,4,55-4,f1,3.45000005,55-9,55-10,55-10,4.46381378,364.217377,
55,5,55-5,f0,0.227544904,55-11,55-12,55-12,18.5942078,1428.40088,
55,6,55-6,f0,1.55477357,55-13,55-14,55-14,11.0925751,332.823792,
55,7,55-7,Leaf,,,,,-0.0325643569,52.9429131,
55,8,55-8,f3,0.0500000007,55-15,55-16,55-16,1.13725281,147.746796,
55,9,55-9,f0,-0.524400473,55-17,55-18,55-18,3.13986206,42.2451668,
55,10,55-10,f0,-0.84162122,55-19,55-20,55-20,3.03842926,321.972229,
55,11,55-11,f0,-0.176374152,55-21,55-22,55-22,2.8268559,907.948242,
55,12,55-12,f3,0.0700000003,55-23,55-24,55-24,2.26727676,520.452576,
55,13,55-13,f1,11.9666662,55-25,55-26,55-26,2.49296188,227.63028,
55,14,55-14,f0,1.75068581,55-27,55-28,55-28,0.992835999,105.19352,
55,15,55-15,Leaf,,,,,-0.0243380889,142.478439,
55,16,55-16,Leaf,,,,,-0.00808282848,5.26836348,
55,17,55-17,Leaf,,,,,-0.0217840821,37.0065117,
55,18,55-18,Leaf,,,,,0.00253939908,5.23865461,
55,19,55-19,Leaf,,,,,-0.0135404905,78.2885361,
55,20,55-20,Leaf,,,,,-0.00669658976,243.683685,
55,21,55-21,Leaf,,,,,-0.00310457265,310.754913,
55,22,55-22,Leaf,,,,,0.000419193413,597.193359,
55,23,55-23,Leaf,,,,,0.00604104996,512.384521,
55,24,55-24,Leaf,,,,,0.0213208552,8.06805801,
55,25,55-25,Leaf,,,,,0.0160277579,214.735229,
55,26,55-26,Leaf,,,,,0.0022569499,12.8950462,
55,27,55-27,Leaf,,,,,0.0214428436,34.7273064,
55,28,55-28,Leaf,,,,,0.0297071356,70.4662094,
56,0,56-0,f0,-0.176374152,56-1,56-2,56-2,181.867554,2310.56274,
56,1,56-1,f0,-0.95416522,56-3,56-4,56-4,57.0381393,860.693054,
56,2,56-2,f0,0.91536504,56-5,56-6,56-6,76.5926437,1449.86963,
56,3,56-3,f0,-1.34075499,56-7,56-8,56-8,6.18611145,231.466507,
56,4,56-4,f0,-0.738846838,56-9,56-10,56-10,5.9394989,629.226562,
56,5,56-5,f0,0.358458757,56-11,56-12,56-12,8.43327236,1154.16162,
56,6,56-6,f0,1.4757911,56-13,56-14,56-14,9.61581421,295.70813,
56,7,56-7,f0,-1.55477357,56-15,56-16,56-16,0.0584335327,114.304497,
56,8,56-8,f1,8.16666698,56-17,56-18,56-18,2.13177872,117.16201,
56,9,56-9,f2,0.0199999996,56-19,56-20,56-20,1.78480339,110.746933,
56,10,56-10,f1,13.6166668,56-21,56-22,56-22,4.32187748,518.479614,
56,11,56-11,f1,1.10000002,56-23,56-24,56-24,5.46298981,755.939758,
56,12,56-12,f0,0.412463188,56-25,56-26,56-26,3.81156349,398.221802,
56,13,56-13,f0,1.40507162,56-27,56-28,56-28,1.30673218,176.852448,
56,14,56-14,f1,9.41666698,56-29,56-30,56-30,1.68457031,118.855675,
56,15,56-15,Leaf,,,,,-0.0307033826,76.3308029,
56,16,56-16,Leaf,,,,,-0.0248562191,37.97369,
56,17,56-17,Leaf,,,,,-0.0216604602,78.5306625,
56,18,56-18,Leaf,,,,,-0.0124030709,38.63134,
56,19,56-19,Leaf,,,,,-0.0139690321,100.85112,
56,20,56-20,Leaf,,,,,-0.000565238239,9.89581871,
56,21,56-21,Leaf,,,,,-0.00604237057,466.930969,
56,22,56-22,Leaf,,,,,0.00306201796,51.5486488,
56,23,56-23,Leaf,,,,,-0.0269560907,5.31346369,
56,24,56-24,Leaf,,,,,0.00106918241,750.626282,
56,25,56-25,Leaf,,,,,0.0128809484,64.2894669,
56,26,56-26,Leaf,,,,,0.0049127778,333.932343,
56,27,56-27,Leaf,,,,,0.0159778167,162.455048,
56,28,56-28,Leaf,,,,,0.00598246511,14.3973999,
56,29,56-29,Leaf,,,,,0.0272498131,113.261909,
56,30,56-30,Leaf,,,,,0.00842370093,5.59376955,
57,0,57-0,f2,-0.0799999982,57-1,57-2,57-2,7.88821125,2295.26465,
57,1,57-1,f2,-0.140000001,57-3,57-4,57-4,1.45872116,13.432189,
57,2,57-2,f2,-0.0299999993,57-5,57-6,57-6,4.05496502,2281.83228,
57,3,57-3,Leaf,,,,,0.00762515282,5.16158342,
57,4,57-4,Leaf,,,,,0.0295205265,8.27060604,
57,5,57-5,f1,5.98333311,57-7,57-8,57-8,3.10196209,40.8870964,
57,6,57-6,f5,0.480000019,57-9,57-10,57-10,3.23644137,2240.94531,
57,7,57-7,f5,0.290000021,57-11,57-12,57-12,3.0793643,12.7868032,
57,8,57-8,f1,14.0666666,57-13,57-14,57-14,2.88616323,28.1002922,
57,9,57-9,f5,0.479999989,57-15,57-16,57-16,13.9256821,2172.66138,
57,10,57-10,f5,0.49000001,57-17,57-18,57-18,8.95629692,68.2838211,
57,11,57-11,Leaf,,,,,-0.0320065282,7.5861845,
57,12,57-12,Leaf,,,,,-0.00228278316,5.20061874,
57,13,57-13,Leaf,,,,,0.00142065494,22.9180241,
57,14,57-14,Leaf,,,,,-0.0216243714,5.18226814,
57,15,57-15,Leaf,,,,,0.000136445873,2158.94604,
57,16,57-16,Leaf,,,,,-0.0291467719,13.7153368,
57,17,57-17,Leaf,,,,,0.0259551443,15.321455,
57,18,57-18,Leaf,,,,,0.000526929798,52.962368,
58,0,58-0,f0,-0.439913124,58-1,58-2,58-2,174.017349,2291.44873,
58,1,58-1,f0,-1.08031929,58-3,58-4,58-4,34.4661255,550.513611,
58,2,58-2,f0,0.643345416,58-5,58-6,58-6,89.7613373,1740.9353,
58,3,58-3,f1,8.16666698,58-7,58-8,58-8,3.37689209,179.09108,
58,4,58-4,f1,3.45000005,58-9,58-10,58-10,3.87589645,371.422516,
58,5,58-5,f0,0.125661373,58-11,58-12,58-12,9.96476173,1307.45227,
58,6,58-6,f0,1.4757911,58-13,58-14,58-14,14.7909088,433.483032,
58,7,58-7,f3,0.0299999993,58-15,58-16,58-16,1.34512329,151.012726,
58,8,58-8,f1,8.73333359,58-17,58-18,58-18,4.62317181,28.0783501,
58,9,58-9,f0,-0.553384721,58-19,58-20,58-20,2.56035137,43.9475479,
58,10,58-10,f0,-0.84162122,58-21,58-22,58-22,3.82996559,327.474945,
58,11,58-11,f1,1.10000002,58-23,58-24,58-24,2.72209573,761.638977,
58,12,58-12,f3,0.0299999993,58-25,58-26,58-26,2.25002766,545.813293,
58,13,58-13,f1,11.1999998,58-27,58-28,58-28,3.04331589,317.09137,
58,14,58-14,f0,1.75068581,58-29,58-30,58-30,1.55511475,116.391647,
58,15,58-15,Leaf,,,,,-0.0280528627,142.813675,
58,16,58-16,Leaf,,,,,-0.0130251301,8.19906139,
58,17,58-17,Leaf,,,,,0.00705342833,6.15750122,
58,18,58-18,Leaf,,,,,-0.0212829933,21.9208488,
58,19,58-19,Leaf,,,,,-0.0209502745,36.6501465,
58,20,58-20,Leaf,,,,,-0.0013419108,7.29740047,
58,21,58-21,Leaf,,,,,-0.0137870545,84.270546,
58,22,58-22,Leaf,,,,,-0.00632906519,243.204407,
58,23,58-23,Leaf,,,,,-0.0211610049,5.30075455,
58,24,58-24,Leaf,,,,,-0.00135124172,756.338196,
58,25,58-25,Leaf,,,,,0.00446705054,485.676666,
58,26,58-26,Leaf,,,,,-0.0016605797,60.1366234,
58,27,58-27,Leaf,,,,,0.0142100677,271.928894,
58,28,58-28,Leaf,,,,,0.00562857697,45.1624794,
58,29,58-29,Leaf,,,,,0.0204314385,48.0443344,
58,30,58-30,Leaf,,,,,0.0288772024,68.3473129,
59,0,59-0,f2,-0.0799999982,59-1,59-2,59-2,4.04617786,2288.0896,
59,1,59-1,f1,7.33333349,59-3,59-4,59-4,1.50325179,14.565649,
59,2,59-2,f2,-0.0299999993,59-5,59-6,59-6,3.23774338,2273.52393,
59,3,59-3,Leaf,,,,,0.00640135771,9.14012337,
59,4,59-4,Leaf,,,,,0.026353322,5.42552662,
59,5,59-5,f1,9.01666641,59-7,59-8,59-8,3.68729591,40.9207153,
59,6,59-6,f5,0.480000019,59-9,59-10,59-10,2.86220765,2232.60327,
59,7,59-7,f5,0.339999974,59-11,59-12,59-12,1.1327486,19.1498013,
59,8,59-8,f1,10.8166666,59-13,59-14,59-14,3.57234263,21.7709141,
59,9,59-9,f5,0.460000008,59-15,59-16,59-16,12.1413021,2165.8501,
59,10,59-10,f5,0.49000001,59-17,59-18,59-18,8.61803722,66.7533112,
59,11,59-11,Leaf,,,,,-0.0221451651,13.7966938,
59,12,59-12,Leaf,,,,,-0.00490167039,5.35310698,
59,13,59-13,Leaf,,,,,0.0197849683,5.10451794,
59,14,59-14,Leaf,,,,,-0.00683583133,16.6663952,
59,15,59-15,Leaf,,,,,-4.70016039e-06,2121.36743,
59,16,59-16,Leaf,,,,,-0.0156699643,44.4826088,
59,17,59-17,Leaf,,,,,0.0254496001,14.6513844,
59,18,59-18,Leaf,,,,,6.27889021e-05,52.1019287,
60,0,60-0,f0,-0.612812936,60-1,60-2,60-2,161.009201,2296.41431,
60,1,60-1,f0,-1.03643334,60-3,60-4,60-4,22.0968018,414.928619,
60,2,60-2,f0,0.91536504,60-5,60-6,60-6,95.6530914,1881.48572,
60,3,60-3,f0,-1.34075499,60-7,60-8,60-8,3.23088074,189.991104,
60,4,60-4,f2,-0.00999999978,60-9,60-10,60-10,2.79060555,224.937515,
60,5,60-5,f0,0.227544904,60-11,60-12,60-12,21.7623215,1596.68481,
60,6,60-6,f0,1.55477357,60-13,60-14,60-14,9.18543243,284.801025,
60,7,60-7,f1,8.46666622,60-15,60-16,60-16,0.491775513,108.895912,
60,8,60-8,f1,3.7166667,60-17,60-18,60-18,0.724807739,81.0951996,
60,9,60-9,f0,-0.84162122,60-19,60-20,60-20,1.72819996,24.7447777,
60,10,60-10,f0,-0.84162122,60-21,60-22,60-22,2.51338387,200.192734,
60,11,60-11,f5,0.0699999928,60-23,60-24,60-24,3.0292511,1044.10889,
60,12,60-12,f3,0.0700000003,60-25,60-26,60-26,2.53944397,552.575928,
60,13,60-13,f0,1.0803194,60-27,60-28,60-28,1.45941544,185.616074,
60,14,60-14,f1,3.33333325,60-29,60-30,60-30,0.892379761,99.1849442,
60,15,60-15,Leaf,,,,,-0.0288692303,101.602615,
60,16,60-16,Leaf,,,,,-0.0162115321,7.29329443,
60,17,60-17,Leaf,,,,,-0.0250775088,21.482954,
60,18,60-18,Leaf,,,,,-0.0171551704,59.6122437,
60,19,60-19,Leaf,,,,,-0.00722261379,7.84341097,
60,20,60-20,Leaf,,,,,-0.0253473744,16.9013653,
60,21,60-21,Leaf,,,,,-0.0136097521,77.6347733,
60,22,60-22,Leaf,,,,,-0.00661710603,122.557961,
60,23,60-23,Leaf,,,,,-0.000181151452,499.869049,
60,24,60-24,Leaf,,,,,-0.00341484603,544.239807,
60,25,60-25,Leaf,,,,,0.00520991813,544.152283,
60,26,60-26,Leaf,,,,,0.0210202709,8.42361927,
60,27,60-27,Leaf,,,,,0.0114018824,63.9710312,
60,28,60-28,Leaf,,,,,0.017443765,121.645042,
60,29,60-29,Leaf,,,,,0.0302991476,53.1538429,
60,30,60-30,Leaf,,,,,0.0225223228,46.0310974,
61,0,61-0,f0,-0.738846838,61-1,61-2,61-2,155.93248,2280.81812,
61,1,61-1,f0,-1.34075499,61-3,61-4,61-4,12.4196777,327.720642,
61,2,61-2,f0,0.91536504,61-5,61-6,61-6,97.8813629,1953.09753,
61,3,61-3,f2,-0.00999999978,61-7,61-8,61-8,0.66860199,105.174965,
61,4,61-4,f0,-1.03643334,61-9,61-10,61-10,2.32936478,222.5457,
61,5,61-5,f0,0.0,61-11,61-12,61-12,20.4723434,1670.95361,
61,6,61-6,f0,1.55477357,61-13,61-14,61-14,7.08090973,282.143921,
61,7,61-7,Leaf,,,,,-0.0143251233,6.4668541,
61,8,61-8,f0,-1.88079357,61-15,61-16,61-16,0.16558075,98.708107,
61,9,61-9,f2,-0.00999999978,61-17,61-18,61-18,0.326740265,79.6457367,
61,10,61-10,f3,0.0399999991,61-19,61-20,61-20,1.40012741,142.899963,
61,11,61-11,f0,-0.279319078,61-21,61-22,61-22,3.07649755,779.139282,
61,12,61-12,f0,0.358458757,61-23,61-24,61-24,5.27542019,891.814331,
61,13,61-13,f0,1.0803194,61-25,61-26,61-26,0.93655777,186.003799,
61,14,61-14,f0,1.75068581,61-27,61-28,61-28,0.472015381,96.1401215,
61,15,61-15,Leaf,,,,,-0.0321237966,34.8473587,
61,16,61-16,Leaf,,,,,-0.0257378761,63.8607521,
61,17,61-17,Leaf,,,,,-0.0112077603,8.74707508,
61,18,61-18,Leaf,,,,,-0.0199495032,70.8986588,
61,19,61-19,Leaf,,,,,-0.0115533704,134.894882,
61,20,61-20,Leaf,,,,,-0.0244922228,8.00507641,
61,21,61-21,Leaf,,,,,-0.00490666134,391.094788,
61,22,61-22,Leaf,,,,,-0.00113495823,388.044525,
61,23,61-23,Leaf,,,,,0.00156027044,497.315247,
61,24,61-24,Leaf,,,,,0.00620699069,394.499084,
61,25,61-25,Leaf,,,,,0.0126384133,64.9664078,
61,26,61-26,Leaf,,,,,0.0177019257,121.037399,
61,27,61-27,Leaf,,,,,0.0212081969,31.1690826,
61,28,61-28,Leaf,,,,,0.028369287,64.9710388,
62,0,62-0,f0,-0.279319078,62-1,62-2,62-2,161.051147,2267.58667,
62,1,62-1,f0,-1.03643334,62-3,62-4,62-4,42.1972046,714.440002,
62,2,62-2,f0,0.706302524,62-5,62-6,62-6,72.3272476,1553.14661,
62,3,62-3,f0,-1.34075499,62-7,62-8,62-8,2.53511047,184.564331,
62,4,62-4,f0,-0.612812936,62-9,62-10,62-10,3.53935623,529.875671,
62,5,62-5,f5,0.110000014,62-11,62-12,62-12,7.04214859,1176.05273,
62,6,62-6,f0,1.75068581,62-13,62-14,62-14,10.9158401,377.093872,
62,7,62-7,f2,-0.00999999978,62-15,62-16,62-16,0.786911011,105.779503,
62,8,62-8,f2,0.0,62-17,62-18,62-18,1.66075516,78.7848282,
62,9,62-9,f3,0.0399999991,62-19,62-20,62-20,3.18901253,225.002014,
62,10,62-10,f2,-0.00999999978,62-21,62-22,62-22,0.454442024,304.873627,
62,11,62-11,f0,0.0,62-23,62-24,62-24,2.66899514,760.727112,
62,12,62-12,f3,0.0500000007,62-25,62-26,62-26,4.36202526,415.325623,
62,13,62-13,f0,1.17498672,62-27,62-28,62-28,2.90955353,314.081757,
62,14,62-14,Leaf,,,,,0.0280965939,63.0121269,
62,15,62-15,Leaf,,,,,-0.0135282921,6.22247267,
62,16,62-16,Leaf,,,,,-0.0282367617,99.5570297,
62,17,62-17,Leaf,,,,,-0.0273295585,20.5323544,
62,18,62-18,Leaf,,,,,-0.0164380893,58.2524719,
62,19,62-19,Leaf,,,,,-0.00949644949,212.423676,
62,20,62-20,Leaf,,,,,-0.02477221,12.5783405,
62,21,62-21,Leaf,,,,,-0.00213803002,34.5124931,
62,22,62-22,Leaf,,,,,-0.00587578537,270.361145,
62,23,62-23,Leaf,,,,,-0.00200929982,355.269318,
62,24,62-24,Leaf,,,,,0.00154770119,405.457794,
62,25,62-25,Leaf,,,,,0.00417761272,403.38147,
62,26,62-26,Leaf,,,,,0.0219197758,11.9441328,
62,27,62-27,Leaf,,,,,0.0118360063,188.918427,
62,28,62-28,Leaf,,,,,0.0179383848,125.163322,
63,0,63-0,f0,-0.612812936,63-1,63-2,63-2,150.235428,2252.74805,
63,1,63-1,f0,-1.34075499,63-3,63-4,63-4,19.0212708,399.81369,
63,2,63-2,f0,0.91536504,63-5,63-6,63-6,82.7539673,1852.93433,
63,3,63-3,f0,-1.75068605,63-7,63-8,63-8,0.349372864,101.440918,
63,4,63-4,f1,3.45000005,63-9,63-10,63-10,5.2049408,298.372772,
63,5,63-5,f0,0.279319078,63-11,63-12,63-12,18.0297012,1579.57751,
63,6,63-6,f0,1.88079405,63-13,63-14,63-14,6.51911163,273.356812,
63,7,63-7,Leaf,,,,,-0.0309553165,46.2438698,
63,8,63-8,f1,2.6833334,63-15,63-16,63-16,0.216701508,55.197052,
63,9,63-9,f1,2.9666667,63-17,63-18,63-18,1.38461685,46.7543983,
63,10,63-10,f0,-0.84162122,63-19,63-20,63-20,4.88563538,251.618362,
63,11,63-11,f0,-0.176374152,63-21,63-22,63-22,4.54106283,1095.95789,
63,12,63-12,f1,12.4666662,63-23,63-24,63-24,2.48158264,483.619568,
63,13,63-13,f1,3.20000005,63-25,63-26,63-26,2.07430267,225.799072,
63,14,63-14,Leaf,,,,,0.0291686878,47.557724,
63,15,63-15,Leaf,,,,,-0.0178213436,13.9106226,
63,16,63-16,Leaf,,,,,-0.0262548085,41.2864304,
63,17,63-17,Leaf,,,,,-0.0180364698,36.0933876,
63,18,63-18,Leaf,,,,,-0.0319273919,10.6610126,
63,19,63-19,Leaf,,,,,-0.0148649355,129.965683,
63,20,63-20,Leaf,,,,,-0.00642296532,121.652672,
63,21,63-21,Leaf,,,,,-0.00339132408,435.962067,
63,22,63-22,Leaf,,,,,0.000550767872,659.99585,
63,23,63-23,Leaf,,,,,0.00696928101,391.583344,
63,24,63-24,Leaf,,,,,0.00147733453,92.036232,
63,25,63-25,Leaf,,,,,0.0222621225,50.9758911,
63,26,63-26,Leaf,,,,,0.0149510819,174.823181,
64,0,64-0,f0,-0.674489737,64-1,64-2,64-2,135.975189,2255.78076,
64,1,64-1,f0,-1.08031929,64-3,64-4,64-4,15.1649704,355.257507,
64,2,64-2,f0,0.706302524,64-5,64-6,64-6,75.9900513,1900.52319,
64,3,64-3,f3,0.0199999996,64-7,64-8,64-8,2.51483917,162.632721,
64,4,64-4,f1,1.25,64-9,64-10,64-10,3.0922718,192.624786,
64,5,64-5,f0,0.0,64-11,64-12,64-12,15.9737492,1529.44214,
64,6,64-6,f0,1.55477357,64-13,64-14,64-14,12.5005035,371.081085,
64,7,64-7,f1,8.30000019,64-15,64-16,64-16,1.71434784,141.889267,
64,8,64-8,f1,7.4666667,64-17,64-18,64-18,1.15417719,20.7434406,
64,9,64-9,Leaf,,,,,-0.0320097096,5.50460625,
64,10,64-10,f1,10.5333338,64-19,64-20,64-20,1.63583183,187.120178,
64,11,64-11,f1,7.86666679,64-21,64-22,64-22,2.36151552,739.326355,
64,12,64-12,f3,0.0299999993,64-23,64-24,64-24,2.67943096,790.115784,
64,13,64-13,f0,1.0803194,64-25,64-26,64-26,3.13555145,279.830109,
64,14,64-14,f1,8.10000038,64-27,64-28,64-28,1.04818726,91.2509918,
64,15,64-15,Leaf,,,,,-0.0267566387,120.972824,
64,16,64-16,Leaf,,,,,-0.0159298871,20.9164467,
64,17,64-17,Leaf,,,,,-0.0168833993,15.6178761,
64,18,64-18,Leaf,,,,,-0.000499529531,5.12556601,
64,19,64-19,Leaf,,,,,-0.0121050924,141.132736,
64,20,64-20,Leaf,,,,,-0.00541216042,45.987442,
64,21,64-21,Leaf,,,,,-0.000243004863,203.695801,
64,22,64-22,Leaf,,,,,-0.0040382701,535.630554,
64,23,64-23,Leaf,,,,,0.00374928163,703.537231,
64,24,64-24,Leaf,,,,,-0.00182602904,86.5785675,
64,25,64-25,Leaf,,,,,0.00923110172,160.764999,
64,26,64-26,Leaf,,,,,0.0157927442,119.065117,
64,27,64-27,Leaf,,,,,0.0258852597,84.5838242,
64,28,64-28,Leaf,,,,,0.0110046687,6.66716337,
65,0,65-0,f0,0.279319078,65-1,65-2,65-2,135.755829,2250.14209,
65,1,65-1,f0,-0.84162122,65-3,65-4,65-4,75.658371,1503.50952,
65,2,65-2,f0,1.0803194,65-5,65-6,65-6,29.0196915,746.632568,
65,3,65-3,f0,-1.34075499,65-7,65-8,65-8,9.30622864,260.792328,
65,4,65-4,f1,0.966666639,65-9,65-10,65-10,7.9961338,1242.71716,
65,5,65-5,f0,0.643345416,65-11,65-12,65-12,3.50188828,540.122986,
65,6,65-6,f0,1.55477357,65-13,65-14,65-14,5.4859314,206.509583,
65,7,65-7,f1,8.46666622,65-15,65-16,65-16,0.493812561,99.2409439,
65,8,65-8,f2,0.0,65-17,65-18,65-18,1.7883606,161.551376,
65,9,65-9,Leaf,,,,,-0.0310549699,7.50710249,
65,10,65-10,f0,-0.524400473,65-19,65-20,65-20,5.02741814,1235.21008,
65,11,65-11,f2,0.0299999993,65-21,65-22,65-22,3.54935265,334.322174,
65,12,65-12,f1,11.3500004,65-23,65-24,65-24,2.01465034,205.800812,
65,13,65-13,f2,0.0199999996,65-25,65-26,65-26,4.80819511,116.572884,
65,14,65-14,f0,2.3263483,65-27,65-28,65-28,0.658042908,89.9367065,
65,15,65-15,Leaf,,,,,-0.0278252009,92.1375656,
65,16,65-16,Leaf,,,,,-0.0152918808,7.10338211,
65,17,65-17,Leaf,,,,,-0.0208761506,40.293045,
65,18,65-18,Leaf,,,,,-0.0131572578,121.258331,
65,19,65-19,Leaf,,,,,-0.00628506904,193.821274,
65,20,65-20,Leaf,,,,,-0.00103278179,1041.38879,
65,21,65-21,Leaf,,,,,0.00569200655,313.382843,
65,22,65-22,Leaf,,,,,-0.00683498383,20.9393177,
65,23,65-23,Leaf,,,,,0.0112313107,170.739914,
65,24,65-24,Leaf,,,,,0.00322476937,35.0608978,
65,25,65-25,Leaf,,,,,0.0174377467,105.58522,
65,26,65-26,Leaf,,,,,-0.00314519973,10.9876642,
65,27,65-27,Leaf,,,,,0.0231232718,65.3281937,
65,28,65-28,Leaf,,,,,0.0313321874,24.6085072,
66,0,66-0,f2,-0.0799999982,66-1,66-2,66-2,4.98804092,2233.62329,
66,1,66-1,f1,7.33333349,66-3,66-4,66-4,2.01461077,13.0317106,
66,2,66-2,f3,0.0299999993,66-5,66-6,66-6,3.98050499,2220.59155,
66,3,66-3,Leaf,,,,,0.00618495699,7.61543798,
66,4,66-4,Leaf,,,,,0.0300861299,5.41627264,
66,5,66-5,f5,0.480000019,66-7,66-8,66-8,2.63143134,2018.95898,
66,6,66-6,f1,14.583333,66-9,66-10,66-10,3.51476336,201.632568,
66,7,66-7,f5,0.479999989,66-11,66-12,66-12,9.65207481,1962.14197,
66,8,66-8,f5,0.49000001,66-13,66-14,66-14,5.74266195,56.8170776,
66,9,66-9,f1,13.5666666,66-15,66-16,66-16,4.81101465,189.92894,
66,10,66-10,f3,0.0399999991,66-17,66-18,66-18,1.21849728,11.703618,
66,11,66-11,Leaf,,,,,-8.90097363e-06,1951.4469,
66,12,66-12,Leaf,,,,,-0.0273444485,10.6950665,
66,13,66-13,Leaf,,,,,0.023574343,12.3562613,
66,14,66-14,Leaf,,,,,0.00111417647,44.4608154,
66,15,66-15,Leaf,,,,,-0.00517588342,165.986191,
66,16,66-16,Leaf,,,,,0.0089676613,23.9427547,
66,17,66-17,Leaf,,,,,-0.00734596793,5.45947266,
66,18,66-18,Leaf,,,,,-0.0279985834,6.24414539,
67,0,67-0,f0,-0.738846838,67-1,67-2,67-2,124.84758,2238.40405,
67,1,67-1,f0,-1.2815516,67-3,67-4,67-4,12.1569748,310.266785,
67,2,67-2,f0,0.91536504,67-5,67-6,67-6,78.380661,1928.13733,
67,3,67-3,f1,7.7833333,67-7,67-8,67-8,1.28507996,107.951904,
67,4,67-4,f1,1.25,67-9,67-10,67-10,2.64575958,202.314896,
67,5,67-5,f0,0.0,67-11,67-12,67-12,20.1792374,1664.84119,
67,6,67-6,f0,1.75068581,67-13,67-14,67-14,7.70631409,263.296082,
67,7,67-7,f0,-1.75068605,67-15,67-16,67-16,0.645324707,94.9939194,
67,8,67-8,Leaf,,,,,-0.0148785766,12.9579849,
67,9,67-9,Leaf,,,,,-0.0316270553,6.18464661,
67,10,67-10,f1,1.7833333,67-17,67-18,67-18,1.53496933,196.130249,
67,11,67-11,f2,0.0500000007,67-19,67-20,67-20,3.01323509,779.628967,
67,12,67-12,f0,0.358458757,67-21,67-22,67-22,5.19772434,885.212219,
67,13,67-13,f1,11.3500004,67-23,67-24,67-24,1.45415115,205.302307,
67,14,67-14,Leaf,,,,,0.027743537,57.9937935,
67,15,67-15,Leaf,,,,,-0.0310237706,40.7471313,
67,16,67-16,Leaf,,,,,-0.0236110669,54.246788,
67,17,67-17,Leaf,,,,,0.00207153498,6.09746027,
67,18,67-18,Leaf,,,,,-0.0129067535,190.032776,
67,19,67-19,Leaf,,,,,-0.00284302398,769.161804,
67,20,67-20,Leaf,,,,,-0.0183623638,10.4671955,
67,21,67-21,Leaf,,,,,0.00148093642,492.127228,
67,22,67-22,Leaf,,,,,0.00610844838,393.084961,
67,23,67-23,Leaf,,,,,0.0159130748,188.986191,
67,24,67-24,Leaf,,,,,0.00606991956,16.3161163,
68,0,68-0,f0,-0.612812936,68-1,68-2,68-2,110.88179,2235.68652,
68,1,68-1,f0,-1.03643334,68-3,68-4,68-4,20.3414001,392.039062,
68,2,68-2,f0,0.91536504,68-5,68-6,68-6,60.2464371,1843.64746,
68,3,68-3,f0,-1.75068605,68-7,68-8,68-8,3.73118591,168.34021,
68,4,68-4,f1,3.45000005,68-9,68-10,68-10,2.62737465,223.698853,
68,5,68-5,f0,0.279319078,68-11,68-12,68-12,11.2444324,1582.0387,
68,6,68-6,f0,1.55477357,68-13,68-14,68-14,10.5165634,261.608734,
68,7,68-7,Leaf,,,,,-0.0303017087,42.0295448,
68,8,68-8,f2,-0.00999999978,68-15,68-16,68-16,1.08615494,126.310669,
68,9,68-9,f0,-0.84162122,68-17,68-18,68-18,1.42305851,28.5374031,
68,10,68-10,f1,3.88333344,68-19,68-20,68-20,3.29960442,195.161453,
68,11,68-11,f1,0.966666639,68-21,68-22,68-22,4.50503731,1099.34875,
68,12,68-12,f1,10.3166666,68-23,68-24,68-24,2.78259277,482.690002,
68,13,68-13,f2,0.0199999996,68-25,68-26,68-26,1.76874352,176.055634,
68,14,68-14,f0,1.88079405,68-27,68-28,68-28,0.232997894,85.553093,
68,15,68-15,Leaf,,,,,-0.009498965,11.8763447,
68,16,68-16,Leaf,,,,,-0.0202919301,114.434326,
68,17,68-17,Leaf,,,,,-0.00763070909,11.3603411,
68,18,68-18,Leaf,,,,,-0.0221682191,17.1770611,
68,19,68-19,Leaf,,,,,0.0115746884,7.32866001,
68,20,68-20,Leaf,,,,,-0.00788203534,187.832794,
68,21,68-21,Leaf,,,,,-0.0251899287,5.73656273,
68,22,68-22,Leaf,,,,,-0.000579896674,1093.61218,
68,23,68-23,Leaf,,,,,0.00661723036,289.133545,
68,24,68-24,Leaf,,,,,0.00195916113,193.556458,
68,25,68-25,Leaf,,,,,0.0131384907,158.80928,
68,26,68-26,Leaf,,,,,0.00283465371,17.2463436,
68,27,68-27,Leaf,,,,,0.0216308795,41.5034294,
68,28,68-28,Leaf,,,,,0.0277991202,44.0496674,
69,0,69-0,f0,-0.279319078,69-1,69-2,69-2,111.304718,2211.34399,
69,1,69-1,f0,-1.08031929,69-3,69-4,69-4,34.1682892,687.774536,
69,2,69-2,f0,0.91536504,69-5,69-6,69-6,50.1635971,1523.56934,
69,3,69-3,f0,-1.34075499,69-7,69-8,69-8,3.11071014,155.724731,
69,4,69-4,f0,-0.612812936,69-9,69-10,69-10,3.02595329,532.049805,
69,5,69-5,f0,0.358458757,69-11,69-12,69-12,6.1398344,1267.07959,
69,6,69-6,f0,1.75068581,69-13,69-14,69-14,7.22680664,256.489746,
69,7,69-7,f2,-0.00999999978,69-15,69-16,69-16,0.900154114,93.788887,
69,8,69-8,f1,8.16666698,69-17,69-18,69-18,0.913576126,61.9358482,
69,9,69-9,f2,-0.00999999978,69-19,69-20,69-20,4.85302544,224.940079,
69,10,69-10,f1,13.5666666,69-21,69-22,69-22,1.52881527,307.109741,
69,11,69-11,f1,1.10000002,69-23,69-24,69-24,4.11375237,876.356384,
69,12,69-12,f3,0.0599999987,69-25,69-26,69-26,2.44592476,390.723236,
69,13,69-13,f1,3.20000005,69-27,69-28,69-28,2.72066116,200.767746,
69,14,69-14,Leaf,,,,,0.0262879636,55.721981,
69,15,69-15,Leaf,,,,,-0.011173917,5.62580013,
69,16,69-16,Leaf,,,,,-0.0266092196,88.1630936,
69,17,69-17,Leaf,,,,,-0.0189022124,44.0148659,
69,18,69-18,Leaf,,,,,-0.00985800382,17.9209785,
69,19,69-19,Leaf,,,,,-0.0212604627,24.7061882,
69,20,69-20,Leaf,,,,,-0.00729317451,200.233887,
69,21,69-21,Leaf,,,,,-0.00501129031,276.701569,
69,22,69-22,Leaf,,,,,0.00201859744,30.408186,
69,23,69-23,Leaf,,,,,-0.0226538926,5.69886589,
69,24,69-24,Leaf,,,,,0.000947451394,870.657532,
69,25,69-25,Leaf,,,,,0.00491455942,382.985962,
69,26,69-26,Leaf,,,,,0.0210683346,7.73727036,
69,27,69-27,Leaf,,,,,0.0207322352,42.6662445,
69,28,69-28,Leaf,,,,,0.0119523592,158.101517,
70,0,70-0,f0,-0.738846838,70-1,70-2,70-2,108.365471,2206.66309,
70,1,70-1,f0,-1.34075499,70-3,70-4,70-4,12.3905487,295.543182,
70,2,70-2,f0,0.674489737,70-5,70-6,70-6,69.713501,1911.11987,
70,3,70-3,f1,8.46666622,70-7,70-8,70-8,0.625656128,88.4054718,
70,4,70-4,f1,1.25,70-9,70-10,70-10,1.76130676,207.137711,
70,5,70-5,f0,-0.125661373,70-11,70-12,70-12,9.58265114,1533.66345,
70,6,70-6,f0,1.4757911,70-13,70-14,70-14,12.541687,377.456451,
70,7,70-7,f0,-1.75068605,70-15,70-16,70-16,0.35459137,81.8152237,
70,8,70-8,Leaf,,,,,-0.0137242135,6.59025002,
70,9,70-9,Leaf,,,,,-0.0275323633,6.64537191,
70,10,70-10,f1,1.86666667,70-17,70-18,70-18,1.88121796,200.49234,
70,11,70-11,f1,13.4833336,70-19,70-20,70-20,2.88528967,581.011047,
70,12,70-12,f2,0.0299999993,70-21,70-22,70-22,3.24512911,952.652405,
70,13,70-13,f1,5.4000001,70-23,70-24,70-24,2.53682327,282.375671,
70,14,70-14,f0,1.88079405,70-25,70-26,70-26,1.20614624,95.0807953,
70,15,70-15,Leaf,,,,,-0.0306000412,37.7030678,
70,16,70-16,Leaf,,,,,-0.0235161148,44.1121521,
70,17,70-17,Leaf,,,,,0.00305645261,6.73109484,
70,18,70-18,Leaf,,,,,-0.0126720397,193.761246,
70,19,70-19,Leaf,,,,,-0.00408147182,505.184906,
70,20,70-20,Leaf,,,,,0.0021707206,75.8261185,
70,21,70-21,Leaf,,,,,0.00203736592,902.263611,
70,22,70-22,Leaf,,,,,-0.00571641512,50.3888245,
70,23,70-23,Leaf,,,,,0.0146703366,103.844261,
70,24,70-24,Leaf,,,,,0.00864668842,178.531403,
70,25,70-25,Leaf,,,,,0.0197130051,53.8205757,
70,26,70-26,Leaf,,,,,0.027989842,41.2602158,
71,0,71-0,f0,-0.358458757,71-1,71-2,71-2,98.6980057,2204.2793,
71,1,71-1,f0,-1.03643334,71-3,71-4,71-4,33.5945969,598.960266,
71,2,71-2,f0,0.706302524,71-5,71-6,71-6,47.9681015,1605.31897,
71,3,71-3,f0,-1.34075499,71-7,71-8,71-8,4.66807556,157.836716,
71,4,71-4,f1,3.45000005,71-9,71-10,71-10,3.46623802,441.123566,
71,5,71-5,f0,0.125661373,71-11,71-12,71-12,6.52821541,1254.5769,
71,6,71-6,f0,1.4757911,71-13,71-14,71-14,12.5081024,350.742065,
71,7,71-7,f2,-0.00999999978,71-15,71-16,71-16,1.17498016,88.1869659,
71,8,71-8,f2,-0.00999999978,71-17,71-18,71-18,1.03856277,69.6497498,
71,9,71-9,f1,2.86666656,71-19,71-20,71-20,1.65175629,45.4179993,
71,10,71-10,f1,6.9333334,71-21,71-22,71-22,2.8776741,395.705566,
71,11,71-11,f1,1.29999995,71-23,71-24,71-24,3.39576721,672.910339,
71,12,71-12,f2,0.0,71-25,71-26,71-26,3.37069225,581.666565,
71,13,71-13,f1,9.78333378,71-27,71-28,71-28,1.16414261,256.472687,
71,14,71-14,f0,1.88079405,71-29,71-30,71-30,0.905757904,94.2693939,
71,15,71-15,Leaf,,,,,-0.010701119,5.54083204,
71,16,71-16,Leaf,,,,,-0.0277820174,82.6461334,
71,17,71-17,Leaf,,,,,-0.00405498454,6.77468443,
71,18,71-18,Leaf,,,,,-0.0171308909,62.8750648,
71,19,71-19,Leaf,,,,,-0.0103678703,35.891571,
71,20,71-20,Leaf,,,,,-0.0246644802,9.52642918,
71,21,71-21,Leaf,,,,,-0.00069485273,99.4897537,
71,22,71-22,Leaf,,,,,-0.00659694895,296.21582,
71,23,71-23,Leaf,,,,,-0.0204427838,6.84449577,
71,24,71-24,Leaf,,,,,-0.00058668491,666.065857,
71,25,71-25,Leaf,,,,,-0.000169796374,161.245651,
71,26,71-26,Leaf,,,,,0.00492939353,420.420929,
71,27,71-27,Leaf,,,,,0.00905657001,199.898911,
71,28,71-28,Leaf,,,,,0.0141301379,56.5737648,
71,29,71-29,Leaf,,,,,0.0195635259,53.720665,
71,30,71-30,Leaf,,,,,0.0270994939,40.5487328,
72,0,72-0,f0,-0.738846838,72-1,72-2,72-2,109.829735,2188.25073,
72,1,72-1,f0,-1.2815516,72-3,72-4,72-4,12.1978836,292.977783,
72,2,72-2,f0,0.524400473,72-5,72-6,72-6,58.272049,1895.27295,
72,3,72-3,f3,0.0199999996,72-7,72-8,72-8,0.548744202,99.0775833,
72,4,72-4,f0,-1.03643334,72-9,72-10,72-10,1.94311523,193.900208,
72,5,72-5,f0,-0.227544993,72-11,72-12,72-12,9.84792519,1420.22559,
72,6,72-6,f0,1.0803194,72-13,72-14,72-14,13.0537186,475.047363,
72,7,72-7,f0,-1.64485359,72-15,72-16,72-16,0.477348328,88.5334244,
72,8,72-8,Leaf,,,,,-0.0157011747,10.5441561,
72,9,72-9,f2,0.0199999996,72-17,72-18,72-18,0.219944,57.1003227,
72,10,72-10,f2,-0.00999999978,72-19,72-20,72-20,2.90115738,136.799896,
72,11,72-11,f0,-0.253347099,72-21,72-22,72-22,0.437957764,451.380707,
72,12,72-12,f5,0.0899999738,72-23,72-24,72-24,2.70883107,968.84491,
72,13,72-13,f2,0.0199999996,72-25,72-26,72-26,3.24715233,285.468323,
72,14,72-14,f0,1.75068581,72-27,72-28,72-28,4.54653168,189.579041,
72,15,72-15,Leaf,,,,,-0.0293952171,44.2930069,
72,16,72-16,Leaf,,,,,-0.0223988984,44.2404175,
72,17,72-17,Leaf,,,,,-0.0156507399,51.7716789,
72,18,72-18,Leaf,,,,,-0.0248623881,5.32864237,
72,19,72-19,Leaf,,,,,-0.0229762644,13.5103807,
72,20,72-20,Leaf,,,,,-0.00852766447,123.289513,
72,21,72-21,Leaf,,,,,-0.00339589338,419.425659,
72,22,72-22,Leaf,,,,,-0.00704798428,31.9550667,
72,23,72-23,Leaf,,,,,0.000519798603,627.914673,
72,24,72-24,Leaf,,,,,0.00383932958,340.930206,
72,25,72-25,Leaf,,,,,0.0067719887,250.658142,
72,26,72-26,Leaf,,,,,0.0165323298,34.8101921,
72,27,72-27,Leaf,,,,,0.0151851987,138.629929,
72,28,72-28,Leaf,,,,,0.0259919167,50.9491158,
73,0,73-0,f0,0.100433774,73-1,73-2,73-2,93.1221161,2186.08276,
73,1,73-1,f0,-1.03643334,73-3,73-4,73-4,49.6917381,1219.88037,
73,2,73-2,f0,1.0803194,73-5,73-6,73-6,33.5634956,966.202454,
73,3,73-3,f0,-1.34075499,73-7,73-8,73-8,4.18424225,153.600571,
73,4,73-4,f0,-0.524400473,73-9,73-10,73-10,5.27315044,1066.27979,
73,5,73-5,f0,0.706302524,73-11,73-12,73-12,3.42151546,778.949707,
73,6,73-6,f2,0.0199999996,73-13,73-14,73-14,4.23270416,187.252792,
73,7,73-7,f2,-0.00999999978,73-15,73-16,73-16,1.13040924,84.6220245,
73,8,73-8,f3,0.00999999978,73-17,73-18,73-18,0.501852036,68.9785461,
73,9,73-9,f3,0.0299999993,73-19,73-20,73-20,2.94642353,274.623383,
73,10,73-10,f3,0.0199999996,73-21,73-22,73-22,4.69501591,791.656433,
73,11,73-11,f2,0.0299999993,73-23,73-24,73-24,2.72706413,624.078613,
73,12,73-12,f2,0.0199999996,73-25,73-26,73-26,0.900897026,154.871048,
73,13,73-13,f0,1.75068581,73-27,73-28,73-28,2.80062866,171.65329,
73,14,73-14,f0,1.4757911,73-29,73-30,73-30,0.699595451,15.5995016,
73,15,73-15,Leaf,,,,,-0.0101458076,5.41375256,
73,16,73-16,Leaf,,,,,-0.0270083379,79.2082672,
73,17,73-17,Leaf,,,,,-0.0122989668,35.0938339,
73,18,73-18,Leaf,,,,,-0.0185409859,33.8847122,
73,19,73-19,Leaf,,,,,-0.00570831681,243.826385,
73,20,73-20,Leaf,,,,,-0.0155008668,30.7969971,
73,21,73-21,Leaf,,,,,-0.00328236725,612.964661,
73,22,73-22,Leaf,,,,,0.0022337432,178.691788,
73,23,73-23,Leaf,,,,,0.00362512516,585.903687,
73,24,73-24,Leaf,,,,,-0.00456617074,38.1749535,
73,25,73-25,Leaf,,,,,0.00716399495,136.624969,
73,26,73-26,Leaf,,,,,0.0143667851,18.2460861,
73,27,73-27,Leaf,,,,,0.0169379134,124.157936,
73,28,73-28,Leaf,,,,,0.0260504019,47.4953613,
73,29,73-29,Leaf,,,,,-0.00236170436,9.00402832,
73,30,73-30,Leaf,,,,,0.00979890767,6.59547329,
74,0,74-0,f0,0.253347158,74-1,74-2,74-2,85.87117,2178.34692,
74,1,74-1,f0,-0.95416522,74-3,74-4,74-4,51.3928261,1423.77649,
74,2,74-2,f0,1.0803194,74-5,74-6,74-6,30.7449646,754.570374,
74,3,74-3,f1,8.23333359,74-7,74-8,74-8,8.54542542,183.236038,
74,4,74-4,f0,-0.524400473,74-9,74-10,74-10,6.67094612,1240.54041,
74,5,74-5,f3,0.0700000003,74-11,74-12,74-12,3.91133022,568.375244,
74,6,74-6,f0,1.75068581,74-13,74-14,74-14,5.51765442,186.19516,
74,7,74-7,f0,-1.55477357,74-15,74-16,74-16,2.38149261,144.444397,
74,8,74-8,f1,8.73333359,74-17,74-18,74-18,2.55463457,38.7916412,
74,9,74-9,f1,3.45000005,74-19,74-20,74-20,5.34290314,239.250427,
74,10,74-10,f2,0.0700000003,74-21,74-22,74-22,2.17203736,1001.28998,
74,11,74-11,f1,14.3166666,74-23,74-24,74-24,2.71329594,559.41571,
74,12,74-12,Leaf,,,,,0.0235127993,8.95952034,
74,13,74-13,f1,9.66666698,74-25,74-26,74-26,1.32085419,136.191864,
74,14,74-14,Leaf,,,,,0.0274761263,50.0032921,
74,15,74-15,Leaf,,,,,-0.0277366415,52.9959412,
74,16,74-16,Leaf,,,,,-0.0189381652,91.4484558,
74,17,74-17,Leaf,,,,,0.00998613425,6.37376165,
74,18,74-18,Leaf,,,,,-0.00968570262,32.417881,
74,19,74-19,Leaf,,,,,-0.0183939561,28.8851242,
74,20,74-20,Leaf,,,,,-0.00478298822,210.365311,
74,21,74-21,Leaf,,,,,-0.000809567864,995.215759,
74,22,74-22,Leaf,,,,,-0.0174954049,6.07420874,
74,23,74-23,Leaf,,,,,0.00485564303,542.526794,
74,24,74-24,Leaf,,,,,-0.00706738327,16.8889465,
74,25,74-25,Leaf,,,,,0.014112087,118.009758,
74,26,74-26,Leaf,,,,,0.023408724,18.1821022,
75,0,75-0,f0,-0.612812936,75-1,75-2,75-2,85.3134842,2182.92871,
75,1,75-1,f0,-1.34075499,75-3,75-4,75-4,16.552536,360.084351,
75,2,75-2,f0,0.91536504,75-5,75-6,75-6,50.558342,1822.84424,
75,3,75-3,f3,0.0199999996,75-7,75-8,75-8,0.771156311,82.4398422,
75,4,75-4,f1,3.45000005,75-9,75-10,75-10,3.29366112,277.644531,
75,5,75-5,f0,0.279319078,75-11,75-12,75-12,12.5417643,1576.16846,
75,6,75-6,f0,1.55477357,75-13,75-14,75-14,6.76200867,246.675735,
75,7,75-7,f1,8.41666698,75-15,75-16,75-16,1.16910553,74.4923248,
75,8,75-8,Leaf,,,,,-0.0132780261,7.9475174,
75,9,75-9,f1,2.9666667,75-17,75-18,75-18,1.51115322,42.8788376,
75,10,75-10,f0,-0.95416522,75-19,75-20,75-20,2.07758141,234.765686,
75,11,75-11,f1,0.966666639,75-21,75-22,75-22,4.33371925,1098.63049,
75,12,75-12,f1,12.4666662,75-23,75-24,75-24,3.54623032,477.537994,
75,13,75-13,f1,3.20000005,75-25,75-26,75-26,1.88604736,170.478134,
75,14,75-14,f1,3.33333325,75-27,75-28,75-28,1.17634201,76.1976089,
75,15,75-15,Leaf,,,,,-0.02720589,68.9071579,
75,16,75-16,Leaf,,,,,-0.0102808001,5.58516788,
75,17,75-17,Leaf,,,,,-0.0135052986,32.9388123,
75,18,75-18,Leaf,,,,,-0.0276445132,9.94002533,
75,19,75-19,Leaf,,,,,-0.0122789331,77.3513107,
75,20,75-20,Leaf,,,,,-0.00619949261,157.414368,
75,21,75-21,Leaf,,,,,-0.0261727627,5.15106583,
75,22,75-22,Leaf,,,,,-0.000917270081,1093.47949,
75,23,75-23,Leaf,,,,,0.00600436563,387.266357,
75,24,75-24,Leaf,,,,,-0.000590648327,90.2716141,
75,25,75-25,Leaf,,,,,0.0182973407,33.5251732,
75,26,75-26,Leaf,,,,,0.0101414109,136.952957,
75,27,75-27,Leaf,,,,,0.0268677846,38.611496,
75,28,75-28,Leaf,,,,,0.0179080758,37.586113,
76,0,76-0,f0,-0.84162122,76-1,76-2,76-2,78.4554138,2168.58984,
76,1,76-1,f0,-1.34075499,76-3,76-4,76-4,9.4208374,225.992691,
76,2,76-2,f0,0.706302524,76-5,76-6,76-6,52.2821198,1942.59729,
76,3,76-3,f0,-1.75068605,76-7,76-8,76-8,1.16797638,79.3069611,
76,4,76-4,f1,8.23333359,76-9,76-10,76-10,2.14229774,146.68573,
76,5,76-5,f0,-0.176374152,76-11,76-12,76-12,11.9831696,1606.17004,
76,6,76-6,f0,1.75068581,76-13,76-14,76-14,9.16927338,336.427216,
76,7,76-7,Leaf,,,,,-0.0299126748,34.1003609,
76,8,76-8,f4,0.0,76-15,76-16,76-16,0.514192581,45.2066002,
76,9,76-9,f0,-0.91536504,76-17,76-18,76-18,3.19329834,93.2484665,
76,10,76-10,f3,0.0199999996,76-19,76-20,76-20,2.48345804,53.4372635,
76,11,76-11,f1,4.3166666,76-21,76-22,76-22,2.61933327,567.971008,
76,12,76-12,f0,0.253347158,76-23,76-24,76-24,3.40386701,1038.1991,
76,13,76-13,f1,3.13333344,76-25,76-26,76-26,1.59318161,288.128662,
76,14,76-14,f0,1.88079405,76-27,76-28,76-28,0.0822792053,48.2985306,
76,15,76-15,Leaf,,,,,-0.0128117166,10.7688408,
76,16,76-16,Leaf,,,,,-0.0228191148,34.4377594,
76,17,76-17,Leaf,,,,,-0.0175454747,74.6730728,
76,18,76-18,Leaf,,,,,-0.00344806165,18.5753918,
76,19,76-19,Leaf,,,,,-0.010044992,43.85289,
76,20,76-20,Leaf,,,,,0.00628623599,9.58437252,
76,21,76-21,Leaf,,,,,-0.00902718864,74.3305206,
76,22,76-22,Leaf,,,,,-0.00300379982,493.640472,
76,23,76-23,Leaf,,,,,0.000216517888,626.834534,
76,24,76-24,Leaf,,,,,0.00372634595,411.364532,
76,25,76-25,Leaf,,,,,0.0153235113,53.9820328,
76,26,76-26,Leaf,,,,,0.0094342865,234.146637,
76,27,76-27,Leaf,,,,,0.0176579226,10.9001198,
76,28,76-28,Leaf,,,,,0.0262648091,37.3984108,
77,0,77-0,f0,-0.95416522,77-1,77-2,77-2,79.3894958,2159.01855,
77,1,77-1,f0,-1.34075499,77-3,77-4,77-4,6.04692841,174.38765,
77,2,77-2,f0,0.84162128,77-5,77-6,77-6,53.4690132,1984.63086,
77,3,77-3,f1,8.46666622,77-7,77-8,77-8,1.10961151,77.1758347,
77,4,77-4,f1,8.16666698,77-9,77-10,77-10,1.69034386,97.2118225,
77,5,77-5,f0,0.0,77-11,77-12,77-12,13.5398884,1713.29602,
77,6,77-6,f0,1.75068581,77-13,77-14,77-14,8.68721771,271.33493,
77,7,77-7,Leaf,,,,,-0.0269355457,71.543541,
77,8,77-8,Leaf,,,,,-0.0104082879,5.63229179,
77,9,77-9,f1,6.44999981,77-15,77-16,77-16,0.543619156,64.3976059,
77,10,77-10,f1,9.88333321,77-17,77-18,77-18,1.98226976,32.8142204,
77,11,77-11,f1,0.966666639,77-19,77-20,77-20,4.45086288,871.641479,
77,12,77-12,f2,0.0,77-21,77-22,77-22,2.71890783,841.654541,
77,13,77-13,f1,11.1999998,77-23,77-24,77-24,2.64227295,224.891068,
77,14,77-14,f0,2.3263483,77-25,77-26,77-26,0.0502433777,46.4438477,
77,15,77-15,Leaf,,,,,-0.0150198443,49.9395599,
77,16,77-16,Leaf,,,,,-0.023127133,14.458045,
77,17,77-17,Leaf,,,,,-0.000775214576,16.261055,
77,18,77-18,Leaf,,,,,-0.0153633384,16.5531654,
77,19,77-19,Leaf,,,,,-0.0265929569,6.1971364,
77,20,77-20,Leaf,,,,,-0.00287534879,865.444336,
77,21,77-21,Leaf,,,,,-0.000517885259,230.468277,
77,22,77-22,Leaf,,,,,0.00330300443,611.186218,
77,23,77-23,Leaf,,,,,0.0123718996,203.543686,
77,24,77-24,Leaf,,,,,0.00121953909,21.3473892,
77,25,77-25,Leaf,,,,,0.0219746362,27.7948055,
77,26,77-26,Leaf,,,,,0.0296490025,18.649044,
78,0,78-0,f0,-0.738846838,78-1,78-2,78-2,80.5460739,2154.73706,
78,1,78-1,f0,-1.2815516,78-3,78-4,78-4,11.75457,275.250977,
78,2,78-2,f0,1.0803194,78-5,78-6,78-6,49.1658936,1879.48608,
78,3,78-3,f1,8.46666622,78-7,78-8,78-8,2.64880371,87.2654343,
78,4,78-4,f1,3.48333335,78-9,78-10,78-10,3.34096527,187.985535,
78,5,78-5,f0,-0.176374152,78-11,78-12,78-12,14.2762823,1704.45837,
78,6,78-6,f0,1.75068581,78-13,78-14,78-14,6.05888367,175.027664,
78,7,78-7,f3,0.0199999996,78-15,78-16,78-16,0.578838348,79.2053375,
78,8,78-8,Leaf,,,,,-0.00698778033,8.06009579,
78,9,78-9,f0,-1.03643334,78-17,78-18,78-18,0.976489067,31.214529,
78,10,78-10,f1,3.9333334,78-19,78-20,78-20,3.75947762,156.770996,
78,11,78-11,f1,2.36666656,78-21,78-22,78-22,1.87403345,513.738281,
78,12,78-12,f0,0.524400473,78-23,78-24,78-24,5.08534431,1190.72009,
78,13,78-13,f2,0.0199999996,78-25,78-26,78-26,4.2288475,130.12001,
78,14,78-14,f3,0.00999999978,78-27,78-28,78-28,0.108394623,44.9076538,
78,15,78-15,Leaf,,,,,-0.0272298921,70.0612717,
78,16,78-16,Leaf,,,,,-0.0156326443,9.14406395,
78,17,78-17,Leaf,,,,,-0.0271413196,11.8051424,
78,18,78-18,Leaf,,,,,-0.0144623062,19.4093857,
78,19,78-19,Leaf,,,,,0.0106680905,7.41707706,
78,20,78-20,Leaf,,,,,-0.010186119,149.353928,
78,21,78-21,Leaf,,,,,-0.0120902983,22.2467194,
78,22,78-22,Leaf,,,,,-0.00333776558,491.491547,
78,23,78-23,Leaf,,,,,0.00113977259,907.044189,
78,24,78-24,Leaf,,,,,0.00573767116,283.675934,
78,25,78-25,Leaf,,,,,0.0152699547,118.952873,
78,26,78-26,Leaf,,,,,-0.00373551738,11.1671371,
78,27,78-27,Leaf,,,,,0.0288166758,31.2770424,
78,28,78-28,Leaf,,,,,0.0199524052,13.6306124,
79,0,79-0,f0,-0.738846838,79-1,79-2,79-2,72.6988068,2155.33105,
79,1,79-1,f0,-1.34075499,79-3,79-4,79-4,9.26891327,271.177734,
79,2,79-2,f0,0.643345416,79-5,79-6,79-6,46.3302498,1884.1532,
79,3,79-3,f0,-1.75068605,79-7,79-8,79-8,0.904396057,75.3733826,
79,4,79-4,f0,-1.03643334,79-9,79-10,79-10,1.36168098,195.804352,
79,5,79-5,f0,0.0250688847,79-11,79-12,79-12,8.820714,1514.01697,
79,6,79-6,f0,1.55477357,79-13,79-14,79-14,10.4507065,370.136261,
79,7,79-7,Leaf,,,,,-0.0277536716,32.1918297,
79,8,79-8,f2,0.0,79-15,79-16,79-16,0.250757217,43.1815529,
79,9,79-9,f2,-0.00999999978,79-17,79-18,79-18,0.515096664,64.7730026,
79,10,79-10,f3,0.0399999991,79-19,79-20,79-20,1.17772579,131.031357,
79,11,79-11,f2,0.0500000007,79-21,79-22,79-22,2.4862299,822.515564,
79,12,79-12,f2,0.0,79-23,79-24,79-24,8.02119446,691.501343,
79,13,79-13,f0,0.91536504,79-25,79-26,79-26,1.85623932,301.158752,
79,14,79-14,f0,1.88079405,79-27,79-28,79-28,0.456790924,68.9774857,
79,15,79-15,Leaf,,,,,-0.0128431907,10.8859501,
79,16,79-16,Leaf,,,,,-0.0210559927,32.2956047,
79,17,79-17,Leaf,,,,,-0.00584723707,7.38284779,
79,18,79-18,Leaf,,,,,-0.0153945219,57.390152,
79,19,79-19,Leaf,,,,,-0.00809252169,124.321297,
79,20,79-20,Leaf,,,,,-0.0206113644,6.71005869,
79,21,79-21,Leaf,,,,,-0.00196150411,812.655029,
79,22,79-22,Leaf,,,,,-0.0164257213,9.86054325,
79,23,79-23,Leaf,,,,,-0.00273263361,193.587006,
79,24,79-24,Leaf,,,,,0.0044514793,497.914368,
79,25,79-25,Leaf,,,,,0.00666532619,138.553146,
79,26,79-26,Leaf,,,,,0.0114952018,162.605621,
79,27,79-27,Leaf,,,,,0.0184040945,34.6419868,
79,28,79-28,Leaf,,,,,0.0255250502,34.3355026,
80,0,80-0,f0,-0.279319078,80-1,80-2,80-2,66.4051361,2149.68579,
80,1,80-1,f0,-1.03643334,80-3,80-4,80-4,24.6140785,655.287903,
80,2,80-2,f0,1.0803194,80-5,80-6,80-6,35.5955353,1494.39783,
80,3,80-3,f0,-1.47579098,80-7,80-8,80-8,3.98179626,137.992172,
80,4,80-4,f1,3.45000005,80-9,80-10,80-10,3.30800629,517.295776,
80,5,80-5,f5,0.110000014,80-11,80-12,80-12,8.70986938,1320.42065,
80,6,80-6,f0,1.88079405,80-13,80-14,80-14,4.4285965,173.977066,
80,7,80-7,f0,-1.75068605,80-15,80-16,80-16,0.435596466,56.9235764,
80,8,80-8,f1,5.0999999,80-17,80-18,80-18,1.61239052,81.0685883,
80,9,80-9,f0,-0.582841516,80-19,80-20,80-20,1.47377396,48.724308,
80,10,80-10,f1,3.6500001,80-21,80-22,80-22,2.55943489,468.571442,
80,11,80-11,f1,11.8166666,80-23,80-24,80-24,1.85780883,757.110229,
80,12,80-12,f1,10.3166666,80-25,80-26,80-26,5.08686924,563.310486,
80,13,80-13,f2,0.0199999996,80-27,80-28,80-28,3.19659805,140.360046,
80,14,80-14,Leaf,,,,,0.0261937808,33.6170197,
80,15,80-15,Leaf,,,,,-0.0285218153,31.4936028,
80,16,80-16,Leaf,,,,,-0.0201706532,25.4299736,
80,17,80-17,Leaf,,,,,-0.0196577329,32.7150307,
80,18,80-18,Leaf,,,,,-0.0105631202,48.3535576,
80,19,80-19,Leaf,,,,,-0.0166113134,27.8591919,
80,20,80-20,Leaf,,,,,-0.005735585,20.8651161,
80,21,80-21,Leaf,,,,,0.0154696098,5.0487299,
80,22,80-22,Leaf,,,,,-0.00423947256,463.522705,
80,23,80-23,Leaf,,,,,-0.00163073267,379.512726,
80,24,80-24,Leaf,,,,,0.00133753906,377.597504,
80,25,80-25,Leaf,,,,,0.00705670379,342.559387,
80,26,80-26,Leaf,,,,,0.00121375185,220.751083,
80,27,80-27,Leaf,,,,,0.0152139235,128.181976,
80,28,80-28,Leaf,,,,,-0.000800511567,12.1780701,
81,0,81-0,f0,0.125661373,81-1,81-2,81-2,62.4218636,2136.7793,
81,1,81-1,f0,-1.03643334,81-3,81-4,81-4,35.8302193,1234.29822,
81,2,81-2,f0,1.0803194,81-5,81-6,81-6,20.8436317,902.481018,
81,3,81-3,f0,-1.47579098,81-7,81-8,81-8,4.57775879,138.180817,
81,4,81-4,f0,-0.495850354,81-9,81-10,81-10,5.33705711,1096.11743,
81,5,81-5,f3,0.0700000003,81-11,81-12,81-12,4.8346777,731.684265,
81,6,81-6,f0,1.88079405,81-13,81-14,81-14,4.69117737,170.796722,
81,7,81-7,f0,-1.88079357,81-15,81-16,81-16,0.0808410645,56.0198517,
81,8,81-8,f1,5.0999999,81-17,81-18,81-18,1.68411636,82.1609573,
81,9,81-9,f1,1.45000005,81-19,81-20,81-20,2.47677803,293.301788,
81,10,81-10,f1,4.6500001,81-21,81-22,81-22,2.45677519,802.815613,
81,11,81-11,f3,0.0299999993,81-23,81-24,81-24,3.94103718,721.627991,
81,12,81-12,Leaf,,,,,0.0238762274,10.0563011,
81,13,81-13,f1,9.66666698,81-25,81-26,81-26,3.74994469,137.956055,
81,14,81-14,Leaf,,,,,0.0259921998,32.8406677,
81,15,81-15,Leaf,,,,,-0.028570164,23.8476067,
81,16,81-16,Leaf,,,,,-0.0216106214,32.1722412,
81,17,81-17,Leaf,,,,,-0.0188382231,33.0180931,
81,18,81-18,Leaf,,,,,-0.00968774408,49.142868,
81,19,81-19,Leaf,,,,,-0.0219773874,7.2152257,
81,20,81-20,Leaf,,,,,-0.00515266322,286.086578,
81,21,81-21,Leaf,,,,,-0.00593603263,78.0957031,
81,22,81-22,Leaf,,,,,-0.000367082015,724.71991,
81,23,81-23,Leaf,,,,,0.00457950728,650.630737,
81,24,81-24,Leaf,,,,,-0.00283237454,70.9972458,
81,25,81-25,Leaf,,,,,0.0110927038,120.049484,
81,26,81-26,Leaf,,,,,0.0258212145,17.90658,
82,0,82-0,f2,-0.0799999982,82-1,82-2,82-2,3.70026731,2131.24146,
82,1,82-1,f1,7.33333349,82-3,82-4,82-4,1.1471467,12.9073572,
82,2,82-2,f2,-0.0299999993,82-5,82-6,82-6,3.31979823,2118.33398,
82,3,82-3,Leaf,,,,,0.00666774297,7.83947277,
82,4,82-4,Leaf,,,,,0.0253087115,5.06788397,
82,5,82-5,f1,9.01666641,82-7,82-8,82-8,1.99169993,39.5410194,
82,6,82-6,f1,0.966666639,82-9,82-10,82-10,1.39812946,2078.79297,
82,7,82-7,f5,0.300000012,82-11,82-12,82-12,1.14290762,17.5118523,
82,8,82-8,f1,14.0666666,82-13,82-14,82-14,3.73163414,22.0291672,
82,9,82-9,f5,0.430000007,82-15,82-16,82-16,2.03389883,29.1935024,
82,10,82-10,f5,0.480000019,82-17,82-18,82-18,1.89303684,2049.59961,
82,11,82-11,Leaf,,,,,-0.0210318789,11.8123722,
82,12,82-12,Leaf,,,,,-0.00402808981,5.69947958,
82,13,82-13,Leaf,,,,,0.00471272226,16.6245098,
82,14,82-14,Leaf,,,,,-0.0220498927,5.40465736,
82,15,82-15,Leaf,,,,,-0.0151926074,12.420661,
82,16,82-16,Leaf,,,,,0.000450834486,16.7728424,
82,17,82-17,Leaf,,,,,-9.94863585e-05,2018.48938,
82,18,82-18,Leaf,,,,,0.00724234898,31.1102257,
83,0,83-0,f0,-0.738846838,83-1,83-2,83-2,60.0010071,2147.50586,
83,1,83-1,f0,-1.34075499,83-3,83-4,83-4,12.132618,266.237885,
83,2,83-2,f0,0.91536504,83-5,83-6,83-6,36.0510368,1881.26794,
83,3,83-3,f3,0.0199999996,83-7,83-8,83-8,0.424812317,71.2838898,
83,4,83-4,f1,1.25,83-9,83-10,83-10,2.2640934,194.95401,
83,5,83-5,f0,0.358458757,83-11,83-12,83-12,6.37416983,1654.43896,
83,6,83-6,f0,1.75068581,83-13,83-14,83-14,6.97891235,226.828949,
83,7,83-7,f0,-1.88079357,83-15,83-16,83-16,0.43283844,64.8064346,
83,8,83-8,Leaf,,,,,-0.0128298951,6.47745943,
83,9,83-9,Leaf,,,,,-0.026099842,6.19549704,
83,10,83-10,f3,0.0299999993,83-17,83-18,83-18,1.75362206,188.758514,
83,11,83-11,f1,0.966666639,83-19,83-20,83-20,2.77214694,1273.74084,
83,12,83-12,f3,0.0299999993,83-21,83-22,83-22,3.28917646,380.69812,
83,13,83-13,f1,3.20000005,83-23,83-24,83-24,3.0492363,184.165176,
83,14,83-14,Leaf,,,,,0.0240168553,42.6637764,
83,15,83-15,Leaf,,,,,-0.0295441113,22.3340855,
83,16,83-16,Leaf,,,,,-0.021474814,42.4723473,
83,17,83-17,Leaf,,,,,-0.00764959538,173.315887,
83,18,83-18,Leaf,,,,,-0.0181345642,15.442625,
83,19,83-19,Leaf,,,,,-0.0189068206,6.40927219,
83,20,83-20,Leaf,,,,,-0.000501698232,1267.33154,
83,21,83-21,Leaf,,,,,0.00481531024,336.911346,
83,22,83-22,Leaf,,,,,-0.00385782914,43.7867584,
83,23,83-23,Leaf,,,,,0.0180291366,38.1865005,
83,24,83-24,Leaf,,,,,0.00842445623,145.978683,
84,0,84-0,f0,-0.84162122,84-1,84-2,84-2,63.5791512,2128.84814,
84,1,84-1,f0,-1.34075499,84-3,84-4,84-4,4.87762451,207.90451,
84,2,84-2,f0,0.643345416,84-5,84-6,84-6,34.978775,1920.9436,
84,3,84-3,f2,0.0,84-7,84-8,84-8,1.21743393,68.5828476,
84,4,84-4,f1,10.8166666,84-9,84-10,84-10,2.77495575,139.321655,
84,5,84-5,f0,-0.125661373,84-11,84-12,84-12,5.66023922,1561.64929,
84,6,84-6,f0,1.75068581,84-13,84-14,84-14,11.1223488,359.29425,
84,7,84-7,f1,2.51666665,84-15,84-16,84-16,0.892962933,14.5319757,
84,8,84-8,f0,-1.88079357,84-17,84-18,84-18,0.671787262,54.0508728,
84,9,84-9,f1,9.78333378,84-19,84-20,84-20,2.80744743,119.68,
84,10,84-10,f1,11.3500004,84-21,84-22,84-22,3.70693707,19.641655,
84,11,84-11,f1,2.6833334,84-23,84-24,84-24,2.34948683,634.101562,
84,12,84-12,f2,-0.0799999982,84-25,84-26,84-26,1.77958286,927.547729,
84,13,84-13,f1,2.13333344,84-27,84-28,84-28,2.51246071,319.825531,
84,14,84-14,Leaf,,,,,0.0247874856,39.4687271,
84,15,84-15,Leaf,,,,,-0.00233068177,5.01104116,
84,16,84-16,Leaf,,,,,-0.018245263,9.5209341,
84,17,84-17,Leaf,,,,,-0.0305432472,18.9265347,
84,18,84-18,Leaf,,,,,-0.0208536945,35.1243401,
84,19,84-19,Leaf,,,,,-0.012547479,108.463791,
84,20,84-20,Leaf,,,,,-0.0283028129,11.2162094,
84,21,84-21,Leaf,,,,,0.0177700948,5.17756701,
84,22,84-22,Leaf,,,,,-0.00973705202,14.4640875,
84,23,84-23,Leaf,,,,,-0.00997601263,35.984272,
84,24,84-24,Leaf,,,,,-0.00217206054,598.11731,
84,25,84-25,Leaf,,,,,0.0158073343,6.2959199,
84,26,84-26,Leaf,,,,,0.000927454501,921.25177,
84,27,84-27,Leaf,,,,,0.0165614504,27.8213558,
84,28,84-28,Leaf,,,,,0.00714791473,292.004181,
85,0,85-0,f0,-0.84162122,85-1,85-2,85-2,57.2517891,2127.08765,
85,1,85-1,f0,-1.34075499,85-3,85-4,85-4,7.60024261,205.317932,
85,2,85-2,f0,1.0803194,85-5,85-6,85-6,35.1962357,1921.76965,
85,3,85-3,f3,0.0199999996,85-7,85-8,85-8,1.28160095,67.9909363,
85,4,85-4,f1,10.8166666,85-9,85-10,85-10,3.52693939,137.326996,
85,5,85-5,f0,0.125661373,85-11,85-12,85-12,10.0297413,1755.8678,
85,6,85-6,f0,1.88079405,85-13,85-14,85-14,3.99419022,165.901749,
85,7,85-7,f0,-1.88079357,85-15,85-16,85-16,0.335891724,61.5304718,
85,8,85-8,Leaf,,,,,-0.00870831497,6.46046495,
85,9,85-9,f1,9.88333321,85-17,85-18,85-18,0.964536667,117.615837,
85,10,85-10,f1,11.3500004,85-19,85-20,85-20,2.59439874,19.7111664,
85,11,85-11,f1,0.966666639,85-21,85-22,85-22,6.4757123,1022.89496,
85,12,85-12,f1,14.666667,85-23,85-24,85-24,3.90939379,732.9729,
85,13,85-13,f1,9.66666698,85-25,85-26,85-26,2.63160896,135.042847,
85,14,85-14,Leaf,,,,,0.0244940445,30.8588943,
85,15,85-15,Leaf,,,,,-0.0293208733,21.413908,
85,16,85-16,Leaf,,,,,-0.0214501284,40.1165657,
85,17,85-17,Leaf,,,,,-0.0117742931,107.636215,
85,18,85-18,Leaf,,,,,-0.0219420958,9.97962284,
85,19,85-19,Leaf,,,,,0.0171450488,5.23751593,
85,20,85-20,Leaf,,,,,-0.00577643747,14.47365,
85,21,85-21,Leaf,,,,,-0.0307731163,5.80391741,
85,22,85-22,Leaf,,,,,-0.00140156411,1017.091,
85,23,85-23,Leaf,,,,,0.00326385023,722.899841,
85,24,85-24,Leaf,,,,,-0.0147203589,10.0730639,
85,25,85-25,Leaf,,,,,0.0105965072,118.227486,
85,26,85-26,Leaf,,,,,0.0233467408,16.8153629,
86,0,86-0,f2,-0.0799999982,86-1,86-2,86-2,4.89448452,2121.64771,
86,1,86-1,f1,7.11666679,86-3,86-4,86-4,0.6554389,12.9306459,
86,2,86-2,f2,-0.0199999996,86-5,86-6,86-6,4.27719164,2108.71704,
86,3,86-3,Leaf,,,,,0.0102327727,7.62125826,
86,4,86-4,Leaf,,,,,0.025900634,5.30938768,
86,5,86-5,f1,10.1999998,86-7,86-8,86-8,4.71920586,94.3492279,
86,6,86-6,f1,12.5,86-9,86-10,86-10,2.2619915,2014.3678,
86,7,86-7,f1,5.1500001,86-11,86-12,86-12,2.20238781,50.1325912,
86,8,86-8,f1,14.4333334,86-13,86-14,86-14,6.03255796,44.2166367,
86,9,86-9,f1,11.4499998,86-15,86-16,86-16,4.96347523,1516.99084,
86,10,86-10,f1,12.6166668,86-17,86-18,86-18,7.34963894,497.376984,
86,11,86-11,Leaf,,,,,-0.00449116249,21.0280247,
86,12,86-12,Leaf,,,,,-0.0174252428,29.1045666,
86,13,86-13,Leaf,,,,,0.00634936849,36.5460434,
86,14,86-14,Leaf,,,,,-0.0214169174,7.67059422,
86,15,86-15,Leaf,,,,,0.000444322766,1329.04272,
86,16,86-16,Leaf,,,,,0.00564123737,187.948044,
86,17,86-17,Leaf,,,,,-0.0182017405,20.9734116,
86,18,86-18,Leaf,,,,,-0.000454651221,476.403564,
87,0,87-0,f2,-0.0799999982,87-1,87-2,87-2,4.95002365,2115.99658,
87,1,87-1,f1,7.33333349,87-3,87-4,87-4,1.32645416,13.1422424,
87,2,87-2,f2,-0.0199999996,87-5,87-6,87-6,2.3947587,2102.85425,
87,3,87-3,Leaf,,,,,0.00804018881,7.75710201,
87,4,87-4,Leaf,,,,,0.0280951671,5.3851409,
87,5,87-5,f5,0.210000008,87-7,87-8,87-8,5.82433224,96.2786865,
87,6,87-6,f1,12.5,87-9,87-10,87-10,2.74408388,2006.57556,
87,7,87-7,f1,14.3999996,87-11,87-12,87-12,3.41550207,63.9923706,
87,8,87-8,f5,0.310000002,87-13,87-14,87-14,2.16713428,32.2863159,
87,9,87-9,f1,11.5,87-15,87-16,87-16,4.92614889,1511.72192,
87,10,87-10,f1,12.6166668,87-17,87-18,87-18,5.03673077,494.853729,
87,11,87-11,Leaf,,,,,0.00336042326,55.3435898,
87,12,87-12,Leaf,,,,,-0.0159573685,8.64878273,
87,13,87-13,Leaf,,,,,-0.0211799238,19.0581837,
87,14,87-14,Leaf,,,,,-0.00504660327,13.2281322,
87,15,87-15,Leaf,,,,,8.79673316e-05,1334.9187,
87,16,87-16,Leaf,,,,,0.00540370075,176.803162,
87,17,87-17,Leaf,,,,,-0.0158831161,21.0307617,
87,18,87-18,Leaf,,,,,-0.0012041867,473.822968,
88,0,88-0,f0,-1.03643334,88-1,88-2,88-2,51.3043289,2115.62109,
88,1,88-1,f1,8.16666698,88-3,88-4,88-4,4.20762253,130.29953,
88,2,88-2,f0,0.91536504,88-5,88-6,88-6,38.5585327,1985.32141,
88,3,88-3,f0,-1.75068605,88-7,88-8,88-8,1.73565292,104.980904,
88,4,88-4,f1,8.73333359,88-9,88-10,88-10,3.31923437,25.3186245,
88,5,88-5,f0,0.125661373,88-11,88-12,88-12,9.83328247,1767.43164,
88,6,88-6,f0,1.55477357,88-13,88-14,88-14,6.18966293,217.889755,
88,7,88-7,Leaf,,,,,-0.0277326964,27.6823483,
88,8,88-8,f1,6.38333321,88-15,88-16,88-16,0.482379913,77.2985611,
88,9,88-9,Leaf,,,,,0.0121762129,5.5517211,
88,10,88-10,f0,-1.22652817,88-17,88-18,88-18,1.31655169,19.7669029,
88,11,88-11,f1,0.966666639,88-19,88-20,88-20,5.31507158,1095.05981,
88,12,88-12,f1,5.4333334,88-21,88-22,88-22,2.55260086,672.371948,
88,13,88-13,f2,0.0199999996,88-23,88-24,88-24,1.56916428,154.851486,
88,14,88-14,f1,8.10000038,88-25,88-26,88-26,0.392566681,63.0382767,
88,15,88-15,Leaf,,,,,-0.016086081,60.1173363,
88,16,88-16,Leaf,,,,,-0.0234208517,17.1812229,
88,17,88-17,Leaf,,,,,-0.00339522772,8.95284367,
88,18,88-18,Leaf,,,,,-0.0191093981,10.8140602,
88,19,88-19,Leaf,,,,,-0.0268518701,6.70808601,
88,20,88-20,Leaf,,,,,-0.00184159609,1088.35168,
88,21,88-21,Leaf,,,,,0.00628366461,133.660751,
88,22,88-22,Leaf,,,,,0.00165993976,538.711182,
88,23,88-23,Leaf,,,,,0.010762007,138.942566,
88,24,88-24,Leaf,,,,,0.000768527796,15.9089088,
88,25,88-25,Leaf,,,,,0.0218364876,57.4729385,
88,26,88-26,Leaf,,,,,0.0102876807,5.56533623,
89,0,89-0,f0,-0.612812936,89-1,89-2,89-2,54.3296471,2115.41992,
89,1,89-1,f0,-1.2815516,89-3,89-4,89-4,12.4049377,336.765594,
89,2,89-2,f0,0.91536504,89-5,89-6,89-6,27.6415615,1778.65442,
89,3,89-3,f0,-1.88079357,89-7,89-8,89-8,2.00607681,75.7042847,
89,4,89-4,f1,3.45000005,89-9,89-10,89-10,3.97668648,261.06131,
89,5,89-5,f0,0.0501535349,89-11,89-12,89-12,5.41067648,1560.75928,
89,6,89-6,f0,1.75068581,89-13,89-14,89-14,6.7573967,217.895126,
89,7,89-7,Leaf,,,,,-0.0304980613,20.2553711,
89,8,89-8,f1,8.46666622,89-15,89-16,89-16,0.815673828,55.4489136,
89,9,89-9,f1,1.25,89-17,89-18,89-18,1.36276913,35.9791451,
89,10,89-10,f1,3.88333344,89-19,89-20,89-20,3.5574007,225.082169,
89,11,89-11,f2,-0.00999999978,89-21,89-22,89-22,2.76741505,775.65509,
89,12,89-12,f2,-0.0700000003,89-23,89-24,89-24,1.97788906,785.104248,
89,13,89-13,f1,3.20000005,89-25,89-26,89-26,1.97619247,179.01593,
89,14,89-14,Leaf,,,,,0.0230411813,38.8791847,
89,15,89-15,Leaf,,,,,-0.0197807252,48.2512283,
89,16,89-16,Leaf,,,,,-0.00747213373,7.19768286,
89,17,89-17,Leaf,,,,,-0.0302677117,5.92241001,
89,18,89-18,Leaf,,,,,-0.0138871698,30.0567341,
89,19,89-19,Leaf,,,,,0.010417955,9.69052219,
89,20,89-20,Leaf,,,,,-0.00743039418,215.391647,
89,21,89-21,Leaf,,,,,0.00329281902,99.1531067,
89,22,89-22,Leaf,,,,,-0.00205192179,676.501953,
89,23,89-23,Leaf,,,,,0.0190497134,5.20911312,
89,24,89-24,Leaf,,,,,0.0020282215,779.895142,
89,25,89-25,Leaf,,,,,0.015333754,37.7592125,
89,26,89-26,Leaf,,,,,0.00751221087,141.256729,
90,0,90-0,f0,-0.84162122,90-1,90-2,90-2,49.7739372,2110.1731,
90,1,90-1,f0,-1.34075499,90-3,90-4,90-4,7.60955048,200.43161,
90,2,90-2,f0,1.0803194,90-5,90-6,90-6,31.3145485,1909.74158,
90,3,90-3,f0,-1.75068605,90-7,90-8,90-8,0.955005646,64.4956894,
90,4,90-4,f1,8.23333359,90-9,90-10,90-10,2.71695709,135.935913,
90,5,90-5,f0,0.358458757,90-11,90-12,90-12,6.74483395,1750.24036,
90,6,90-6,f0,1.75068581,90-13,90-14,90-14,3.9367981,159.501144,
90,7,90-7,Leaf,,,,,-0.0275745112,27.1669483,
90,8,90-8,f1,2.6833334,90-15,90-16,90-16,1.01444626,37.3287392,
90,9,90-9,f1,6.86666679,90-17,90-18,90-18,2.39002419,82.9450531,
90,10,90-10,f1,9.78333378,90-19,90-20,90-20,2.68337345,52.9908676,
90,11,90-11,f1,0.966666639,90-21,90-22,90-22,3.5455327,1311.76819,
90,12,90-12,f1,2.13333344,90-23,90-24,90-24,2.83742952,438.472168,
90,13,90-13,f2,0.0199999996,90-25,90-26,90-26,2.39100838,121.896393,
90,14,90-14,Leaf,,,,,0.0226941705,37.6047516,
90,15,90-15,Leaf,,,,,-0.00830557663,8.990345,
90,16,90-16,Leaf,,,,,-0.0212215912,28.3383942,
90,17,90-17,Leaf,,,,,-0.0105365235,66.1343155,
90,18,90-18,Leaf,,,,,-0.0233973246,16.8107319,
90,19,90-19,Leaf,,,,,0.00360754365,21.1163731,
90,20,90-20,Leaf,,,,,-0.00996535458,31.8744946,
90,21,90-21,Leaf,,,,,-0.0211205836,6.63153267,
90,22,90-22,Leaf,,,,,-0.000610969437,1305.13672,
90,23,90-23,Leaf,,,,,0.0144445263,19.6289024,
90,24,90-24,Leaf,,,,,0.00302006211,418.843292,
90,25,90-25,Leaf,,,,,0.0127272075,110.769997,
90,26,90-26,Leaf,,,,,-0.00171252456,11.1264,
91,0,91-0,f0,-0.95416522,91-1,91-2,91-2,43.7475967,2098.33032,
91,1,91-1,f0,-1.47579098,91-3,91-4,91-4,6.8291893,152.94252,
91,2,91-2,f0,1.0803194,91-5,91-6,91-6,30.3307304,1945.38782,
91,3,91-3,Leaf,,,,,-0.0248400811,48.9856796,
91,4,91-4,f1,10.6499996,91-7,91-8,91-8,3.13709736,103.956833,
91,5,91-5,f0,0.358458757,91-9,91-10,91-10,11.1413565,1787.73633,
91,6,91-6,f0,1.88079405,91-11,91-12,91-12,3.76230621,157.651398,
91,7,91-7,f1,1.60000002,91-13,91-14,91-14,1.40754128,92.6132431,
91,8,91-8,f1,11.7166662,91-15,91-16,91-16,3.14052558,11.3435898,
91,9,91-9,f0,-0.412463129,91-17,91-18,91-18,4.33287525,1350.88049,
91,10,91-10,f2,-0.0199999996,91-19,91-20,91-20,2.50491524,436.855896,
91,11,91-11,f2,0.0199999996,91-21,91-22,91-22,2.09762955,129.790024,
91,12,91-12,Leaf,,,,,0.0235277768,27.8613682,
91,13,91-13,Leaf,,,,,0.00107555662,5.91614819,
91,14,91-14,Leaf,,,,,-0.0138692018,86.6970978,
91,15,91-15,Leaf,,,,,0.0173024703,5.92268944,
91,16,91-16,Leaf,,,,,-0.0118854232,5.42090034,
91,17,91-17,Leaf,,,,,-0.00446231617,331.002991,
91,18,91-18,Leaf,,,,,-0.0005158899,1019.8775,
91,19,91-19,Leaf,,,,,-0.00555701414,22.4727612,
91,20,91-20,Leaf,,,,,0.00455226796,414.383148,
91,21,91-21,Leaf,,,,,0.0124727292,117.38063,
91,22,91-22,Leaf,,,,,-0.000455858331,12.409399,
92,0,92-0,f0,0.495850354,92-1,92-2,92-2,43.0356216,2086.2998,
92,1,92-1,f0,-0.84162122,92-3,92-4,92-4,29.2813873,1633.10547,
92,2,92-2,f0,1.4757911,92-5,92-6,92-6,9.19971085,453.194397,
92,3,92-3,f0,-1.34075499,92-7,92-8,92-8,5.92950821,195.646225,
92,4,92-4,f2,0.0299999993,92-9,92-10,92-10,3.81800556,1437.45923,
92,5,92-5,f3,0.0599999987,92-11,92-12,92-12,4.17277145,380.978119,
92,6,92-6,f0,1.75068581,92-13,92-14,92-14,1.38368988,72.2162933,
92,7,92-7,f0,-1.88079357,92-15,92-16,92-16,1.11841011,61.6261024,
92,8,92-8,f2,-0.00999999978,92-17,92-18,92-18,1.38105679,134.020111,
92,9,92-9,f0,0.100433774,92-19,92-20,92-20,5.20288134,1362.67664,
92,10,92-10,f5,0.0299999714,92-21,92-22,92-22,6.2236371,74.7825012,
92,11,92-11,f0,1.40507162,92-23,92-24,92-24,1.62231731,372.1138,
92,12,92-12,Leaf,,,,,0.0257627293,8.8643055,
92,13,92-13,f3,0.00999999978,92-25,92-26,92-26,0.408004284,35.6190338,
92,14,92-14,f0,2.3263483,92-27,92-28,92-28,0.0293502808,36.5972633,
92,15,92-15,Leaf,,,,,-0.0272973292,19.1728649,
92,16,92-16,Leaf,,,,,-0.01711943,42.4532356,
92,17,92-17,Leaf,,,,,0.000105418025,12.6368513,
92,18,92-18,Leaf,,,,,-0.0103033697,121.38327,
92,19,92-19,Leaf,,,,,-0.00154862867,927.907166,
92,20,92-20,Leaf,,,,,0.0024246329,434.769501,
92,21,92-21,Leaf,,,,,0.0131407529,10.6904306,
92,22,92-22,Leaf,,,,,-0.0107411584,64.0920715,
92,23,92-23,Leaf,,,,,0.00623556646,361.073212,
92,24,92-24,Leaf,,,,,-0.00508971512,11.0406027,
92,25,92-25,Leaf,,,,,0.009239031,18.7907887,
92,26,92-26,Leaf,,,,,0.0167993382,16.8282433,
92,27,92-27,Leaf,,,,,0.0187752508,21.9644165,
92,28,92-28,Leaf,,,,,0.0262063816,14.6328468,
93,0,93-0,f2,-0.0799999982,93-1,93-2,93-2,6.02473211,2081.05566,
93,1,93-1,f2,-0.140000001,93-3,93-4,93-4,0.548917294,12.3622017,
93,2,93-2,f2,-0.0199999996,93-5,93-6,93-6,3.02041745,2068.69336,
93,3,93-3,Leaf,,,,,0.00930171087,5.06330633,
93,4,93-4,Leaf,,,,,0.0249245241,7.29889488,
93,5,93-5,f1,13.166667,93-7,93-8,93-8,5.14341116,89.8185425,
93,6,93-6,f3,0.0199999996,93-9,93-10,93-10,1.43132854,1978.87488,
93,7,93-7,f1,8.41666698,93-11,93-12,93-12,2.02550602,69.3307495,
93,8,93-8,f1,14.2666664,93-13,93-14,93-14,11.8278313,20.4877911,
93,9,93-9,f2,0.0,93-15,93-16,93-16,1.42150331,1634.89746,
93,10,93-10,f5,0.0400000215,93-17,93-18,93-18,5.36846733,343.977356,
93,11,93-11,Leaf,,,,,-0.0150931757,32.5782547,
93,12,93-12,Leaf,,,,,-0.00470889872,36.7524948,
93,13,93-13,Leaf,,,,,0.0307591427,9.18020058,
93,14,93-14,Leaf,,,,,-0.0130497599,11.3075905,
93,15,93-15,Leaf,,,,,-0.00236305338,337.976471,
93,16,93-16,Leaf,,,,,-0.000181001684,1296.92102,
93,17,93-17,Leaf,,,,,0.0103272675,51.4912796,
93,18,93-18,Leaf,,,,,-9.18945589e-05,292.486084,
94,0,94-0,f0,-0.674489737,94-1,94-2,94-2,44.2394333,2098.83521,
94,1,94-1,f0,-1.34075499,94-3,94-4,94-4,10.4183006,283.698395,
94,2,94-2,f0,1.0803194,94-5,94-6,94-6,25.730875,1815.13696,
94,3,94-3,f0,-1.75068605,94-7,94-8,94-8,0.860004425,60.9512634,
94,4,94-4,f1,1.16666663,94-9,94-10,94-10,2.42122364,222.747147,
94,5,94-5,f0,0.125661373,94-11,94-12,94-12,6.5542717,1659.94727,
94,6,94-6,f0,1.88079405,94-13,94-14,94-14,5.41712952,155.189697,
94,7,94-7,f3,0.00999999978,94-15,94-16,94-16,0.531398773,24.5623245,
94,8,94-8,f1,2.6833334,94-17,94-18,94-18,0.282879829,36.3889389,
94,9,94-9,Leaf,,,,,-0.0255317613,6.00656033,
94,10,94-10,f0,-0.91536504,94-19,94-20,94-20,1.51694584,216.740585,
94,11,94-11,f1,13.4833336,94-21,94-22,94-22,2.24013805,932.314514,
94,12,94-12,f3,0.0900000036,94-23,94-24,94-24,5.30904722,727.63269,
94,13,94-13,f2,0.0199999996,94-25,94-26,94-26,2.66538239,128.009918,
94,14,94-14,Leaf,,,,,0.0253735296,27.179781,
94,15,94-15,Leaf,,,,,-0.0301135741,18.1577072,
94,16,94-16,Leaf,,,,,-0.0152543681,6.40461588,
94,17,94-17,Leaf,,,,,-0.0109268194,8.8885088,
94,18,94-18,Leaf,,,,,-0.0197178926,27.5004311,
94,19,94-19,Leaf,,,,,-0.0101567227,96.7807236,
94,20,94-20,Leaf,,,,,-0.00503366394,119.959854,
94,21,94-21,Leaf,,,,,-0.00189427007,710.689575,
94,22,94-22,Leaf,,,,,0.0015547598,221.624939,
94,23,94-23,Leaf,,,,,0.00243379292,719.655212,
94,24,94-24,Leaf,,,,,0.025665313,7.97745466,
94,25,94-25,Leaf,,,,,0.0119499462,116.442146,
94,26,94-26,Leaf,,,,,-0.00291976775,11.5677624,
95,0,95-0,f2,-0.0799999982,95-1,95-2,95-2,3.01686239,2076.50879,
95,1,95-1,f2,-0.119999997,95-3,95-4,95-4,1.30477548,11.6939001,
95,2,95-2,f2,-0.0299999993,95-5,95-6,95-6,4.15153456,2064.81494,
95,3,95-3,Leaf,,,,,0.00392698683,6.06896544,
95,4,95-4,Leaf,,,,,0.0239755306,5.62493515,
95,5,95-5,f5,0.0600000024,95-7,95-8,95-8,2.56378794,37.6133842,
95,6,95-6,f1,12.4666662,95-9,95-10,95-10,1.1009922,2027.20166,
95,7,95-7,Leaf,,,,,-0.0234140567,8.40890217,
95,8,95-8,f5,0.149999976,95-11,95-12,95-12,2.98386812,29.2044811,
95,9,95-9,f1,11.5,95-13,95-14,95-14,9.45019817,1516.46045,
95,10,95-10,f1,12.6166668,95-15,95-16,95-16,5.76195097,510.74115,
95,11,95-11,Leaf,,,,,0.00810926221,9.51857853,
95,12,95-12,Leaf,,,,,-0.0116081843,19.6859035,
95,13,95-13,Leaf,,,,,-0.000230292004,1343.73706,
95,14,95-14,Leaf,,,,,0.00720512588,172.723434,
95,15,95-15,Leaf,,,,,-0.0135093071,30.0699062,
95,16,95-16,Leaf,,,,,-0.000178679562,480.671234,
96,0,96-0,f0,-0.738846838,96-1,96-2,96-2,38.9772606,2083.2041,
96,1,96-1,f0,-1.34075499,96-3,96-4,96-4,7.96818542,241.227463,
96,2,96-2,f0,1.0803194,96-5,96-6,96-6,20.5275898,1841.97656,
96,3,96-3,f3,0.0199999996,96-7,96-8,96-8,1.18768883,60.350502,
96,4,96-4,f1,1.25,96-9,96-10,96-10,2.46950912,180.876953,
96,5,96-5,f0,0.0501535349,96-11,96-12,96-12,4.21560478,1687.38879,
96,6,96-6,f0,1.88079405,96-13,96-14,96-14,3.84324455,154.587784,
96,7,96-7,f0,-1.88079357,96-15,96-16,96-16,1.03873634,54.5297279,
96,8,96-8,Leaf,,,,,-0.00613776594,5.82077312,
96,9,96-9,Leaf,,,,,-0.0253465492,6.04557467,
96,10,96-10,f1,1.86666667,96-17,96-18,96-18,1.78161526,174.831375,
96,11,96-11,f1,2.36666656,96-19,96-20,96-20,1.85045278,845.646729,
96,12,96-12,f3,0.0700000003,96-21,96-22,96-22,2.48115826,841.742126,
96,13,96-13,f1,10.3666668,96-23,96-24,96-24,2.30737114,128.794891,
96,14,96-14,Leaf,,,,,0.0227484778,25.7928905,
96,15,96-15,Leaf,,,,,-0.0284198038,17.6918564,
96,16,96-16,Leaf,,,,,-0.0178469121,36.8378754,
96,17,96-17,Leaf,,,,,0.00907637551,5.20463419,
96,18,96-18,Leaf,,,,,-0.00753522897,169.626755,
96,19,96-19,Leaf,,,,,-0.0076898206,31.0910397,
96,20,96-20,Leaf,,,,,-0.000344687956,814.555664,
96,21,96-21,Leaf,,,,,0.00217489107,830.663086,
96,22,96-22,Leaf,,,,,0.0158871878,11.079031,
96,23,96-23,Leaf,,,,,0.00860448647,117.377579,
96,24,96-24,Leaf,,,,,0.0225189719,11.4173098,
97,0,97-0,f0,0.706302524,97-1,97-2,97-2,37.9400291,2080.18628,
97,1,97-1,f0,-1.03643334,97-3,97-4,97-4,29.4925117,1780.28796,
97,2,97-2,f0,1.55477357,97-5,97-6,97-6,7.94612122,299.898376,
97,3,97-3,f1,5.0999999,97-7,97-8,97-8,3.92841721,118.496147,
97,4,97-4,f0,-0.075269863,97-9,97-10,97-10,4.8555851,1661.79187,
97,5,97-5,f1,3.13333344,97-11,97-12,97-12,1.81796741,242.1091,
97,6,97-6,f1,3.48333335,97-13,97-14,97-14,0.916702271,57.7892952,
97,7,97-7,f0,-1.55477357,97-15,97-16,97-16,1.235466,64.8032608,
97,8,97-8,f1,6.38333321,97-17,97-18,97-18,1.42975855,53.6928825,
97,9,97-9,f1,8.73333359,97-19,97-20,97-20,1.94795132,774.312683,
97,10,97-10,f3,0.0900000036,97-21,97-22,97-22,2.64774704,887.479126,
97,11,97-11,f3,0.00999999978,97-23,97-24,97-24,1.38358402,42.6098518,
97,12,97-12,f1,3.9333334,97-25,97-26,97-26,3.38528061,199.499237,
97,13,97-13,Leaf,,,,,0.0235913955,30.5998077,
97,14,97-14,f1,5.76666689,97-27,97-28,97-28,1.87450981,27.1894875,
97,15,97-15,Leaf,,,,,-0.0259816274,30.1851082,
97,16,97-16,Leaf,,,,,-0.0163191091,34.6181526,
97,17,97-17,Leaf,,,,,-0.00118800206,13.2186489,
97,18,97-18,Leaf,,,,,-0.0126146972,40.4742355,
97,19,97-19,Leaf,,,,,-0.000621985004,309.733307,
97,20,97-20,Leaf,,,,,-0.0036944712,464.579407,
97,21,97-21,Leaf,,,,,0.000598680868,877.658997,
97,22,97-22,Leaf,,,,,0.0155320065,9.82012844,
97,23,97-23,Leaf,,,,,0.0061607901,18.1879768,
97,24,97-24,Leaf,,,,,0.0175096653,24.4218731,
97,25,97-25,Leaf,,,,,-0.00637806812,17.2417355,
97,26,97-26,Leaf,,,,,0.0072543174,182.257507,
97,27,97-27,Leaf,,,,,0.0070491042,15.5323133,
97,28,97-28,Leaf,,,,,0.0232981425,11.6571741,
98,0,98-0,f0,-0.84162122,98-1,98-2,98-2,39.5039597,2061.14526,
98,1,98-1,f0,-1.47579098,98-3,98-4,98-4,7.21935654,184.629333,
98,2,98-2,f0,1.0803194,98-5,98-6,98-6,21.8036671,1876.51599,
98,3,98-3,f0,-1.75068605,98-7,98-8,98-8,0.314184189,42.286335,
98,4,98-4,f1,10.8166666,98-9,98-10,98-10,2.67097282,142.343002,
98,5,98-5,f0,-0.125661373,98-11,98-12,98-12,8.54957962,1725.72217,
98,6,98-6,f0,1.88079405,98-13,98-14,98-14,3.832901,150.793777,
98,7,98-7,Leaf,,,,,-0.0277445521,22.6872883,
98,8,98-8,f1,3.9333334,98-15,98-16,98-16,0.59829998,19.5990448,
98,9,98-9,f1,9.88333321,98-17,98-18,98-18,1.80939674,121.978378,
98,10,98-10,f1,11.3500004,98-19,98-20,98-20,5.09142637,20.3646202,
98,11,98-11,f1,8.46666622,98-21,98-22,98-22,1.52366543,619.397949,
98,12,98-12,f3,0.109999999,98-23,98-24,98-24,2.93041205,1106.32422,
98,13,98-13,f1,9.66666698,98-25,98-26,98-26,1.1191349,125.378922,
98,14,98-14,Leaf,,,,,0.0225548204,25.414856,
98,15,98-15,Leaf,,,,,-0.0112953093,9.17685986,
98,16,98-16,Leaf,,,,,-0.0240857452,10.4221849,
98,17,98-17,Leaf,,,,,-0.0104323467,112.207466,
98,18,98-18,Leaf,,,,,-0.0238248073,9.77091599,
98,19,98-19,Leaf,,,,,0.0233426616,5.1253624,
98,20,98-20,Leaf,,,,,-0.00875495654,15.2392588,
98,21,98-21,Leaf,,,,,-0.000735909387,233.542404,
98,22,98-22,Leaf,,,,,-0.00380829466,385.85556,
98,23,98-23,Leaf,,,,,0.00161067396,1099.04712,
98,24,98-24,Leaf,,,,,0.0195384026,7.27708817,
98,25,98-25,Leaf,,,,,0.00849336758,109.205872,
98,26,98-26,Leaf,,,,,0.0171022695,16.173048,
99,0,99-0,f0,0.643345416,99-1,99-2,99-2,36.7683449,2066.29321,
99,1,99-1,f0,-1.03643334,99-3,99-4,99-4,29.3009739,1727.87732,
99,2,99-2,f0,1.17498672,99-5,99-6,99-6,6.33114243,338.415985,
99,3,99-3,f0,-1.34075499,99-7,99-8,99-8,3.57242966,113.543221,
99,4,99-4,f0,-0.358458757,99-9,99-10,99-10,6.41785145,1614.33398,
99,5,99-5,f2,0.0299999993,99-11,99-12,99-12,1.45540905,209.601746,
99,6,99-6,f2,0.0199999996,99-13,99-14,99-14,2.44067192,128.81424,
99,7,99-7,f2,0.0,99-15,99-16,99-16,1.1002121,56.4536896,
99,8,99-8,f3,0.00999999978,99-17,99-18,99-18,0.728499413,57.0895309,
99,9,99-9,f3,0.0399999991,99-19,99-20,99-20,1.6400485,419.869568,
99,10,99-10,f0,0.612813056,99-21,99-22,99-22,1.4384923,1194.46448,
99,11,99-11,f0,1.12639117,99-23,99-24,99-24,0.525648594,198.479279,
99,12,99-12,Leaf,,,,,0.016254086,11.1224756,
99,13,99-13,f0,2.3263483,99-25,99-26,99-26,2.15496063,118.211281,
99,14,99-14,f0,1.4757911,99-27,99-28,99-28,1.20907581,10.6029615,
99,15,99-15,Leaf,,,,,-0.0120689152,12.4775534,
99,16,99-16,Leaf,,,,,-0.023875026,43.9761353,
99,17,99-17,Leaf,,,,,-0.00685789622,29.2106934,
99,18,99-18,Leaf,,,,,-0.014056758,27.8788395,
99,19,99-19,Leaf,,,,,-0.00318698375,399.396912,
99,20,99-20,Leaf,,,,,-0.0117352195,20.4726696,
99,21,99-21,Leaf,,,,,0.000808732351,1176.4342,
99,22,99-22,Leaf,,,,,-0.0075071943,18.0302925,
99,23,99-23,Leaf,,,,,0.00576938596,187.657288,
99,24,99-24,Leaf,,,,,-0.000948736444,10.8219929,
99,25,99-25,Leaf,,,,,0.0140907615,105.302719,
99,26,99-26,Leaf,,,,,0.0274221562,12.9085646,
99,27,99-27,Leaf,,,,,-0.00895002205,5.11377716,
99,28,99-28,Leaf,,,,,0.00964596029,5.48918438,
100,0,100-0,f0,-1.08031929,100-1,100-2,100-2,36.9781837,2057.92163,
100,1,100-1,f2,-0.00999999978,100-3,100-4,100-4,1.91378021,102.353294,
100,2,100-2,f0,0.706302524,100-5,100-6,100-6,25.3239441,1955.56836,
100,3,100-3,Leaf,,,,,-0.00414518779,9.27632236,
100,4,100-4,f0,-1.88079357,100-7,100-8,100-8,1.48517609,93.076973,
100,5,100-5,f0,-0.524400473,100-9,100-10,100-10,3.55067801,1659.48401,
100,6,100-6,f0,1.75068581,100-11,100-12,100-12,6.25928497,296.08432,
100,7,100-7,Leaf,,,,,-0.0278810076,15.7362347,
100,8,100-8,f3,0.00999999978,100-13,100-14,100-14,0.223350525,77.3407364,
100,9,100-9,f3,0.0399999991,100-15,100-16,100-16,2.36052322,267.358337,
100,10,100-10,f2,-0.100000001,100-17,100-18,100-18,4.22074413,1392.12573,
100,11,100-11,f2,0.00999999978,100-19,100-20,100-20,1.19344234,263.365112,
100,12,100-12,f0,2.3263483,100-21,100-22,100-22,0.0398406982,32.7191963,
100,13,100-13,Leaf,,,,,-0.0144822691,44.7024422,
100,14,100-14,Leaf,,,,,-0.0194585379,32.6382942,
100,15,100-15,Leaf,,,,,-0.00312913372,252.210968,
100,16,100-16,Leaf,,,,,-0.0150006628,15.1473732,
100,17,100-17,Leaf,,,,,0.0238551814,5.59588385,
100,18,100-18,Leaf,,,,,-0.000200045906,1386.52979,
100,19,100-19,Leaf,,,,,0.00593709433,192.302261,
100,20,100-20,Leaf,,,,,0.0105686672,71.0628586,
100,21,100-21,Leaf,,,,,0.0175091829,20.1955395,
100,22,100-22,Leaf,,,,,0.0250207372,12.5236559,
101,0,101-0,f0,-0.176374152,101-1,101-2,101-2,35.1246834,2062.88818,
101,1,101-1,f0,-1.34075499,101-3,101-4,101-4,14.422287,738.387817,
101,2,101-2,f0,1.17498672,101-5,101-6,101-6,19.3181324,1324.50049,
101,3,101-3,f0,-1.88079357,101-7,101-8,101-8,0.806251526,53.8891754,
101,4,101-4,f0,-0.84162122,101-9,101-10,101-10,3.70719624,684.498657,
101,5,101-5,f3,0.0299999993,101-11,101-12,101-12,3.78855085,1201.20581,
101,6,101-6,f0,1.4757911,101-13,101-14,101-14,3.06975937,123.294662,
101,7,101-7,Leaf,,,,,-0.0262172781,16.1838665,
101,8,101-8,f1,2.6833334,101-15,101-16,101-16,0.705851555,37.7053108,
101,9,101-9,f1,10.5333338,101-17,101-18,101-18,2.62981987,127.78083,
101,10,101-10,f1,3.45000005,101-19,101-20,101-20,2.05187511,556.717773,
101,11,101-11,f0,0.279319078,101-21,101-22,101-22,3.35940742,1069.83936,
101,12,101-12,f2,-0.0799999982,101-23,101-24,101-24,3.6363368,131.36647,
101,13,101-13,f1,9.60000038,101-25,101-26,101-26,2.47513103,58.6857414,
101,14,101-14,f1,8.80000019,101-27,101-28,101-28,1.34127998,64.6089172,
101,15,101-15,Leaf,,,,,-0.00873563532,10.6610918,
101,16,101-16,Leaf,,,,,-0.0192010235,27.0442181,
101,17,101-17,Leaf,,,,,-0.0103868833,106.312042,
101,18,101-18,Leaf,,,,,0.00106847857,21.4687843,
101,19,101-19,Leaf,,,,,-0.00885451585,45.4477005,
101,20,101-20,Leaf,,,,,-0.00225540274,511.270111,
101,21,101-21,Leaf,,,,,0.000998942647,590.732971,
101,22,101-22,Leaf,,,,,0.00437989738,479.106354,
101,23,101-23,Leaf,,,,,0.0161299128,7.52898741,
101,24,101-24,Leaf,,,,,-0.00414206227,123.837494,
101,25,101-25,Leaf,,,,,0.00644160435,50.8707314,
101,26,101-26,Leaf,,,,,0.0239500795,7.81500912,
101,27,101-27,Leaf,,,,,0.0201218035,59.576355,
101,28,101-28,Leaf,,,,,0.00326880603,5.0325613,
102,0,102-0,f0,-1.03643334,102-1,102-2,102-2,31.449625,2058.9104,
102,1,102-1,f0,-1.34075499,102-3,102-4,102-4,3.04281425,108.521431,
102,2,102-2,f0,0.91536504,102-5,102-6,102-6,20.2541733,1950.38904,
102,3,102-3,f2,0.0,102-7,102-8,102-8,1.90964699,53.7769737,
102,4,102-4,f2,0.0,102-9,102-10,102-10,0.995241642,54.7444572,
102,5,102-5,f0,-0.150969222,102-11,102-12,102-12,4.01255703,1755.22852,
102,6,102-6,f0,1.88079405,102-13,102-14,102-14,5.30664253,195.160492,
102,7,102-7,f1,3.9333334,102-15,102-16,102-16,0.654779434,12.261363,
102,8,102-8,f1,5.0999999,102-17,102-18,102-18,0.524057388,41.5156097,
102,9,102-9,f0,-1.22652817,102-19,102-20,102-20,1.02870321,13.8428135,
102,10,102-10,f1,3.48333335,102-21,102-22,102-22,1.44101071,40.9016457,
102,11,102-11,f1,0.966666639,102-23,102-24,102-24,2.45462799,663.209778,
102,12,102-12,f2,0.0,102-25,102-26,102-26,3.81015015,1092.01868,
102,13,102-13,f1,9.66666698,102-27,102-28,102-28,1.52697754,171.55455,
102,14,102-14,Leaf,,,,,0.0229617264,23.6059418,
102,15,102-15,Leaf,,,,,-0.00176558422,5.98801374,
102,16,102-16,Leaf,,,,,-0.0154970754,6.27334929,
102,17,102-17,Leaf,,,,,-0.0266904905,29.2245903,
102,18,102-18,Leaf,,,,,-0.0161029752,12.2910194,
102,19,102-19,Leaf,,,,,-0.00600955216,5.6331358,
102,20,102-20,Leaf,,,,,-0.0237211827,8.2096777,
102,21,102-21,Leaf,,,,,-0.0179048982,8.91679096,
102,22,102-22,Leaf,,,,,-0.00456498517,31.9848537,
102,23,102-23,Leaf,,,,,-0.0211807769,5.05862856,
102,24,102-24,Leaf,,,,,-0.00197776034,658.151184,
102,25,102-25,Leaf,,,,,-0.00200785766,310.270142,
102,26,102-26,Leaf,,,,,0.00191647094,781.748596,
102,27,102-27,Leaf,,,,,0.00659764512,144.005203,
102,28,102-28,Leaf,,,,,0.0143583743,27.549345,
103,0,103-0,f2,-0.0799999982,103-1,103-2,103-2,4.59719753,2052.31641,
103,1,103-1,f1,7.33333349,103-3,103-4,103-4,1.21751833,12.5843582,
103,2,103-2,f2,-0.0399999991,103-5,103-6,103-6,1.69686413,2039.73193,
103,3,103-3,Leaf,,,,,0.00783546362,7.36853647,
103,4,103-4,Leaf,,,,,0.0274911933,5.21582174,
103,5,103-5,f1,10.7666664,103-7,103-8,103-8,1.6685462,19.3033257,
103,6,103-6,f1,5.91666651,103-9,103-10,103-10,1.1549114,2020.42859,
103,7,103-7,f1,5.98333311,103-11,103-12,103-12,1.08844912,11.3131094,
103,8,103-8,Leaf,,,,,-0.0183843207,7.99021578,
103,9,103-9,f2,0.00999999978,103-13,103-14,103-14,7.50531387,533.143738,
103,10,103-10,f1,6.58333349,103-15,103-16,103-16,4.29719639,1487.28491,
103,11,103-11,Leaf,,,,,-0.00876991358,6.23530865,
103,12,103-12,Leaf,,,,,0.00845905486,5.07780075,
103,13,103-13,Leaf,,,,,-0.00332154892,394.634521,
103,14,103-14,Leaf,,,,,0.00477201166,138.509201,
103,15,103-15,Leaf,,,,,0.00762881199,69.7332687,
103,16,103-16,Leaf,,,,,5.21516777e-05,1417.55164,
104,0,104-0,f0,0.0,104-1,104-2,104-2,25.5852871,2055.59106,
104,1,104-1,f0,-1.08031929,104-3,104-4,104-4,15.1628036,994.845276,
104,2,104-2,f0,1.4757911,104-5,104-6,104-6,13.6309824,1060.74573,
104,3,104-3,f1,8.16666698,104-7,104-8,104-8,3.51729393,99.9513092,
104,4,104-4,f1,0.966666639,104-9,104-10,104-10,3.72982073,894.893982,
104,5,104-5,f0,0.91536504,104-11,104-12,104-12,3.64624023,997.219666,
104,6,104-6,f1,8.66666698,104-13,104-14,104-14,1.70624924,63.5260544,
104,7,104-7,f0,-1.75068605,104-15,104-16,104-16,1.90166092,80.1335526,
104,8,104-8,f1,8.91666698,104-17,104-18,104-18,3.03578997,19.8177547,
104,9,104-9,Leaf,,,,,-0.0243560653,6.02879286,
104,10,104-10,f3,0.0500000007,104-19,104-20,104-20,2.64841843,888.865173,
104,11,104-11,f1,11.5,104-21,104-22,104-22,2.84204102,862.485168,
104,12,104-12,f1,2.13333344,104-23,104-24,104-24,1.64667654,134.734467,
104,13,104-13,f0,2.3263483,104-25,104-26,104-26,1.34644318,58.1703415,
104,14,104-14,Leaf,,,,,2.36176766e-05,5.35571194,
104,15,104-15,Leaf,,,,,-0.0257561095,20.3726425,
104,16,104-16,Leaf,,,,,-0.0144588584,59.76091,
104,17,104-17,Leaf,,,,,0.0143835722,5.32226658,
104,18,104-18,Leaf,,,,,-0.0103312936,14.4954891,
104,19,104-19,Leaf,,,,,-0.00212536636,866.860535,
104,20,104-20,Leaf,,,,,-0.0124508236,22.0046101,
104,21,104-21,Leaf,,,,,-0.000121523844,516.143494,
104,22,104-22,Leaf,,,,,0.0033881946,346.341705,
104,23,104-23,Leaf,,,,,0.0171825234,11.246089,
104,24,104-24,Leaf,,,,,0.00548714446,123.48838,
104,25,104-25,Leaf,,,,,0.0147708869,46.1182518,
104,26,104-26,Leaf,,,,,0.0269668214,12.0520897,
105,0,105-0,f0,-0.84162122,105-1,105-2,105-2,31.7694092,2060.38965,
105,1,105-1,f1,8.23333359,105-3,105-4,105-4,6.11382103,178.035873,
105,2,105-2,f0,0.84162128,105-5,105-6,105-6,20.0658302,1882.35376,
105,3,105-3,f0,-0.91536504,105-7,105-8,105-8,4.23572922,125.220032,
105,4,105-4,f1,8.73333359,105-9,105-10,105-10,1.66611266,52.8158302,
105,5,105-5,f0,0.227544904,105-11,105-12,105-12,4.09865856,1652.64954,
105,6,105-6,f0,1.75068581,105-13,105-14,105-14,6.12330246,229.704178,
105,7,105-7,f0,-1.75068605,105-15,105-16,105-16,1.92029572,108.748718,
105,8,105-8,f1,5.33333349,105-17,105-18,105-18,2.181077,16.4713154,
105,9,105-9,Leaf,,,,,0.00802232511,8.15042782,
105,10,105-10,f1,9.35000038,105-19,105-20,105-20,2.41343355,44.6654053,
105,11,105-11,f1,5.0999999,105-21,105-22,105-22,3.98099184,1152.84875,
105,12,105-12,f1,14.666667,105-23,105-24,105-24,2.42898941,499.800873,
105,13,105-13,f1,1.10000002,105-25,105-26,105-26,1.94023609,198.64595,
105,14,105-14,f0,2.3263483,105-27,105-28,105-28,0.421123505,31.0582218,
105,15,105-15,Leaf,,,,,-0.0269797798,19.7010765,
105,16,105-16,Leaf,,,,,-0.0159301292,89.0476456,
105,17,105-17,Leaf,,,,,0.00830777921,8.57256985,
105,18,105-18,Leaf,,,,,-0.0123384548,7.89874601,
105,19,105-19,Leaf,,,,,-0.0193207283,8.7531929,
105,20,105-20,Leaf,,,,,-0.00240264065,35.9122124,
105,21,105-21,Leaf,,,,,-0.00570629584,161.553268,
105,22,105-22,Leaf,,,,,-0.00064021477,991.29541,
105,23,105-23,Leaf,,,,,0.00214601681,493.480072,
105,24,105-24,Leaf,,,,,-0.0152761312,6.32081032,
105,25,105-25,Leaf,,,,,0.0220132116,6.69347477,
105,26,105-26,Leaf,,,,,0.00643317122,191.952469,
105,27,105-27,Leaf,,,,,0.0166687351,19.1538429,
105,28,105-28,Leaf,,,,,0.0268705152,11.9043779,
106,0,106-0,f0,-0.91536504,106-1,106-2,106-2,28.2611923,2044.74902,
106,1,106-1,f1,8.30000019,106-3,106-4,106-4,7.26603889,143.828842,
106,2,106-2,f0,0.91536504,106-5,106-6,106-6,21.4092884,1900.92017,
106,3,106-3,f0,-1.75068605,106-7,106-8,106-8,2.04196167,107.318863,
106,4,106-4,f1,9.88333321,106-9,106-10,106-10,1.07698619,36.5099869,
106,5,106-5,f0,0.0,106-11,106-12,106-12,5.7874589,1706.67163,
106,6,106-6,f1,3.20000005,106-13,106-14,106-14,5.67275429,194.248581,
106,7,106-7,Leaf,,,,,-0.025630163,20.1769505,
106,8,106-8,f1,3.9333334,106-15,106-16,106-16,1.61196136,87.1419067,
106,9,106-9,f1,9.30000019,106-17,106-18,106-18,2.18536377,17.7268505,
106,10,106-10,f1,10.6499996,106-19,106-20,106-20,3.75056887,18.7831383,
106,11,106-11,f1,0.966666639,106-21,106-22,106-22,2.8656795,851.080566,
106,12,106-12,f1,14.666667,106-23,106-24,106-24,1.77515244,855.591003,
106,13,106-13,f0,1.75068581,106-25,106-26,106-26,0.444343567,50.957962,
106,14,106-14,f0,1.75068581,106-27,106-28,106-28,1.97754002,143.290634,
106,15,106-15,Leaf,,,,,-0.00892624818,33.6830444,
106,16,106-16,Leaf,,,,,-0.0177733842,53.4588661,
106,17,106-17,Leaf,,,,,-0.00374436355,11.7069302,
106,18,106-18,Leaf,,,,,0.0171878766,6.01992035,
106,19,106-19,Leaf,,,,,-0.0246515106,5.58947277,
106,20,106-20,Leaf,,,,,0.00288138655,13.1936655,
106,21,106-21,Leaf,,,,,-0.0224055778,5.14676619,
106,22,106-22,Leaf,,,,,-0.00183188659,845.933838,
106,23,106-23,Leaf,,,,,0.00175062951,830.305176,
106,24,106-24,Leaf,,,,,-0.00617342303,25.2858181,
106,25,106-25,Leaf,,,,,0.0156459678,33.1289558,
106,26,106-26,Leaf,,,,,0.0234881695,17.8290043,
106,27,106-27,Leaf,,,,,0.00592925167,130.863754,
106,28,106-28,Leaf,,,,,0.0181837101,12.4268751,
107,0,107-0,f2,-0.0799999982,107-1,107-2,107-2,4.06715965,2043.60669,
107,1,107-1,f1,7.33333349,107-3,107-4,107-4,0.667162657,12.4671164,
107,2,107-2,f3,0.0299999993,107-5,107-6,107-6,1.81789279,2031.13965,
107,3,107-3,Leaf,,,,,0.00832576584,7.01174784,
107,4,107-4,Leaf,,,,,0.0237333942,5.455369,
107,5,107-5,f1,8.73333359,107-7,107-8,107-8,1.6717838,1840.33362,
107,6,107-6,f5,0.0299999714,107-9,107-10,107-10,2.81971121,190.806,
107,7,107-7,f1,8.60000038,107-11,107-12,107-12,7.10780621,799.013977,
107,8,107-8,f1,11.4499998,107-13,107-14,107-14,4.48821068,1041.31958,
107,9,107-9,f3,0.0500000007,107-15,107-16,107-16,3.91063714,22.3300514,
107,10,107-10,f1,14.6333332,107-17,107-18,107-18,1.68931985,168.475952,
107,11,107-11,Leaf,,,,,0.000693199283,783.110474,
107,12,107-12,Leaf,,,,,0.0203572996,15.9034843,
107,13,107-13,Leaf,,,,,-0.00318108033,404.470825,
107,14,107-14,Leaf,,,,,0.00085588661,636.848755,
107,15,107-15,Leaf,,,,,0.0141262468,16.4671783,
107,16,107-16,Leaf,,,,,-0.0127696795,5.86287355,
107,17,107-17,Leaf,,,,,-0.00359595125,160.638702,
107,18,107-18,Leaf,,,,,-0.0171483438,7.83724785,
108,0,108-0,f2,-0.0799999982,108-1,108-2,108-2,2.15691042,2043.18262,
108,1,108-1,f5,0.210000008,108-3,108-4,108-4,0.503168344,11.9401951,
108,2,108-2,f5,0.150000006,108-5,108-6,108-6,1.817258,2031.24243,
108,3,108-3,Leaf,,,,,0.00566660613,6.92139912,
108,4,108-4,Leaf,,,,,0.0188174937,5.01879644,
108,5,108-5,f5,0.149999976,108-7,108-8,108-8,3.75083923,1011.22449,
108,6,108-6,f2,0.00999999978,108-9,108-10,108-10,3.08770418,1020.01788,
108,7,108-7,f3,0.0599999987,108-11,108-12,108-12,2.97407269,978.305359,
108,8,108-8,f1,12.9666662,108-13,108-14,108-14,4.92438507,32.9191704,
108,9,108-9,f1,4.83333349,108-15,108-16,108-16,2.23438859,754.934387,
108,10,108-10,f1,11.3500004,108-17,108-18,108-18,4.01377583,265.083496,
108,11,108-11,Leaf,,,,,0.000698714692,964.497131,
108,12,108-12,Leaf,,,,,-0.0128491577,13.8081884,
108,13,108-13,Leaf,,,,,0.016115617,26.7883625,
108,14,108-14,Leaf,,,,,-0.0121757304,6.13080788,
108,15,108-15,Leaf,,,,,-0.0046288711,201.971771,
108,16,108-16,Leaf,,,,,-0.000946092885,552.962585,
108,17,108-17,Leaf,,,,,0.00382767315,204.583832,
108,18,108-18,Leaf,,,,,-0.00491187908,60.4996796,
109,0,109-0,f0,-1.03643334,109-1,109-2,109-2,29.4713783,2039.29456,
109,1,109-1,f2,-0.00999999978,109-3,109-4,109-4,2.74888992,103.737228,
109,2,109-2,f0,1.0803194,109-5,109-6,109-6,18.3498993,1935.55737,
109,3,109-3,Leaf,,,,,-0.000460712588,9.9635334,
109,4,109-4,f0,-1.88079357,109-7,109-8,109-8,1.78070831,93.7736893,
109,5,109-5,f0,-0.227544993,109-9,109-10,109-10,6.78628111,1795.11584,
109,6,109-6,f0,1.75068581,109-11,109-12,109-12,5.54472351,140.441513,
109,7,109-7,Leaf,,,,,-0.0272219032,13.9617186,
109,8,109-8,f1,8.16666698,109-13,109-14,109-14,0.893156052,79.8119736,
109,9,109-9,f1,8.73333359,109-15,109-16,109-16,2.08606052,564.495422,
109,10,109-10,f2,-0.0799999982,109-17,109-18,109-18,2.7571454,1230.62036,
109,11,109-11,f2,0.0199999996,109-19,109-20,109-20,2.05927658,110.995842,
109,12,109-12,f0,2.3263483,109-21,109-22,109-22,0.553710938,29.4456692,
109,13,109-13,Leaf,,,,,-0.0168492775,60.2770691,
109,14,109-14,Leaf,,,,,-0.00868349615,19.5349045,
109,15,109-15,Leaf,,,,,-0.000664017047,252.00264,
109,16,109-16,Leaf,,,,,-0.00433300342,312.492798,
109,17,109-17,Leaf,,,,,0.018599838,7.21247673,
109,18,109-18,Leaf,,,,,0.00115340156,1223.40796,
109,19,109-19,Leaf,,,,,0.00935418252,100.53215,
109,20,109-20,Leaf,,,,,-0.00428937748,10.4636908,
109,21,109-21,Leaf,,,,,0.0174506381,18.2156143,
109,22,109-22,Leaf,,,,,0.0289919712,11.2300549,
110,0,110-0,f0,-1.03643334,110-1,110-2,110-2,24.0787487,2037.74451,
110,1,110-1,f0,-1.34075499,110-3,110-4,110-4,4.24311256,102.949448,
110,2,110-2,f0,1.0803194,110-5,110-6,110-6,16.8025036,1934.79504,
110,3,110-3,f0,-1.88079357,110-7,110-8,110-8,0.859643936,49.6454468,
110,4,110-4,f1,3.48333335,110-9,110-10,110-10,0.623375177,53.3040009,
110,5,110-5,f0,-0.439913124,110-11,110-12,110-12,4.14444256,1796.35583,
110,6,110-6,f0,1.75068581,110-13,110-14,110-14,4.12208939,138.439178,
110,7,110-7,Leaf,,,,,-0.0273729526,14.5366096,
110,8,110-8,f1,2.6833334,110-15,110-16,110-16,0.704684258,35.1088409,
110,9,110-9,f1,2.29999995,110-17,110-18,110-18,1.04680872,11.7224789,
110,10,110-10,f3,0.00999999978,110-19,110-20,110-20,1.60074568,41.5815239,
110,11,110-11,f1,13.75,110-21,110-22,110-22,1.69678998,321.067352,
110,12,110-12,f1,14.583333,110-23,110-24,110-24,2.50461578,1475.28857,
110,13,110-13,f1,3.45000005,110-25,110-26,110-26,1.3992672,109.273598,
110,14,110-14,f0,2.3263483,110-27,110-28,110-28,0.5022192,29.1655827,
110,15,110-15,Leaf,,,,,-0.00848921388,9.33329391,
110,16,110-16,Leaf,,,,,-0.0195558891,25.7755451,
110,17,110-17,Leaf,,,,,-0.00477572856,6.47038221,
110,18,110-18,Leaf,,,,,-0.0229659714,5.25209665,
110,19,110-19,Leaf,,,,,-0.000647147419,22.7737675,
110,20,110-20,Leaf,,,,,-0.0123389279,18.8077564,
110,21,110-21,Leaf,,,,,-0.00282293209,311.364227,
110,22,110-22,Leaf,,,,,-0.0150121609,9.7031126,
110,23,110-23,Leaf,,,,,0.000789069629,1408.87854,
110,24,110-24,Leaf,,,,,-0.00513059925,66.4100037,
110,25,110-25,Leaf,,,,,0.0134904403,28.7035198,
110,26,110-26,Leaf,,,,,0.00570313167,80.5700836,
110,27,110-27,Leaf,,,,,0.0156939328,18.0108776,
110,28,110-28,Leaf,,,,,0.026470134,11.154706,
111,0,111-0,f2,-0.0799999982,111-1,111-2,111-2,3.44668317,2030.65808,
111,1,111-1,Leaf,,,,,0.0159907341,11.0511513,
111,2,111-2,f2,-0.0199999996,111-3,111-4,111-4,2.46440721,2019.60693,
111,3,111-3,f1,13.166667,111-5,111-6,111-6,6.00149965,89.8299637,
111,4,111-4,f1,12.5,111-7,111-8,111-8,2.5684731,1929.77698,
111,5,111-5,f1,12.3666668,111-9,111-10,111-10,1.44807816,69.5003662,
111,6,111-6,f1,14.3999996,111-11,111-12,111-12,13.3249187,20.3296032,
111,7,111-7,f1,11.4499998,111-13,111-14,111-14,5.88301802,1435.16028,
111,8,111-8,f1,12.6166668,111-15,111-16,111-16,4.56160688,494.616699,
111,9,111-9,Leaf,,,,,-0.00759418216,64.0771103,
111,10,111-10,Leaf,,,,,-0.022985898,5.42325163,
111,11,111-11,Leaf,,,,,0.0279725082,12.2304153,
111,12,111-12,Leaf,,,,,-0.0193462037,8.0991869,
111,13,111-13,Leaf,,,,,3.93077062e-05,1254.96167,
111,14,111-14,Leaf,,,,,0.00582203269,180.198593,
111,15,111-15,Leaf,,,,,-0.0151789067,20.7282429,
111,16,111-16,Leaf,,,,,-0.00111707929,473.888458,
112,0,112-0,f0,-1.03643334,112-1,112-2,112-2,24.6159096,2036.13062,
112,1,112-1,f0,-1.34075499,112-3,112-4,112-4,3.52285385,101.132378,
112,2,112-2,f0,1.0803194,112-5,112-6,112-6,19.623703,1934.99829,
112,3,112-3,f3,0.0199999996,112-7,112-8,112-8,1.629282,47.8720818,
112,4,112-4,f3,0.00999999978,112-9,112-10,112-10,1.09357166,53.2602997,
112,5,112-5,f0,-0.358458757,112-11,112-12,112-12,6.317729,1797.15979,
112,6,112-6,f0,1.75068581,112-13,112-14,112-14,3.02708435,137.838455,
112,7,112-7,f0,-1.75068605,112-15,112-16,112-16,0.272665024,42.5856895,
112,8,112-8,Leaf,,,,,-0.00355025171,5.2863903,
112,9,112-9,f0,-1.17498684,112-17,112-18,112-18,0.138714731,27.8265343,
112,10,112-10,f0,-1.22652817,112-19,112-20,112-20,1.41435194,25.4337654,
112,11,112-11,f2,0.00999999978,112-21,112-22,112-22,1.3209095,414.658844,
112,12,112-12,f0,0.643345416,112-23,112-24,112-24,2.33959889,1382.50098,
112,13,112-13,f2,0.0199999996,112-25,112-26,112-26,0.433372498,108.930748,
112,14,112-14,Leaf,,,,,0.0204238538,28.907711,
112,15,112-15,Leaf,,,,,-0.0262597445,17.2974167,
112,16,112-16,Leaf,,,,,-0.0181114338,25.2882729,
112,17,112-17,Leaf,,,,,-0.00618982222,14.5639877,
112,18,112-18,Leaf,,,,,-0.00181822665,13.2625465,
112,19,112-19,Leaf,,,,,-0.00293316017,8.9513731,
112,20,112-20,Leaf,,,,,-0.0179792102,16.4823914,
112,21,112-21,Leaf,,,,,-0.00408096705,312.682922,
112,22,112-22,Leaf,,,,,-0.000149110463,101.975922,
112,23,112-23,Leaf,,,,,0.00061014219,1194.76196,
112,24,112-24,Leaf,,,,,0.00420523621,187.739014,
112,25,112-25,Leaf,,,,,0.0100037018,98.5836182,
112,26,112-26,Leaf,,,,,0.00315798051,10.3471279,
113,0,113-0,f0,-0.95416522,113-1,113-2,113-2,27.8427334,2028.74475,
113,1,113-1,f1,8.16666698,113-3,113-4,113-4,5.26993179,128.297028,
113,2,113-2,f0,0.91536504,113-5,113-6,113-6,14.3160591,1900.44775,
113,3,113-3,f0,-1.75068605,113-7,113-8,113-8,1.18906784,94.7701569,
113,4,113-4,f1,8.73333359,113-9,113-10,113-10,2.81259704,33.5268707,
113,5,113-5,f0,-0.176374152,113-11,113-12,113-12,4.21284819,1709.1189,
113,6,113-6,f0,1.88079405,113-13,113-14,113-14,3.91261482,191.328888,
113,7,113-7,Leaf,,,,,-0.0247029327,17.5670357,
113,8,113-8,f1,3.9333334,113-15,113-16,113-16,1.54154396,77.203125,
113,9,113-9,Leaf,,,,,0.0128983939,6.71837234,
113,10,113-10,f2,0.0,113-17,113-18,113-18,1.25870037,26.8084984,
113,11,113-11,f1,3.0666666,113-19,113-20,113-20,3.59472179,596.548706,
113,12,113-12,f2,-0.0799999982,113-21,113-22,113-22,2.40250134,1112.57019,
113,13,113-13,f1,3.45000005,113-23,113-24,113-24,1.62771702,170.114838,
113,14,113-14,f0,2.3263483,113-25,113-26,113-26,0.0289907455,21.2140465,
113,15,113-15,Leaf,,,,,-0.00950807985,31.0630417,
113,16,113-16,Leaf,,,,,-0.0187067688,46.1400833,
113,17,113-17,Leaf,,,,,-0.017114982,7.69883394,
113,18,113-18,Leaf,,,,,-0.00312312297,19.109663,
113,19,113-19,Leaf,,,,,-0.0103974259,42.6986008,
113,20,113-20,Leaf,,,,,-0.00145448372,553.850098,
113,21,113-21,Leaf,,,,,0.0174121838,6.9840374,
113,22,113-22,Leaf,,,,,0.000892354466,1105.58606,
113,23,113-23,Leaf,,,,,0.0122778909,39.3041115,
113,24,113-24,Leaf,,,,,0.00527646299,130.81073,
113,25,113-25,Leaf,,,,,0.0151936477,10.3117447,
113,26,113-26,Leaf,,,,,0.0237773713,10.9023018,
114,0,114-0,f0,-0.738846838,114-1,114-2,114-2,21.5173111,2026.8363,
114,1,114-1,f0,-1.47579098,114-3,114-4,114-4,5.05573273,217.744781,
114,2,114-2,f0,1.17498672,114-5,114-6,114-6,13.6248255,1809.09155,
114,3,114-3,f0,-1.88079357,114-7,114-8,114-8,0.660443306,34.9047737,
114,4,114-4,f1,5.0999999,114-9,114-10,114-10,1.46468258,182.840012,
114,5,114-5,f0,0.279319078,114-11,114-12,114-12,3.62788939,1692.44824,
114,6,114-6,f0,1.88079405,114-13,114-14,114-14,3.89055634,116.643303,
114,7,114-7,Leaf,,,,,-0.0248013362,13.2244883,
114,8,114-8,f1,3.9333334,114-15,114-16,114-16,1.52275133,21.6802845,
114,9,114-9,f2,0.00999999978,114-17,114-18,114-18,1.02470541,57.0951462,
114,10,114-10,f1,7.11666679,114-19,114-20,114-20,2.62647748,125.744865,
114,11,114-11,f1,0.966666639,114-21,114-22,114-22,3.15386391,1163.86047,
114,12,114-12,f1,14.3166666,114-23,114-24,114-24,2.47174835,528.587708,
114,13,114-13,f1,9.66666698,114-25,114-26,114-26,2.71311235,96.1133118,
114,14,114-14,f1,3.33333325,114-27,114-28,114-28,0.0180444717,20.529995,
114,15,114-15,Leaf,,,,,-0.0054187472,10.4875517,
114,16,114-16,Leaf,,,,,-0.0217082575,11.1927328,
114,17,114-17,Leaf,,,,,-0.0127905095,42.7641792,
114,18,114-18,Leaf,,,,,-0.00326329959,14.3309689,
114,19,114-19,Leaf,,,,,0.00254351227,33.1097908,
114,20,114-20,Leaf,,,,,-0.00722401962,92.6350708,
114,21,114-21,Leaf,,,,,-0.0206596684,5.77617836,
114,22,114-22,Leaf,,,,,-0.000132882356,1158.08435,
114,23,114-23,Leaf,,,,,0.00309455348,513.969666,
114,24,114-24,Leaf,,,,,-0.00904015824,14.6180382,
114,25,114-25,Leaf,,,,,0.00666788686,86.2091827,
114,26,114-26,Leaf,,,,,0.0227734651,9.90412807,
114,27,114-27,Leaf,,,,,0.025245266,14.0691175,
114,28,114-28,Leaf,,,,,0.0150670158,6.46087646,
115,0,115-0,f0,-0.91536504,115-1,115-2,115-2,23.0925312,2028.94641,
115,1,115-1,f1,8.46666622,115-3,115-4,115-4,4.0177784,137.266647,
115,2,115-2,f0,0.706302524,115-5,115-6,115-6,14.8038464,1891.67969,
115,3,115-3,f0,-1.75068605,115-7,115-8,115-8,2.84884644,103.32859,
115,4,115-4,f1,11.3500004,115-9,115-10,115-10,2.63888431,33.9380608,
115,5,115-5,f0,0.125661373,115-11,115-12,115-12,2.61962366,1616.15662,
115,6,115-6,f1,2.6833334,115-13,115-14,115-14,6.0028019,275.523102,
115,7,115-7,Leaf,,,,,-0.0261268429,17.0267811,
115,8,115-8,f1,4.01666689,115-15,115-16,115-16,0.840466499,86.3018112,
115,9,115-9,f1,10.583333,115-17,115-18,115-18,2.97802043,26.3366318,
115,10,115-10,Leaf,,,,,-0.017402634,7.60142851,
115,11,115-11,f1,0.966666639,115-19,115-20,115-20,5.29146385,1038.85864,
115,12,115-12,f1,4.13333321,115-21,115-22,115-22,2.97653532,577.297974,
115,13,115-13,f0,0.84162128,115-23,115-24,115-24,1.43854046,47.1273689,
115,14,115-14,f1,11.3000002,115-25,115-26,115-26,3.10200834,228.395737,
115,15,115-15,Leaf,,,,,-0.00839898083,34.3121071,
115,16,115-16,Leaf,,,,,-0.0149529623,51.9897041,
115,17,115-17,Leaf,,,,,-0.00381448166,20.5904236,
115,18,115-18,Leaf,,,,,0.0190320518,5.74620771,
115,19,115-19,Leaf,,,,,-0.0286770109,5.33030939,
115,20,115-20,Leaf,,,,,-0.00115996634,1033.52832,
115,21,115-21,Leaf,,,,,0.00708705001,66.9880219,
115,22,115-22,Leaf,,,,,0.000403855811,510.309967,
115,23,115-23,Leaf,,,,,0.00202904246,5.58469915,
115,24,115-24,Leaf,,,,,0.0186171439,41.5426712,
115,25,115-25,Leaf,,,,,0.00636126287,199.275803,
115,26,115-26,Leaf,,,,,-0.00401132181,29.1199417,
116,0,116-0,f0,-1.08031929,116-1,116-2,116-2,19.1866798,2029.87756,
116,1,116-1,f2,-0.00999999978,116-3,116-4,116-4,4.29359245,89.0982666,
116,2,116-2,f0,1.55477357,116-5,116-6,116-6,13.8670626,1940.7793,
116,3,116-3,Leaf,,,,,0.00630526477,8.16982365,
116,4,116-4,f0,-1.88079357,116-7,116-8,116-8,1.75235367,80.9284363,
116,5,116-5,f0,0.279319078,116-9,116-10,116-10,5.4517312,1893.97644,
116,6,116-6,f1,7.7833333,116-11,116-12,116-12,1.09237766,46.8028412,
116,7,116-7,Leaf,,,,,-0.0264799874,12.1462631,
116,8,116-8,f1,8.16666698,116-13,116-14,116-14,0.584729195,68.7821732,
116,9,116-9,f1,0.966666639,116-15,116-16,116-16,3.57080555,1297.84509,
116,10,116-10,f2,-0.0399999991,116-17,116-18,116-18,2.29636097,596.131287,
116,11,116-11,f0,2.3263483,116-19,116-20,116-20,0.810495377,41.7881622,
116,12,116-12,Leaf,,,,,0.00253402768,5.01467991,
116,13,116-13,Leaf,,,,,-0.0152737759,52.0125732,
116,14,116-14,Leaf,,,,,-0.00797231123,16.7696018,
116,15,116-15,Leaf,,,,,-0.0202660579,7.70455933,
116,16,116-16,Leaf,,,,,-0.000983100268,1290.14062,
116,17,116-17,Leaf,,,,,0.0188209955,6.53869581,
116,18,116-18,Leaf,,,,,0.00213599997,589.59259,
116,19,116-19,Leaf,,,,,0.0146424752,31.6739502,
116,20,116-20,Leaf,,,,,0.0258539077,10.114213,
117,0,117-0,f2,-0.0799999982,117-1,117-2,117-2,2.88024592,2020.33337,
117,1,117-1,f1,7.11666679,117-3,117-4,117-4,0.652511597,11.7950649,
117,2,117-2,f2,-0.0399999991,117-5,117-6,117-6,2.49342442,2008.53833,
117,3,117-3,Leaf,,,,,0.00627935259,6.61836243,
117,4,117-4,Leaf,,,,,0.0212999042,5.1767025,
117,5,117-5,f1,10.7666664,117-7,117-8,117-8,3.93121147,18.9924774,
117,6,117-6,f1,0.616666675,117-9,117-10,117-10,1.06298578,1989.5459,
117,7,117-7,f1,5.7166667,117-11,117-12,117-12,0.862575471,10.5765219,
117,8,117-8,Leaf,,,,,-0.0249043126,8.4159565,
117,9,117-9,Leaf,,,,,-0.00976351835,9.30185318,
117,10,117-10,f1,0.816666663,117-13,117-14,117-14,1.46870804,1980.24402,
117,11,117-11,Leaf,,,,,-0.0060684341,5.55115271,
117,12,117-12,Leaf,,,,,0.00968270935,5.02536917,
117,13,117-13,Leaf,,,,,0.0130384034,6.62628031,
117,14,117-14,Leaf,,,,,-0.000152402514,1973.61768,
118,0,118-0,f2,-0.0799999982,118-1,118-2,118-2,3.46810389,2025.28296,
118,1,118-1,f1,7.11666679,118-3,118-4,118-4,0.481160402,12.4490805,
118,2,118-2,f2,-0.0299999993,118-5,118-6,118-6,2.16444421,2012.83386,
118,3,118-3,Leaf,,,,,0.00825714227,7.04333258,
118,4,118-4,Leaf,,,,,0.0217702482,5.40574789,
118,5,118-5,f1,9.01666641,118-7,118-8,118-8,1.43828917,35.8847733,
118,6,118-6,f1,12.5,118-9,118-10,118-10,2.08940887,1976.9491,
118,7,118-7,f5,0.189999998,118-11,118-12,118-12,0.866378307,16.2925301,
118,8,118-8,f1,14.0,118-13,118-14,118-14,1.45353448,19.5922432,
118,9,118-9,f1,11.5,118-15,118-16,118-16,6.2896843,1469.79749,
118,10,118-10,f1,12.6166668,118-17,118-18,118-18,7.42687845,507.151611,
118,11,118-11,Leaf,,,,,-0.0215382464,6.36541367,
118,12,118-12,Leaf,,,,,-0.00683032768,9.92711639,
118,13,118-13,Leaf,,,,,0.0034296317,14.4927073,
118,14,118-14,Leaf,,,,,-0.013874135,5.09953594,
118,15,118-15,Leaf,,,,,-1.22685142e-05,1286.85461,
118,16,118-16,Leaf,,,,,0.00591841992,182.942932,
118,17,118-17,Leaf,,,,,-0.0186351351,20.7956543,
118,18,118-18,Leaf,,,,,-0.000732662855,486.355957,
119,0,119-0,f1,8.73333359,119-1,119-2,119-2,2.34246111,2018.31177,
119,1,119-1,f1,8.60000038,119-3,119-4,119-4,7.16138315,863.24231,
119,2,119-2,f1,8.85000038,119-5,119-6,119-6,3.4219985,1155.06946,
119,3,119-3,f2,0.00999999978,119-7,119-8,119-8,6.53191662,846.04657,
119,4,119-4,f5,0.210000008,119-9,119-10,119-10,0.21434927,17.1956863,
119,5,119-5,f3,0.00999999978,119-11,119-12,119-12,1.44006467,14.8775549,
119,6,119-6,f1,11.1000004,119-13,119-14,119-14,1.57496285,1140.19189,
119,7,119-7,f1,5.91666651,119-15,119-16,119-16,2.6456182,633.635559,
119,8,119-8,f1,2.04999995,119-17,119-18,119-18,2.89724874,212.411057,
119,9,119-9,Leaf,,,,,0.0228164382,11.2344923,
119,10,119-10,Leaf,,,,,0.0115511715,5.96119308,
119,11,119-11,Leaf,,,,,-0.024542911,6.41099501,
119,12,119-12,Leaf,,,,,-0.00554053113,8.46656036,
119,13,119-13,f5,0.339999974,119-19,119-20,119-20,2.70564842,360.857208,
119,14,119-14,f1,11.1999998,119-21,119-22,119-22,6.66005278,779.334717,
119,15,119-15,Leaf,,,,,-0.00236385106,381.579895,
119,16,119-16,Leaf,,,,,0.00159051397,252.055649,
119,17,119-17,Leaf,,,,,-0.0042289081,24.7907829,
119,18,119-18,Leaf,,,,,0.00654831482,187.62027,
119,19,119-19,Leaf,,,,,-0.00322795799,325.475586,
119,20,119-20,Leaf,,,,,0.00540693384,35.3816032,
119,21,119-21,Leaf,,,,,0.0174111426,18.3414268,
119,22,119-22,Leaf,,,,,-0.000415059592,760.993286,
120,0,120-0,f0,-1.08031929,120-1,120-2,120-2,19.2769089,2030.83203,
120,1,120-1,f0,-1.75068605,120-3,120-4,120-4,2.30817795,90.0793457,
120,2,120-2,f0,1.0803194,120-5,120-6,120-6,14.194396,1940.75269,
120,3,120-3,Leaf,,,,,-0.0241442528,16.3287525,
120,4,120-4,f1,1.45000005,120-7,120-8,120-8,1.02313232,73.7505951,
120,5,120-5,f0,0.125661373,120-9,120-10,120-10,6.42678881,1805.86707,
120,6,120-6,f2,0.0199999996,120-11,120-12,120-12,3.89494228,134.885651,
120,7,120-7,Leaf,,,,,0.00108782167,5.28604507,
120,8,120-8,f3,0.00999999978,120-13,120-14,120-14,0.827378273,68.4645462,
120,9,120-9,f1,0.966666639,120-15,120-16,120-16,3.50452185,1087.91602,
120,10,120-10,f1,0.966666639,120-17,120-18,120-18,2.24133134,717.95105,
120,11,120-11,f0,2.3263483,120-19,120-20,120-20,2.59655952,122.585464,
120,12,120-12,f1,3.88333344,120-21,120-22,120-22,0.965914249,12.3001871,
120,13,120-13,Leaf,,,,,-0.00893358421,36.9806595,
120,14,120-14,Leaf,,,,,-0.0160888471,31.4838905,
120,15,120-15,Leaf,,,,,-0.0235902537,5.74255419,
120,16,120-16,Leaf,,,,,-0.0018807184,1082.17346,
120,17,120-17,Leaf,,,,,0.0192228686,5.47158241,
120,18,120-18,Leaf,,,,,0.00147615524,712.479492,
120,19,120-19,Leaf,,,,,0.00965730008,112.973549,
120,20,120-20,Leaf,,,,,0.0255731232,9.61191559,
120,21,120-21,Leaf,,,,,-0.0148243681,5.22767305,
120,22,120-22,Leaf,,,,,0.00122089044,7.07251358,
121,0,121-0,f0,-1.03643334,121-1,121-2,121-2,15.3347206,2022.87524,
121,1,121-1,f0,-1.75068605,121-3,121-4,121-4,2.66579533,96.3493729,
121,2,121-2,f0,1.22652805,121-5,121-6,121-6,10.4216204,1926.52588,
121,3,121-3,Leaf,,,,,-0.0223936699,16.3453197,
121,4,121-4,f2,-0.00999999978,121-7,121-8,121-8,1.35597944,80.0040512,
121,5,121-5,f0,-0.176374152,121-9,121-10,121-10,3.40804386,1823.40869,
121,6,121-6,f0,1.88079405,121-11,121-12,121-12,3.12156773,103.117188,
121,7,121-7,Leaf,,,,,0.00214240351,8.33864594,
121,8,121-8,f3,0.00999999978,121-13,121-14,121-14,1.73697948,71.6654053,
121,9,121-9,f1,10.4666662,121-15,121-16,121-16,2.3951509,627.449768,
121,10,121-10,f1,2.13333344,121-17,121-18,121-18,1.58848405,1195.95886,
121,11,121-11,f1,9.66666698,121-19,121-20,121-20,1.89780188,84.1466675,
121,12,121-12,Leaf,,,,,0.0206505004,18.9705143,
121,13,121-13,Leaf,,,,,-0.00625550142,42.1520615,
121,14,121-14,Leaf,,,,,-0.0159213934,29.5133457,
121,15,121-15,Leaf,,,,,-0.00324356672,362.115997,
121,16,121-16,Leaf,,,,,0.000504518859,265.333801,
121,17,121-17,Leaf,,,,,0.00671980251,42.1629295,
121,18,121-18,Leaf,,,,,0.000855740393,1153.7959,
121,19,121-19,Leaf,,,,,0.00561052281,76.0590744,
121,20,121-20,Leaf,,,,,0.0203245115,8.08759403,
122,0,122-0,f0,-0.84162122,122-1,122-2,122-2,19.3978443,2024.396,
122,1,122-1,f0,-1.34075499,122-3,122-4,122-4,4.77997208,165.365829,
122,2,122-2,f0,1.55477357,122-5,122-6,122-6,8.18160248,1859.03027,
122,3,122-3,f3,0.0199999996,122-7,122-8,122-8,1.39343071,43.7984695,
122,4,122-4,f1,2.36666656,122-9,122-10,122-10,1.42896461,121.56736,
122,5,122-5,f0,0.227544904,122-11,122-12,122-12,4.04549313,1814.46313,
122,6,122-6,f0,1.88079405,122-13,122-14,122-14,1.15086269,44.5670624,
122,7,122-7,f0,-1.75068605,122-15,122-16,122-16,0.522947311,38.6138649,
122,8,122-8,Leaf,,,,,-0.00290825823,5.18460751,
122,9,122-9,f0,-1.08031929,122-17,122-18,122-18,1.04387987,11.1602697,
122,10,122-10,f1,3.48333335,122-19,122-20,122-20,2.49002361,110.407089,
122,11,122-11,f1,3.0666666,122-21,122-22,122-22,3.21371961,1152.91858,
122,12,122-12,f1,3.20000005,122-23,122-24,122-24,2.19599962,661.544617,
122,13,122-13,f3,0.00999999978,122-25,122-26,122-26,1.42012691,25.6008949,
122,14,122-14,f3,0.00999999978,122-27,122-28,122-28,0.089302063,18.9661655,
122,15,122-15,Leaf,,,,,-0.0253285654,14.9044876,
122,16,122-16,Leaf,,,,,-0.0158806816,23.7093754,
122,17,122-17,Leaf,,,,,-0.00532068498,5.60539055,
122,18,122-18,Leaf,,,,,0.0116737112,5.55487919,
122,19,122-19,Leaf,,,,,-0.0218308289,9.22950363,
122,20,122-20,Leaf,,,,,-0.00610901788,101.177589,
122,21,122-21,Leaf,,,,,-0.00662955362,69.656601,
122,22,122-22,Leaf,,,,,-2.6097543e-05,1083.26196,
122,23,122-23,Leaf,,,,,0.00736173335,73.662941,
122,24,122-24,Leaf,,,,,0.00189161988,587.881653,
122,25,122-25,Leaf,,,,,0.00196145033,13.7822504,
122,26,122-26,Leaf,,,,,0.0159985498,11.8186455,
122,27,122-27,Leaf,,,,,0.0210886784,13.9072285,
122,28,122-28,Leaf,,,,,0.0111158863,5.05893755,
123,0,123-0,f0,0.358458757,123-1,123-2,123-2,18.4168682,2014.52234,
123,1,123-1,f0,-0.95416522,123-3,123-4,123-4,13.3912888,1470.19897,
123,2,123-2,f0,1.4757911,123-5,123-6,123-6,6.40922928,544.323364,
123,3,123-3,f0,-1.75068605,123-7,123-8,123-8,3.27762604,118.584496,
123,4,123-4,f1,0.966666639,123-9,123-10,123-10,2.01225781,1351.6145,
123,5,123-5,f2,-0.0199999996,123-11,123-12,123-12,2.22798729,489.184967,
123,6,123-6,f1,3.01666665,123-13,123-14,123-14,2.58707905,55.138401,
123,7,123-7,Leaf,,,,,-0.0236994755,15.4536657,
123,8,123-8,f1,7.7833333,123-15,123-16,123-16,1.98886681,103.130829,
123,9,123-9,Leaf,,,,,-0.0151551403,7.51892471,
123,10,123-10,f1,11.1000004,123-17,123-18,123-18,1.61385703,1344.09558,
123,11,123-11,f0,0.80642134,123-19,123-20,123-20,3.67248988,23.2969723,
123,12,123-12,f0,0.412463188,123-21,123-22,123-22,2.29883289,465.888,
123,13,123-13,Leaf,,,,,0.0225097612,21.8328075,
123,14,123-14,f1,8.10000038,123-23,123-24,123-24,1.18830657,33.3055916,
123,15,123-15,Leaf,,,,,-0.0119177345,68.6914749,
123,16,123-16,Leaf,,,,,-0.00299560535,34.4393578,
123,17,123-17,Leaf,,,,,-0.00152817369,696.679321,
123,18,123-18,Leaf,,,,,0.000550940516,647.416321,
123,19,123-19,Leaf,,,,,-0.0123973303,16.6233864,
123,20,123-20,Leaf,,,,,0.0125589557,6.67358589,
123,21,123-21,Leaf,,,,,0.01008627,54.3168335,
123,22,123-22,Leaf,,,,,0.00354413199,411.571167,
123,23,123-23,Leaf,,,,,0.0114110028,27.6006184,
123,24,123-24,Leaf,,,,,-0.00311763166,5.70497513,
124,0,124-0,f0,0.91536504,124-1,124-2,124-2,16.4237595,2006.58594,
124,1,124-1,f0,-1.34075499,124-3,124-4,124-4,12.4679384,1826.91699,
124,2,124-2,f1,3.20000005,124-5,124-6,124-6,3.36006355,179.668961,
124,3,124-3,f4,0.0,124-7,124-8,124-8,0.997488022,43.3378067,
124,4,124-4,f0,0.279319078,124-9,124-10,124-10,4.41826153,1783.5791,
124,5,124-5,f1,2.4666667,124-11,124-12,124-12,0.672613144,45.4979248,
124,6,124-6,f1,9.66666698,124-13,124-14,124-14,1.55836678,134.171036,
124,7,124-7,f1,3.9333334,124-15,124-16,124-16,1.25685358,10.0994053,
124,8,124-8,f0,-1.88079357,124-17,124-18,124-18,1.12081814,33.2383995,
124,9,124-9,f1,0.966666639,124-19,124-20,124-20,2.69337821,1327.72913,
124,10,124-10,f3,0.0500000007,124-21,124-22,124-22,2.23166871,455.850037,
124,11,124-11,f1,2.04999995,124-23,124-24,124-24,2.93181515,31.28792,
124,12,124-12,f1,2.75,124-25,124-26,124-26,0.188628674,14.2100067,
124,13,124-13,f1,9.19999981,124-27,124-28,124-28,4.19261742,104.927116,
124,14,124-14,f1,11.9666662,124-29,124-30,124-30,2.74984741,29.2439156,
124,15,124-15,Leaf,,,,,0.00313734659,5.05913734,
124,16,124-16,Leaf,,,,,-0.0166175533,5.04026747,
124,17,124-17,Leaf,,,,,-0.0280778725,9.59775639,
124,18,124-18,Leaf,,,,,-0.0145088984,23.6406441,
124,19,124-19,Leaf,,,,,-0.0173316598,8.46343327,
124,20,124-20,Leaf,,,,,-0.00126348331,1319.26562,
124,21,124-21,Leaf,,,,,0.00168875093,444.570129,
124,22,124-22,Leaf,,,,,0.0146662463,11.2799263,
124,23,124-23,Leaf,,,,,0.0171629749,24.222084,
124,24,124-24,Leaf,,,,,-0.0041911765,7.06583452,
124,25,124-25,Leaf,,,,,0.0279397909,5.05768251,
124,26,124-26,Leaf,,,,,0.0153740905,9.15232372,
124,27,124-27,Leaf,,,,,0.00575955305,99.8261719,
124,28,124-28,Leaf,,,,,-0.0199143253,5.10094309,
124,29,124-29,Leaf,,,,,0.0174589045,21.5357151,
124,30,124-30,Leaf,,,,,-0.00295674172,7.7081995,
125,0,125-0,f0,-0.95416522,125-1,125-2,125-2,18.8695412,1992.99939,
125,1,125-1,f0,-1.75068605,125-3,125-4,125-4,2.51751518,117.226097,
125,2,125-2,f0,1.4757911,125-5,125-6,125-6,9.21235847,1875.77332,
125,3,125-3,f1,2.25,125-7,125-8,125-8,0.0466003418,14.4043188,
125,4,125-4,f1,3.9333334,125-9,125-10,125-10,1.12212849,102.821777,
125,5,125-5,f0,0.495850354,125-11,125-12,125-12,3.9334681,1823.49573,
125,6,125-6,f1,4.4000001,125-13,125-14,125-14,1.79915428,52.2775345,
125,7,125-7,Leaf,,,,,-0.0157829169,6.93674564,
125,8,125-8,Leaf,,,,,-0.0273180548,7.46757269,
125,9,125-9,f1,3.48333335,125-15,125-16,125-16,6.99551868,28.7711678,
125,10,125-10,f1,5.0999999,125-17,125-18,125-18,2.62258625,74.0506134,
125,11,125-11,f5,0.160000026,125-19,125-20,125-20,3.49101162,1463.48669,
125,12,125-12,f2,0.0299999993,125-21,125-22,125-22,1.39806652,360.009125,
125,13,125-13,f1,1.25,125-23,125-24,125-24,0.339470863,30.6627693,
125,14,125-14,f1,5.86666679,125-25,125-26,125-26,3.3904376,21.6147633,
125,15,125-15,Leaf,,,,,-0.0117185507,23.3756161,
125,16,125-16,Leaf,,,,,0.0235891342,5.39555168,
125,17,125-17,Leaf,,,,,-0.0238801949,12.5415325,
125,18,125-18,Leaf,,,,,-0.00890510995,61.509079,
125,19,125-19,Leaf,,,,,0.000599931751,1066.76489,
125,20,125-20,Leaf,,,,,-0.00269287522,396.721771,
125,21,125-21,Leaf,,,,,0.00275982707,342.56604,
125,22,125-22,Leaf,,,,,0.0112727955,17.4430637,
125,23,125-23,Leaf,,,,,0.00973735191,7.31253099,
125,24,125-24,Leaf,,,,,0.0196417924,23.3502388,
125,25,125-25,Leaf,,,,,-0.00787926279,8.73602486,
125,26,125-26,Leaf,,,,,0.0153446244,12.8787384,
126,0,126-0,f0,-0.439913124,126-1,126-2,126-2,15.3098679,2008.05273,
126,1,126-1,f0,-1.75068605,126-3,126-4,126-4,5.61923885,409.297363,
126,2,126-2,f0,1.4757911,126-5,126-6,126-6,12.4151592,1598.75537,
126,3,126-3,Leaf,,,,,-0.0232267752,14.602807,
126,4,126-4,f1,3.45000005,126-7,126-8,126-8,2.74979973,394.69458,
126,5,126-5,f0,0.495850354,126-9,126-10,126-10,3.78171372,1545.36743,
126,6,126-6,f1,8.66666698,126-11,126-12,126-12,1.82366657,53.387867,
126,7,126-7,f0,-0.553384721,126-13,126-14,126-14,2.32426262,53.4833527,
126,8,126-8,f1,3.6500001,126-15,126-16,126-16,2.83851194,341.211212,
126,9,126-9,f2,0.0299999993,126-17,126-18,126-18,2.43428326,1176.6615,
126,10,126-10,f3,0.0399999991,126-19,126-20,126-20,4.16310215,368.705902,
126,11,126-11,f1,5.86666679,126-21,126-22,126-22,1.66671848,48.2864685,
126,12,126-12,Leaf,,,,,-0.00170385267,5.10139608,
126,13,126-13,Leaf,,,,,-0.0133870365,46.9988327,
126,14,126-14,Leaf,,,,,0.0050989748,6.48452091,
126,15,126-15,Leaf,,,,,0.015220345,5.9631691,
126,16,126-16,Leaf,,,,,-0.00418566866,335.248047,
126,17,126-17,Leaf,,,,,-3.51669114e-05,1114.5199,
126,18,126-18,Leaf,,,,,-0.00609021727,62.1415939,
126,19,126-19,Leaf,,,,,0.0024114328,352.682617,
126,20,126-20,Leaf,,,,,0.0176196229,16.0232658,
126,21,126-21,Leaf,,,,,0.0136656547,40.02808,
126,22,126-22,Leaf,,,,,0.029005453,8.25838852,
127,0,127-0,f0,-0.91536504,127-1,127-2,127-2,12.2338142,2013.4801,
127,1,127-1,f0,-1.75068605,127-3,127-4,127-4,2.92577648,128.033844,
127,2,127-2,f0,0.674489737,127-5,127-6,127-6,7.59102011,1885.44629,
127,3,127-3,Leaf,,,,,-0.021274332,14.5639515,
127,4,127-4,f3,0.0399999991,127-7,127-8,127-8,0.930654526,113.469887,
127,5,127-5,f3,0.0299999993,127-9,127-10,127-10,1.3569566,1592.93689,
127,6,127-6,f0,1.88079405,127-11,127-12,127-12,3.54601097,292.509399,
127,7,127-7,f2,0.0,127-13,127-14,127-14,1.84136772,108.177788,
127,8,127-8,Leaf,,,,,0.00441749068,5.29210424,
127,9,127-9,f2,0.0199999996,127-15,127-16,127-16,3.671345,1424.57153,
127,10,127-10,f2,-0.0799999982,127-17,127-18,127-18,1.49714601,168.365295,
127,11,127-11,f3,0.0599999987,127-19,127-20,127-20,1.65781498,275.291321,
127,12,127-12,f0,2.3263483,127-21,127-22,127-22,0.150117397,17.2180843,
127,13,127-13,Leaf,,,,,-0.0148740662,24.8129044,
127,14,127-14,Leaf,,,,,-0.00555200689,83.3648834,
127,15,127-15,Leaf,,,,,-0.000327148358,1331.66003,
127,16,127-16,Leaf,,,,,0.00580993248,92.9115448,
127,17,127-17,Leaf,,,,,0.00805984251,9.8621645,
127,18,127-18,Leaf,,,,,-0.0034832235,158.503128,
127,19,127-19,Leaf,,,,,0.0037971416,270.273224,
127,20,127-20,Leaf,,,,,0.0198081862,5.0180788,
127,21,127-21,Leaf,,,,,0.012165715,8.59353733,
127,22,127-22,Leaf,,,,,0.0217148848,8.624547,
128,0,128-0,f0,-1.08031929,128-1,128-2,128-2,13.968358,2008.21436,
128,1,128-1,f1,5.0999999,128-3,128-4,128-4,5.0625267,81.7458344,
128,2,128-2,f0,1.17498672,128-5,128-6,128-6,8.09409904,1926.46851,
128,3,128-3,f1,3.9333334,128-7,128-8,128-8,1.07328987,42.4701118,
128,4,128-4,f1,5.76666689,128-9,128-10,128-10,1.7435503,39.2757263,
128,5,128-5,f0,0.125661373,128-11,128-12,128-12,3.4318347,1820.5105,
128,6,128-6,f0,1.75068581,128-13,128-14,128-14,2.39972401,105.958,
128,7,128-7,f1,3.4000001,128-15,128-16,128-16,2.02632332,33.0057182,
128,8,128-8,Leaf,,,,,-0.0288489237,9.46439171,
128,9,128-9,Leaf,,,,,0.0101601016,5.41516209,
128,10,128-10,f1,8.16666698,128-17,128-18,128-18,2.19899082,33.8605652,
128,11,128-11,f1,0.966666639,128-19,128-20,128-20,3.62667894,1082.77466,
128,12,128-12,f3,0.0700000003,128-21,128-22,128-22,3.93338776,737.735901,
128,13,128-13,f1,9.60000038,128-23,128-24,128-24,1.93722892,82.3904343,
128,14,128-14,f3,0.00999999978,128-25,128-26,128-26,0.213158607,23.5675697,
128,15,128-15,Leaf,,,,,-0.0191370603,27.5520668,
128,16,128-16,Leaf,,,,,0.000695298426,5.45365191,
128,17,128-17,Leaf,,,,,-0.0146328546,16.1157131,
128,18,128-18,Leaf,,,,,0.000416232564,17.7448502,
128,19,128-19,Leaf,,,,,-0.0232236069,5.75155306,
128,20,128-20,Leaf,,,,,-0.00116175239,1077.02307,
128,21,128-21,Leaf,,,,,0.00109010492,728.483215,
128,22,128-22,Leaf,,,,,0.0198067687,9.25267982,
128,23,128-23,Leaf,,,,,0.00398920197,73.546524,
128,24,128-24,Leaf,,,,,0.0182799883,8.84391212,
128,25,128-25,Leaf,,,,,0.0188837107,16.0856266,
128,26,128-26,Leaf,,,,,0.00992129743,7.48194218,
129,0,129-0,f0,0.674489737,129-1,129-2,129-2,10.3633623,2000.01929,
129,1,129-1,f0,-1.03643334,129-3,129-4,129-4,8.09396648,1709.46497,
129,2,129-2,f0,1.88079405,129-5,129-6,129-6,3.07749557,290.554321,
129,3,129-3,f2,-0.00999999978,129-7,129-8,129-8,2.69470787,87.6343842,
129,4,129-4,f3,0.0299999993,129-9,129-10,129-10,2.99297476,1621.83057,
129,5,129-5,f3,0.0599999987,129-11,129-12,129-12,1.56764746,273.897614,
129,6,129-6,f0,2.3263483,129-13,129-14,129-14,0.117369652,16.6567268,
129,7,129-7,Leaf,,,,,0.00604075054,8.23284245,
129,8,129-8,f0,-1.88079357,129-15,129-16,129-16,2.59768867,79.401535,
129,9,129-9,f3,0.0199999996,129-17,129-18,129-18,2.17310643,1453.86975,
129,10,129-10,f0,0.33185333,129-19,129-20,129-20,1.89432669,167.960876,
129,11,129-11,f3,0.0199999996,129-21,129-22,129-22,1.39506721,268.851105,
129,12,129-12,Leaf,,,,,0.0196313187,5.04649401,
129,13,129-13,Leaf,,,,,0.0119901886,8.51851082,
129,14,129-14,Leaf,,,,,0.0211692732,8.13821507,
129,15,129-15,Leaf,,,,,-0.0252876226,9.85777473,
129,16,129-16,Leaf,,,,,-0.00909813028,69.5437622,
129,17,129-17,Leaf,,,,,-0.000420993019,1256.05676,
129,18,129-18,Leaf,,,,,0.00295439293,197.812881,
129,19,129-19,Leaf,,,,,-0.00255545112,134.736832,
129,20,129-20,Leaf,,,,,-0.0104933959,33.2240486,
129,21,129-21,Leaf,,,,,0.00511603709,218.174057,
129,22,129-22,Leaf,,,,,-0.000399509183,50.6770554,
130,0,130-0,f0,-1.03643334,130-1,130-2,130-2,14.8936968,1993.70862,
130,1,130-1,f0,-1.88079357,130-3,130-4,130-4,2.47575855,87.4485626,
130,2,130-2,f0,1.4757911,130-5,130-6,130-6,7.71298552,1906.26001,
130,3,130-3,Leaf,,,,,-0.0254788827,10.2080936,
130,4,130-4,f1,1.29999995,130-7,130-8,130-8,1.93657589,77.2404633,
130,5,130-5,f0,-0.524400473,130-9,130-10,130-10,2.32041645,1855.1073,
130,6,130-6,f1,3.26666665,130-11,130-12,130-12,2.84010696,51.1526833,
130,7,130-7,Leaf,,,,,0.00675180973,5.19035149,
130,8,130-8,f1,5.0999999,130-13,130-14,130-14,2.3401947,72.0501175,
130,9,130-9,f4,1.0,130-15,130-16,130-16,2.81774473,247.426132,
130,10,130-10,f1,8.73333359,130-17,130-18,130-18,2.426898,1607.68115,
130,11,130-11,f1,1.16666663,130-19,130-20,130-20,0.214225769,22.0428658,
130,12,130-12,f1,5.86666679,130-21,130-22,130-22,2.21985006,29.1098175,
130,13,130-13,Leaf,,,,,-0.0175269712,29.9678078,
130,14,130-14,Leaf,,,,,-0.00640159333,42.0823059,
130,15,130-15,Leaf,,,,,-0.00429607183,184.751587,
130,16,130-16,Leaf,,,,,0.00302542094,62.6745567,
130,17,130-17,Leaf,,,,,0.00220591505,590.808899,
130,18,130-18,Leaf,,,,,-0.000210242608,1016.87231,
130,19,130-19,Leaf,,,,,0.0119879842,6.75983524,
130,20,130-20,Leaf,,,,,0.0224157944,15.2830305,
130,21,130-21,Leaf,,,,,-0.00118476723,17.8452263,
130,22,130-22,Leaf,,,,,0.0153336553,11.2645903,
131,0,131-0,f0,1.17498672,131-1,131-2,131-2,10.7321033,1998.53101,
131,1,131-1,f0,-0.738846838,131-3,131-4,131-4,8.60435486,1893.41248,
131,2,131-2,f2,0.0199999996,131-5,131-6,131-6,3.41909599,105.118599,
131,3,131-3,f0,-1.88079357,131-7,131-8,131-8,3.23014069,201.780579,
131,4,131-4,f0,0.279319078,131-9,131-10,131-10,2.2951262,1691.63184,
131,5,131-5,f0,2.3263483,131-11,131-12,131-12,1.79486179,95.9176102,
131,6,131-6,Leaf,,,,,-0.00740237115,9.20098591,
131,7,131-7,Leaf,,,,,-0.0223561507,9.65642834,
131,8,131-8,f1,10.583333,131-13,131-14,131-14,1.10965538,192.124161,
131,9,131-9,f2,0.0700000003,131-15,131-16,131-16,1.93259025,1158.29297,
131,10,131-10,f1,10.3166666,131-17,131-18,131-18,2.17304945,533.338806,
131,11,131-11,f0,1.34075522,131-19,131-20,131-20,1.72252464,87.962883,
131,12,131-12,Leaf,,,,,0.0242817793,7.95472765,
131,13,131-13,Leaf,,,,,-0.00628786534,160.33548,
131,14,131-14,Leaf,,,,,-0.00015062571,31.7886791,
131,15,131-15,Leaf,,,,,-0.000315203564,1152.07031,
131,16,131-16,Leaf,,,,,-0.0158826746,6.2227149,
131,17,131-17,Leaf,,,,,0.00345234713,331.90036,
131,18,131-18,Leaf,,,,,-0.000493078842,201.438461,
131,19,131-19,Leaf,,,,,0.0154755181,29.8447132,
131,20,131-20,Leaf,,,,,0.00647311937,58.1181679,
132,0,132-0,f0,-1.34075499,132-1,132-2,132-2,8.73705769,1989.82874,
132,1,132-1,f2,0.0,132-3,132-4,132-4,1.7893877,38.5185432,
132,2,132-2,f0,1.17498672,132-5,132-6,132-6,7.0341711,1951.31018,
132,3,132-3,Leaf,,,,,-0.00207034685,9.16020775,
132,4,132-4,f0,-1.88079357,132-7,132-8,132-8,1.22527218,29.3583336,
132,5,132-5,f0,0.125661373,132-9,132-10,132-10,2.9825449,1846.7832,
132,6,132-6,f1,4.25,132-11,132-12,132-12,3.53782654,104.526955,
132,7,132-7,Leaf,,,,,-0.0274091344,8.00355244,
132,8,132-8,f0,-1.64485359,132-13,132-14,132-14,0.700536728,21.3547821,
132,9,132-9,f1,0.966666639,132-15,132-16,132-16,3.96320868,1118.02527,
132,10,132-10,f3,0.0599999987,132-17,132-18,132-18,2.24611044,728.757996,
132,11,132-11,f2,0.0199999996,132-19,132-20,132-20,1.52018166,47.0372009,
132,12,132-12,f1,9.66666698,132-21,132-22,132-22,2.25329399,57.4897537,
132,13,132-13,Leaf,,,,,-0.0026652622,5.38233709,
132,14,132-14,Leaf,,,,,-0.0156643633,15.9724445,
132,15,132-15,Leaf,,,,,-0.021695774,7.34028387,
132,16,132-16,Leaf,,,,,-0.00093471026,1110.68494,
132,17,132-17,Leaf,,,,,0.00113951741,715.645935,
132,18,132-18,Leaf,,,,,0.0132309822,13.1120501,
132,19,132-19,Leaf,,,,,0.0156982392,41.9643364,
132,20,132-20,Leaf,,,,,-0.00140490476,5.0728631,
132,21,132-21,Leaf,,,,,6.45989421e-05,48.2979507,
132,22,132-22,Leaf,,,,,0.0155891143,9.19180107,
133,0,133-0,f0,-1.34075499,133-1,133-2,133-2,10.5846624,1994.66382,
133,1,133-1,f0,-1.88079357,133-3,133-4,133-4,1.3435154,38.8056221,
133,2,133-2,f0,0.91536504,133-5,133-6,133-6,8.01638031,1955.85828,
133,3,133-3,Leaf,,,,,-0.0251609813,9.69648743,
133,4,133-4,f1,2.51666665,133-7,133-8,133-8,0.798043251,29.1091366,
133,5,133-5,f0,-0.524400473,133-9,133-10,133-10,3.44009089,1782.29688,
133,6,133-6,f0,2.3263483,133-11,133-12,133-12,3.0631032,173.561432,
133,7,133-7,Leaf,,,,,-0.00261708233,7.33204889,
133,8,133-8,f1,7.91666651,133-13,133-14,133-14,1.06723547,21.7770882,
133,9,133-9,f1,3.45000005,133-15,133-16,133-16,7.23310852,295.774323,
133,10,133-10,f1,14.5166664,133-17,133-18,133-18,1.9113766,1486.52246,
133,11,133-11,f1,11.9666662,133-19,133-20,133-20,2.48211432,166.071274,
133,12,133-12,Leaf,,,,,0.0238694157,7.49016714,
133,13,133-13,Leaf,,,,,-0.0178677104,16.7728615,
133,14,133-14,Leaf,,,,,-0.00179387385,5.00422621,
133,15,133-15,Leaf,,,,,-0.0156884212,37.0901337,
133,16,133-16,Leaf,,,,,-0.00167640287,258.684174,
133,17,133-17,Leaf,,,,,0.00031648521,1405.66467,
133,18,133-18,Leaf,,,,,-0.00439922418,80.8578415,
133,19,133-19,Leaf,,,,,0.00609007897,158.476852,
133,20,133-20,Leaf,,,,,-0.0105627812,7.59441757,
134,0,134-0,f0,-0.84162122,134-1,134-2,134-2,10.8603449,2000.24548,
134,1,134-1,f0,-1.55477357,134-3,134-4,134-4,2.45662689,153.764038,
134,2,134-2,f0,1.88079405,134-5,134-6,134-6,7.58410549,1846.48157,
134,3,134-3,f1,5.05000019,134-7,134-8,134-8,0.497627258,21.9876385,
134,4,134-4,f1,2.61666656,134-9,134-10,134-10,3.63794422,131.776398,
134,5,134-5,f0,0.495850354,134-11,134-12,134-12,3.08694744,1830.23889,
134,6,134-6,f0,2.3263483,134-13,134-14,134-14,0.00362110138,16.2425594,
134,7,134-7,f3,0.00999999978,134-15,134-16,134-16,0.616262913,16.8171291,
134,8,134-8,Leaf,,,,,-0.00672380952,5.17050886,
134,9,134-9,f0,-1.12639117,134-17,134-18,134-18,1.29042661,15.2378874,
134,10,134-10,f1,3.48333335,134-19,134-20,134-20,2.88928032,116.538513,
134,11,134-11,f3,0.0299999993,134-21,134-22,134-22,2.16700959,1437.69458,
134,12,134-12,f3,0.0599999987,134-23,134-24,134-24,3.20602584,392.544312,
134,13,134-13,Leaf,,,,,0.0148041537,8.34228516,
134,14,134-14,Leaf,,,,,0.0241783131,7.90027428,
134,15,134-15,Leaf,,,,,-0.023393726,11.0404472,
134,16,134-16,Leaf,,,,,-0.00895326678,5.7766819,
134,17,134-17,Leaf,,,,,-0.00121548038,7.74822044,
134,18,134-18,Leaf,,,,,0.0155717246,7.48966646,
134,19,134-19,Leaf,,,,,-0.0235371199,8.70900249,
134,20,134-20,Leaf,,,,,-0.00626308098,107.829506,
134,21,134-21,Leaf,,,,,0.000267856754,1285.87817,
134,22,134-22,Leaf,,,,,-0.0035107797,151.816406,
134,23,134-23,Leaf,,,,,0.00246329233,385.337433,
134,24,134-24,Leaf,,,,,0.0214388911,7.20688486,
135,0,135-0,f0,-1.03643334,135-1,135-2,135-2,10.838706,1996.40918,
135,1,135-1,f1,5.0999999,135-3,135-4,135-4,1.88490677,85.2001572,
135,2,135-2,f0,1.17498672,135-5,135-6,135-6,5.10468531,1911.20898,
135,3,135-3,f1,3.9333334,135-7,135-8,135-8,1.23117542,42.336277,
135,4,135-4,f1,5.6500001,135-9,135-10,135-10,1.30663049,42.8638763,
135,5,135-5,f0,-0.176374152,135-11,135-12,135-12,2.60236907,1808.67566,
135,6,135-6,f2,0.0199999996,135-13,135-14,135-14,3.93337965,102.533401,
135,7,135-7,f1,3.4000001,135-15,135-16,135-16,3.27351618,32.291153,
135,8,135-8,Leaf,,,,,-0.0236148089,10.0451231,
135,9,135-9,Leaf,,,,,0.00784592237,5.0373807,
135,10,135-10,f3,0.00999999978,135-17,135-18,135-18,1.49179959,37.8264961,
135,11,135-11,f0,-0.201893508,135-19,135-20,135-20,1.8934772,620.890137,
135,12,135-12,f2,-0.0799999982,135-21,135-22,135-22,2.66184449,1187.78552,
135,13,135-13,f1,10.3166666,135-23,135-24,135-24,2.83091736,94.2189789,
135,14,135-14,Leaf,,,,,-0.0115028676,8.31441975,
135,15,135-15,Leaf,,,,,-0.0153684169,26.5886917,
135,16,135-16,Leaf,,,,,0.00846978463,5.7024622,
135,17,135-17,Leaf,,,,,-0.00160573178,20.1984253,
135,18,135-18,Leaf,,,,,-0.0134676658,17.6280708,
135,19,135-19,Leaf,,,,,-0.000729544205,590.802734,
135,20,135-20,Leaf,,,,,-0.00832813792,30.0873909,
135,21,135-21,Leaf,,,,,0.0188912693,6.68251944,
135,22,135-22,Leaf,,,,,0.00116910215,1181.10291,
135,23,135-23,Leaf,,,,,0.00757660531,88.7380981,
135,24,135-24,Leaf,,,,,0.0284334328,5.48087883,
136,0,136-0,f0,-1.08031929,136-1,136-2,136-2,9.29671001,1983.96619,
136,1,136-1,f2,-0.00999999978,136-3,136-4,136-4,2.42065144,76.7992477,
136,2,136-2,f0,0.358458757,136-5,136-6,136-6,5.9944706,1907.16687,
136,3,136-3,Leaf,,,,,0.00568205537,7.57708979,
136,4,136-4,f1,8.16666698,136-7,136-8,136-8,2.07605743,69.2221603,
136,5,136-5,f0,0.33185333,136-9,136-10,136-10,2.37608361,1366.73438,
136,6,136-6,f0,1.88079405,136-11,136-12,136-12,3.18019152,540.432495,
136,7,136-7,f0,-1.75068605,136-13,136-14,136-14,1.26357841,53.9152336,
136,8,136-8,f0,-1.22652817,136-15,136-16,136-16,1.13939476,15.3069258,
136,9,136-9,f2,0.0700000003,136-17,136-18,136-18,2.11458087,1339.15479,
136,10,136-10,f3,0.00999999978,136-19,136-20,136-20,2.57502055,27.5796337,
136,11,136-11,f3,0.0599999987,136-21,136-22,136-22,2.51831961,524.887512,
136,12,136-12,f0,2.3263483,136-23,136-24,136-24,0.206180573,15.5449715,
136,13,136-13,Leaf,,,,,-0.0233145952,11.1576242,
136,14,136-14,Leaf,,,,,-0.0114567028,42.7576103,
136,15,136-15,Leaf,,,,,0.00542015489,8.48328876,
136,16,136-16,Leaf,,,,,-0.0100660548,6.82363653,
136,17,136-17,Leaf,,,,,-1.11887175e-05,1331.41138,
136,18,136-18,Leaf,,,,,-0.0148130124,7.74338388,
136,19,136-19,Leaf,,,,,0.00056344003,13.5949907,
136,20,136-20,Leaf,,,,,-0.0174277499,13.984642,
136,21,136-21,Leaf,,,,,0.00271922234,515.162903,
136,22,136-22,Leaf,,,,,0.0174363777,9.72464657,
136,23,136-23,Leaf,,,,,0.0105187222,7.8587923,
136,24,136-24,Leaf,,,,,0.0205292236,7.68617916,
137,0,137-0,f0,-1.34075499,137-1,137-2,137-2,12.5786209,1992.72461,
137,1,137-1,f1,7.91666651,137-3,137-4,137-4,0.495087624,36.2571297,
137,2,137-2,f0,1.88079405,137-5,137-6,137-6,6.04912329,1956.46753,
137,3,137-3,f2,0.0,137-7,137-8,137-8,0.473361969,31.1887741,
137,4,137-4,Leaf,,,,,-0.00699178828,5.06835747,
137,5,137-5,f0,-0.439913124,137-9,137-10,137-10,4.16978645,1941.06531,
137,6,137-6,Leaf,,,,,0.0180976298,15.4022617,
137,7,137-7,Leaf,,,,,-0.0102785919,7.52261162,
137,8,137-8,f0,-1.64485359,137-11,137-12,137-12,0.30585289,23.6661625,
137,9,137-9,f1,13.75,137-13,137-14,137-14,1.78824925,363.584869,
137,10,137-10,f0,0.524400473,137-15,137-16,137-16,2.26308012,1577.48047,
137,11,137-11,Leaf,,,,,-0.0259567052,11.4989958,
137,12,137-12,Leaf,,,,,-0.0154018914,12.1671667,
137,13,137-13,Leaf,,,,,-0.00271097943,353.623901,
137,14,137-14,Leaf,,,,,-0.0150505863,9.96097183,
137,15,137-15,Leaf,,,,,-0.000159396004,1207.38,
137,16,137-16,Leaf,,,,,0.0025191824,370.100464,
138,0,138-0,f2,-0.0799999982,138-1,138-2,138-2,2.41182351,1987.66296,
138,1,138-1,f1,7.33333349,138-3,138-4,138-4,0.93000102,12.2216234,
138,2,138-2,f2,-0.0299999993,138-5,138-6,138-6,1.71680784,1975.44141,
138,3,138-3,Leaf,,,,,0.00441914378,6.86860657,
138,4,138-4,Leaf,,,,,0.0211990103,5.35301685,
138,5,138-5,f1,14.0,138-7,138-8,138-8,1.89675343,36.4233131,
138,6,138-6,f1,8.73333359,138-9,138-10,138-10,0.875630736,1939.01807,
138,7,138-7,f1,12.1833334,138-11,138-12,138-12,3.22597098,31.3170261,
138,8,138-8,Leaf,,,,,-0.0217498578,5.1062851,
138,9,138-9,f1,8.60000038,138-13,138-14,138-14,8.38329697,816.408447,
138,10,138-10,f1,10.4666662,138-15,138-16,138-16,3.63988638,1122.60962,
138,11,138-11,Leaf,,,,,-0.00816658232,25.004179,
138,12,138-12,Leaf,,,,,0.0144283678,6.31284857,
138,13,138-13,Leaf,,,,,0.000386201253,800.357361,
138,14,138-14,Leaf,,,,,0.0216453038,16.0510445,
138,15,138-15,Leaf,,,,,-0.00351328752,266.749786,
138,16,138-16,Leaf,,,,,0.000494093401,855.859802,
139,0,139-0,f1,12.5,139-1,139-2,139-2,1.63512802,1979.87537,
139,1,139-1,f1,11.5,139-3,139-4,139-4,7.43667746,1466.38855,
139,2,139-2,f1,12.6166668,139-5,139-6,139-6,5.81276083,513.486816,
139,3,139-3,f1,11.1999998,139-7,139-8,139-8,4.03590918,1281.84973,
139,4,139-4,f5,0.0199999809,139-9,139-10,139-10,4.15391541,184.53891,
139,5,139-5,f5,0.160000026,139-11,139-12,139-12,1.00002289,20.9606419,
139,6,139-6,f5,0.339999974,139-13,139-14,139-14,1.81844902,492.526184,
139,7,139-7,f1,11.1000004,139-15,139-16,139-16,6.2593646,1224.04309,
139,8,139-8,f2,0.0,139-17,139-18,139-18,6.96401119,57.8065491,
139,9,139-9,f3,0.00999999978,139-19,139-20,139-20,1.13488817,12.4554224,
139,10,139-10,f5,0.230000019,139-21,139-22,139-22,2.08669281,172.083496,
139,11,139-11,f5,0.0899999738,139-23,139-24,139-24,0.971950412,13.8894529,
139,12,139-12,Leaf,,,,,-0.0252400097,7.0711894,
139,13,139-13,f2,-0.0199999996,139-25,139-26,139-26,1.74356163,487.280121,
139,14,139-14,Leaf,,,,,-0.0166272949,5.24606752,
139,15,139-15,Leaf,,,,,3.71089664e-05,1206.25452,
139,16,139-16,Leaf,,,,,0.0174871124,17.78866,
139,17,139-17,Leaf,,,,,0.00912156608,15.3994608,
139,18,139-18,Leaf,,,,,-0.0139332684,42.4070892,
139,19,139-19,Leaf,,,,,-0.0182037074,5.98361874,
139,20,139-20,Leaf,,,,,-0.000659622892,6.47180414,
139,21,139-21,Leaf,,,,,0.00932715647,134.212509,
139,22,139-22,Leaf,,,,,0.00132107607,37.8709869,
139,23,139-23,Leaf,,,,,-0.0175868869,6.92742443,
139,24,139-24,Leaf,,,,,-0.00191331259,6.96202803,
139,25,139-25,Leaf,,,,,0.00668630749,28.8893147,
139,26,139-26,Leaf,,,,,-0.000791686063,458.390778,
140,0,140-0,f0,-1.03643334,140-1,140-2,140-2,10.0804024,1983.41943,
140,1,140-1,f0,-1.88079357,140-3,140-4,140-4,2.27436829,82.7546005,
140,2,140-2,f0,1.17498672,140-5,140-6,140-6,6.69869423,1900.66479,
140,3,140-3,Leaf,,,,,-0.0242584366,8.3304491,
140,4,140-4,f1,1.29999995,140-7,140-8,140-8,1.49774504,74.4241486,
140,5,140-5,f1,13.4833336,140-9,140-10,140-10,2.42147875,1799.78223,
140,6,140-6,f1,9.66666698,140-11,140-12,140-12,2.93831635,100.882515,
140,7,140-7,Leaf,,,,,0.00632963562,5.25989485,
140,8,140-8,f1,5.0999999,140-13,140-14,140-14,1.39967871,69.1642532,
140,9,140-9,f0,-0.412463129,140-15,140-16,140-16,2.00306177,1485.19067,
140,10,140-10,f1,13.75,140-17,140-18,140-18,5.47639036,314.591583,
140,11,140-11,f1,7.4666667,140-19,140-20,140-20,6.1114068,92.1567764,
140,12,140-12,Leaf,,,,,0.0238529164,8.72573853,
140,13,140-13,Leaf,,,,,-0.0144431712,28.1652431,
140,14,140-14,Leaf,,,,,-0.00560010457,40.999012,
140,15,140-15,Leaf,,,,,-0.00243253843,327.050995,
140,16,140-16,Leaf,,,,,0.00022285599,1158.13965,
140,17,140-17,Leaf,,,,,0.0104906494,61.4048271,
140,18,140-18,Leaf,,,,,0.000566036848,253.186768,
140,19,140-19,Leaf,,,,,0.00942402519,79.3751373,
140,20,140-20,Leaf,,,,,-0.0122759091,12.7816401,
141,0,141-0,f0,-1.34075499,141-1,141-2,141-2,8.50480938,1973.07751,
141,1,141-1,f2,0.0,141-3,141-4,141-4,2.18893194,35.238575,
141,2,141-2,f0,1.55477357,141-5,141-6,141-6,7.54345322,1937.83899,
141,3,141-3,Leaf,,,,,-0.000754343113,8.75339985,
141,4,141-4,f0,-1.88079357,141-7,141-8,141-8,0.728173256,26.4851723,
141,5,141-5,f0,-0.075269863,141-9,141-10,141-10,3.97940874,1898.93787,
141,6,141-6,f1,3.33333325,141-11,141-12,141-12,0.8995924,38.9010086,
141,7,141-7,Leaf,,,,,-0.0268338658,6.92769194,
141,8,141-8,f1,5.2833333,141-13,141-14,141-14,0.687375069,19.5574818,
141,9,141-9,f1,1.16666663,141-15,141-16,141-16,1.67521417,797.809326,
141,10,141-10,f3,0.0900000036,141-17,141-18,141-18,1.55312681,1101.12866,
141,11,141-11,f1,2.13333344,141-19,141-20,141-20,0.0864090919,17.9330559,
141,12,141-12,f1,5.76666689,141-21,141-22,141-22,0.502901673,20.9679527,
141,13,141-13,Leaf,,,,,-0.00827525463,12.1037521,
141,14,141-14,Leaf,,,,,-0.0207566358,7.45372868,
141,15,141-15,Leaf,,,,,-0.0136544909,8.49261379,
141,16,141-16,Leaf,,,,,-0.000971038302,789.316711,
141,17,141-17,Leaf,,,,,0.00153900497,1090.27124,
141,18,141-18,Leaf,,,,,0.0124660954,10.8573074,
141,19,141-19,Leaf,,,,,0.0141401468,11.2935009,
141,20,141-20,Leaf,,,,,0.023443738,6.63955402,
141,21,141-21,Leaf,,,,,0.00421603071,12.0647039,
141,22,141-22,Leaf,,,,,0.0138798654,8.90324974,
142,0,142-0,f0,-0.524400473,142-1,142-2,142-2,7.26174068,1986.09412,
142,1,142-1,f1,3.45000005,142-3,142-4,142-4,3.91966391,330.633453,
142,2,142-2,f0,1.75068581,142-5,142-6,142-6,5.32399035,1655.46057,
142,3,142-3,f1,2.9666667,142-7,142-8,142-8,2.38930273,52.3973999,
142,4,142-4,f1,3.6500001,142-9,142-10,142-10,3.55285645,278.236053,
142,5,142-5,f1,4.44999981,142-11,142-12,142-12,3.09967995,1634.53992,
142,6,142-6,f3,0.00999999978,142-13,142-14,142-14,0.447010994,20.9206448,
142,7,142-7,f0,-0.738846838,142-15,142-16,142-16,1.85761905,42.0371552,
142,8,142-8,Leaf,,,,,-0.0233638994,10.3602419,
142,9,142-9,Leaf,,,,,0.0198000893,5.52037859,
142,10,142-10,f0,-1.47579098,142-17,142-18,142-18,2.81076741,272.715668,
142,11,142-11,f2,0.00999999978,142-19,142-20,142-20,2.84276438,220.249802,
142,12,142-12,f1,4.83333349,142-21,142-22,142-22,7.03946733,1414.29016,
142,13,142-13,f1,2.13333344,142-23,142-24,142-24,0.00555229187,14.1408148,
142,14,142-14,Leaf,,,,,0.00789423753,6.77983046,
142,15,142-15,Leaf,,,,,-0.00394712109,33.1999588,
142,16,142-16,Leaf,,,,,-0.0189799182,8.83719826,
142,17,142-17,Leaf,,,,,-0.016593311,11.3925571,
142,18,142-18,Leaf,,,,,-0.00195253454,261.32312,
142,19,142-19,Leaf,,,,,0.00230156002,159.987106,
142,20,142-20,Leaf,,,,,0.00992348976,60.2626953,
142,21,142-21,Leaf,,,,,-0.0138051277,28.8776493,
142,22,142-22,Leaf,,,,,0.000913261552,1385.41248,
142,23,142-23,Leaf,,,,,0.0122566568,5.46871281,
142,24,142-24,Leaf,,,,,0.0217294618,8.67210197,
143,0,143-0,f0,-1.34075499,143-1,143-2,143-2,7.55893898,1966.995,
143,1,143-1,f2,0.0,143-3,143-4,143-4,2.06134462,35.0959396,
143,2,143-2,f0,1.4757911,143-5,143-6,143-6,4.4345026,1931.89905,
143,3,143-3,Leaf,,,,,-0.00114607369,8.88197803,
143,4,143-4,f0,-1.88079357,143-7,143-8,143-8,0.66231823,26.2139606,
143,5,143-5,f0,0.279319078,143-9,143-10,143-10,1.86972439,1884.5614,
143,6,143-6,f0,2.3263483,143-11,143-12,143-12,1.33684969,47.3377037,
143,7,143-7,Leaf,,,,,-0.0266399905,6.58085918,
143,8,143-8,f0,-1.64485359,143-13,143-14,143-14,0.278971195,19.6331024,
143,9,143-9,f3,0.0500000007,143-15,143-16,143-16,1.37833023,1317.0835,
143,10,143-10,f3,0.0900000036,143-17,143-18,143-18,2.70503354,567.477783,
143,11,143-11,f3,0.00999999978,143-19,143-20,143-20,1.1085254,39.9539986,
143,12,143-12,Leaf,,,,,0.0200856309,7.38370371,
143,13,143-13,Leaf,,,,,-0.00603789371,5.06505108,
143,14,143-14,Leaf,,,,,-0.0160117708,14.5680513,
143,15,143-15,Leaf,,,,,-0.000651184295,1278.21118,
143,16,143-16,Leaf,,,,,-0.00631677685,38.8723679,
143,17,143-17,Leaf,,,,,0.00100462628,561.610352,
143,18,143-18,Leaf,,,,,0.019953372,5.86744118,
143,19,143-19,Leaf,,,,,0.00179583172,21.8098812,
143,20,143-20,Leaf,,,,,0.0117871957,18.1441174,
144,0,144-0,f0,-1.34075499,144-1,144-2,144-2,8.4345932,1970.2063,
144,1,144-1,f1,7.6500001,144-3,144-4,144-4,1.07418346,33.9973793,
144,2,144-2,f0,0.706302524,144-5,144-6,144-6,6.07554436,1936.20898,
144,3,144-3,f1,2.6833334,144-7,144-8,144-8,0.536996841,28.9611797,
144,4,144-4,Leaf,,,,,-0.00176877156,5.036201,
144,5,144-5,f0,-0.84162122,144-9,144-10,144-10,1.52859831,1681.7312,
144,6,144-6,f0,1.75068581,144-11,144-12,144-12,3.27605486,254.477676,
144,7,144-7,f1,1.66666663,144-13,144-14,144-14,0.710412145,12.3446436,
144,8,144-8,f1,5.19999981,144-15,144-16,144-16,0.0125217438,16.6165371,
144,9,144-9,f1,1.86666667,144-17,144-18,144-18,1.18803644,111.959183,
144,10,144-10,f2,-0.0399999991,144-19,144-20,144-20,1.17722523,1569.77209,
144,11,144-11,f1,11.3000002,144-21,144-22,144-22,1.21080017,234.217468,
144,12,144-12,f1,3.33333325,144-23,144-24,144-24,0.452054501,20.2602119,
144,13,144-13,Leaf,,,,,-0.0163730606,7.17386913,
144,14,144-14,Leaf,,,,,-0.00177894614,5.17077446,
144,15,144-15,Leaf,,,,,-0.0234092139,10.8013153,
144,16,144-16,Leaf,,,,,-0.0134942951,5.81522083,
144,17,144-17,Leaf,,,,,0.00767056225,6.34287548,
144,18,144-18,Leaf,,,,,-0.00490338774,105.61631,
144,19,144-19,Leaf,,,,,-0.00695686974,24.1311626,
144,20,144-20,Leaf,,,,,-0.000410519802,1545.64087,
144,21,144-21,Leaf,,,,,0.0039522294,206.811905,
144,22,144-22,Leaf,,,,,-0.00268151704,27.4055634,
144,23,144-23,Leaf,,,,,0.0193268657,11.9785852,
144,24,144-24,Leaf,,,,,0.00848286878,8.28162575,
145,0,145-0,f0,1.22652805,145-1,145-2,145-2,10.8798065,1964.36511,
145,1,145-1,f0,-0.738846838,145-3,145-4,145-4,6.10476446,1875.58826,
145,2,145-2,f2,0.0199999996,145-5,145-6,145-6,2.4642458,88.7768326,
145,3,145-3,f0,-1.47579098,145-7,145-8,145-8,2.58777809,193.21846,
145,4,145-4,f1,8.73333359,145-9,145-10,145-10,2.16815686,1682.36987,
145,5,145-5,f0,2.3263483,145-11,145-12,145-12,1.90463352,81.3423691,
145,6,145-6,Leaf,,,,,-0.00568624679,7.43446255,
145,7,145-7,f0,-1.88079357,145-13,145-14,145-14,0.398860455,24.3212795,
145,8,145-8,f3,0.0299999993,145-15,145-16,145-16,0.713997126,168.897186,
145,9,145-9,f1,8.60000038,145-17,145-18,145-18,4.93854237,613.994202,
145,10,145-10,f0,-0.706302583,145-19,145-20,145-20,4.00572872,1068.37561,
145,11,145-11,f0,1.34075522,145-21,145-22,145-22,1.19412041,74.9645462,
145,12,145-12,Leaf,,,,,0.026710026,6.37782431,
145,13,145-13,Leaf,,,,,-0.0204276908,7.8193264,
145,14,145-14,Leaf,,,,,-0.0106505444,16.5019531,
145,15,145-15,Leaf,,,,,-0.00347593683,153.96936,
145,16,145-16,Leaf,,,,,-0.0102335205,14.9278173,
145,17,145-17,Leaf,,,,,0.00113293983,601.571838,
145,18,145-18,Leaf,,,,,0.0195366088,12.4224091,
145,19,145-19,Leaf,,,,,0.0182484239,8.95064068,
145,20,145-20,Leaf,,,,,-0.000876249804,1059.42493,
145,21,145-21,Leaf,,,,,0.016403418,19.8519001,
145,22,145-22,Leaf,,,,,0.00760876434,55.112648,
146,0,146-0,f0,-1.2815516,146-1,146-2,146-2,6.78965139,1966.7417,
146,1,146-1,f0,-1.88079357,146-3,146-4,146-4,0.699232578,41.6596489,
146,2,146-2,f0,1.75068581,146-5,146-6,146-6,6.11269093,1925.08203,
146,3,146-3,Leaf,,,,,-0.0200553741,7.52942228,
146,4,146-4,f2,0.00999999978,146-7,146-8,146-8,0.455657721,34.1302261,
146,5,146-5,f0,-0.150969222,146-9,146-10,146-10,2.21739149,1905.39685,
146,6,146-6,f3,0.00999999978,146-11,146-12,146-12,0.700669765,19.6852188,
146,7,146-7,f0,-1.47579098,146-13,146-14,146-14,0.307210684,27.2276535,
146,8,146-8,Leaf,,,,,-0.0162427984,6.90257359,
146,9,146-9,f3,0.00999999978,146-15,146-16,146-16,0.947861791,684.528625,
146,10,146-10,f5,0.0199999809,146-17,146-18,146-18,2.17051649,1220.86816,
146,11,146-11,f0,2.3263483,146-19,146-20,146-20,0.322706699,13.207572,
146,12,146-12,Leaf,,,,,0.00690295501,6.47764683,
146,13,146-13,Leaf,,,,,-0.00355209527,13.1128912,
146,14,146-14,Leaf,,,,,-0.0102504231,14.1147614,
146,15,146-15,Leaf,,,,,-0.00245391554,320.640717,
146,16,146-16,Leaf,,,,,-0.000217946799,363.887909,
146,17,146-17,Leaf,,,,,-0.00296110823,119.427704,
146,18,146-18,Leaf,,,,,0.00128151837,1101.44043,
146,19,146-19,Leaf,,,,,0.0129778273,7.33669138,
146,20,146-20,Leaf,,,,,0.0263998993,5.87088108,
147,0,147-0,f0,-0.738846838,147-1,147-2,147-2,6.91466951,1975.64978,
147,1,147-1,f1,3.48333335,147-3,147-4,147-4,2.1596899,191.77774,
147,2,147-2,f5,0.269999981,147-5,147-6,147-6,4.71606159,1783.87207,
147,3,147-3,f1,2.9666667,147-7,147-8,147-8,2.28401709,40.0387039,
147,4,147-4,f1,3.9333334,147-9,147-10,147-10,4.03860283,151.739044,
147,5,147-5,f3,0.0299999993,147-11,147-12,147-12,2.02300167,1528.22168,
147,6,147-6,f0,2.3263483,147-13,147-14,147-14,1.89332533,255.650406,
147,7,147-7,f1,2.13333344,147-15,147-16,147-16,1.95109653,32.4761162,
147,8,147-8,Leaf,,,,,-0.0256669186,7.56258726,
147,9,147-9,Leaf,,,,,0.0155516425,8.1292038,
147,10,147-10,f1,5.0999999,147-17,147-18,147-18,2.83696795,143.609833,
147,11,147-11,f1,2.36666656,147-19,147-20,147-20,2.00607395,1371.80371,
147,12,147-12,f0,0.495850354,147-21,147-22,147-22,2.3733716,156.417908,
147,13,147-13,f1,13.1333332,147-23,147-24,147-24,2.89680147,249.009995,
147,14,147-14,Leaf,,,,,0.0189655405,6.64040518,
147,15,147-15,Leaf,,,,,-0.0131449914,20.5472164,
147,16,147-16,Leaf,,,,,0.0018394019,11.9288998,
147,17,147-17,Leaf,,,,,-0.0153728658,19.6796398,
147,18,147-18,Leaf,,,,,-0.00331712631,123.930199,
147,19,147-19,Leaf,,,,,-0.0060345931,44.3511353,
147,20,147-20,Leaf,,,,,0.000381836318,1327.45264,
147,21,147-21,Leaf,,,,,-0.00461892737,141.745071,
147,22,147-22,Leaf,,,,,0.00771298585,14.6728439,
147,23,147-23,Leaf,,,,,0.00313056051,242.126541,
147,24,147-24,Leaf,,,,,0.0216573924,6.88345385,
148,0,148-0,f0,-1.08031929,148-1,148-2,148-2,7.02526569,1968.7356,
148,1,148-1,f1,5.0999999,148-3,148-4,148-4,1.24142313,70.6597137,
148,2,148-2,f0,1.75068581,148-5,148-6,148-6,4.73627853,1898.07593,
148,3,148-3,f1,3.9333334,148-7,148-8,148-8,1.41942501,35.3432579,
148,4,148-4,f1,6.38333321,148-9,148-10,148-10,3.00325847,35.3164558,
148,5,148-5,f0,-0.125661373,148-11,148-12,148-12,2.74949336,1878.96191,
148,6,148-6,f1,2.13333344,148-13,148-14,148-14,0.181303978,19.1140079,
148,7,148-7,f1,3.4000001,148-15,148-16,148-16,1.23428297,27.7223167,
148,8,148-8,Leaf,,,,,-0.0244420748,7.62094164,
148,9,148-9,Leaf,,,,,0.00962001737,8.39201832,
148,10,148-10,f1,8.16666698,148-17,148-18,148-18,1.91065335,26.9244385,
148,11,148-11,f1,9.41666698,148-19,148-20,148-20,2.37455654,687.998108,
148,12,148-12,f3,0.0900000036,148-21,148-22,148-22,2.38563776,1190.96387,
148,13,148-13,Leaf,,,,,0.00862561818,7.12974215,
148,14,148-14,Leaf,,,,,0.0171761345,11.9842653,
148,15,148-15,Leaf,,,,,-0.0125140604,22.7183685,
148,16,148-16,Leaf,,,,,0.00331635401,5.00394821,
148,17,148-17,Leaf,,,,,-0.0192651618,10.8364592,
148,18,148-18,Leaf,,,,,-0.00314181787,16.0879803,
148,19,148-19,Leaf,,,,,0.00032535303,319.110718,
148,20,148-20,Leaf,,,,,-0.00320567726,368.88739,
148,21,148-21,Leaf,,,,,0.000665870262,1178.32239,
148,22,148-22,Leaf,,,,,0.0132858129,12.641427,
149,0,149-0,f0,1.75068581,149-1,149-2,149-2,6.22686386,1972.3656,
149,1,149-1,f0,-1.34075499,149-3,149-4,149-4,5.46772146,1952.70508,
149,2,149-2,f1,3.48333335,149-5,149-6,149-6,0.754041195,19.6605663,
149,3,149-3,f2,0.0,149-7,149-8,149-8,0.929339409,33.2980652,
149,4,149-4,f0,-0.1004337,149-9,149-10,149-10,1.65573835,1919.40698,
149,5,149-5,Leaf,,,,,0.0212846901,11.5737257,
149,6,149-6,Leaf,,,,,0.00795767922,8.08684158,
149,7,149-7,Leaf,,,,,-0.00295957131,8.47984123,
149,8,149-8,f0,-1.88079357,149-11,149-12,149-12,1.27696133,24.818222,
149,9,149-9,f1,0.966666639,149-13,149-14,149-14,1.52369881,764.611084,
149,10,149-10,f1,11.7666664,149-15,149-16,149-16,1.39361501,1154.7959,
149,11,149-11,Leaf,,,,,-0.0262484252,6.00584316,
149,12,149-12,Leaf,,,,,-0.0100337137,18.8123798,
149,13,149-13,Leaf,,,,,-0.0155153507,5.43339109,
149,14,149-14,Leaf,,,,,-0.000848714146,759.177673,
149,15,149-15,Leaf,,,,,3.67194225e-05,734.487854,
149,16,149-16,Leaf,,,,,0.00220118812,420.308044,
150,0,150-0,f0,-1.34075499,150-1,150-2,150-2,8.62708664,1970.8501,
150,1,150-1,f0,-1.75068605,150-3,150-4,150-4,0.733654976,31.771347,
150,2,150-2,f0,0.91536504,150-5,150-6,150-6,5.27921295,1939.07874,
150,3,150-3,Leaf,,,,,-0.0225250665,10.1051168,
150,4,150-4,f1,2.6833334,150-7,150-8,150-8,1.03068161,21.6662312,
150,5,150-5,f0,-0.612812936,150-9,150-10,150-10,3.07636499,1774.06384,
150,6,150-6,f1,11.9666662,150-11,150-12,150-12,3.76945734,165.014969,
150,7,150-7,Leaf,,,,,-0.000586303184,5.83538675,
150,8,150-8,f0,-1.55477357,150-13,150-14,150-14,0.287417412,15.8308439,
150,9,150-9,f1,3.45000005,150-15,150-16,150-16,2.87881207,235.629517,
150,10,150-10,f2,-0.0799999982,150-17,150-18,150-18,1.61737335,1538.43433,
150,11,150-11,f0,2.3263483,150-19,150-20,150-20,2.1038065,157.504974,
150,12,150-12,Leaf,,,,,-0.0145386113,7.51000118,
150,13,150-13,Leaf,,,,,-0.00751173822,5.38285875,
150,14,150-14,Leaf,,,,,-0.0183372647,10.4479847,
150,15,150-15,Leaf,,,,,-0.0121310456,31.0744247,
150,16,150-16,Leaf,,,,,-0.00244125561,204.555099,
150,17,150-17,Leaf,,,,,0.0128183346,7.68599796,
150,18,150-18,Leaf,,,,,-0.000163784876,1530.74829,
150,19,150-19,Leaf,,,,,0.00524659781,151.462692,
150,20,150-20,Leaf,,,,,0.0221775062,6.04228258,
151,0,151-0,f0,-1.03643334,151-1,151-2,151-2,5.31276941,1961.82776,
151,1,151-1,f1,5.0999999,151-3,151-4,151-4,1.75371218,77.8561478,
151,2,151-2,f3,0.159999996,151-5,151-6,151-6,3.26385093,1883.97156,
151,3,151-3,f1,3.9333334,151-7,151-8,151-8,1.54628563,37.3431931,
151,4,151-4,f1,6.38333321,151-9,151-10,151-10,3.12063551,40.5129509,
151,5,151-5,f0,1.88079405,151-11,151-12,151-12,3.63318253,1878.29163,
151,6,151-6,Leaf,,,,,-0.020460289,5.67993259,
151,7,151-7,f2,0.0,151-13,151-14,151-14,1.99995565,28.4096279,
151,8,151-8,Leaf,,,,,-0.0225238688,8.93356514,
151,9,151-9,Leaf,,,,,0.0113710705,9.36880398,
151,10,151-10,f1,8.16666698,151-15,151-16,151-16,2.06597185,31.1441479,
151,11,151-11,f3,0.109999999,151-17,151-18,151-18,3.20986319,1865.27759,
151,12,151-12,f0,2.3263483,151-19,151-20,151-20,0.535398483,13.0141468,
151,13,151-13,Leaf,,,,,0.00506572612,7.14199972,
151,14,151-14,Leaf,,,,,-0.0126170404,21.2676277,
151,15,151-15,Leaf,,,,,-0.0172932278,11.2375889,
151,16,151-16,Leaf,,,,,-0.00154177786,19.906559,
151,17,151-17,Leaf,,,,,0.000349380891,1857.86877,
151,18,151-18,Leaf,,,,,0.0189271402,7.40873671,
151,19,151-19,Leaf,,,,,0.0082780486,7.02145052,
151,20,151-20,Leaf,,,,,0.0221013911,5.99269629,
152,0,152-0,f0,-0.612812936,152-1,152-2,152-2,5.48788118,1967.61072,
152,1,152-1,f0,-1.88079357,152-3,152-4,152-4,1.99418211,270.654114,
152,2,152-2,f0,1.4757911,152-5,152-6,152-6,3.04808426,1696.95654,
152,3,152-3,Leaf,,,,,-0.019036008,6.81752062,
152,4,152-4,f3,0.0700000003,152-7,152-8,152-8,1.7085216,263.836578,
152,5,152-5,f2,-0.0799999982,152-9,152-10,152-10,1.95605183,1652.45557,
152,6,152-6,f1,5.86666679,152-11,152-12,152-12,1.41090465,44.5010757,
152,7,152-7,f0,-1.03643334,152-13,152-14,152-14,1.98662281,258.608307,
152,8,152-8,Leaf,,,,,0.0120135145,5.22827005,
152,9,152-9,Leaf,,,,,0.013737062,8.73866463,
152,10,152-10,f0,1.40507162,152-15,152-16,152-16,1.92806363,1643.7168,
152,11,152-11,f1,4.25,152-17,152-18,152-18,4.54376936,33.5973129,
152,12,152-12,f1,8.10000038,152-19,152-20,152-20,1.7963438,10.9037619,
152,13,152-13,Leaf,,,,,-0.00832748506,67.8590012,
152,14,152-14,Leaf,,,,,-0.0023611458,190.749313,
152,15,152-15,Leaf,,,,,0.000336352969,1633.61169,
152,16,152-16,Leaf,,,,,-0.0122065526,10.1051378,
152,17,152-17,Leaf,,,,,0.0111173885,25.3403244,
152,18,152-18,Leaf,,,,,-0.0133856209,8.25698948,
152,19,152-19,Leaf,,,,,0.027445145,5.71589947,
152,20,152-20,Leaf,,,,,0.00322990934,5.18786192,
153,0,153-0,f0,-1.08031929,153-1,153-2,153-2,5.1409874,1965.90393,
153,1,153-1,f2,-0.00999999978,153-3,153-4,153-4,1.95203114,69.2507935,
153,2,153-2,f0,1.4757911,153-5,153-6,153-6,4.29585457,1896.65308,
153,3,153-3,Leaf,,,,,0.00558519037,7.62561655,
153,4,153-4,f0,-1.88079357,153-7,153-8,153-8,1.43742371,61.6251755,
153,5,153-5,f0,-0.125661373,153-9,153-10,153-10,1.67113638,1852.59521,
153,6,153-6,f0,2.3263483,153-11,153-12,153-12,0.601117134,44.0578651,
153,7,153-7,Leaf,,,,,-0.0225301217,6.52239847,
153,8,153-8,f2,0.0,153-13,153-14,153-14,0.532362938,55.1027794,
153,9,153-9,f3,0.0500000007,153-15,153-16,153-16,1.23480654,686.442688,
153,10,153-10,f3,0.109999999,153-17,153-18,153-18,1.58315086,1166.15259,
153,11,153-11,f2,0.0,153-19,153-20,153-20,0.713911772,38.0761986,
153,12,153-12,Leaf,,,,,0.0177736487,5.98166656,
153,13,153-13,Leaf,,,,,-0.0144498339,9.38456249,
153,14,153-14,Leaf,,,,,-0.00645669503,45.7182159,
153,15,153-15,Leaf,,,,,-0.00107384927,668.7724,
153,16,153-16,Leaf,,,,,-0.00890163612,17.6702766,
153,17,153-17,Leaf,,,,,0.000481579773,1158.67126,
153,18,153-18,Leaf,,,,,0.0134917842,7.48130131,
153,19,153-19,Leaf,,,,,0.0159459654,6.58942747,
153,20,153-20,Leaf,,,,,0.00529896189,31.4867725,
154,0,154-0,f0,-1.47579098,154-1,154-2,154-2,5.49596691,1963.21411,
154,1,154-1,f0,-1.75068605,154-3,154-4,154-4,0.530180931,22.2246227,
154,2,154-2,f0,0.674489737,154-5,154-6,154-6,3.33758354,1940.9895,
154,3,154-3,Leaf,,,,,-0.0194686521,9.78306103,
154,4,154-4,f1,3.9333334,154-7,154-8,154-8,0.889242053,12.4415617,
154,5,154-5,f0,-0.84162122,154-9,154-10,154-10,1.37939978,1666.64417,
154,6,154-6,f1,3.20000005,154-11,154-12,154-12,2.19748282,274.345398,
154,7,154-7,Leaf,,,,,5.60599547e-05,5.72939491,
154,8,154-8,Leaf,,,,,-0.015537384,6.71216726,
154,9,154-9,f1,2.36666656,154-13,154-14,154-14,2.37204361,118.94725,
154,10,154-10,f1,2.9666667,154-15,154-16,154-16,1.19800615,1547.6969,
154,11,154-11,f2,0.0,154-17,154-18,154-18,1.97860384,53.1159019,
154,12,154-12,f1,3.9666667,154-19,154-20,154-20,2.90678358,221.229507,
154,13,154-13,Leaf,,,,,0.00964728557,10.9312983,
154,14,154-14,Leaf,,,,,-0.00447363174,108.015953,
154,15,154-15,Leaf,,,,,-0.0030637465,92.2425003,
154,16,154-16,Leaf,,,,,0.000444011937,1455.45435,
154,17,154-17,Leaf,,,,,0.0190264042,12.4882107,
154,18,154-18,Leaf,,,,,0.00551422173,40.6276894,
154,19,154-19,Leaf,,,,,-0.00806111749,21.3517513,
154,20,154-20,Leaf,,,,,0.00335422484,199.877747,
155,0,155-0,f0,-0.84162122,155-1,155-2,155-2,4.24425936,1973.38025,
155,1,155-1,f0,-1.88079357,155-3,155-4,155-4,1.75653934,143.113327,
155,2,155-2,f0,1.88079405,155-5,155-6,155-6,3.41112638,1830.26685,
155,3,155-3,Leaf,,,,,-0.0187488887,6.64250183,
155,4,155-4,f2,-0.00999999978,155-7,155-8,155-8,0.951988459,136.470825,
155,5,155-5,f3,0.159999996,155-9,155-10,155-10,1.36792111,1817.45825,
155,6,155-6,Leaf,,,,,0.0155158006,12.8086185,
155,7,155-7,f2,-0.0199999996,155-11,155-12,155-12,0.897866547,13.4712877,
155,8,155-8,f2,0.0,155-13,155-14,155-14,3.31937265,122.999542,
155,9,155-9,f3,0.109999999,155-15,155-16,155-16,1.82542253,1812.18372,
155,10,155-10,Leaf,,,,,-0.0134376427,5.27459192,
155,11,155-11,Leaf,,,,,-0.00371253421,7.05026627,
155,12,155-12,Leaf,,,,,0.0108559346,6.42102098,
155,13,155-13,Leaf,,,,,-0.0151358126,21.4956665,
155,14,155-14,Leaf,,,,,-0.00236346829,101.503876,
155,15,155-15,Leaf,,,,,0.000535089697,1805.92737,
155,16,155-16,Leaf,,,,,0.0156137431,6.25629663,
156,0,156-0,f2,-0.0799999982,156-1,156-2,156-2,1.38041651,1959.2085,
156,1,156-1,f5,0.139999986,156-3,156-4,156-4,0.203629017,11.163908,
156,2,156-2,f2,-0.0399999991,156-5,156-6,156-6,1.76351154,1948.04456,
156,3,156-3,Leaf,,,,,0.00507419463,5.82855701,
156,4,156-4,Leaf,,,,,0.0143296989,5.33535051,
156,5,156-5,f1,10.7666664,156-7,156-8,156-8,2.70943022,18.6332302,
156,6,156-6,f5,0.0699999928,156-9,156-10,156-10,1.4772197,1929.41138,
156,7,156-7,Leaf,,,,,0.00269005424,9.31313705,
156,8,156-8,Leaf,,,,,-0.0193763096,9.32009315,
156,9,156-9,f2,0.00999999978,156-11,156-12,156-12,1.39830101,476.986755,
156,10,156-10,f1,14.7333336,156-13,156-14,156-14,3.93980503,1452.42456,
156,11,156-11,Leaf,,,,,0.00265444466,356.399597,
156,12,156-12,Leaf,,,,,-0.00107433076,120.587143,
156,13,156-13,Leaf,,,,,-9.47147491e-05,1445.4082,
156,14,156-14,Leaf,,,,,-0.0211844705,7.01640844,
157,0,157-0,f0,-1.2815516,157-1,157-2,157-2,4.66758204,1951.85242,
157,1,157-1,f1,7.7833333,157-3,157-4,157-4,1.54178572,37.6274872,
157,2,157-2,f0,0.524400473,157-5,157-6,157-6,3.56521058,1914.22498,
157,3,157-3,f1,2.36666656,157-7,157-8,157-8,1.95657396,30.6940765,
157,4,157-4,Leaf,,,,,0.00207043323,6.93341112,
157,5,157-5,f0,0.412463188,157-9,157-10,157-10,1.86910415,1543.22607,
157,6,157-6,f1,3.20000005,157-11,157-12,157-12,2.29086804,370.998901,
157,7,157-7,f1,1.25,157-13,157-14,157-14,0.00149942935,10.4807081,
157,8,157-8,f1,5.0999999,157-15,157-16,157-16,1.21586227,20.2133675,
157,9,157-9,f0,0.385320395,157-17,157-18,157-18,2.61329627,1451.06104,
157,10,157-10,f1,2.6833334,157-19,157-20,157-20,2.54507756,92.1650467,
157,11,157-11,f2,0.0,157-21,157-22,157-22,3.32236814,62.7982597,
157,12,157-12,f1,4.83333349,157-23,157-24,157-24,4.51810026,308.200653,
157,13,157-13,Leaf,,,,,-0.00147080945,5.05980444,
157,14,157-14,Leaf,,,,,-0.00294150179,5.42090416,
157,15,157-15,Leaf,,,,,-0.0242933985,12.2149992,
157,16,157-16,Leaf,,,,,-0.00799509045,7.99836826,
157,17,157-17,Leaf,,,,,-0.000498752925,1419.19666,
157,18,157-18,Leaf,,,,,0.00805839524,31.8643913,
157,19,157-19,Leaf,,,,,-0.0235942621,5.02419662,
157,20,157-20,Leaf,,,,,-0.0033439782,87.1408463,
157,21,157-21,Leaf,,,,,0.0190398656,16.4980679,
157,22,157-22,Leaf,,,,,0.00358396,46.3001938,
157,23,157-23,Leaf,,,,,-0.00655465294,49.9068489,
157,24,157-24,Leaf,,,,,0.00322394818,258.293793,
158,0,158-0,f2,-0.0799999982,158-1,158-2,158-2,2.61076021,1964.49988,
158,1,158-1,f1,6.3166666,158-3,158-4,158-4,0.0376424789,10.5603018,
158,2,158-2,f1,1.60000002,158-5,158-6,158-6,1.61113369,1953.93958,
158,3,158-3,Leaf,,,,,0.00891516078,5.34973288,
158,4,158-4,Leaf,,,,,0.0172608029,5.21056938,
158,5,158-5,f2,0.0199999996,158-7,158-8,158-8,2.60546041,54.845562,
158,6,158-6,f1,14.3999996,158-9,158-10,158-10,1.29707313,1899.09399,
158,7,158-7,f5,0.269999981,158-11,158-12,158-12,3.46268272,46.2527695,
158,8,158-8,Leaf,,,,,-0.00951859541,8.5927887,
158,9,158-9,f1,14.3666668,158-13,158-14,158-14,2.73314857,1785.79358,
158,10,158-10,f2,-0.00999999978,158-15,158-16,158-16,4.9010253,113.30043,
158,11,158-11,Leaf,,,,,0.0156418979,23.2014599,
158,12,158-12,Leaf,,,,,-0.000580801745,23.0513115,
158,13,158-13,Leaf,,,,,-0.000163834251,1777.29187,
158,14,158-14,Leaf,,,,,0.0159689859,8.50168419,
158,15,158-15,Leaf,,,,,-0.018003324,16.4647179,
158,16,158-16,Leaf,,,,,-0.000728813058,96.8357162,
159,0,159-0,f0,0.643345416,159-1,159-2,159-2,5.15673161,1955.84424,
159,1,159-1,f0,-1.08031929,159-3,159-4,159-4,3.16206503,1665.98987,
159,2,159-2,f0,2.3263483,159-5,159-6,159-6,1.35098362,289.85437,
159,3,159-3,f2,-0.00999999978,159-7,159-8,159-8,1.64262986,67.0416489,
159,4,159-4,f3,0.0299999993,159-9,159-10,159-10,2.30468702,1598.94824,
159,5,159-5,f3,0.0599999987,159-11,159-12,159-12,1.93589807,284.176331,
159,6,159-6,Leaf,,,,,0.0171558987,5.67801619,
159,7,159-7,Leaf,,,,,0.00564692123,7.60606623,
159,8,159-8,f0,-1.88079357,159-13,159-14,159-14,1.48889732,59.4355812,
159,9,159-9,f2,0.0199999996,159-15,159-16,159-16,3.8994689,1431.71704,
159,10,159-10,f0,0.33185333,159-17,159-18,159-18,3.14877224,167.231232,
159,11,159-11,f2,-0.0199999996,159-19,159-20,159-20,0.793306589,278.887665,
159,12,159-12,Leaf,,,,,0.0199310631,5.28867722,
159,13,159-13,Leaf,,,,,-0.0218515657,5.96574116,
159,14,159-14,Leaf,,,,,-0.00672853971,53.4698372,
159,15,159-15,Leaf,,,,,-0.000329117116,1339.00085,
159,16,159-16,Leaf,,,,,0.00600077724,92.7161102,
159,17,159-17,Leaf,,,,,-0.0016589734,137.116501,
159,18,159-18,Leaf,,,,,-0.0122472709,30.1147366,
159,19,159-19,Leaf,,,,,-0.00516023207,9.3757267,
159,20,159-20,Leaf,,,,,0.00334713538,269.511932,
160,0,160-0,f0,1.0803194,160-1,160-2,160-2,4.59215927,1956.43591,
160,1,160-1,f0,-0.524400473,160-3,160-4,160-4,3.65455484,1844.98169,
160,2,160-2,f2,0.0199999996,160-5,160-6,160-6,3.49764061,111.454231,
160,3,160-3,f1,3.45000005,160-7,160-8,160-8,4.34738207,317.135406,
160,4,160-4,f3,0.0199999996,160-9,160-10,160-10,1.07556915,1527.84631,
160,5,160-5,f1,9.66666698,160-11,160-12,160-12,3.05231285,100.867424,
160,6,160-6,f0,1.34075522,160-13,160-14,160-14,0.0430464745,10.5868025,
160,7,160-7,f1,2.41666675,160-15,160-16,160-16,1.27727175,48.5606003,
160,8,160-8,f0,-0.553384721,160-17,160-18,160-18,1.84745109,268.574829,
160,9,160-9,f1,1.60000002,160-19,160-20,160-20,2.6874454,1186.02209,
160,10,160-10,f0,0.495850354,160-21,160-22,160-22,1.94573331,341.824219,
160,11,160-11,f1,7.4666667,160-23,160-24,160-24,2.75367713,89.3020782,
160,12,160-12,Leaf,,,,,0.0213619564,11.5653505,
160,13,160-13,Leaf,,,,,-0.0124288518,5.38530064,
160,14,160-14,Leaf,,,,,-0.00596252549,5.20150185,
160,15,160-15,Leaf,,,,,-0.00733455271,29.6133537,
160,16,160-16,Leaf,,,,,-0.0176377539,18.9472466,
160,17,160-17,Leaf,,,,,-0.00130144088,252.776703,
160,18,160-18,Leaf,,,,,-0.0115860533,15.7981167,
160,19,160-19,Leaf,,,,,0.0102011105,20.319088,
160,20,160-20,Leaf,,,,,-0.000547445787,1165.703,
160,21,160-21,Leaf,,,,,0.000513752049,283.188599,
160,22,160-22,Leaf,,,,,0.00647823559,58.6356239,
160,23,160-23,Leaf,,,,,0.00777456677,74.3637772,
160,24,160-24,Leaf,,,,,-0.00603087805,14.9383001,
161,0,161-0,f0,1.22652805,161-1,161-2,161-2,4.6434679,1955.2594,
161,1,161-1,f0,-1.47579098,161-3,161-4,161-4,3.47539425,1869.15283,
161,2,161-2,f0,1.75068581,161-5,161-6,161-6,1.56422901,86.1065369,
161,3,161-3,f2,0.0,161-7,161-8,161-8,0.663247824,21.0516376,
161,4,161-4,f0,0.100433774,161-9,161-10,161-10,1.57730186,1848.1012,
161,5,161-5,f0,1.34075522,161-11,161-12,161-12,2.10861397,68.4760742,
161,6,161-6,f3,0.00999999978,161-13,161-14,161-14,0.0362253189,17.6304588,
161,7,161-7,Leaf,,,,,-0.00211507664,5.22215271,
161,8,161-8,f0,-1.75068605,161-15,161-16,161-16,0.209788799,15.829484,
161,9,161-9,f3,0.0199999996,161-17,161-18,161-18,2.07735872,1081.3783,
161,10,161-10,f3,0.0599999987,161-19,161-20,161-20,1.42729139,766.7229,
161,11,161-11,f2,0.0,161-21,161-22,161-22,0.507587671,21.5547905,
161,12,161-12,f0,1.4757911,161-23,161-24,161-24,1.54116142,46.9212875,
161,13,161-13,Leaf,,,,,0.0166329797,11.679122,
161,14,161-14,Leaf,,,,,0.00931615941,5.95133829,
161,15,161-15,Leaf,,,,,-0.019218713,6.97773123,
161,16,161-16,Leaf,,,,,-0.0097415382,8.85175323,
161,17,161-17,Leaf,,,,,-0.00136772916,837.834045,
161,18,161-18,Leaf,,,,,0.00177495473,243.54422,
161,19,161-19,Leaf,,,,,0.000937425124,753.120056,
161,20,161-20,Leaf,,,,,0.0104114385,13.6028948,
161,21,161-21,Leaf,,,,,0.00322219497,5.02783155,
161,22,161-22,Leaf,,,,,0.0148225492,16.5269585,
161,23,161-23,Leaf,,,,,-0.00477774069,20.8019257,
161,24,161-24,Leaf,,,,,0.00594049972,26.11936,
162,0,162-0,f0,0.84162128,162-1,162-2,162-2,6.82400608,1965.63513,
162,1,162-1,f0,-1.03643334,162-3,162-4,162-4,3.62713075,1775.47253,
162,2,162-2,f1,12.7333336,162-5,162-6,162-6,3.32783508,190.162582,
162,3,162-3,f1,5.0999999,162-7,162-8,162-8,2.04825234,73.8071899,
162,4,162-4,f3,0.0299999993,162-9,162-10,162-10,1.97941923,1701.66528,
162,5,162-5,f1,10.7666664,162-11,162-12,162-12,3.16103363,184.769455,
162,6,162-6,Leaf,,,,,-0.0158740412,5.39313078,
162,7,162-7,f1,3.9333334,162-13,162-14,162-14,2.15428782,34.4340134,
162,8,162-8,f1,6.38333321,162-15,162-16,162-16,3.85499144,39.3731728,
162,9,162-9,f0,0.0501535349,162-17,162-18,162-18,2.95235682,1526.15283,
162,10,162-10,f1,8.85000038,162-19,162-20,162-20,3.66305399,175.512543,
162,11,162-11,f1,3.20000005,162-21,162-22,162-22,2.69919538,169.224838,
162,12,162-12,f1,11.3500004,162-23,162-24,162-24,0.311906338,15.5446033,
162,13,162-13,Leaf,,,,,-0.00742428703,26.3126984,
162,14,162-14,Leaf,,,,,-0.0248731542,8.12131596,
162,15,162-15,Leaf,,,,,0.0136268781,9.51941681,
162,16,162-16,Leaf,,,,,-0.00741653191,29.853756,
162,17,162-17,Leaf,,,,,-0.000937844103,867.696594,
162,18,162-18,Leaf,,,,,0.00172450906,658.456177,
162,19,162-19,Leaf,,,,,-0.00839588512,70.2733154,
162,20,162-20,Leaf,,,,,0.000408480642,105.23922,
162,21,162-21,Leaf,,,,,0.0114025082,42.9907684,
162,22,162-22,Leaf,,,,,0.00273800455,126.234077,
162,23,162-23,Leaf,,,,,0.025373647,5.59882641,
162,24,162-24,Leaf,,,,,0.0131532876,9.94577694,
163,0,163-0,f0,-1.03643334,163-1,163-2,163-2,3.9722743,1963.95093,
163,1,163-1,f2,-0.00999999978,163-3,163-4,163-4,2.04350734,74.2380981,
163,2,163-2,f0,1.55477357,163-5,163-6,163-6,3.08058619,1889.71277,
163,3,163-3,Leaf,,,,,0.00700134924,8.05126858,
163,4,163-4,f0,-1.88079357,163-7,163-8,163-8,1.40688658,66.1868286,
163,5,163-5,f3,0.159999996,163-9,163-10,163-10,1.85169053,1855.81812,
163,6,163-6,f0,2.3263483,163-11,163-12,163-12,0.405064821,33.8946648,
163,7,163-7,Leaf,,,,,-0.0215716772,5.7645998,
163,8,163-8,f2,0.0,163-13,163-14,163-14,0.684289932,60.4222336,
163,9,163-9,f3,0.109999999,163-15,163-16,163-16,3.67555118,1850.58936,
163,10,163-10,Leaf,,,,,-0.0160909947,5.22872877,
163,11,163-11,f3,0.00999999978,163-17,163-18,163-18,1.06969118,28.487299,
163,12,163-12,Leaf,,,,,0.0165536031,5.40736675,
163,13,163-13,Leaf,,,,,-0.0135270972,10.4494572,
163,14,163-14,Leaf,,,,,-0.00511906762,49.9727745,
163,15,163-15,Leaf,,,,,0.000206564117,1843.74622,
163,16,163-16,Leaf,,,,,0.020787444,6.84315681,
163,17,163-17,Leaf,,,,,0.00201976346,16.1936302,
163,18,163-18,Leaf,,,,,0.0136537692,12.2936678,
164,0,164-0,f0,1.55477357,164-1,164-2,164-2,3.71259451,1949.83386,
164,1,164-1,f5,0.410000026,164-3,164-4,164-4,2.87952471,1916.68188,
164,2,164-2,f1,4.83333349,164-5,164-6,164-6,0.55538559,33.1519928,
164,3,164-3,f0,-0.125661373,164-7,164-8,164-8,1.53887677,1858.66296,
164,4,164-4,f1,5.4333334,164-9,164-10,164-10,3.33176255,58.0188942,
164,5,164-5,f1,3.6500001,164-11,164-12,164-12,2.57280993,21.764122,
164,6,164-6,f1,6.98333311,164-13,164-14,164-14,0.309650183,11.3878689,
164,7,164-7,f1,14.3666668,164-15,164-16,164-16,1.83493006,720.549438,
164,8,164-8,f1,0.816666663,164-17,164-18,164-18,2.31251287,1138.11353,
164,9,164-9,f1,3.54999995,164-19,164-20,164-20,3.44881654,34.205677,
164,10,164-10,f1,6.98333311,164-21,164-22,164-22,4.63130331,23.8132191,
164,11,164-11,f1,1.29999995,164-23,164-24,164-24,0.109061241,16.3040276,
164,12,164-12,Leaf,,,,,-0.0102502285,5.46009398,
164,13,164-13,Leaf,,,,,0.0192266498,6.32807016,
164,14,164-14,Leaf,,,,,0.0071547213,5.05979919,
164,15,164-15,Leaf,,,,,-0.00152834272,699.170959,
164,16,164-16,Leaf,,,,,0.0072024893,21.3784885,
164,17,164-17,Leaf,,,,,0.0186241269,5.30904961,
164,18,164-18,Leaf,,,,,0.000409781875,1132.80444,
164,19,164-19,Leaf,,,,,-0.00843868405,20.5198765,
164,20,164-20,Leaf,,,,,0.0104204053,13.6857986,
164,21,164-21,Leaf,,,,,-0.0307419226,9.26299763,
164,22,164-22,Leaf,,,,,-0.00408733496,14.5502224,
164,23,164-23,Leaf,,,,,0.00637038611,5.10610104,
164,24,164-24,Leaf,,,,,0.0140017774,11.1979275,
165,0,165-0,f0,-1.34075499,165-1,165-2,165-2,4.24784708,1951.84424,
165,1,165-1,f1,2.6833334,165-3,165-4,165-4,0.738761425,29.0612259,
165,2,165-2,f0,1.17498672,165-5,165-6,165-6,2.82087064,1922.78308,
165,3,165-3,f1,1.51666665,165-7,165-8,165-8,0.799441576,10.1521769,
165,4,165-4,f1,5.0999999,165-9,165-10,165-10,0.875390053,18.90905,
165,5,165-5,f5,0.150000006,165-11,165-12,165-12,2.13062572,1829.52246,
165,6,165-6,f2,0.0199999996,165-13,165-14,165-14,1.90851712,93.2605896,
165,7,165-7,Leaf,,,,,-0.0114472406,5.14165258,
165,8,165-8,Leaf,,,,,0.00410631066,5.01052427,
165,9,165-9,Leaf,,,,,-0.0214074831,8.5157299,
165,10,165-10,Leaf,,,,,-0.00758888107,10.3933201,
165,11,165-11,f0,0.385320395,165-15,165-16,165-16,3.31947851,1014.1795,
165,12,165-12,f2,-0.0199999996,165-17,165-18,165-18,2.29077053,815.342957,
165,13,165-13,f1,10.3166666,165-19,165-20,165-20,1.88993597,84.8078842,
165,14,165-14,Leaf,,,,,-0.00769463414,8.45271015,
165,15,165-15,Leaf,,,,,0.000538990542,982.679749,
165,16,165-16,Leaf,,,,,0.0102850059,31.4997597,
165,17,165-17,Leaf,,,,,-0.00801682007,41.1765976,
165,18,165-18,Leaf,,,,,-0.000835006358,774.166321,
165,19,165-19,Leaf,,,,,0.00530952681,79.6811295,
165,20,165-20,Leaf,,,,,0.0228114538,5.12675476,
166,0,166-0,f0,-1.34075499,166-1,166-2,166-2,3.7961154,1951.01587,
166,1,166-1,f4,0.0,166-3,166-4,166-4,2.58728933,29.0804882,
166,2,166-2,f0,0.358458757,166-5,166-6,166-6,3.24735332,1921.9353,
166,3,166-3,Leaf,,,,,0.00354030472,7.60735846,
166,4,166-4,f1,5.0999999,166-7,166-8,166-8,0.72859621,21.4731293,
166,5,166-5,f3,0.0399999991,166-9,166-10,166-10,2.47928667,1400.13391,
166,6,166-6,f0,0.412463188,166-11,166-12,166-12,2.8509202,521.801392,
166,7,166-7,Leaf,,,,,-0.0204838179,13.5387468,
166,8,166-8,Leaf,,,,,-0.00766007928,7.93438292,
166,9,166-9,f0,0.33185333,166-13,166-14,166-14,1.37820995,1334.27295,
166,10,166-10,f1,8.55000019,166-15,166-16,166-16,6.09247828,65.8609848,
166,11,166-11,f1,13.0666666,166-17,166-18,166-18,6.4885726,59.5694046,
166,12,166-12,f0,2.3263483,166-19,166-20,166-20,2.7972765,462.231995,
166,13,166-13,Leaf,,,,,-0.000750367937,1307.63818,
166,14,166-14,Leaf,,,,,-0.00752254203,26.6347103,
166,15,166-15,Leaf,,,,,-0.0176789258,26.4062386,
166,16,166-16,Leaf,,,,,0.000717028684,39.4547462,
166,17,166-17,Leaf,,,,,0.012898637,46.5814362,
166,18,166-18,Leaf,,,,,-0.0104601271,12.9879684,
166,19,166-19,Leaf,,,,,0.000520559901,457.05957,
166,20,166-20,Leaf,,,,,0.0208544843,5.17243719,
167,0,167-0,f0,-0.612812936,167-1,167-2,167-2,4.43235779,1955.3894,
167,1,167-1,f1,5.0999999,167-3,167-4,167-4,2.1896646,261.978271,
167,2,167-2,f0,1.4757911,167-5,167-6,167-6,2.67416263,1693.41113,
167,3,167-3,f3,0.00999999978,167-7,167-8,167-8,2.15342236,79.8241959,
167,4,167-4,f2,0.0299999993,167-9,167-10,167-10,2.31098342,182.154068,
167,5,167-5,f2,-0.0799999982,167-11,167-12,167-12,1.90109086,1651.70959,
167,6,167-6,f1,7.9666667,167-13,167-14,167-14,1.79339433,41.7015076,
167,7,167-7,f1,4.4000001,167-15,167-16,167-16,0.839479923,41.0969925,
167,8,167-8,f0,-0.706302583,167-17,167-18,167-18,2.21779799,38.7272034,
167,9,167-9,f1,5.76666689,167-19,167-20,167-20,1.28843868,176.539215,
167,10,167-10,Leaf,,,,,-0.0192270763,5.61485338,
167,11,167-11,Leaf,,,,,0.0136943515,8.54858875,
167,12,167-12,f2,0.0,167-21,167-22,167-22,1.81448603,1643.16101,
167,13,167-13,f1,5.76666689,167-23,167-24,167-24,2.94244242,36.6925049,
167,14,167-14,Leaf,,,,,-0.00774024008,5.00900078,
167,15,167-15,Leaf,,,,,-0.00991701521,33.686821,
167,16,167-16,Leaf,,,,,-0.0214946028,7.41017294,
167,17,167-17,Leaf,,,,,-0.00549831335,33.4892235,
167,18,167-18,Leaf,,,,,0.0139716798,5.23797989,
167,19,167-19,Leaf,,,,,0.00696913619,15.0403719,
167,20,167-20,Leaf,,,,,-0.00194820168,161.49884,
167,21,167-21,Leaf,,,,,-0.00132605282,460.808929,
167,22,167-22,Leaf,,,,,0.000891243573,1182.35205,
167,23,167-23,Leaf,,,,,0.00595710985,30.525938,
167,24,167-24,Leaf,,,,,0.0276601203,6.16656733,
168,0,168-0,f0,-1.55477357,168-1,168-2,168-2,3.06689954,1962.45056,
168,1,168-1,f3,0.00999999978,168-3,168-4,168-4,0.490159035,15.8054543,
168,2,168-2,f0,0.643345416,168-5,168-6,168-6,2.74815488,1946.64502,
168,3,168-3,Leaf,,,,,-0.0168546401,9.87449074,
168,4,168-4,Leaf,,,,,-0.00495478883,5.93096304,
168,5,168-5,f5,0.0199999809,168-7,168-8,168-8,1.13830066,1656.20496,
168,6,168-6,f0,2.3263483,168-9,168-10,168-10,1.14804721,290.440155,
168,7,168-7,f3,0.0500000007,168-11,168-12,168-12,1.364748,122.888496,
168,8,168-8,f5,0.0200000107,168-13,168-14,168-14,1.8275913,1533.31641,
168,9,168-9,f0,0.772193134,168-15,168-16,168-16,1.1577754,285.420685,
168,10,168-10,Leaf,,,,,0.0156073626,5.01946259,
168,11,168-11,Leaf,,,,,-0.00254796213,117.309181,
168,12,168-12,Leaf,,,,,-0.0166483335,5.57931662,
168,13,168-13,Leaf,,,,,0.00617655041,36.9277077,
168,14,168-14,Leaf,,,,,-0.000491951476,1496.38867,
168,15,168-15,Leaf,,,,,0.00561546022,71.128685,
168,16,168-16,Leaf,,,,,0.00121250132,214.292007,
169,0,169-0,f2,-0.0799999982,169-1,169-2,169-2,2.18061614,1941.22375,
169,1,169-1,f5,0.139999986,169-3,169-4,169-4,0.627362013,11.0450172,
169,2,169-2,f2,-0.0299999993,169-5,169-6,169-6,1.63368833,1930.17883,
169,3,169-3,Leaf,,,,,0.00456577586,5.79149628,
169,4,169-4,Leaf,,,,,0.0193509739,5.25352097,
169,5,169-5,f1,12.8666668,169-7,169-8,169-8,1.01106107,35.6916084,
169,6,169-6,f1,13.4833336,169-9,169-10,169-10,0.932340264,1894.48718,
169,7,169-7,f1,10.7666664,169-11,169-12,169-12,1.97163987,26.9130497,
169,8,169-8,Leaf,,,,,0.0022023276,8.77855968,
169,9,169-9,f1,12.4666662,169-13,169-14,169-14,3.08706999,1592.35217,
169,10,169-10,f1,13.666667,169-15,169-16,169-16,3.17783093,302.134949,
169,11,169-11,Leaf,,,,,-0.00393435638,19.8129101,
169,12,169-12,Leaf,,,,,-0.0217810776,7.10013914,
169,13,169-13,Leaf,,,,,0.000159399016,1385.45471,
169,14,169-14,Leaf,,,,,-0.00376089639,206.897552,
169,15,169-15,Leaf,,,,,0.00923189428,39.982338,
169,16,169-16,Leaf,,,,,0.000247691351,262.152618,
170,0,170-0,f0,0.227544904,170-1,170-2,170-2,3.00309372,1944.73596,
170,1,170-1,f0,-1.88079357,170-3,170-4,170-4,1.94419336,1274.78943,
170,2,170-2,f1,14.666667,170-5,170-6,170-6,2.85129595,669.946594,
170,3,170-3,Leaf,,,,,-0.0169057865,5.64365959,
170,4,170-4,f2,-0.0799999982,170-7,170-8,170-8,1.69749403,1269.14575,
170,5,170-5,f0,2.3263483,170-9,170-10,170-10,2.48171186,663.364319,
170,6,170-6,Leaf,,,,,-0.0165444966,6.5822916,
170,7,170-7,Leaf,,,,,0.0123618869,7.98723745,
170,8,170-8,f1,0.966666639,170-11,170-12,170-12,3.32465434,1261.15845,
170,9,170-9,f1,0.816666663,170-13,170-14,170-14,1.4315505,658.164124,
170,10,170-10,Leaf,,,,,0.0208727941,5.20021009,
170,11,170-11,Leaf,,,,,-0.0191123337,7.78881502,
170,12,170-12,Leaf,,,,,-0.000594783633,1253.36963,
170,13,170-13,Leaf,,,,,0.0153896213,5.9049511,
170,14,170-14,Leaf,,,,,0.00164083228,652.259155,
171,0,171-0,f0,1.4757911,171-1,171-2,171-2,4.23228931,1953.37427,
171,1,171-1,f5,0.420000017,171-3,171-4,171-4,3.42334628,1911.88147,
171,2,171-2,f0,2.05374932,171-5,171-6,171-6,0.339893818,41.4928436,
171,3,171-3,f3,0.159999996,171-7,171-8,171-8,1.6367538,1873.75586,
171,4,171-4,f3,0.0199999996,171-9,171-10,171-10,1.93368053,38.1255493,
171,5,171-5,f3,0.00999999978,171-11,171-12,171-12,0.107527018,33.0466461,
171,6,171-6,Leaf,,,,,0.0147173284,8.44619751,
171,7,171-7,f3,0.109999999,171-13,171-14,171-14,2.96743226,1868.59338,
171,8,171-8,Leaf,,,,,-0.0155756874,5.16251373,
171,9,171-9,f0,-1.88079357,171-15,171-16,171-16,0.525388718,32.8682518,
171,10,171-10,Leaf,,,,,0.00679410761,5.25729465,
171,11,171-11,f0,1.64485347,171-17,171-18,171-18,1.03244412,18.117424,
171,12,171-12,f0,1.64485347,171-19,171-20,171-20,0.83044529,14.9292212,
171,13,171-13,Leaf,,,,,-0.000167572027,1861.58154,
171,14,171-14,Leaf,,,,,0.0181293581,7.01183987,
171,15,171-15,Leaf,,,,,-0.0205217265,5.07855558,
171,16,171-16,Leaf,,,,,-0.00951951277,27.7896976,
171,17,171-17,Leaf,,,,,0.0126346583,8.15190411,
171,18,171-18,Leaf,,,,,-0.00121194182,9.96552086,
171,19,171-19,Leaf,,,,,0.00235125935,7.97017145,
171,20,171-20,Leaf,,,,,0.0164028276,6.95905018,
172,0,172-0,f0,-1.34075499,172-1,172-2,172-2,6.04598475,1943.79761,
172,1,172-1,f1,5.2833333,172-3,172-4,172-4,2.34711838,27.7164898,
172,2,172-2,f0,1.75068581,172-5,172-6,172-6,2.46472025,1916.08118,
172,3,172-3,f0,-1.75068605,172-7,172-8,172-8,1.07819295,18.7300549,
172,4,172-4,Leaf,,,,,-0.0251853298,8.98643589,
172,5,172-5,f1,5.91666651,172-9,172-10,172-10,1.3197372,1899.72766,
172,6,172-6,f3,0.00999999978,172-11,172-12,172-12,0.555808306,16.3534489,
172,7,172-7,Leaf,,,,,-0.0152355498,6.87420321,
172,8,172-8,f1,3.33333325,172-13,172-14,172-14,0.197625488,11.8558512,
172,9,172-9,f2,0.00999999978,172-15,172-16,172-16,7.66855478,440.630005,
172,10,172-10,f1,6.86666679,172-17,172-18,172-18,5.18604851,1459.09766,
172,11,172-11,Leaf,,,,,0.0155339735,10.8158264,
172,12,172-12,Leaf,,,,,0.0032785784,5.5376215,
172,13,172-13,Leaf,,,,,-0.00397901516,6.71781206,
172,14,172-14,Leaf,,,,,0.00324689224,5.13803959,
172,15,172-15,Leaf,,,,,-0.00339471688,321.270996,
172,16,172-16,Leaf,,,,,0.00548049808,119.359024,
172,17,172-17,Leaf,,,,,0.00753917871,97.4051285,
172,18,172-18,Leaf,,,,,0.000407232554,1361.6925,
173,0,173-0,f0,0.125661373,173-1,173-2,173-2,2.64058852,1946.69714,
173,1,173-1,f1,0.966666639,173-3,173-4,173-4,2.18462658,1134.26392,
173,2,173-2,f1,0.816666663,173-5,173-6,173-6,2.32663393,812.433289,
173,3,173-3,Leaf,,,,,-0.0144437132,9.48506451,
173,4,173-4,f0,-1.2815516,173-7,173-8,173-8,2.25148416,1124.77881,
173,5,173-5,Leaf,,,,,0.0169599634,7.59450674,
173,6,173-6,f2,0.0,173-9,173-10,173-10,2.50702119,804.838745,
173,7,173-7,f1,8.30000019,173-11,173-12,173-12,0.829410076,31.7268639,
173,8,173-8,f1,1.7166667,173-13,173-14,173-14,2.44013453,1093.052,
173,9,173-9,f1,6.3166666,173-15,173-16,173-16,4.90031242,212.277863,
173,10,173-10,f1,14.666667,173-17,173-18,173-18,2.52709842,592.560913,
173,11,173-11,Leaf,,,,,-0.010509057,26.5805244,
173,12,173-12,Leaf,,,,,0.00222905912,5.14634037,
173,13,173-13,Leaf,,,,,0.00933593884,21.4596539,
173,14,173-14,Leaf,,,,,-0.00065593078,1071.59229,
173,15,173-15,Leaf,,,,,0.00546446443,62.5429306,
173,16,173-16,Leaf,,,,,-0.00447118329,149.73494,
173,17,173-17,Leaf,,,,,0.00248560146,585.616028,
173,18,173-18,Leaf,,,,,-0.014567229,6.94489098,
174,0,174-0,f0,1.55477357,174-1,174-2,174-2,2.62399292,1945.36584,
174,1,174-1,f5,0.409999996,174-3,174-4,174-4,2.88384461,1913.91846,
174,2,174-2,f3,0.00999999978,174-5,174-6,174-6,1.1070745,31.4473991,
174,3,174-3,f3,0.159999996,174-7,174-8,174-8,2.15416574,1850.2738,
174,4,174-4,f0,-1.88079357,174-9,174-10,174-10,0.799685478,63.6446342,
174,5,174-5,f0,1.88079405,174-11,174-12,174-12,1.61207378,19.5294933,
174,6,174-6,f0,1.75068581,174-13,174-14,174-14,0.401872158,11.9179049,
174,7,174-7,f3,0.0299999993,174-15,174-16,174-16,1.38864577,1844.72913,
174,8,174-8,Leaf,,,,,-0.0171642546,5.54459095,
174,9,174-9,Leaf,,,,,-0.0165915508,5.50731993,
174,10,174-10,f3,0.00999999978,174-17,174-18,174-18,0.539170861,58.1373138,
174,11,174-11,Leaf,,,,,-0.00332297105,11.7720308,
174,12,174-12,Leaf,,,,,0.0134623982,7.7574625,
174,13,174-13,Leaf,,,,,0.0200537033,6.58742285,
174,14,174-14,Leaf,,,,,0.00711280573,5.33048201,
174,15,174-15,Leaf,,,,,0.000353626558,1659.01147,
174,16,174-16,Leaf,,,,,-0.00237517129,185.717697,
174,17,174-17,Leaf,,,,,-0.00234502484,30.6186161,
174,18,174-18,Leaf,,,,,-0.00818773825,27.5186977,
175,0,175-0,f0,1.4757911,175-1,175-2,175-2,2.59821486,1949.72046,
175,1,175-1,f5,0.420000017,175-3,175-4,175-4,2.98569775,1909.36194,
175,2,175-2,f1,3.48333335,175-5,175-6,175-6,0.809282541,40.3584824,
175,3,175-3,f1,8.73333359,175-7,175-8,175-8,1.34000647,1872.46912,
175,4,175-4,f1,8.46666622,175-9,175-10,175-10,1.58203053,36.8928986,
175,5,175-5,f1,2.13333344,175-11,175-12,175-12,1.02313137,16.7954025,
175,6,175-6,f1,5.1500001,175-13,175-14,175-14,2.23218727,23.5630817,
175,7,175-7,f1,8.60000038,175-15,175-16,175-16,7.5622468,737.786194,
175,8,175-8,f1,10.4666662,175-17,175-18,175-18,2.49408412,1134.68286,
175,9,175-9,f1,5.58333349,175-19,175-20,175-20,4.3890667,31.7038307,
175,10,175-10,Leaf,,,,,0.00636586174,5.18906975,
175,11,175-11,Leaf,,,,,0.00534821302,9.47612476,
175,12,175-12,Leaf,,,,,0.0205753185,7.31927681,
175,13,175-13,Leaf,,,,,-0.00638773246,9.98305225,
175,14,175-14,f1,7.9666667,175-21,175-22,175-22,1.68607736,13.5800285,
175,15,175-15,Leaf,,,,,0.000974629482,721.553162,
175,16,175-16,Leaf,,,,,0.0210864134,16.2330303,
175,17,175-17,Leaf,,,,,-0.0027935158,256.416351,
175,18,175-18,Leaf,,,,,0.000564029207,878.266541,
175,19,175-19,Leaf,,,,,-0.00327666174,23.0564671,
175,20,175-20,Leaf,,,,,-0.0275523067,8.64736271,
175,21,175-21,Leaf,,,,,0.0191474743,8.42268944,
175,22,175-22,Leaf,,,,,-0.0018584209,5.1573391,
176,0,176-0,f0,1.88079405,176-1,176-2,176-2,2.22778559,1937.09839,
176,1,176-1,f0,-0.772193193,176-3,176-4,176-4,1.82317424,1926.36169,
176,2,176-2,Leaf,,,,,0.0127169145,10.7367105,
176,3,176-3,f0,-1.88079357,176-5,176-6,176-6,1.08060002,165.624771,
176,4,176-4,f1,2.13333344,176-7,176-8,176-8,1.65354967,1760.73694,
176,5,176-5,Leaf,,,,,-0.0157837756,5.15342188,
176,6,176-6,f3,0.0500000007,176-9,176-10,176-10,0.893276095,160.471359,
176,7,176-7,f1,1.91666663,176-11,176-12,176-12,3.57248497,66.0396957,
176,8,176-8,f1,2.36666656,176-13,176-14,176-14,9.0322361,1694.69727,
176,9,176-9,Leaf,,,,,-0.00333641237,155.020462,
176,10,176-10,Leaf,,,,,0.00811468344,5.45089483,
176,11,176-11,Leaf,,,,,0.00159606547,57.1171417,
176,12,176-12,Leaf,,,,,0.0211337972,8.9225502,
176,13,176-13,Leaf,,,,,-0.0239507686,13.3997717,
176,14,176-14,Leaf,,,,,-8.94669865e-05,1681.29749,
177,0,177-0,f1,0.816666663,177-1,177-2,177-2,1.65383577,1938.81726,
177,1,177-1,f1,0.616666675,177-3,177-4,177-4,1.0361799,13.5808916,
177,2,177-2,f3,0.150000006,177-5,177-6,177-6,1.75725055,1925.23645,
177,3,177-3,Leaf,,,,,0.00215571583,7.90542603,
177,4,177-4,Leaf,,,,,0.0185253322,5.67546606,
177,5,177-5,f3,0.109999999,177-7,177-8,177-8,1.47503757,1920.00928,
177,6,177-6,Leaf,,,,,-0.0162552018,5.22716141,
177,7,177-7,f5,0.480000019,177-9,177-10,177-10,1.18809462,1913.78992,
177,8,177-8,Leaf,,,,,0.0132432543,6.21933699,
177,9,177-9,Leaf,,,,,-0.000397486379,1904.65247,
177,10,177-10,Leaf,,,,,0.00990064256,9.13745117,
178,0,178-0,f2,-0.0799999982,178-1,178-2,178-2,1.90658772,1942.96008,
178,1,178-1,f1,6.98333311,178-3,178-4,178-4,0.769419432,11.1105423,
178,2,178-2,f0,-1.34075499,178-5,178-6,178-6,2.11449552,1931.84961,
178,3,178-3,Leaf,,,,,0.00361212785,6.07952547,
178,4,178-4,Leaf,,,,,0.0194948614,5.03101635,
178,5,178-5,f1,1.7833333,178-7,178-8,178-8,0.668834209,26.7908878,
178,6,178-6,f0,1.4757911,178-9,178-10,178-10,1.76232243,1905.05872,
178,7,178-7,Leaf,,,,,-0.0169637483,5.51086283,
178,8,178-8,f1,5.4000001,178-11,178-12,178-12,0.94738847,21.2800255,
178,9,178-9,f1,5.91666651,178-13,178-14,178-14,1.85495424,1865.1283,
178,10,178-10,f1,8.10000038,178-15,178-16,178-16,1.41624451,39.9303627,
178,11,178-11,Leaf,,,,,-3.13516066e-05,12.6313677,
178,12,178-12,Leaf,,,,,-0.0125187263,8.6486578,
178,13,178-13,Leaf,,,,,-0.00190969545,412.131317,
178,14,178-14,Leaf,,,,,0.00036829288,1452.99695,
178,15,178-15,Leaf,,,,,0.00829999708,34.9113998,
178,16,178-16,Leaf,,,,,-0.00765116094,5.01896477,
179,0,179-0,f0,1.88079405,179-1,179-2,179-2,2.56204796,1953.81873,
179,1,179-1,f0,-0.772193193,179-3,179-4,179-4,2.203408,1943.69287,
179,2,179-2,f1,2.41666675,179-5,179-6,179-6,0.562849283,10.1258116,
179,3,179-3,f0,-1.88079357,179-7,179-8,179-8,1.1318419,167.306564,
179,4,179-4,f1,12.5,179-9,179-10,179-10,1.77418411,1776.38635,
179,5,179-5,Leaf,,,,,0.00558726303,5.02076435,
179,6,179-6,Leaf,,,,,0.0207520127,5.10504723,
179,7,179-7,Leaf,,,,,-0.0159219317,5.21312904,
179,8,179-8,f3,0.0500000007,179-11,179-12,179-12,1.08609509,162.09343,
179,9,179-9,f1,11.5,179-13,179-14,179-14,6.56761074,1270.18945,
179,10,179-10,f1,12.6166668,179-15,179-16,179-16,5.94693947,506.196899,
179,11,179-11,Leaf,,,,,-0.00330707454,156.082214,
179,12,179-12,Leaf,,,,,0.00880929641,6.01122093,
179,13,179-13,Leaf,,,,,2.78763382e-05,1098.63879,
179,14,179-14,Leaf,,,,,0.00632360531,171.550705,
179,15,179-15,Leaf,,,,,-0.0167392027,20.2810822,
179,16,179-16,Leaf,,,,,-0.000535282947,485.915802,
180,0,180-0,f0,-1.47579098,180-1,180-2,180-2,1.81004596,1941.78613,
180,1,180-1,f1,2.6833334,180-3,180-4,180-4,0.571252704,18.5839901,
180,2,180-2,f3,0.159999996,180-5,180-6,180-6,2.09147763,1923.20215,
180,3,180-3,Leaf,,,,,-0.00251671253,7.50248241,
180,4,180-4,f1,5.0999999,180-7,180-8,180-8,0.294808865,11.0815077,
180,5,180-5,f3,0.0799999982,180-9,180-10,180-10,2.62163115,1918.1377,
180,6,180-6,Leaf,,,,,-0.0178224985,5.06444359,
180,7,180-7,Leaf,,,,,-0.0178069808,5.98777008,
180,8,180-8,Leaf,,,,,-0.00627645198,5.09373713,
180,9,180-9,f0,1.88079405,180-11,180-12,180-12,1.83097982,1900.64294,
180,10,180-10,f5,0.0800000131,180-13,180-14,180-14,2.62862515,17.4947491,
180,11,180-11,Leaf,,,,,-0.000357266952,1890.45227,
180,12,180-12,Leaf,,,,,0.0118137319,10.1906948,
180,13,180-13,Leaf,,,,,-0.00409046561,6.29780245,
180,14,180-14,Leaf,,,,,0.0192241799,11.1969471,
181,0,181-0,f0,1.0803194,181-1,181-2,181-2,2.87368536,1943.8241,
181,1,181-1,f2,-0.0799999982,181-3,181-4,181-4,1.96480775,1835.58313,
181,2,181-2,f2,0.0199999996,181-5,181-6,181-6,3.05928898,108.240944,
181,3,181-3,f1,7.33333349,181-7,181-8,181-8,0.996317863,10.8001633,
181,4,181-4,f0,-0.95416522,181-9,181-10,181-10,2.25130844,1824.78308,
181,5,181-5,f1,9.66666698,181-11,181-12,181-12,2.12806273,97.6912079,
181,6,181-6,f1,4.98333311,181-13,181-14,181-14,0.407645702,10.5497379,
181,7,181-7,Leaf,,,,,0.00243149092,5.76975012,
181,8,181-8,Leaf,,,,,0.0203588586,5.03041315,
181,9,181-9,f1,11.3500004,181-15,181-16,181-16,1.52389956,90.8265381,
181,10,181-10,f2,-0.0299999993,181-17,181-18,181-18,1.84448433,1733.95654,
181,11,181-11,f1,7.73333311,181-19,181-20,181-20,2.22036552,86.6748428,
181,12,181-12,f3,0.00999999978,181-21,181-22,181-22,0.279730797,11.0163651,
181,13,181-13,Leaf,,,,,-0.00346444617,5.51465702,
181,14,181-14,Leaf,,,,,-0.015592251,5.03508091,
181,15,181-15,Leaf,,,,,-0.00396243576,85.5656509,
181,16,181-16,Leaf,,,,,-0.0194298811,5.26088667,
181,17,181-17,Leaf,,,,,-0.00727855042,31.8719597,
181,18,181-18,Leaf,,,,,-0.000103833292,1702.08447,
181,19,181-19,Leaf,,,,,0.00654222211,74.2330933,
181,20,181-20,Leaf,,,,,-0.00676355883,12.4417524,
181,21,181-21,Leaf,,,,,0.0103857853,5.65563679,
181,22,181-22,Leaf,,,,,0.0234691463,5.36072779,
182,0,182-0,f0,-1.75068605,182-1,182-2,182-2,3.77926517,1937.22314,
182,1,182-1,Leaf,,,,,-0.0198446289,7.48521185,
182,2,182-2,f0,1.55477357,182-3,182-4,182-4,2.0744071,1929.73792,
182,3,182-3,f2,-0.0799999982,182-5,182-6,182-6,2.04798651,1899.04773,
182,4,182-4,f1,2.8166666,182-7,182-8,182-8,0.979064703,30.6901836,
182,5,182-5,f1,6.98333311,182-9,182-10,182-10,0.233687639,10.9977036,
182,6,182-6,f3,0.0299999993,182-11,182-12,182-12,2.29734516,1888.05005,
182,7,182-7,Leaf,,,,,0.0149852885,10.2766247,
182,8,182-8,f1,5.76666689,182-13,182-14,182-14,0.699519992,20.413559,
182,9,182-9,Leaf,,,,,0.00663884915,5.96522284,
182,10,182-10,Leaf,,,,,0.0170941539,5.03248024,
182,11,182-11,Leaf,,,,,0.000359727739,1703.96753,
182,12,182-12,Leaf,,,,,-0.00315936166,184.082489,
182,13,182-13,Leaf,,,,,-0.00062086829,12.9863224,
182,14,182-14,Leaf,,,,,0.0104338843,7.42723703,
183,0,183-0,f0,-1.75068605,183-1,183-2,183-2,2.31290865,1948.98645,
183,1,183-1,Leaf,,,,,-0.0158357657,7.21132803,
183,2,183-2,f0,1.4757911,183-3,183-4,183-4,1.64483106,1941.77515,
183,3,183-3,f2,0.0199999996,183-5,183-6,183-6,1.47598636,1902.9668,
183,4,183-4,f1,7.9666667,183-7,183-8,183-8,1.31267619,38.808403,
183,5,183-5,f1,10.4666662,183-9,183-10,183-10,1.92817211,1699.23438,
183,6,183-6,f1,1.7166667,183-11,183-12,183-12,4.35889149,203.732315,
183,7,183-7,f1,5.76666689,183-13,183-14,183-14,3.21556973,33.6888161,
183,8,183-8,Leaf,,,,,-0.00700491574,5.11958933,
183,9,183-9,Leaf,,,,,-0.00123649428,910.282104,
183,10,183-10,Leaf,,,,,0.000788670382,788.952332,
183,11,183-11,Leaf,,,,,-0.0173140615,8.64631367,
183,12,183-12,Leaf,,,,,0.00335751497,195.085999,
183,13,183-13,Leaf,,,,,0.00371570117,28.0584564,
183,14,183-14,Leaf,,,,,0.0271351952,5.63035774,
184,0,184-0,f0,-0.582841516,184-1,184-2,184-2,3.17076874,1950.34131,
184,1,184-1,f1,3.45000005,184-3,184-4,184-4,1.98308492,274.976227,
184,2,184-2,f0,0.91536504,184-5,184-6,184-6,1.56921411,1675.36511,
184,3,184-3,f1,2.36666656,184-7,184-8,184-8,2.63610816,42.3979797,
184,4,184-4,f1,3.6500001,184-9,184-10,184-10,4.48578691,232.578262,
184,5,184-5,f0,0.877896309,184-11,184-12,184-12,1.05861378,1517.18005,
184,6,184-6,f1,4.25,184-13,184-14,184-14,1.43851447,158.185028,
184,7,184-7,f0,-0.84162122,184-15,184-16,184-16,3.25440407,25.1527462,
184,8,184-8,f1,2.9666667,184-17,184-18,184-18,0.376448631,17.2452316,
184,9,184-9,Leaf,,,,,0.0237983447,5.07029152,
184,10,184-10,f1,5.0999999,184-19,184-20,184-20,1.79272723,227.507965,
184,11,184-11,f1,0.816666663,184-21,184-22,184-22,0.633437991,1502.23694,
184,12,184-12,f1,7.7833333,184-23,184-24,184-24,0.719844639,14.943182,
184,13,184-13,f3,0.00999999978,184-25,184-26,184-26,1.11159039,55.0451241,
184,14,184-14,f1,9.66666698,184-27,184-28,184-28,1.66747212,103.1399,
184,15,184-15,Leaf,,,,,0.00486873882,17.5825806,
184,16,184-16,Leaf,,,,,-0.0174971037,7.57016563,
184,17,184-17,Leaf,,,,,-0.0113254432,9.62186527,
184,18,184-18,Leaf,,,,,-0.0227804948,7.62336683,
184,19,184-19,Leaf,,,,,-0.00857860595,34.116478,
184,20,184-20,Leaf,,,,,-0.00120099739,193.391495,
184,21,184-21,Leaf,,,,,0.0100044068,5.25607777,
184,22,184-22,Leaf,,,,,0.000436571514,1496.98083,
184,23,184-23,Leaf,,,,,-0.0124413287,8.654459,
184,24,184-24,Leaf,,,,,0.000522006128,6.28872299,
184,25,184-25,Leaf,,,,,0.00307306298,28.2148705,
184,26,184-26,Leaf,,,,,0.0116733368,26.8302536,
184,27,184-27,Leaf,,,,,-0.000826103322,77.1459351,
184,28,184-28,Leaf,,,,,0.0078282021,25.9939613,
185,0,185-0,f0,1.55477357,185-1,185-2,185-2,2.41528058,1946.36597,
185,1,185-1,f5,0.409999996,185-3,185-4,185-4,2.18972468,1915.33252,
185,2,185-2,f1,3.33333325,185-5,185-6,185-6,0.326096058,31.0333939,
185,3,185-3,f0,1.17498672,185-7,185-8,185-8,3.00544858,1853.22974,
185,4,185-4,f1,5.4333334,185-9,185-10,185-10,2.3575418,62.1027641,
185,5,185-5,f1,1.86666667,185-11,185-12,185-12,0.722326279,12.9607477,
185,6,185-6,f1,5.05000019,185-13,185-14,185-14,1.50941777,18.0726471,
185,7,185-7,f3,0.159999996,185-15,185-16,185-16,2.4186337,1823.52026,
185,8,185-8,f1,7.5999999,185-17,185-18,185-18,0.990718126,29.7094498,
185,9,185-9,f0,-1.75068605,185-19,185-20,185-20,1.60581577,35.0812531,
185,10,185-10,f1,6.11666679,185-21,185-22,185-22,6.88541698,27.021513,
185,11,185-11,Leaf,,,,,0.00397798186,6.80171585,
185,12,185-12,Leaf,,,,,0.018404413,6.15903187,
185,13,185-13,Leaf,,,,,-0.00424146978,8.22183609,
185,14,185-14,Leaf,,,,,0.0124105699,9.850811,
185,15,185-15,Leaf,,,,,-0.000145887127,1818.09753,
185,16,185-16,Leaf,,,,,-0.0185881257,5.42280674,
185,17,185-17,Leaf,,,,,0.0124649275,21.658432,
185,18,185-18,Leaf,,,,,0.000189532322,8.05101776,
185,19,185-19,Leaf,,,,,-0.0134054646,6.05458975,
185,20,185-20,Leaf,,,,,0.00250194035,29.0266628,
185,21,185-21,Leaf,,,,,-0.0398784466,5.29929352,
185,22,185-22,Leaf,,,,,-0.00402142946,21.7222195,
186,0,186-0,f0,-1.03643334,186-1,186-2,186-2,2.17530942,1936.95557,
186,1,186-1,f0,-1.47579098,186-3,186-4,186-4,0.498379707,67.6762543,
186,2,186-2,f3,0.159999996,186-5,186-6,186-6,1.58412766,1869.2793,
186,3,186-3,f3,0.00999999978,186-7,186-8,186-8,0.214894533,17.4948959,
186,4,186-4,f0,-1.12639117,186-9,186-10,186-10,0.259562612,50.1813583,
186,5,186-5,f3,0.109999999,186-11,186-12,186-12,2.08099651,1864.08057,
186,6,186-6,Leaf,,,,,-0.0151625788,5.19875097,
186,7,186-7,Leaf,,,,,-0.0124159474,10.5003939,
186,8,186-8,Leaf,,,,,-0.0046647694,6.99450254,
186,9,186-9,f2,0.0,186-13,186-14,186-14,0.215284228,35.9739418,
186,10,186-10,f3,0.00999999978,186-15,186-16,186-16,0.19710964,14.2074175,
186,11,186-11,f0,1.75068581,186-17,186-18,186-18,1.54014373,1857.21619,
186,12,186-12,Leaf,,,,,0.0154279582,6.8643117,
186,13,186-13,Leaf,,,,,-0.0057976027,10.2720098,
186,14,186-14,Leaf,,,,,-0.00078609318,25.7019329,
186,15,186-15,Leaf,,,,,-0.0029701381,7.11710358,
186,16,186-16,Leaf,,,,,-0.0104238149,7.09031343,
186,17,186-17,Leaf,,,,,-0.000115806441,1842.77966,
186,18,186-18,Leaf,,,,,0.00939982198,14.4365473,
187,0,187-0,f0,2.05374932,187-1,187-2,187-2,3.52236986,1939.09265,
187,1,187-1,f0,-1.75068605,187-3,187-4,187-4,1.27544701,1931.80261,
187,2,187-2,Leaf,,,,,0.0196501575,7.29003143,
187,3,187-3,Leaf,,,,,-0.0118474094,7.07163811,
187,4,187-4,f1,8.73333359,187-5,187-6,187-6,1.40320945,1924.73108,
187,5,187-5,f4,1.0,187-7,187-8,187-8,4.82803488,785.11969,
187,6,187-6,f1,10.8166666,187-9,187-10,187-10,2.51494598,1139.61133,
187,7,187-7,Leaf,,,,,-0.000288311217,587.526428,
187,8,187-8,Leaf,,,,,0.00512196682,197.593277,
187,9,187-9,Leaf,,,,,-0.00283360784,317.277832,
187,10,187-10,Leaf,,,,,0.000306790142,822.333496,
188,0,188-0,f0,1.17498672,188-1,188-2,188-2,2.33868575,1943.73645,
188,1,188-1,f1,0.966666639,188-3,188-4,188-4,1.91640556,1855.1759,
188,2,188-2,f1,9.66666698,188-5,188-6,188-6,2.37894177,88.5605316,
188,3,188-3,f0,0.0752697885,188-7,188-8,188-8,2.98264074,14.5055866,
188,4,188-4,f0,-1.2815516,188-9,188-10,188-10,1.45723665,1840.67029,
188,5,188-5,f1,7.4666667,188-11,188-12,188-12,5.14947081,80.536171,
188,6,188-6,Leaf,,,,,0.0194510277,8.02436352,
188,7,188-7,Leaf,,,,,-0.0199875068,9.38899612,
188,8,188-8,Leaf,,,,,0.00693753688,5.11659098,
188,9,188-9,f1,7.9666667,188-13,188-14,188-14,0.877682805,29.3291245,
188,10,188-10,f1,1.60000002,188-15,188-16,188-16,2.04674578,1811.34119,
188,11,188-11,f0,1.40507162,188-17,188-18,188-18,1.77170372,68.2491379,
188,12,188-12,f1,8.66666698,188-19,188-20,188-20,0.96049428,12.2870321,
188,13,188-13,Leaf,,,,,-0.00909056421,23.5213356,
188,14,188-14,Leaf,,,,,0.0034043917,5.80778933,
188,15,188-15,Leaf,,,,,0.00784150977,28.8068428,
188,16,188-16,Leaf,,,,,-8.52278899e-05,1782.5343,
188,17,188-17,Leaf,,,,,0.0118352594,29.2513294,
188,18,188-18,Leaf,,,,,0.00209338497,38.9978065,
188,19,188-19,Leaf,,,,,-0.00526466873,6.82212257,
188,20,188-20,Leaf,,,,,-0.0224680305,5.46490955,
189,0,189-0,f0,1.4757911,189-1,189-2,189-2,2.7455337,1942.96704,
189,1,189-1,f5,0.420000017,189-3,189-4,189-4,2.38642287,1904.71973,
189,2,189-2,f0,2.05374932,189-5,189-6,189-6,0.10348773,38.2472801,
189,3,189-3,f3,0.159999996,189-7,189-8,189-8,1.8203758,1870.2749,
189,4,189-4,f3,0.0199999996,189-9,189-10,189-10,0.926971197,34.4448471,
189,5,189-5,f2,0.00999999978,189-11,189-12,189-12,0.196668625,31.2146606,
189,6,189-6,Leaf,,,,,0.0118212504,7.03261757,
189,7,189-7,f3,0.109999999,189-13,189-14,189-14,2.0949676,1865.08374,
189,8,189-8,Leaf,,,,,-0.0160397999,5.19125557,
189,9,189-9,f0,-1.40507162,189-15,189-16,189-16,0.704885721,29.3411827,
189,10,189-10,Leaf,,,,,0.00357908662,5.10366297,
189,11,189-11,f0,1.64485347,189-17,189-18,189-18,0.408144474,23.0667839,
189,12,189-12,Leaf,,,,,0.00247522024,8.14787674,
189,13,189-13,Leaf,,,,,0.000192207473,1858.95691,
189,14,189-14,Leaf,,,,,0.0164889228,6.12681532,
189,15,189-15,Leaf,,,,,-0.00546684721,17.9466877,
189,16,189-16,Leaf,,,,,-0.0153022828,11.3944969,
189,17,189-17,Leaf,,,,,0.0122749722,11.0216341,
189,18,189-18,Leaf,,,,,0.00395492651,12.0451498,
190,0,190-0,f2,0.0299999993,190-1,190-2,190-2,1.20510495,1939.58459,
190,1,190-1,f5,0.0300000012,190-3,190-4,190-4,1.48446679,1844.70874,
190,2,190-2,f5,0.0299999714,190-5,190-6,190-6,3.01588178,94.8758926,
190,3,190-3,f1,14.8500004,190-7,190-8,190-8,1.54304266,229.849167,
190,4,190-4,f5,0.0399999917,190-9,190-10,190-10,4.63903618,1614.85962,
190,5,190-5,f1,11.5500002,190-11,190-12,190-12,3.75720501,10.6622477,
190,6,190-6,f5,0.180000007,190-13,190-14,190-14,4.69169521,84.2136459,
190,7,190-7,f2,-0.00999999978,190-15,190-16,190-16,1.53888857,223.406815,
190,8,190-8,Leaf,,,,,-0.0157549996,6.44235229,
190,9,190-9,f1,12.25,190-17,190-18,190-18,0.591812134,38.4743309,
190,10,190-10,f2,-0.0700000003,190-19,190-20,190-20,1.59411049,1576.38525,
190,11,190-11,Leaf,,,,,-0.00631248346,5.4360733,
190,12,190-12,Leaf,,,,,0.0268979277,5.22617435,
190,13,190-13,f1,10.4666662,190-21,190-22,190-22,2.2345252,49.0949745,
190,14,190-14,f1,11.3500004,190-23,190-24,190-24,9.80650997,35.1186676,
190,15,190-15,Leaf,,,,,0.00463319663,27.9210167,
190,16,190-16,Leaf,,,,,-0.0027878643,195.485794,
190,17,190-17,Leaf,,,,,0.0148723619,15.863183,
190,18,190-18,Leaf,,,,,0.00681457669,22.6111488,
190,19,190-19,Leaf,,,,,0.0107391858,11.3817139,
190,20,190-20,Leaf,,,,,-6.76927666e-05,1565.00354,
190,21,190-21,Leaf,,,,,-0.0181130487,22.4971924,
190,22,190-22,Leaf,,,,,-0.0051373574,26.597784,
190,23,190-23,Leaf,,,,,0.0098631084,29.7295208,
190,24,190-24,Leaf,,,,,-0.0310043469,5.38914585,
191,0,191-0,f0,-1.2815516,191-1,191-2,191-2,1.6067127,1936.3092,
191,1,191-1,f1,2.6833334,191-3,191-4,191-4,1.02984357,31.8200722,
191,2,191-2,f3,0.159999996,191-5,191-6,191-6,1.8302753,1904.48914,
191,3,191-3,Leaf,,,,,0.00119941833,10.1662159,
191,4,191-4,f1,5.0999999,191-7,191-8,191-8,2.39674759,21.6538563,
191,5,191-5,f3,0.0799999982,191-9,191-10,191-10,1.44773853,1898.52625,
191,6,191-6,Leaf,,,,,-0.0152805913,5.96279049,
191,7,191-7,Leaf,,,,,-0.0215568412,8.61463928,
191,8,191-8,f0,-1.40507162,191-11,191-12,191-12,0.495010942,13.0392179,
191,9,191-9,f0,1.75068581,191-13,191-14,191-14,1.41426182,1881.42615,
191,10,191-10,f1,13.0166664,191-15,191-16,191-16,2.81639624,17.1002045,
191,11,191-11,Leaf,,,,,0.00371742109,6.77229834,
191,12,191-12,Leaf,,,,,-0.00720602274,6.26691914,
191,13,191-13,Leaf,,,,,-2.68810636e-05,1867.16235,
191,14,191-14,Leaf,,,,,0.00914214645,14.2637234,
191,15,191-15,Leaf,,,,,-0.00100402837,10.8558264,
191,16,191-16,Leaf,,,,,0.0230621062,6.24437714,
192,0,192-0,f0,0.0,192-1,192-2,192-2,1.80390143,1944.91077,
192,1,192-1,f2,-0.00999999978,192-3,192-4,192-4,2.01883578,933.777466,
192,2,192-2,f1,14.6333332,192-5,192-6,192-6,2.97359514,1011.13324,
192,3,192-3,f1,13.5666666,192-7,192-8,192-8,6.54790974,110.059624,
192,4,192-4,f0,-0.0501536094,192-9,192-10,192-10,3.08117914,823.717834,
192,5,192-5,f1,11.7666664,192-11,192-12,192-12,2.02354145,979.105164,
192,6,192-6,f2,0.0,192-13,192-14,192-14,1.10618615,32.0281029,
192,7,192-7,f1,4.88333321,192-15,192-16,192-16,1.77278292,88.9209366,
192,8,192-8,f1,14.2166662,192-17,192-18,192-18,4.39744806,21.1386929,
192,9,192-9,f1,8.73333359,192-19,192-20,192-20,2.05502796,752.410217,
192,10,192-10,f1,10.1999998,192-21,192-22,192-22,2.70670509,71.3076096,
192,11,192-11,f1,11.0333338,192-23,192-24,192-24,2.7038064,675.745056,
192,12,192-12,f1,12.083333,192-25,192-26,192-26,5.21750975,303.360107,
192,13,192-13,Leaf,,,,,0.00116243935,8.83540821,
192,14,192-14,f1,14.7833338,192-27,192-28,192-28,0.426223993,23.1926956,
192,15,192-15,Leaf,,,,,-0.00876409747,17.9225502,
192,16,192-16,Leaf,,,,,0.00155586237,70.9983826,
192,17,192-17,Leaf,,,,,0.035417296,7.05872631,
192,18,192-18,Leaf,,,,,0.00695379358,14.0799656,
192,19,192-19,Leaf,,,,,0.00111040717,319.990906,
192,20,192-20,Leaf,,,,,-0.00205691718,432.419312,
192,21,192-21,Leaf,,,,,0.000502598588,26.1271839,
192,22,192-22,Leaf,,,,,-0.0115613611,45.1804276,
192,23,192-23,Leaf,,,,,0.00106103218,611.000183,
192,24,192-24,Leaf,,,,,-0.00534151681,64.7448273,
192,25,192-25,Leaf,,,,,0.015534752,27.8354244,
192,26,192-26,Leaf,,,,,0.0021084277,275.524689,
192,27,192-27,Leaf,,,,,-0.0143677695,13.9669428,
192,28,192-28,Leaf,,,,,-0.00527473353,9.22575378,
193,0,193-0,f0,-0.84162122,193-1,193-2,193-2,1.6729157,1935.59705,
193,1,193-1,f2,-0.00999999978,193-3,193-4,193-4,1.82930923,129.370636,
193,2,193-2,f3,0.159999996,193-5,193-6,193-6,2.07127786,1806.22644,
193,3,193-3,f2,-0.0199999996,193-7,193-8,193-8,1.07720828,12.9573669,
193,4,193-4,f0,-1.75068605,193-9,193-10,193-10,0.775300503,116.413261,
193,5,193-5,f3,0.109999999,193-11,193-12,193-12,2.23210192,1801.0459,
193,6,193-6,Leaf,,,,,-0.0169959981,5.18046188,
193,7,193-7,Leaf,,,,,-0.0015324587,6.51983261,
193,8,193-8,Leaf,,,,,0.0149605712,6.43753433,
193,9,193-9,Leaf,,,,,-0.0139395138,6.29830885,
193,10,193-10,f2,0.0,193-13,193-14,193-14,0.844324112,110.11496,
193,11,193-11,f0,2.05374932,193-15,193-16,193-16,2.03968167,1794.0575,
193,12,193-12,Leaf,,,,,0.0162246898,6.9884634,
193,13,193-13,Leaf,,,,,-0.00935828034,18.7394161,
193,14,193-14,Leaf,,,,,-0.00246185903,91.3755417,
193,15,193-15,Leaf,,,,,0.000263118505,1787.07092,
193,16,193-16,Leaf,,,,,0.0154582513,6.98651314,
194,0,194-0,f0,-0.738846838,194-1,194-2,194-2,2.52812123,1950.74512,
194,1,194-1,f1,13.166667,194-3,194-4,194-4,1.55698609,179.479309,
194,2,194-2,f2,0.0700000003,194-5,194-6,194-6,1.52732766,1771.26587,
194,3,194-3,f1,10.583333,194-7,194-8,194-8,3.15954447,173.857803,
194,4,194-4,Leaf,,,,,-0.0176830105,5.62150049,
194,5,194-5,f0,2.05374932,194-9,194-10,194-10,1.08262837,1759.88367,
194,6,194-6,f1,9.9333334,194-11,194-12,194-12,2.62852621,11.3821831,
194,7,194-7,f1,9.88333321,194-13,194-14,194-14,3.6365006,146.773239,
194,8,194-8,f0,-0.91536504,194-15,194-16,194-16,2.67879987,27.0845585,
194,9,194-9,f1,5.91666651,194-17,194-18,194-18,1.30291808,1752.97375,
194,10,194-10,Leaf,,,,,0.0115106134,6.9098773,
194,11,194-11,Leaf,,,,,0.00564470794,5.0072217,
194,12,194-12,Leaf,,,,,-0.0216188356,6.37496138,
194,13,194-13,Leaf,,,,,-0.00311359135,135.693207,
194,14,194-14,Leaf,,,,,-0.0203391686,11.0800314,
194,15,194-15,Leaf,,,,,0.0175179355,10.5754557,
194,16,194-16,Leaf,,,,,-0.00123672513,16.5091019,
194,17,194-17,Leaf,,,,,-0.00116485835,380.775055,
194,18,194-18,Leaf,,,,,0.000816541782,1372.19873,
195,0,195-0,f0,-1.47579098,195-1,195-2,195-2,3.22781014,1928.771,
195,1,195-1,f1,2.51666665,195-3,195-4,195-4,0.883062363,17.2600784,
195,2,195-2,f1,0.816666663,195-5,195-6,195-6,1.07783759,1911.51086,
195,3,195-3,Leaf,,,,,-0.00349272578,6.71006584,
195,4,195-4,f1,4.98333311,195-7,195-8,195-8,0.0487446785,10.5500135,
195,5,195-5,f0,0.150969222,195-9,195-10,195-10,3.29558301,12.0675793,
195,6,195-6,f1,1.01666665,195-11,195-12,195-12,1.76556516,1899.44336,
195,7,195-7,Leaf,,,,,-0.0213997476,5.48763943,
195,8,195-8,Leaf,,,,,-0.011044763,5.06237411,
195,9,195-9,Leaf,,,,,-0.00835719984,5.31634998,
195,10,195-10,Leaf,,,,,0.0211653877,6.75122929,
195,11,195-11,Leaf,,,,,-0.0138008073,7.46505499,
195,12,195-12,f1,1.60000002,195-13,195-14,195-14,1.73189449,1891.97827,
195,13,195-13,Leaf,,,,,0.00680249231,31.4437294,
195,14,195-14,Leaf,,,,,-0.00018898859,1860.53455,
196,0,196-0,f0,2.05374932,196-1,196-2,196-2,2.0386169,1944.03979,
196,1,196-1,f0,-0.125661373,196-3,196-4,196-4,1.61393189,1937.23804,
196,2,196-2,Leaf,,,,,0.015086079,6.80179167,
196,3,196-3,f1,14.1333332,196-5,196-6,196-6,1.95313632,741.570557,
196,4,196-4,f1,0.816666663,196-7,196-8,196-8,1.58255839,1195.66748,
196,5,196-5,f1,13.6166668,196-9,196-10,196-10,3.10996604,708.329041,
196,6,196-6,f1,14.3666668,196-11,196-12,196-12,5.68132877,33.2415009,
196,7,196-7,Leaf,,,,,0.014314672,6.31356573,
196,8,196-8,f1,1.25,196-13,196-14,196-14,1.47191036,1189.35388,
196,9,196-9,Leaf,,,,,-0.00149697217,673.21698,
196,10,196-10,Leaf,,,,,0.00754132122,35.1120682,
196,11,196-11,Leaf,,,,,-0.0238530561,12.1542654,
196,12,196-12,Leaf,,,,,0.00121652137,21.0872345,
196,13,196-13,Leaf,,,,,-0.00970501732,12.0492258,
196,14,196-14,Leaf,,,,,0.000426570012,1177.30469,
197,0,197-0,f0,0.643345416,197-1,197-2,197-2,1.33162367,1930.25647,
197,1,197-1,f1,13.4833336,197-3,197-4,197-4,1.58274889,1651.43823,
197,2,197-2,f1,2.29999995,197-5,197-6,197-6,2.80175829,278.818176,
197,3,197-3,f3,0.0299999993,197-7,197-8,197-8,2.9385767,1342.25745,
197,4,197-4,f0,0.467698812,197-9,197-10,197-10,5.74848032,309.180756,
197,5,197-5,f1,1.25,197-11,197-12,197-12,1.14205742,27.0196915,
197,6,197-6,f1,13.1333332,197-13,197-14,197-14,1.68508065,251.798492,
197,7,197-7,f1,12.5,197-15,197-16,197-16,2.96514654,1212.90466,
197,8,197-8,f0,0.0752697885,197-17,197-18,197-18,1.65564299,129.352768,
197,9,197-9,f1,13.666667,197-19,197-20,197-20,3.92457199,300.403778,
197,10,197-10,Leaf,,,,,0.0238988213,8.77698803,
197,11,197-11,f0,1.34075522,197-21,197-22,197-22,0.321142197,10.5644369,
197,12,197-12,f3,0.00999999978,197-23,197-24,197-24,2.38401365,16.4552555,
197,13,197-13,f1,11.3500004,197-25,197-26,197-26,2.4296205,242.477692,
197,14,197-14,Leaf,,,,,0.0124341808,9.3208046,
197,15,197-15,Leaf,,,,,-4.30527216e-05,1036.1189,
197,16,197-16,Leaf,,,,,-0.0042366595,176.785843,
197,17,197-17,Leaf,,,,,-0.00261567114,78.6088333,
197,18,197-18,Leaf,,,,,-0.00957533158,50.7439308,
197,19,197-19,Leaf,,,,,0.00936022401,38.3214645,
197,20,197-20,Leaf,,,,,-0.000801490503,262.082306,
197,21,197-21,Leaf,,,,,0.00710487505,5.35396814,
197,22,197-22,Leaf,,,,,-0.00258437125,5.21046829,
197,23,197-23,Leaf,,,,,0.00259381277,7.79338169,
197,24,197-24,Leaf,,,,,0.025268117,8.66187382,
197,25,197-25,Leaf,,,,,0.00109915703,216.978043,
197,26,197-26,Leaf,,,,,-0.0085210409,25.4996433,
198,0,198-0,f5,0.160000026,198-1,198-2,198-2,1.5158689,1927.52942,
198,1,198-1,f2,0.0700000003,198-3,198-4,198-4,2.99430203,1068.70605,
198,2,198-2,f5,0.169999987,198-5,198-6,198-6,2.06165457,858.823425,
198,3,198-3,f0,0.385320395,198-7,198-8,198-8,2.64485836,1063.12341,
198,4,198-4,Leaf,,,,,-0.0196521394,5.58257151,
198,5,198-5,f1,10.1499996,198-9,198-10,198-10,4.45721817,25.1327343,
198,6,198-6,f2,0.00999999978,198-11,198-12,198-12,2.5163641,833.690674,
198,7,198-7,f1,12.3666668,198-13,198-14,198-14,1.17536926,1030.16699,
198,8,198-8,f1,12.9666662,198-15,198-16,198-16,3.46235967,32.9563904,
198,9,198-9,f1,6.9333334,198-17,198-18,198-18,0.989888549,12.1154499,
198,10,198-10,f1,12.3666668,198-19,198-20,198-20,1.37449026,13.0172834,
198,11,198-11,f1,10.4666662,198-21,198-22,198-22,2.75027299,620.703918,
198,12,198-12,f1,11.3500004,198-23,198-24,198-24,4.09976101,212.986786,
198,13,198-13,Leaf,,,,,0.00122256635,604.442871,
198,14,198-14,Leaf,,,,,-0.000833332306,425.724121,
198,15,198-15,Leaf,,,,,0.0136240656,26.4559746,
198,16,198-16,Leaf,,,,,-0.0096561145,6.5004158,
198,17,198-17,Leaf,,,,,-0.00457299827,6.14184999,
198,18,198-18,Leaf,,,,,0.0114232106,5.97359991,
198,19,198-19,Leaf,,,,,-0.0301374961,6.47384024,
198,20,198-20,Leaf,,,,,-0.00917938072,6.5434432,
198,21,198-21,Leaf,,,,,-0.00311556691,447.446503,
198,22,198-22,Leaf,,,,,0.00132876704,173.257401,
198,23,198-23,Leaf,,,,,0.00413262704,165.259674,
198,24,198-24,Leaf,,,,,-0.00576744694,47.727108,
199,0,199-0,f0,0.84162128,199-1,199-2,199-2,2.60599899,1928.54517,
199,1,199-1,f2,-0.0799999982,199-3,199-4,199-4,2.03194666,1744.80554,
199,2,199-2,f2,-0.0199999996,199-5,199-6,199-6,2.12930965,183.739578,
199,3,199-3,Leaf,,,,,0.012832297,9.43782139,
199,4,199-4,f5,0.279999971,199-7,199-8,199-8,1.81295609,1735.36768,
199,5,199-5,Leaf,,,,,0.0204460882,5.37913513,
199,6,199-6,f1,11.9666662,199-9,199-10,199-10,1.22404242,178.360443,
199,7,199-7,f1,14.2166662,199-11,199-12,199-12,1.31351626,1534.55542,
199,8,199-8,f2,-0.0199999996,199-13,199-14,199-14,4.40551186,200.812332,
199,9,199-9,f1,9.66666698,199-15,199-16,199-16,2.64503884,168.877777,
199,10,199-10,Leaf,,,,,-0.00724251242,9.48267269,
199,11,199-11,Leaf,,,,,0.00019658159,1384.7959,
199,12,199-12,Leaf,,,,,-0.00275206496,149.759506,
199,13,199-13,Leaf,,,,,-0.0228092503,8.74247646,
199,14,199-14,Leaf,,,,,-0.00210766168,192.069855,
199,15,199-15,Leaf,,,,,0.00182354765,145.847839,
199,16,199-16,Leaf,,,,,0.0125854556,23.0299377,
200,0,200-0,f2,-0.0799999982,200-1,200-2,200-2,1.91109443,1935.6073,
200,1,200-1,f5,0.139999986,200-3,200-4,200-4,0.552715778,10.6497555,
200,2,200-2,f1,0.616666675,200-5,200-6,200-6,1.44073462,1924.95752,
200,3,200-3,Leaf,,,,,0.00354125607,5.01777363,
200,4,200-4,Leaf,,,,,0.0176413395,5.63198137,
200,5,200-5,Leaf,,,,,-0.0143111553,5.5974474,
200,6,200-6,f1,0.816666663,200-7,200-8,200-8,1.55167747,1919.35999,
200,7,200-7,Leaf,,,,,0.014319418,5.54152155,
200,8,200-8,f2,-0.0299999993,200-9,200-10,200-10,1.21735573,1913.81848,
200,9,200-9,Leaf,,,,,-0.00573285716,35.6395073,
200,10,200-10,Leaf,,,,,-0.000211216422,1878.17896,
201,0,201-0,f2,0.00999999978,201-1,201-2,201-2,1.36613464,1934.92896,
201,1,201-1,f1,5.91666651,201-3,201-4,201-4,3.0681529,1435.07471,
201,2,201-2,f1,5.4000001,201-5,201-6,201-6,5.67892218,499.854248,
201,3,201-3,f1,5.58333349,201-7,201-8,201-8,4.53110504,347.691345,
201,4,201-4,f1,6.26666689,201-9,201-10,201-10,4.50413609,1087.38342,
201,5,201-5,f1,2.04999995,201-11,201-12,201-12,8.25849915,105.614861,
201,6,201-6,f1,5.58333349,201-13,201-14,201-14,3.96395278,394.23938,
201,7,201-7,f1,2.04999995,201-15,201-16,201-16,3.24311113,316.657806,
201,8,201-8,f5,0.150000006,201-17,201-18,201-18,0.809068203,31.0335617,
201,9,201-9,f1,6.1833334,201-19,201-20,201-20,2.46350622,26.4924202,
201,10,201-10,f5,0.150000006,201-21,201-22,201-22,1.68460536,1060.89099,
201,11,201-11,f1,1.38333333,201-23,201-24,201-24,0.73453927,20.9949722,
201,12,201-12,f2,0.0299999993,201-25,201-26,201-26,3.49547195,84.6198883,
201,13,201-13,Leaf,,,,,-0.0213988107,7.10775089,
201,14,201-14,f1,9.60000038,201-27,201-28,201-28,2.76125312,387.131653,
201,15,201-15,Leaf,,,,,0.00401572976,61.026432,
201,16,201-16,Leaf,,,,,-0.00363432127,255.631363,
201,17,201-17,Leaf,,,,,-0.00604961347,9.86457348,
201,18,201-18,Leaf,,,,,-0.0172725953,21.1689873,
201,19,201-19,Leaf,,,,,0.00604368793,19.8363514,
201,20,201-20,Leaf,,,,,0.0265551079,6.6560688,
201,21,201-21,Leaf,,,,,0.000681442558,621.473328,
201,22,201-22,Leaf,,,,,-0.0017431397,439.417603,
201,23,201-23,Leaf,,,,,-0.0151416957,9.52734184,
201,24,201-24,Leaf,,,,,-0.00371859921,11.4676294,
201,25,201-25,Leaf,,,,,0.0145950317,65.3141479,
201,26,201-26,Leaf,,,,,8.5661115e-05,19.3057423,
201,27,201-27,Leaf,,,,,0.00351746124,121.878098,
201,28,201-28,Leaf,,,,,-0.00191931275,265.25354,
202,0,202-0,f2,-0.0799999982,202-1,202-2,202-2,2.04746938,1923.12988,
202,1,202-1,Leaf,,,,,0.012802301,9.88887215,
202,2,202-2,f0,1.4757911,202-3,202-4,202-4,1.61573148,1913.24097,
202,3,202-3,f5,0.420000017,202-5,202-6,202-6,2.25854015,1876.01245,
202,4,202-4,f1,3.01666665,202-7,202-8,202-8,1.99063432,37.2285347,
202,5,202-5,f5,0.0199999809,202-9,202-10,202-10,1.58475697,1842.65356,
202,6,202-6,f1,5.58333349,202-11,202-12,202-12,2.48423839,33.3588219,
202,7,202-7,f1,1.7166667,202-13,202-14,202-14,0.721969843,12.2482071,
202,8,202-8,f1,5.86666679,202-15,202-16,202-16,2.55148292,24.9803276,
202,9,202-9,Leaf,,,,,-0.00354248798,120.123329,
202,10,202-10,Leaf,,,,,7.64317247e-06,1722.53027,
202,11,202-11,Leaf,,,,,-0.00135884178,20.6782074,
202,12,202-12,Leaf,,,,,-0.0179105699,12.6806135,
202,13,202-13,Leaf,,,,,0.00670205383,6.40991783,
202,14,202-14,Leaf,,,,,0.0223107245,5.83828974,
202,15,202-15,Leaf,,,,,-0.00662291329,15.3606148,
202,16,202-16,Leaf,,,,,0.0122635039,9.61971378,
203,0,203-0,f0,1.22652805,203-1,203-2,203-2,1.06148577,1935.81763,
203,1,203-1,f0,-1.75068605,203-3,203-4,203-4,0.962741196,1857.84424,
203,2,203-2,f0,1.34075522,203-5,203-6,203-6,1.83317423,77.9734192,
203,3,203-3,Leaf,,,,,-0.0106439898,6.59006405,
203,4,203-4,f3,0.0799999982,203-7,203-8,203-8,0.907849014,1851.25415,
203,5,203-5,f1,5.83333349,203-9,203-10,203-10,0.562018394,20.4113235,
203,6,203-6,f1,8.66666698,203-11,203-12,203-12,2.57329941,57.5620995,
203,7,203-7,f1,0.966666639,203-13,203-14,203-14,0.979974568,1829.86853,
203,8,203-8,f1,12.1833334,203-15,203-16,203-16,1.28716171,21.3855858,
203,9,203-9,f1,3.7166667,203-17,203-18,203-18,0.269073486,10.9142456,
203,10,203-10,Leaf,,,,,0.0161879491,9.49707794,
203,11,203-11,f1,6.86666679,203-19,203-20,203-20,2.36067724,50.378334,
203,12,203-12,Leaf,,,,,-0.0148705421,7.18376255,
203,13,203-13,Leaf,,,,,-0.00920613855,9.37249374,
203,14,203-14,Leaf,,,,,4.12719564e-05,1820.49609,
203,15,203-15,Leaf,,,,,-0.000193184533,12.7117968,
203,16,203-16,Leaf,,,,,0.0143136634,8.67378807,
203,17,203-17,Leaf,,,,,0.00974573568,5.49420834,
203,18,203-18,Leaf,,,,,0.000578006846,5.42003727,
203,19,203-19,Leaf,,,,,0.000447571889,43.2565155,
203,20,203-20,Leaf,,,,,0.0180857182,7.1218195,
204,0,204-0,f2,0.100000001,204-1,204-2,204-2,2.43066883,1932.76111,
204,1,204-1,f0,1.88079405,204-3,204-4,204-4,1.67738342,1926.94165,
204,2,204-2,Leaf,,,,,-0.0180387869,5.81948376,
204,3,204-3,f2,0.0,204-5,204-6,204-6,1.16862845,1918.08557,
204,4,204-4,Leaf,,,,,0.0122480812,8.85605621,
204,5,204-5,f1,11.1000004,204-7,204-8,204-8,3.17336512,532.46875,
204,6,204-6,f5,0.449999988,204-9,204-10,204-10,2.73136759,1385.61682,
204,7,204-7,Leaf,,,,,-0.00324153155,319.273712,
204,8,204-8,Leaf,,,,,0.00147709891,213.195023,
204,9,204-9,Leaf,,,,,0.00046580928,1365.18091,
204,10,204-10,Leaf,,,,,-0.010326881,20.435833,
205,0,205-0,f0,0.100433774,205-1,205-2,205-2,1.55021989,1938.59631,
205,1,205-1,f3,0.0500000007,205-3,205-4,205-4,1.56072783,1089.38892,
205,2,205-2,f2,0.0299999993,205-5,205-6,205-6,1.705634,849.207458,
205,3,205-3,f3,0.0199999996,205-7,205-8,205-8,2.11566639,1058.41821,
205,4,205-4,f3,0.0799999982,205-9,205-10,205-10,1.94720995,30.9706993,
205,5,205-5,f2,0.0,205-11,205-12,205-12,1.03164268,802.378967,
205,6,205-6,f0,0.467698812,205-13,205-14,205-14,4.5711937,46.8284683,
205,7,205-7,f0,-1.75068605,205-15,205-16,205-16,1.26462281,844.460205,
205,8,205-8,f5,0.0299999714,205-17,205-18,205-18,3.61174059,213.957962,
205,9,205-9,f0,-0.495850354,205-19,205-20,205-20,1.91862559,16.633522,
205,10,205-10,f0,-0.305480808,205-21,205-22,205-22,3.77213979,14.3371773,
205,11,205-11,f0,0.553384662,205-23,205-24,205-24,0.880840242,225.574417,
205,12,205-12,f0,0.467698812,205-25,205-26,205-26,1.9006145,576.804565,
205,13,205-13,f0,0.253347158,205-27,205-28,205-28,1.21923351,27.0695076,
205,14,205-14,f0,1.03643346,205-29,205-30,205-30,3.8386445,19.7589588,
205,15,205-15,Leaf,,,,,-0.0136400163,6.17643118,
205,16,205-16,Leaf,,,,,-0.000986110652,838.283752,
205,17,205-17,Leaf,,,,,0.0103236232,39.3868179,
205,18,205-18,Leaf,,,,,0.000366113993,174.571152,
205,19,205-19,Leaf,,,,,-0.0264599696,5.78169012,
205,20,205-20,Leaf,,,,,-0.00543011026,10.8518324,
205,21,205-21,Leaf,,,,,0.0141326645,7.88875103,
205,22,205-22,Leaf,,,,,-0.0148148034,6.44842625,
205,23,205-23,Leaf,,,,,-0.00173763896,141.804459,
205,24,205-24,Leaf,,,,,0.00212304574,83.7699509,
205,25,205-25,Leaf,,,,,0.00379390456,290.757812,
205,26,205-26,Leaf,,,,,0.000351200666,286.046783,
205,27,205-27,Leaf,,,,,-0.0196346436,10.9582672,
205,28,205-28,Leaf,,,,,-0.00635190448,16.1112404,
205,29,205-29,Leaf,,,,,0.0142042926,14.4205847,
205,30,205-30,Leaf,,,,,-0.0136833787,5.33837461,
206,0,206-0,f1,4.83333349,206-1,206-2,206-2,2.21990132,1927.95007,
206,1,206-1,f4,1.0,206-3,206-4,206-4,4.75478935,323.77179,
206,2,206-2,f1,4.88333321,206-5,206-6,206-6,4.47115993,1604.17822,
206,3,206-3,f1,2.04999995,206-7,206-8,206-8,4.67150354,239.470474,
206,4,206-4,f1,1.38333333,206-9,206-10,206-10,3.74660444,84.3013153,
206,5,206-5,Leaf,,,,,0.0219698455,7.55024338,
206,6,206-6,f1,8.73333359,206-11,206-12,206-12,1.97082734,1596.62805,
206,7,206-7,f0,-0.582841516,206-13,206-14,206-14,1.88294554,61.2802391,
206,8,206-8,f0,-1.47579098,206-15,206-16,206-16,2.6000309,178.190231,
206,9,206-9,Leaf,,,,,-0.0129811317,9.70002651,
206,10,206-10,f1,4.44999981,206-17,206-18,206-18,4.00126934,74.6012878,
206,11,206-11,f1,8.60000038,206-19,206-20,206-20,4.56340218,459.237518,
206,12,206-12,f1,11.4499998,206-21,206-22,206-22,3.2782979,1137.3905,
206,13,206-13,Leaf,,,,,-0.00678385329,13.960619,
206,14,206-14,Leaf,,,,,0.00541930366,47.3196182,
206,15,206-15,Leaf,,,,,0.0121691423,5.30733156,
206,16,206-16,Leaf,,,,,-0.00764077483,172.882904,
206,17,206-17,Leaf,,,,,0.00873005297,64.8455734,
206,18,206-18,Leaf,,,,,-0.0111036589,9.75572014,
206,19,206-19,Leaf,,,,,0.0012616429,441.8526,
206,20,206-20,Leaf,,,,,0.0165215712,17.3849335,
206,21,206-21,Leaf,,,,,-0.00252735522,426.847351,
206,22,206-22,Leaf,,,,,0.000795808679,710.543152,
207,0,207-0,f0,0.674489737,207-1,207-2,207-2,1.34181356,1927.47644,
207,1,207-1,f1,11.1000004,207-3,207-4,207-4,1.33448792,1663.51343,
207,2,207-2,f1,3.20000005,207-5,207-6,207-6,1.76648164,263.962982,
207,3,207-3,f1,8.73333359,207-7,207-8,207-8,2.24459457,930.495239,
207,4,207-4,f1,11.1999998,207-9,207-10,207-10,7.17900705,733.01825,
207,5,207-5,f2,0.0,207-11,207-12,207-12,2.18838882,48.1495056,
207,6,207-6,f1,3.9666667,207-13,207-14,207-14,4.24730349,215.813461,
207,7,207-7,f1,8.60000038,207-15,207-16,207-16,7.69450569,615.757935,
207,8,207-8,f0,0.176374152,207-17,207-18,207-18,2.4256227,314.737305,
207,9,207-9,f0,-0.0501536094,207-19,207-20,207-20,5.00534201,15.5847225,
207,10,207-10,f1,11.25,207-21,207-22,207-22,2.6028502,717.433533,
207,11,207-11,f1,1.7833333,207-23,207-24,207-24,0.2384305,11.6547098,
207,12,207-12,f1,1.10000002,207-25,207-26,207-26,0.909031987,36.4947968,
207,13,207-13,f0,1.17498672,207-27,207-28,207-28,3.08266783,20.089941,
207,14,207-14,f1,4.25,207-29,207-30,207-30,2.00463247,195.723526,
207,15,207-15,Leaf,,,,,-0.000669396366,600.063721,
207,16,207-16,Leaf,,,,,0.0199786127,15.6941938,
207,17,207-17,Leaf,,,,,-0.0049720183,217.898178,
207,18,207-18,Leaf,,,,,0.000723491423,96.8391266,
207,19,207-19,Leaf,,,,,0.0332553051,9.10527992,
207,20,207-20,Leaf,,,,,-0.000454617752,6.4794426,
207,21,207-21,Leaf,,,,,-0.0165777802,7.33157206,
207,22,207-22,Leaf,,,,,0.000288236857,710.101929,
207,23,207-23,Leaf,,,,,0.00985542405,5.25072575,
207,24,207-24,Leaf,,,,,0.0221000779,6.40398407,
207,25,207-25,Leaf,,,,,0.0134934541,5.40445566,
207,26,207-26,Leaf,,,,,0.00103953935,31.0903397,
207,27,207-27,Leaf,,,,,-0.0223209504,10.7410469,
207,28,207-28,Leaf,,,,,0.000695059774,9.34889412,
207,29,207-29,Leaf,,,,,0.0165708754,7.24349499,
207,30,207-30,Leaf,,,,,0.00144053088,188.480026,
208,0,208-0,f1,13.75,208-1,208-2,208-2,1.30098772,1926.39258,
208,1,208-1,f1,13.4833336,208-3,208-4,208-4,4.80684948,1677.61975,
208,2,208-2,f5,0.0199999809,208-5,208-6,208-6,2.5517168,248.772797,
208,3,208-3,f2,0.0799999982,208-7,208-8,208-8,1.17909431,1616.6853,
208,4,208-4,f5,0.0300000012,208-9,208-10,208-10,1.08700323,60.9344635,
208,5,208-5,f3,0.0199999996,208-11,208-12,208-12,3.35281181,40.0529747,
208,6,208-6,f5,0.0500000119,208-13,208-14,208-14,2.93831706,208.719833,
208,7,208-7,f1,12.4666662,208-15,208-16,208-16,1.20825768,1610.60339,
208,8,208-8,Leaf,,,,,0.0121623371,6.08184671,
208,9,208-9,f1,13.6166668,208-17,208-18,208-18,0.159622431,11.4568195,
208,10,208-10,f5,0.180000007,208-19,208-20,208-20,1.60619497,49.4776459,
208,11,208-11,f3,0.00999999978,208-21,208-22,208-22,1.97733784,28.4080219,
208,12,208-12,f1,14.4333334,208-23,208-24,208-24,1.56715679,11.6449528,
208,13,208-13,f1,13.8500004,208-25,208-26,208-26,1.70216441,67.7238083,
208,14,208-14,f1,14.3666668,208-27,208-28,208-28,1.57800651,140.996017,
208,15,208-15,Leaf,,,,,0.00021512559,1398.13684,
208,16,208-16,Leaf,,,,,-0.00220797816,212.466583,
208,17,208-17,Leaf,,,,,0.0211678073,5.23091888,
208,18,208-18,Leaf,,,,,0.0102731343,6.22590017,
208,19,208-19,Leaf,,,,,0.00351256365,40.294342,
208,20,208-20,Leaf,,,,,0.0169932526,9.18330288,
208,21,208-21,Leaf,,,,,-0.0064121508,15.4526052,
208,22,208-22,Leaf,,,,,-0.022595929,12.9554176,
208,23,208-23,Leaf,,,,,0.0144631388,5.7189908,
208,24,208-24,Leaf,,,,,-0.00600193534,5.92596197,
208,25,208-25,Leaf,,,,,-0.00904355571,6.71952629,
208,26,208-26,Leaf,,,,,0.00598707935,61.0042801,
208,27,208-27,Leaf,,,,,-0.00589575246,80.5193329,
208,28,208-28,Leaf,,,,,0.000492380583,60.4766884,
209,0,209-0,f2,-0.0799999982,209-1,209-2,209-2,2.76374102,1936.45996,
209,1,209-1,f5,0.139999986,209-3,209-4,209-4,0.0305833817,10.4427862,
209,2,209-2,f0,-1.08031929,209-5,209-6,209-6,3.04764414,1926.01721,
209,3,209-3,Leaf,,,,,0.00949089043,5.34213209,
209,4,209-4,Leaf,,,,,0.0181385484,5.10065413,
209,5,209-5,f3,0.0199999996,209-7,209-8,209-8,0.894723654,58.2173386,
209,6,209-6,f5,0.360000014,209-9,209-10,209-10,2.47488785,1867.7998,
209,7,209-7,f2,0.0,209-11,209-12,209-12,0.739910603,48.5717468,
209,8,209-8,Leaf,,,,,0.00164723012,9.64559174,
209,9,209-9,f3,0.0399999991,209-13,209-14,209-14,1.79259908,1760.23828,
209,10,209-10,f2,0.0199999996,209-15,209-16,209-16,0.574087143,107.561569,
209,11,209-11,Leaf,,,,,-0.0158741698,8.61700916,
209,12,209-12,Leaf,,,,,-0.00618191808,39.9547386,
209,13,209-13,Leaf,,,,,0.00028390708,1687.74463,
209,14,209-14,Leaf,,,,,-0.00450227642,72.4936066,
209,15,209-15,Leaf,,,,,0.00546686864,97.0878143,
209,16,209-16,Leaf,,,,,-0.00177721528,10.4737549,
210,0,210-0,f0,-1.17498684,210-1,210-2,210-2,3.17784309,1939.79919,
210,1,210-1,f1,8.46666622,210-3,210-4,210-4,1.08593535,45.7649879,
210,2,210-2,f3,0.159999996,210-5,210-6,210-6,1.83044517,1894.03418,
210,3,210-3,f1,6.38333321,210-7,210-8,210-8,1.65330744,37.0527229,
210,4,210-4,Leaf,,,,,0.0013879484,8.71226692,
210,5,210-5,f3,0.109999999,210-9,210-10,210-10,1.44892335,1889.00928,
210,6,210-6,Leaf,,,,,-0.0166103914,5.02493238,
210,7,210-7,f1,5.0999999,210-11,210-12,210-12,3.03724599,29.0944366,
210,8,210-8,Leaf,,,,,-0.0216390416,7.95828629,
210,9,210-9,f1,12.4666662,210-13,210-14,210-14,1.01364791,1881.89734,
210,10,210-10,Leaf,,,,,0.012603391,7.11200714,
210,11,210-11,Leaf,,,,,-0.0113469977,23.0968075,
210,12,210-12,Leaf,,,,,0.0112701245,5.99762917,
210,13,210-13,Leaf,,,,,0.000329225702,1358.97729,
210,14,210-14,Leaf,,,,,-0.00122386776,522.919983,
211,0,211-0,f0,1.88079405,211-1,211-2,211-2,1.73674297,1934.53735,
211,1,211-1,f0,-0.279319078,211-3,211-4,211-4,1.33968222,1925.56628,
211,2,211-2,Leaf,,,,,0.012449204,8.97102642,
211,3,211-3,f1,3.45000005,211-5,211-6,211-6,2.28666353,546.960144,
211,4,211-4,f0,-0.253347099,211-7,211-8,211-8,1.33981442,1378.6062,
211,5,211-5,f1,3.13333344,211-9,211-10,211-10,2.78369164,61.7769585,
211,6,211-6,f1,6.86666679,211-11,211-12,211-12,3.41854072,485.183167,
211,7,211-7,f1,10.3666668,211-13,211-14,211-14,5.64037514,31.4150906,
211,8,211-8,f0,-0.227544993,211-15,211-16,211-16,1.37860298,1347.19104,
211,9,211-9,Leaf,,,,,-0.00430277409,55.1059074,
211,10,211-10,Leaf,,,,,-0.0237420946,6.67104864,
211,11,211-11,Leaf,,,,,0.00357443909,125.972145,
211,12,211-12,Leaf,,,,,-0.00215069554,359.211029,
211,13,211-13,Leaf,,,,,0.0194665268,14.5833349,
211,14,211-14,Leaf,,,,,-0.00533760712,16.8317566,
211,15,211-15,Leaf,,,,,-0.0057335333,32.7941399,
211,16,211-16,Leaf,,,,,0.00040323034,1314.39697,
212,0,212-0,f0,2.05374932,212-1,212-2,212-2,1.77563202,1939.34045,
212,1,212-1,f1,5.91666651,212-3,212-4,212-4,1.3775872,1932.74084,
212,2,212-2,Leaf,,,,,0.0146560837,6.59952068,
212,3,212-3,f1,5.7166667,212-5,212-6,212-6,6.31251383,458.681732,
212,4,212-4,f1,6.3166666,212-7,212-8,212-8,2.99027085,1474.0592,
212,5,212-5,f4,1.0,212-9,212-10,212-10,5.06235552,431.00119,
212,6,212-6,f0,-0.467698812,212-11,212-12,212-12,3.65836096,27.6805458,
212,7,212-7,f5,0.150000006,212-13,212-14,212-14,3.40195012,38.1114311,
212,8,212-8,f1,6.44999981,212-15,212-16,212-16,1.48693669,1435.94775,
212,9,212-9,Leaf,,,,,-0.00231504603,320.012085,
212,10,212-10,Leaf,,,,,0.00509295752,110.989082,
212,11,212-11,Leaf,,,,,-0.0334372818,6.31833076,
212,12,212-12,Leaf,,,,,-0.00821360573,21.362215,
212,13,212-13,Leaf,,,,,-0.0022530877,15.1118765,
212,14,212-14,Leaf,,,,,0.0157847665,22.9995556,
212,15,212-15,Leaf,,,,,-0.00929613039,13.2422104,
212,16,212-16,Leaf,,,,,0.000446138612,1422.70557,
213,0,213-0,f2,-0.0799999982,213-1,213-2,213-2,1.46646595,1934.19922,
213,1,213-1,f5,0.129999995,213-3,213-4,213-4,0.693106651,10.545764,
213,2,213-2,f2,-0.0299999993,213-5,213-6,213-6,1.43301368,1923.65344,
213,3,213-3,Leaf,,,,,0.00229160325,5.22327232,
213,4,213-4,Leaf,,,,,0.0175720565,5.32249117,
213,5,213-5,f1,9.01666641,213-7,213-8,213-8,1.27062023,35.0384483,
213,6,213-6,f1,1.29999995,213-9,213-10,213-10,1.38604605,1888.61499,
213,7,213-7,f2,-0.0399999991,213-11,213-12,213-12,0.963040352,14.8805981,
213,8,213-8,f1,10.8166666,213-13,213-14,213-14,5.42581081,20.1578522,
213,9,213-9,f5,0.139999986,213-15,213-16,213-16,2.93575859,29.6879005,
213,10,213-10,f1,1.60000002,213-17,213-18,213-18,1.68434477,1858.92712,
213,11,213-11,Leaf,,,,,-0.00375349307,7.49485874,
213,12,213-12,Leaf,,,,,-0.0191887375,7.38573885,
213,13,213-13,Leaf,,,,,0.0236405451,5.00097704,
213,14,213-14,Leaf,,,,,-0.00976756122,15.1568747,
213,15,213-15,Leaf,,,,,-0.0221007578,6.70750856,
213,16,213-16,Leaf,,,,,-0.000673684815,22.9803905,
213,17,213-17,Leaf,,,,,0.00949794892,16.9444656,
213,18,213-18,Leaf,,,,,0.000261752051,1841.98267,
214,0,214-0,f0,0.0,214-1,214-2,214-2,1.41638649,1936.86816,
214,1,214-1,f2,-0.00999999978,214-3,214-4,214-4,2.45335817,930.040833,
214,2,214-2,f1,0.816666663,214-5,214-6,214-6,2.38964891,1006.82733,
214,3,214-3,f1,13.5666666,214-7,214-8,214-8,5.95158386,111.428864,
214,4,214-4,f1,12.1833334,214-9,214-10,214-10,2.70559645,818.612,
214,5,214-5,Leaf,,,,,0.0169647895,6.98625278,
214,6,214-6,f1,1.38333333,214-11,214-12,214-12,1.12689161,999.841064,
214,7,214-7,f1,12.8666668,214-13,214-14,214-14,3.13972259,89.0839081,
214,8,214-8,f1,14.4333334,214-15,214-16,214-16,4.38213873,22.3449535,
214,9,214-9,f1,10.8166666,214-17,214-18,214-18,3.2885983,572.198242,
214,10,214-10,f1,13.1333332,214-19,214-20,214-20,2.92067385,246.413712,
214,11,214-11,f0,0.84162128,214-21,214-22,214-22,1.16504037,15.4633875,
214,12,214-12,f1,2.13333344,214-23,214-24,214-24,2.11543608,984.377686,
214,13,214-13,Leaf,,,,,0.00135846087,82.0698013,
214,14,214-14,Leaf,,,,,-0.0183045138,7.01411057,
214,15,214-15,Leaf,,,,,0.0269416999,13.3351269,
214,16,214-16,Leaf,,,,,0.000217917128,9.00982666,
214,17,214-17,Leaf,,,,,-0.00154100882,463.617279,
214,18,214-18,Leaf,,,,,0.00423671026,108.580994,
214,19,214-19,Leaf,,,,,-0.00896438491,77.8405304,
214,20,214-20,Leaf,,,,,-0.00195241277,168.573181,
214,21,214-21,Leaf,,,,,-0.0140651437,8.59223652,
214,22,214-22,Leaf,,,,,0.00187651359,6.87115145,
214,23,214-23,Leaf,,,,,0.00937320478,23.2248631,
214,24,214-24,Leaf,,,,,0.000396156771,961.152832,
215,0,215-0,f0,-1.75068605,215-1,215-2,215-2,2.61008215,1933.17493,
215,1,215-1,Leaf,,,,,-0.0180219188,6.28337431,
215,2,215-2,f0,0.91536504,215-3,215-4,215-4,1.65395367,1926.89148,
215,3,215-3,f3,0.0799999982,215-5,215-6,215-6,1.17091727,1774.30933,
215,4,215-4,f2,0.0199999996,215-7,215-8,215-8,2.04084969,152.582184,
215,5,215-5,f1,0.966666639,215-9,215-10,215-10,2.09264302,1754.3656,
215,6,215-6,f3,0.100000001,215-11,215-12,215-12,4.53111744,19.9436741,
215,7,215-7,f1,9.66666698,215-13,215-14,215-14,2.70784044,136.908447,
215,8,215-8,f0,1.0803194,215-15,215-16,215-16,1.9260323,15.6737299,
215,9,215-9,Leaf,,,,,-0.0143936584,8.52696419,
215,10,215-10,Leaf,,,,,-0.000294651894,1745.83862,
215,11,215-11,Leaf,,,,,0.0235761348,7.57043982,
215,12,215-12,Leaf,,,,,-0.00451517757,12.3732347,
215,13,215-13,Leaf,,,,,0.0021806492,113.729424,
215,14,215-14,Leaf,,,,,0.0132660456,23.1790257,
215,15,215-15,Leaf,,,,,0.00663902797,5.44731569,
215,16,215-16,Leaf,,,,,-0.0142068146,10.2264147,
216,0,216-0,f0,1.4757911,216-1,216-2,216-2,2.27901816,1914.70959,
216,1,216-1,f2,0.0799999982,216-3,216-4,216-4,2.04772711,1877.99805,
216,2,216-2,f1,5.1500001,216-5,216-6,216-6,1.31183767,36.7115974,
216,3,216-3,f0,-1.75068605,216-7,216-8,216-8,1.37161756,1869.9137,
216,4,216-4,Leaf,,,,,0.0138295209,8.08433056,
216,5,216-5,f3,0.00999999978,216-9,216-10,216-10,3.33212733,24.0172405,
216,6,216-6,f1,7.91666651,216-11,216-12,216-12,1.00663996,12.694355,
216,7,216-7,Leaf,,,,,-0.01357166,6.14198208,
216,8,216-8,f1,13.1333332,216-13,216-14,216-14,0.898411512,1863.77173,
216,9,216-9,f1,2.8166666,216-15,216-16,216-16,4.55090427,14.0250654,
216,10,216-10,Leaf,,,,,0.0151792318,9.99217606,
216,11,216-11,Leaf,,,,,0.0210092608,7.40261793,
216,12,216-12,Leaf,,,,,0.00350792636,5.2917366,
216,13,216-13,Leaf,,,,,-0.000733314722,1480.78967,
216,14,216-14,Leaf,,,,,0.000895163743,382.982056,
216,15,216-15,Leaf,,,,,0.0109349713,6.51076031,
216,16,216-16,Leaf,,,,,-0.0212605968,7.51430559,
217,0,217-0,f0,1.4757911,217-1,217-2,217-2,1.96148014,1925.65686,
217,1,217-1,f2,-0.0799999982,217-3,217-4,217-4,1.22290564,1889.31421,
217,2,217-2,f2,0.0,217-5,217-6,217-6,0.463310003,36.3427277,
217,3,217-3,f5,0.139999986,217-7,217-8,217-8,0.33197093,10.2690029,
217,4,217-4,f5,0.420000017,217-9,217-10,217-10,1.87724161,1879.04517,
217,5,217-5,Leaf,,,,,0.0140528809,5.86924839,
217,6,217-6,f0,1.64485347,217-11,217-12,217-12,0.736110508,30.4734802,
217,7,217-7,Leaf,,,,,0.00329360901,5.11198235,
217,8,217-8,Leaf,,,,,0.0145027107,5.15702105,
217,9,217-9,f0,0.0,217-13,217-14,217-14,1.1915437,1846.30115,
217,10,217-10,f0,-1.40507162,217-15,217-16,217-16,0.431758881,32.7440376,
217,11,217-11,Leaf,,,,,0.0106634488,11.4908323,
217,12,217-12,f0,1.75068581,217-17,217-18,217-18,1.72190416,18.9826469,
217,13,217-13,Leaf,,,,,-0.000854538288,900.52124,
217,14,217-14,Leaf,,,,,0.000669343281,945.779907,
217,15,217-15,Leaf,,,,,-0.00397267938,19.1028919,
217,16,217-16,Leaf,,,,,-0.0111724809,13.6411438,
217,17,217-17,Leaf,,,,,-0.00993010122,6.88294697,
217,18,217-18,Leaf,,,,,0.00782309473,12.0997009,
218,0,218-0,f1,0.816666663,218-1,218-2,218-2,1.21191835,1929.32849,
218,1,218-1,f2,0.0,218-3,218-4,218-4,1.47483659,12.7326899,
218,2,218-2,f1,0.966666639,218-5,218-6,218-6,3.36715508,1916.59583,
218,3,218-3,Leaf,,,,,0.0194080584,5.61939859,
218,4,218-4,Leaf,,,,,-0.00023491196,7.11329174,
218,5,218-5,Leaf,,,,,-0.0218327865,5.1823616,
218,6,218-6,f1,1.60000002,218-7,218-8,218-8,1.60034561,1911.41345,
218,7,218-7,f5,0.210000008,218-9,218-10,218-10,2.87643504,36.5772972,
218,8,218-8,f5,0.00999999046,218-11,218-12,218-12,1.38039625,1874.83618,
218,9,218-9,Leaf,,,,,0.0142866326,18.9416656,
218,10,218-10,Leaf,,,,,-0.00223521329,17.6356297,
218,11,218-11,Leaf,,,,,0.0052749943,46.3937607,
218,12,218-12,Leaf,,,,,8.90858719e-05,1828.44238,
219,0,219-0,f0,-1.64485359,219-1,219-2,219-2,2.70307064,1938.08508,
219,1,219-1,Leaf,,,,,-0.0153146787,8.85444069,
219,2,219-2,f1,5.98333311,219-3,219-4,219-4,1.80900478,1929.23059,
219,3,219-3,f2,0.00999999978,219-5,219-6,219-6,5.50177288,464.534821,
219,4,219-4,f1,6.86666679,219-7,219-8,219-8,4.92249489,1464.6958,
219,5,219-5,f1,1.60000002,219-9,219-10,219-10,3.84497738,344.136475,
219,6,219-6,f1,2.04999995,219-11,219-12,219-12,4.44951916,120.398323,
219,7,219-7,f0,0.253347158,219-13,219-14,219-14,4.33952332,90.3435669,
219,8,219-8,f0,0.582841575,219-15,219-16,219-16,2.43094802,1374.35229,
219,9,219-9,Leaf,,,,,0.00579497172,37.8303185,
219,10,219-10,Leaf,,,,,-0.00423799874,306.306152,
219,11,219-11,Leaf,,,,,-0.00805436261,20.7751389,
219,12,219-12,Leaf,,,,,0.00693663023,99.6231842,
219,13,219-13,Leaf,,,,,0.0131981233,52.5038223,
219,14,219-14,Leaf,,,,,-7.43177079e-05,37.8397408,
219,15,219-15,Leaf,,,,,5.84003501e-05,1221.20032,
219,16,219-16,Leaf,,,,,0.00405650027,153.151901,
220,0,220-0,f1,1.25,220-1,220-2,220-2,1.47142458,1924.74585,
220,1,220-1,f0,-0.706302583,220-3,220-4,220-4,2.34865975,31.5419521,
220,2,220-2,f0,1.03643346,220-5,220-6,220-6,1.48313046,1893.20398,
220,3,220-3,Leaf,,,,,-0.020652527,7.02873611,
220,4,220-4,f1,0.816666663,220-7,220-8,220-8,1.23683131,24.513216,
220,5,220-5,f2,0.0199999996,220-9,220-10,220-10,1.48508954,1783.05029,
220,6,220-6,f2,0.0199999996,220-11,220-12,220-12,2.74303293,110.153587,
220,7,220-7,Leaf,,,,,0.00681661069,8.60268211,
220,8,220-8,f0,0.412463188,220-13,220-14,220-14,1.14856744,15.9105349,
220,9,220-9,f1,14.3999996,220-15,220-16,220-16,1.63412619,1592.93445,
220,10,220-10,f1,9.60000038,220-17,220-18,220-18,5.40765858,190.115891,
220,11,220-11,f1,9.66666698,220-19,220-20,220-20,1.92585874,99.852066,
220,12,220-12,Leaf,,,,,-0.0108352434,10.301527,
220,13,220-13,Leaf,,,,,0.00163851283,7.72750139,
220,14,220-14,Leaf,,,,,-0.0138676055,8.18303299,
220,15,220-15,Leaf,,,,,-0.000389520952,1498.12646,
220,16,220-16,Leaf,,,,,-0.00443131756,94.8080292,
220,17,220-17,Leaf,,,,,0.00754667819,88.5003891,
220,18,220-18,Leaf,,,,,-0.00254809787,101.615501,
220,19,220-19,Leaf,,,,,0.00304127997,86.300087,
220,20,220-20,Leaf,,,,,0.0149063431,13.5519791,
221,0,221-0,f2,0.100000001,221-1,221-2,221-2,1.76431453,1928.71997,
221,1,221-1,f3,0.0900000036,221-3,221-4,221-4,0.802501321,1922.93262,
221,2,221-2,Leaf,,,,,-0.0150720226,5.78732586,
221,3,221-3,f1,0.616666675,221-5,221-6,221-6,1.0856849,1910.15967,
221,4,221-4,f1,11.7666664,221-7,221-8,221-8,1.60133314,12.7730131,
221,5,221-5,Leaf,,,,,-0.0118359812,5.72352839,
221,6,221-6,f1,12.5,221-9,221-10,221-10,0.746310472,1904.43616,
221,7,221-7,Leaf,,,,,-0.00202138722,7.21531296,
221,8,221-8,Leaf,,,,,0.0182135329,5.55770063,
221,9,221-9,Leaf,,,,,0.000597154838,1399.93677,
221,10,221-10,Leaf,,,,,-0.000747594459,504.499359,
222,0,222-0,f0,1.75068581,222-1,222-2,222-2,2.15096402,1935.26392,
222,1,222-1,f2,-0.0799999982,222-3,222-4,222-4,1.48584366,1922.03491,
222,2,222-2,f1,3.83333325,222-5,222-6,222-6,1.14647174,13.2290068,
222,3,222-3,f5,0.129999995,222-7,222-8,222-8,0.237451911,10.3191481,
222,4,222-4,f3,0.0299999993,222-9,222-10,222-10,1.80022383,1911.71582,
222,5,222-5,Leaf,,,,,0.00362239871,7.90579367,
222,6,222-6,Leaf,,,,,0.021340454,5.3232131,
222,7,222-7,Leaf,,,,,0.00488767168,5.16751623,
222,8,222-8,Leaf,,,,,0.0151205063,5.15163183,
222,9,222-9,f5,0.449999988,222-11,222-12,222-12,1.28699028,1727.01953,
222,10,222-10,f5,0.0299999714,222-13,222-14,222-14,2.43470478,184.696274,
222,11,222-11,Leaf,,,,,0.000370389229,1707.55127,
222,12,222-12,Leaf,,,,,-0.00719739636,19.4682941,
222,13,222-13,Leaf,,,,,0.0062609124,22.3697758,
222,14,222-14,Leaf,,,,,-0.00411062781,162.326508,
223,0,223-0,f0,-1.55477357,223-1,223-2,223-2,1.35300303,1939.43225,
223,1,223-1,f0,-1.75068605,223-3,223-4,223-4,0.0975363255,11.9411564,
223,2,223-2,f1,11.5,223-5,223-6,223-6,0.947679043,1927.49109,
223,3,223-3,Leaf,,,,,-0.0127346795,5.81229353,
223,4,223-4,Leaf,,,,,-0.00561002782,6.12886286,
223,5,223-5,f1,9.60000038,223-7,223-8,223-8,2.87813616,1228.96985,
223,6,223-6,f1,11.7166662,223-9,223-10,223-10,4.9024806,698.521301,
223,7,223-7,f5,0.0200000107,223-11,223-12,223-12,2.20869136,910.890442,
223,8,223-8,f0,1.03643346,223-13,223-14,223-14,4.53596878,318.079376,
223,9,223-9,f5,0.199999988,223-15,223-16,223-16,5.1655879,37.6101837,
223,10,223-10,f1,11.8166666,223-17,223-18,223-18,4.1201787,660.911133,
223,11,223-11,Leaf,,,,,0.00675997743,44.2169304,
223,12,223-12,Leaf,,,,,-4.1119416e-05,866.673523,
223,13,223-13,Leaf,,,,,-0.00366705353,308.470978,
223,14,223-14,Leaf,,,,,0.0163054075,9.60839844,
223,15,223-15,Leaf,,,,,0.0179807954,27.0349159,
223,16,223-16,Leaf,,,,,-0.00615257397,10.5752668,
223,17,223-17,Leaf,,,,,-0.0126579404,20.6537304,
223,18,223-18,Leaf,,,,,0.000647432345,640.257385,
224,0,224-0,f2,0.100000001,224-1,224-2,224-2,1.24599373,1922.49988,
224,1,224-1,f1,13.1333332,224-3,224-4,224-4,1.23942697,1916.72656,
224,2,224-2,Leaf,,,,,-0.0124432864,5.77323151,
224,3,224-3,f1,12.9666662,224-5,224-6,224-6,3.6843667,1525.28186,
224,4,224-4,f2,-0.0199999996,224-7,224-8,224-8,2.65324354,391.444824,
224,5,224-5,f2,-0.0199999996,224-9,224-10,224-10,1.83243918,1494.91541,
224,6,224-6,f5,0.0399999917,224-11,224-12,224-12,2.39285254,30.3664246,
224,7,224-7,f1,14.3999996,224-13,224-14,224-14,6.18077278,23.6122818,
224,8,224-8,f0,0.467698812,224-15,224-16,224-16,1.68804312,367.83252,
224,9,224-9,Leaf,,,,,-0.00424209796,75.7307739,
224,10,224-10,Leaf,,,,,0.000517686887,1419.18457,
224,11,224-11,Leaf,,,,,0.00612131879,5.97062683,
224,12,224-12,Leaf,,,,,-0.0141734639,24.3957977,
224,13,224-13,Leaf,,,,,0.0238444451,13.7380171,
224,14,224-14,Leaf,,,,,-0.00630952371,9.87426472,
224,15,224-15,Leaf,,,,,0.000798827503,347.092194,
224,16,224-16,Leaf,,,,,0.00942025986,20.7403412,
225,0,225-0,f1,11.5,225-1,225-2,225-2,1.4476577,1918.69873,
225,1,225-1,f1,8.73333359,225-3,225-4,225-4,1.96788764,1225.17224,
225,2,225-2,f5,0.350000024,225-5,225-6,225-6,3.6711421,693.526489,
225,3,225-3,f1,8.60000038,225-7,225-8,225-8,6.06431007,790.560486,
225,4,225-4,f5,0.219999999,225-9,225-10,225-10,3.04712963,434.611725,
225,5,225-5,f1,12.4666662,225-11,225-12,225-12,3.28905821,685.488953,
225,6,225-6,Leaf,,,,,-0.0177360326,8.03752136,
225,7,225-7,f3,0.0299999993,225-13,225-14,225-14,2.25695395,774.020691,
225,8,225-8,f5,0.160000026,225-15,225-16,225-16,0.0213236809,16.5397758,
225,9,225-9,f5,0.180000007,225-17,225-18,225-18,3.76371145,295.072083,
225,10,225-10,f2,0.0299999993,225-19,225-20,225-20,4.2977581,139.539627,
225,11,225-11,f5,0.0199999809,225-21,225-22,225-22,3.25943327,164.247437,
225,12,225-12,f1,12.6166668,225-23,225-24,225-24,6.73396063,521.241516,
225,13,225-13,Leaf,,,,,0.000585224247,697.993103,
225,14,225-14,Leaf,,,,,-0.00482555479,76.0276108,
225,15,225-15,Leaf,,,,,0.0128624933,8.51085281,
225,16,225-16,Leaf,,,,,0.0211987756,8.02892303,
225,17,225-17,Leaf,,,,,-0.00227308902,247.03038,
225,18,225-18,Leaf,,,,,-0.0113877626,48.0417099,
225,19,225-19,Leaf,,,,,0.000388387882,133.699005,
225,20,225-20,Leaf,,,,,0.0247715488,5.84062386,
225,21,225-21,Leaf,,,,,-0.00983776711,11.1787539,
225,22,225-22,Leaf,,,,,0.00635770429,153.06868,
225,23,225-23,Leaf,,,,,-0.0135494219,28.6208744,
225,24,225-24,Leaf,,,,,0.00117764634,492.620636,
226,0,226-0,f2,0.100000001,226-1,226-2,226-2,2.04996967,1938.51697,
226,1,226-1,f3,0.0799999982,226-3,226-4,226-4,2.10881186,1933.0282,
226,2,226-2,Leaf,,,,,-0.0166264214,5.48873425,
226,3,226-3,f0,-1.2815516,226-5,226-6,226-6,2.42533922,1916.06836,
226,4,226-4,f0,-0.305480808,226-7,226-8,226-8,1.77715039,16.9598598,
226,5,226-5,f1,8.10000038,226-9,226-10,226-10,0.955294847,29.1101475,
226,6,226-6,f0,1.88079405,226-11,226-12,226-12,1.99218428,1886.95825,
226,7,226-7,Leaf,,,,,0.0220595803,6.19874001,
226,8,226-8,f0,0.176374152,226-13,226-14,226-14,1.39760399,10.7611198,
226,9,226-9,Leaf,,,,,-0.0106872916,24.0838032,
226,10,226-10,Leaf,,,,,0.0031183844,5.02634478,
226,11,226-11,Leaf,,,,,0.000234490944,1878.73279,
226,12,226-12,Leaf,,,,,0.0142099755,8.22543049,
226,13,226-13,Leaf,,,,,-0.00714213168,5.69630575,
226,14,226-14,Leaf,,,,,0.012784983,5.06481409,
227,0,227-0,f1,0.966666639,227-1,227-2,227-2,0.918173969,1923.45801,
227,1,227-1,f1,0.716666639,227-3,227-4,227-4,0.55544889,17.2159729,
227,2,227-2,f1,1.10000002,227-5,227-6,227-6,1.97935414,1906.24194,
227,3,227-3,Leaf,,,,,-0.00193640916,9.8571167,
227,4,227-4,Leaf,,,,,-0.0126890624,7.3588562,
227,5,227-5,Leaf,,,,,0.0150382835,6.63220215,
227,6,227-6,f5,0.150000006,227-7,227-8,227-8,1.06836569,1899.60974,
227,7,227-7,f1,3.54999995,227-9,227-10,227-10,2.83582735,1009.39673,
227,8,227-8,f1,1.25,227-11,227-12,227-12,3.31287861,890.213074,
227,9,227-9,Leaf,,,,,0.00644563045,64.2699509,
227,10,227-10,Leaf,,,,,-1.98980833e-05,945.12677,
227,11,227-11,Leaf,,,,,-0.0229433589,5.16620731,
227,12,227-12,Leaf,,,,,-0.000873599085,885.046875,
